user_id,segment,customer_type,month_end,mrr,prev_mrr,movement
U01009,B2C,B2C,2023-01-31,33.25,,new
U01009,B2C,B2C,2023-02-28,33.25,33.25,retained_flat
U01009,B2C,B2C,2023-03-31,33.25,33.25,retained_flat
U01009,B2C,B2C,2023-04-30,33.25,33.25,retained_flat
U01009,B2C,B2C,2023-05-31,33.25,33.25,retained_flat
U01009,B2C,B2C,2023-06-30,33.25,33.25,retained_flat
U01009,B2C,B2C,2023-07-31,33.25,33.25,retained_flat
U01009,B2C,B2C,2023-08-31,33.25,33.25,retained_flat
U01009,B2C,B2C,2023-09-30,33.25,33.25,retained_flat
U01009,B2C,B2C,2023-10-31,33.25,33.25,retained_flat
U01009,B2C,B2C,2023-11-30,33.25,33.25,retained_flat
U01009,B2C,B2C,2023-12-31,33.25,33.25,retained_flat
U01009,B2C,B2C,2024-01-31,33.25,33.25,retained_flat
U01009,B2C,B2C,2024-02-29,33.25,33.25,retained_flat
U01009,B2C,B2C,2024-03-31,33.25,33.25,retained_flat
U01009,B2C,B2C,2024-04-30,33.25,33.25,retained_flat
U01018,B2C,B2C,2023-01-31,33.25,,new
U01018,B2C,B2C,2023-02-28,33.25,33.25,retained_flat
U01018,B2C,B2C,2023-03-31,33.25,33.25,retained_flat
U01018,B2C,B2C,2023-04-30,33.25,33.25,retained_flat
U01018,B2C,B2C,2023-05-31,33.25,33.25,retained_flat
U01018,B2C,B2C,2023-06-30,33.25,33.25,retained_flat
U01018,B2C,B2C,2023-07-31,33.25,33.25,retained_flat
U01018,B2C,B2C,2023-08-31,33.25,33.25,retained_flat
U01018,B2C,B2C,2023-09-30,33.25,33.25,retained_flat
U01018,B2C,B2C,2023-10-31,33.25,33.25,retained_flat
U01018,B2C,B2C,2023-11-30,33.25,33.25,retained_flat
U01018,B2C,B2C,2023-12-31,33.25,33.25,retained_flat
U01018,B2C,B2C,2024-01-31,33.25,33.25,retained_flat
U01018,B2C,B2C,2024-02-29,33.25,33.25,retained_flat
U01018,B2C,B2C,2024-03-31,33.25,33.25,retained_flat
U01018,B2C,B2C,2024-04-30,33.25,33.25,retained_flat
U01022,B2C,B2C,2023-01-31,49.0,,new
U01022,B2C,B2C,2023-02-28,0.0,49.0,churn
U01022,B2C,B2C,2023-03-31,0.0,0.0,inactive
U01022,B2C,B2C,2023-04-30,0.0,0.0,inactive
U01022,B2C,B2C,2023-05-31,0.0,0.0,inactive
U01022,B2C,B2C,2023-06-30,0.0,0.0,inactive
U01022,B2C,B2C,2023-07-31,0.0,0.0,inactive
U01022,B2C,B2C,2023-08-31,0.0,0.0,inactive
U01022,B2C,B2C,2023-09-30,0.0,0.0,inactive
U01022,B2C,B2C,2023-10-31,0.0,0.0,inactive
U01022,B2C,B2C,2023-11-30,0.0,0.0,inactive
U01022,B2C,B2C,2023-12-31,0.0,0.0,inactive
U01022,B2C,B2C,2024-01-31,0.0,0.0,inactive
U01022,B2C,B2C,2024-02-29,0.0,0.0,inactive
U01022,B2C,B2C,2024-03-31,0.0,0.0,inactive
U01022,B2C,B2C,2024-04-30,0.0,0.0,inactive
U01046,B2C,B2C,2023-01-31,33.25,,new
U01046,B2C,B2C,2023-02-28,33.25,33.25,retained_flat
U01046,B2C,B2C,2023-03-31,33.25,33.25,retained_flat
U01046,B2C,B2C,2023-04-30,33.25,33.25,retained_flat
U01046,B2C,B2C,2023-05-31,33.25,33.25,retained_flat
U01046,B2C,B2C,2023-06-30,33.25,33.25,retained_flat
U01046,B2C,B2C,2023-07-31,33.25,33.25,retained_flat
U01046,B2C,B2C,2023-08-31,33.25,33.25,retained_flat
U01046,B2C,B2C,2023-09-30,33.25,33.25,retained_flat
U01046,B2C,B2C,2023-10-31,33.25,33.25,retained_flat
U01046,B2C,B2C,2023-11-30,33.25,33.25,retained_flat
U01046,B2C,B2C,2023-12-31,33.25,33.25,retained_flat
U01046,B2C,B2C,2024-01-31,33.25,33.25,retained_flat
U01046,B2C,B2C,2024-02-29,33.25,33.25,retained_flat
U01046,B2C,B2C,2024-03-31,33.25,33.25,retained_flat
U01046,B2C,B2C,2024-04-30,33.25,33.25,retained_flat
U01068,B2C,B2C,2023-01-31,33.25,,new
U01068,B2C,B2C,2023-02-28,33.25,33.25,retained_flat
U01068,B2C,B2C,2023-03-31,33.25,33.25,retained_flat
U01068,B2C,B2C,2023-04-30,33.25,33.25,retained_flat
U01068,B2C,B2C,2023-05-31,33.25,33.25,retained_flat
U01068,B2C,B2C,2023-06-30,33.25,33.25,retained_flat
U01068,B2C,B2C,2023-07-31,33.25,33.25,retained_flat
U01068,B2C,B2C,2023-08-31,33.25,33.25,retained_flat
U01068,B2C,B2C,2023-09-30,33.25,33.25,retained_flat
U01068,B2C,B2C,2023-10-31,33.25,33.25,retained_flat
U01068,B2C,B2C,2023-11-30,33.25,33.25,retained_flat
U01068,B2C,B2C,2023-12-31,33.25,33.25,retained_flat
U01068,B2C,B2C,2024-01-31,33.25,33.25,retained_flat
U01068,B2C,B2C,2024-02-29,33.25,33.25,retained_flat
U01068,B2C,B2C,2024-03-31,33.25,33.25,retained_flat
U01068,B2C,B2C,2024-04-30,33.25,33.25,retained_flat
U01105,B2C,B2C,2023-02-28,49.0,,new
U01105,B2C,B2C,2023-03-31,49.0,49.0,retained_flat
U01105,B2C,B2C,2023-04-30,49.0,49.0,retained_flat
U01105,B2C,B2C,2023-05-31,49.0,49.0,retained_flat
U01105,B2C,B2C,2023-06-30,49.0,49.0,retained_flat
U01105,B2C,B2C,2023-07-31,49.0,49.0,retained_flat
U01105,B2C,B2C,2023-08-31,49.0,49.0,retained_flat
U01105,B2C,B2C,2023-09-30,0.0,49.0,churn
U01105,B2C,B2C,2023-10-31,0.0,0.0,inactive
U01105,B2C,B2C,2023-11-30,0.0,0.0,inactive
U01105,B2C,B2C,2023-12-31,0.0,0.0,inactive
U01105,B2C,B2C,2024-01-31,0.0,0.0,inactive
U01105,B2C,B2C,2024-02-29,0.0,0.0,inactive
U01105,B2C,B2C,2024-03-31,0.0,0.0,inactive
U01105,B2C,B2C,2024-04-30,0.0,0.0,inactive
U01179,B2C,B2C,2023-02-28,33.25,,new
U01179,B2C,B2C,2023-03-31,33.25,33.25,retained_flat
U01179,B2C,B2C,2023-04-30,33.25,33.25,retained_flat
U01179,B2C,B2C,2023-05-31,33.25,33.25,retained_flat
U01179,B2C,B2C,2023-06-30,33.25,33.25,retained_flat
U01179,B2C,B2C,2023-07-31,33.25,33.25,retained_flat
U01179,B2C,B2C,2023-08-31,33.25,33.25,retained_flat
U01179,B2C,B2C,2023-09-30,33.25,33.25,retained_flat
U01179,B2C,B2C,2023-10-31,33.25,33.25,retained_flat
U01179,B2C,B2C,2023-11-30,33.25,33.25,retained_flat
U01179,B2C,B2C,2023-12-31,33.25,33.25,retained_flat
U01179,B2C,B2C,2024-01-31,33.25,33.25,retained_flat
U01179,B2C,B2C,2024-02-29,33.25,33.25,retained_flat
U01179,B2C,B2C,2024-03-31,33.25,33.25,retained_flat
U01179,B2C,B2C,2024-04-30,33.25,33.25,retained_flat
U01205,B2C,B2C,2023-03-31,33.25,,new
U01205,B2C,B2C,2023-04-30,33.25,33.25,retained_flat
U01205,B2C,B2C,2023-05-31,33.25,33.25,retained_flat
U01205,B2C,B2C,2023-06-30,33.25,33.25,retained_flat
U01205,B2C,B2C,2023-07-31,33.25,33.25,retained_flat
U01205,B2C,B2C,2023-08-31,33.25,33.25,retained_flat
U01205,B2C,B2C,2023-09-30,33.25,33.25,retained_flat
U01205,B2C,B2C,2023-10-31,33.25,33.25,retained_flat
U01205,B2C,B2C,2023-11-30,33.25,33.25,retained_flat
U01205,B2C,B2C,2023-12-31,33.25,33.25,retained_flat
U01205,B2C,B2C,2024-01-31,33.25,33.25,retained_flat
U01205,B2C,B2C,2024-02-29,33.25,33.25,retained_flat
U01205,B2C,B2C,2024-03-31,33.25,33.25,retained_flat
U01205,B2C,B2C,2024-04-30,33.25,33.25,retained_flat
U01209,B2C,B2C,2023-03-31,49.0,,new
U01209,B2C,B2C,2023-04-30,49.0,49.0,retained_flat
U01209,B2C,B2C,2023-05-31,49.0,49.0,retained_flat
U01209,B2C,B2C,2023-06-30,0.0,49.0,churn
U01209,B2C,B2C,2023-07-31,0.0,0.0,inactive
U01209,B2C,B2C,2023-08-31,0.0,0.0,inactive
U01209,B2C,B2C,2023-09-30,0.0,0.0,inactive
U01209,B2C,B2C,2023-10-31,0.0,0.0,inactive
U01209,B2C,B2C,2023-11-30,0.0,0.0,inactive
U01209,B2C,B2C,2023-12-31,0.0,0.0,inactive
U01209,B2C,B2C,2024-01-31,0.0,0.0,inactive
U01209,B2C,B2C,2024-02-29,0.0,0.0,inactive
U01209,B2C,B2C,2024-03-31,0.0,0.0,inactive
U01209,B2C,B2C,2024-04-30,0.0,0.0,inactive
U01211,B2C,B2C,2023-03-31,49.0,,new
U01211,B2C,B2C,2023-04-30,49.0,49.0,retained_flat
U01211,B2C,B2C,2023-05-31,49.0,49.0,retained_flat
U01211,B2C,B2C,2023-06-30,49.0,49.0,retained_flat
U01211,B2C,B2C,2023-07-31,49.0,49.0,retained_flat
U01211,B2C,B2C,2023-08-31,49.0,49.0,retained_flat
U01211,B2C,B2C,2023-09-30,49.0,49.0,retained_flat
U01211,B2C,B2C,2023-10-31,49.0,49.0,retained_flat
U01211,B2C,B2C,2023-11-30,49.0,49.0,retained_flat
U01211,B2C,B2C,2023-12-31,49.0,49.0,retained_flat
U01211,B2C,B2C,2024-01-31,49.0,49.0,retained_flat
U01211,B2C,B2C,2024-02-29,49.0,49.0,retained_flat
U01211,B2C,B2C,2024-03-31,49.0,49.0,retained_flat
U01211,B2C,B2C,2024-04-30,49.0,49.0,retained_flat
U01213,B2C,B2C,2023-03-31,49.0,,new
U01213,B2C,B2C,2023-04-30,49.0,49.0,retained_flat
U01213,B2C,B2C,2023-05-31,49.0,49.0,retained_flat
U01213,B2C,B2C,2023-06-30,49.0,49.0,retained_flat
U01213,B2C,B2C,2023-07-31,49.0,49.0,retained_flat
U01213,B2C,B2C,2023-08-31,49.0,49.0,retained_flat
U01213,B2C,B2C,2023-09-30,49.0,49.0,retained_flat
U01213,B2C,B2C,2023-10-31,49.0,49.0,retained_flat
U01213,B2C,B2C,2023-11-30,49.0,49.0,retained_flat
U01213,B2C,B2C,2023-12-31,49.0,49.0,retained_flat
U01213,B2C,B2C,2024-01-31,49.0,49.0,retained_flat
U01213,B2C,B2C,2024-02-29,49.0,49.0,retained_flat
U01213,B2C,B2C,2024-03-31,49.0,49.0,retained_flat
U01213,B2C,B2C,2024-04-30,49.0,49.0,retained_flat
U01224,B2C,B2C,2023-03-31,49.0,,new
U01224,B2C,B2C,2023-04-30,49.0,49.0,retained_flat
U01224,B2C,B2C,2023-05-31,49.0,49.0,retained_flat
U01224,B2C,B2C,2023-06-30,0.0,49.0,churn
U01224,B2C,B2C,2023-07-31,0.0,0.0,inactive
U01224,B2C,B2C,2023-08-31,0.0,0.0,inactive
U01224,B2C,B2C,2023-09-30,0.0,0.0,inactive
U01224,B2C,B2C,2023-10-31,0.0,0.0,inactive
U01224,B2C,B2C,2023-11-30,0.0,0.0,inactive
U01224,B2C,B2C,2023-12-31,0.0,0.0,inactive
U01224,B2C,B2C,2024-01-31,0.0,0.0,inactive
U01224,B2C,B2C,2024-02-29,0.0,0.0,inactive
U01224,B2C,B2C,2024-03-31,0.0,0.0,inactive
U01224,B2C,B2C,2024-04-30,0.0,0.0,inactive
U01255,B2C,B2C,2023-03-31,33.25,,new
U01255,B2C,B2C,2023-04-30,33.25,33.25,retained_flat
U01255,B2C,B2C,2023-05-31,33.25,33.25,retained_flat
U01255,B2C,B2C,2023-06-30,33.25,33.25,retained_flat
U01255,B2C,B2C,2023-07-31,33.25,33.25,retained_flat
U01255,B2C,B2C,2023-08-31,33.25,33.25,retained_flat
U01255,B2C,B2C,2023-09-30,33.25,33.25,retained_flat
U01255,B2C,B2C,2023-10-31,33.25,33.25,retained_flat
U01255,B2C,B2C,2023-11-30,33.25,33.25,retained_flat
U01255,B2C,B2C,2023-12-31,33.25,33.25,retained_flat
U01255,B2C,B2C,2024-01-31,33.25,33.25,retained_flat
U01255,B2C,B2C,2024-02-29,33.25,33.25,retained_flat
U01255,B2C,B2C,2024-03-31,33.25,33.25,retained_flat
U01255,B2C,B2C,2024-04-30,33.25,33.25,retained_flat
U01284,B2C,B2C,2023-03-31,49.0,,new
U01284,B2C,B2C,2023-04-30,0.0,49.0,churn
U01284,B2C,B2C,2023-05-31,0.0,0.0,inactive
U01284,B2C,B2C,2023-06-30,0.0,0.0,inactive
U01284,B2C,B2C,2023-07-31,0.0,0.0,inactive
U01284,B2C,B2C,2023-08-31,0.0,0.0,inactive
U01284,B2C,B2C,2023-09-30,0.0,0.0,inactive
U01284,B2C,B2C,2023-10-31,0.0,0.0,inactive
U01284,B2C,B2C,2023-11-30,0.0,0.0,inactive
U01284,B2C,B2C,2023-12-31,0.0,0.0,inactive
U01284,B2C,B2C,2024-01-31,0.0,0.0,inactive
U01284,B2C,B2C,2024-02-29,0.0,0.0,inactive
U01284,B2C,B2C,2024-03-31,0.0,0.0,inactive
U01284,B2C,B2C,2024-04-30,0.0,0.0,inactive
U01321,Enterprise,B2B,2023-03-31,825.0,,new
U01321,Enterprise,B2B,2023-04-30,825.0,825.0,retained_flat
U01321,Enterprise,B2B,2023-05-31,825.0,825.0,retained_flat
U01321,Enterprise,B2B,2023-06-30,825.0,825.0,retained_flat
U01321,Enterprise,B2B,2023-07-31,825.0,825.0,retained_flat
U01321,Enterprise,B2B,2023-08-31,825.0,825.0,retained_flat
U01321,Enterprise,B2B,2023-09-30,825.0,825.0,retained_flat
U01321,Enterprise,B2B,2023-10-31,825.0,825.0,retained_flat
U01321,Enterprise,B2B,2023-11-30,825.0,825.0,retained_flat
U01321,Enterprise,B2B,2023-12-31,825.0,825.0,retained_flat
U01321,Enterprise,B2B,2024-01-31,825.0,825.0,retained_flat
U01321,Enterprise,B2B,2024-02-29,825.0,825.0,retained_flat
U01321,Enterprise,B2B,2024-03-31,825.0,825.0,retained_flat
U01321,Enterprise,B2B,2024-04-30,825.0,825.0,retained_flat
U01333,B2C,B2C,2023-04-30,49.0,,new
U01333,B2C,B2C,2023-05-31,0.0,49.0,churn
U01333,B2C,B2C,2023-06-30,0.0,0.0,inactive
U01333,B2C,B2C,2023-07-31,0.0,0.0,inactive
U01333,B2C,B2C,2023-08-31,0.0,0.0,inactive
U01333,B2C,B2C,2023-09-30,0.0,0.0,inactive
U01333,B2C,B2C,2023-10-31,0.0,0.0,inactive
U01333,B2C,B2C,2023-11-30,0.0,0.0,inactive
U01333,B2C,B2C,2023-12-31,0.0,0.0,inactive
U01333,B2C,B2C,2024-01-31,0.0,0.0,inactive
U01333,B2C,B2C,2024-02-29,0.0,0.0,inactive
U01333,B2C,B2C,2024-03-31,0.0,0.0,inactive
U01333,B2C,B2C,2024-04-30,0.0,0.0,inactive
U01356,B2C,B2C,2023-04-30,49.0,,new
U01356,B2C,B2C,2023-05-31,49.0,49.0,retained_flat
U01356,B2C,B2C,2023-06-30,49.0,49.0,retained_flat
U01356,B2C,B2C,2023-07-31,49.0,49.0,retained_flat
U01356,B2C,B2C,2023-08-31,0.0,49.0,churn
U01356,B2C,B2C,2023-09-30,0.0,0.0,inactive
U01356,B2C,B2C,2023-10-31,0.0,0.0,inactive
U01356,B2C,B2C,2023-11-30,0.0,0.0,inactive
U01356,B2C,B2C,2023-12-31,0.0,0.0,inactive
U01356,B2C,B2C,2024-01-31,0.0,0.0,inactive
U01356,B2C,B2C,2024-02-29,0.0,0.0,inactive
U01356,B2C,B2C,2024-03-31,0.0,0.0,inactive
U01356,B2C,B2C,2024-04-30,0.0,0.0,inactive
U01358,B2C,B2C,2023-04-30,49.0,,new
U01358,B2C,B2C,2023-05-31,49.0,49.0,retained_flat
U01358,B2C,B2C,2023-06-30,49.0,49.0,retained_flat
U01358,B2C,B2C,2023-07-31,49.0,49.0,retained_flat
U01358,B2C,B2C,2023-08-31,49.0,49.0,retained_flat
U01358,B2C,B2C,2023-09-30,49.0,49.0,retained_flat
U01358,B2C,B2C,2023-10-31,49.0,49.0,retained_flat
U01358,B2C,B2C,2023-11-30,49.0,49.0,retained_flat
U01358,B2C,B2C,2023-12-31,0.0,49.0,churn
U01358,B2C,B2C,2024-01-31,0.0,0.0,inactive
U01358,B2C,B2C,2024-02-29,0.0,0.0,inactive
U01358,B2C,B2C,2024-03-31,0.0,0.0,inactive
U01358,B2C,B2C,2024-04-30,0.0,0.0,inactive
U01371,B2C,B2C,2023-04-30,49.0,,new
U01371,B2C,B2C,2023-05-31,49.0,49.0,retained_flat
U01371,B2C,B2C,2023-06-30,49.0,49.0,retained_flat
U01371,B2C,B2C,2023-07-31,49.0,49.0,retained_flat
U01371,B2C,B2C,2023-08-31,49.0,49.0,retained_flat
U01371,B2C,B2C,2023-09-30,0.0,49.0,churn
U01371,B2C,B2C,2023-10-31,0.0,0.0,inactive
U01371,B2C,B2C,2023-11-30,0.0,0.0,inactive
U01371,B2C,B2C,2023-12-31,0.0,0.0,inactive
U01371,B2C,B2C,2024-01-31,0.0,0.0,inactive
U01371,B2C,B2C,2024-02-29,0.0,0.0,inactive
U01371,B2C,B2C,2024-03-31,0.0,0.0,inactive
U01371,B2C,B2C,2024-04-30,0.0,0.0,inactive
U01372,B2C,B2C,2023-04-30,49.0,,new
U01372,B2C,B2C,2023-05-31,49.0,49.0,retained_flat
U01372,B2C,B2C,2023-06-30,49.0,49.0,retained_flat
U01372,B2C,B2C,2023-07-31,49.0,49.0,retained_flat
U01372,B2C,B2C,2023-08-31,49.0,49.0,retained_flat
U01372,B2C,B2C,2023-09-30,49.0,49.0,retained_flat
U01372,B2C,B2C,2023-10-31,0.0,49.0,churn
U01372,B2C,B2C,2023-11-30,0.0,0.0,inactive
U01372,B2C,B2C,2023-12-31,0.0,0.0,inactive
U01372,B2C,B2C,2024-01-31,0.0,0.0,inactive
U01372,B2C,B2C,2024-02-29,0.0,0.0,inactive
U01372,B2C,B2C,2024-03-31,0.0,0.0,inactive
U01372,B2C,B2C,2024-04-30,0.0,0.0,inactive
U01382,B2C,B2C,2023-04-30,33.25,,new
U01382,B2C,B2C,2023-05-31,33.25,33.25,retained_flat
U01382,B2C,B2C,2023-06-30,33.25,33.25,retained_flat
U01382,B2C,B2C,2023-07-31,33.25,33.25,retained_flat
U01382,B2C,B2C,2023-08-31,33.25,33.25,retained_flat
U01382,B2C,B2C,2023-09-30,33.25,33.25,retained_flat
U01382,B2C,B2C,2023-10-31,33.25,33.25,retained_flat
U01382,B2C,B2C,2023-11-30,33.25,33.25,retained_flat
U01382,B2C,B2C,2023-12-31,33.25,33.25,retained_flat
U01382,B2C,B2C,2024-01-31,33.25,33.25,retained_flat
U01382,B2C,B2C,2024-02-29,33.25,33.25,retained_flat
U01382,B2C,B2C,2024-03-31,33.25,33.25,retained_flat
U01382,B2C,B2C,2024-04-30,33.25,33.25,retained_flat
U01386,B2C,B2C,2023-04-30,49.0,,new
U01386,B2C,B2C,2023-05-31,49.0,49.0,retained_flat
U01386,B2C,B2C,2023-06-30,49.0,49.0,retained_flat
U01386,B2C,B2C,2023-07-31,49.0,49.0,retained_flat
U01386,B2C,B2C,2023-08-31,49.0,49.0,retained_flat
U01386,B2C,B2C,2023-09-30,0.0,49.0,churn
U01386,B2C,B2C,2023-10-31,0.0,0.0,inactive
U01386,B2C,B2C,2023-11-30,0.0,0.0,inactive
U01386,B2C,B2C,2023-12-31,0.0,0.0,inactive
U01386,B2C,B2C,2024-01-31,0.0,0.0,inactive
U01386,B2C,B2C,2024-02-29,0.0,0.0,inactive
U01386,B2C,B2C,2024-03-31,0.0,0.0,inactive
U01386,B2C,B2C,2024-04-30,0.0,0.0,inactive
U01408,B2C,B2C,2023-04-30,33.25,,new
U01408,B2C,B2C,2023-05-31,33.25,33.25,retained_flat
U01408,B2C,B2C,2023-06-30,33.25,33.25,retained_flat
U01408,B2C,B2C,2023-07-31,33.25,33.25,retained_flat
U01408,B2C,B2C,2023-08-31,33.25,33.25,retained_flat
U01408,B2C,B2C,2023-09-30,33.25,33.25,retained_flat
U01408,B2C,B2C,2023-10-31,33.25,33.25,retained_flat
U01408,B2C,B2C,2023-11-30,33.25,33.25,retained_flat
U01408,B2C,B2C,2023-12-31,33.25,33.25,retained_flat
U01408,B2C,B2C,2024-01-31,33.25,33.25,retained_flat
U01408,B2C,B2C,2024-02-29,33.25,33.25,retained_flat
U01408,B2C,B2C,2024-03-31,33.25,33.25,retained_flat
U01408,B2C,B2C,2024-04-30,33.25,33.25,retained_flat
U01460,B2C,B2C,2023-05-31,49.0,,new
U01460,B2C,B2C,2023-06-30,0.0,49.0,churn
U01460,B2C,B2C,2023-07-31,0.0,0.0,inactive
U01460,B2C,B2C,2023-08-31,0.0,0.0,inactive
U01460,B2C,B2C,2023-09-30,0.0,0.0,inactive
U01460,B2C,B2C,2023-10-31,0.0,0.0,inactive
U01460,B2C,B2C,2023-11-30,0.0,0.0,inactive
U01460,B2C,B2C,2023-12-31,0.0,0.0,inactive
U01460,B2C,B2C,2024-01-31,0.0,0.0,inactive
U01460,B2C,B2C,2024-02-29,0.0,0.0,inactive
U01460,B2C,B2C,2024-03-31,0.0,0.0,inactive
U01460,B2C,B2C,2024-04-30,0.0,0.0,inactive
U01485,B2C,B2C,2023-05-31,49.0,,new
U01485,B2C,B2C,2023-06-30,49.0,49.0,retained_flat
U01485,B2C,B2C,2023-07-31,49.0,49.0,retained_flat
U01485,B2C,B2C,2023-08-31,0.0,49.0,churn
U01485,B2C,B2C,2023-09-30,0.0,0.0,inactive
U01485,B2C,B2C,2023-10-31,0.0,0.0,inactive
U01485,B2C,B2C,2023-11-30,0.0,0.0,inactive
U01485,B2C,B2C,2023-12-31,0.0,0.0,inactive
U01485,B2C,B2C,2024-01-31,0.0,0.0,inactive
U01485,B2C,B2C,2024-02-29,0.0,0.0,inactive
U01485,B2C,B2C,2024-03-31,0.0,0.0,inactive
U01485,B2C,B2C,2024-04-30,0.0,0.0,inactive
U01490,B2C,B2C,2023-05-31,49.0,,new
U01490,B2C,B2C,2023-06-30,49.0,49.0,retained_flat
U01490,B2C,B2C,2023-07-31,49.0,49.0,retained_flat
U01490,B2C,B2C,2023-08-31,49.0,49.0,retained_flat
U01490,B2C,B2C,2023-09-30,49.0,49.0,retained_flat
U01490,B2C,B2C,2023-10-31,49.0,49.0,retained_flat
U01490,B2C,B2C,2023-11-30,49.0,49.0,retained_flat
U01490,B2C,B2C,2023-12-31,49.0,49.0,retained_flat
U01490,B2C,B2C,2024-01-31,49.0,49.0,retained_flat
U01490,B2C,B2C,2024-02-29,0.0,49.0,churn
U01490,B2C,B2C,2024-03-31,0.0,0.0,inactive
U01490,B2C,B2C,2024-04-30,0.0,0.0,inactive
U01548,B2C,B2C,2023-05-31,33.25,,new
U01548,B2C,B2C,2023-06-30,33.25,33.25,retained_flat
U01548,B2C,B2C,2023-07-31,33.25,33.25,retained_flat
U01548,B2C,B2C,2023-08-31,33.25,33.25,retained_flat
U01548,B2C,B2C,2023-09-30,33.25,33.25,retained_flat
U01548,B2C,B2C,2023-10-31,33.25,33.25,retained_flat
U01548,B2C,B2C,2023-11-30,33.25,33.25,retained_flat
U01548,B2C,B2C,2023-12-31,33.25,33.25,retained_flat
U01548,B2C,B2C,2024-01-31,33.25,33.25,retained_flat
U01548,B2C,B2C,2024-02-29,33.25,33.25,retained_flat
U01548,B2C,B2C,2024-03-31,33.25,33.25,retained_flat
U01548,B2C,B2C,2024-04-30,33.25,33.25,retained_flat
U01549,B2C,B2C,2023-05-31,49.0,,new
U01549,B2C,B2C,2023-06-30,49.0,49.0,retained_flat
U01549,B2C,B2C,2023-07-31,49.0,49.0,retained_flat
U01549,B2C,B2C,2023-08-31,49.0,49.0,retained_flat
U01549,B2C,B2C,2023-09-30,49.0,49.0,retained_flat
U01549,B2C,B2C,2023-10-31,49.0,49.0,retained_flat
U01549,B2C,B2C,2023-11-30,49.0,49.0,retained_flat
U01549,B2C,B2C,2023-12-31,49.0,49.0,retained_flat
U01549,B2C,B2C,2024-01-31,49.0,49.0,retained_flat
U01549,B2C,B2C,2024-02-29,49.0,49.0,retained_flat
U01549,B2C,B2C,2024-03-31,49.0,49.0,retained_flat
U01549,B2C,B2C,2024-04-30,0.0,49.0,churn
U01551,B2C,B2C,2023-05-31,33.25,,new
U01551,B2C,B2C,2023-06-30,33.25,33.25,retained_flat
U01551,B2C,B2C,2023-07-31,33.25,33.25,retained_flat
U01551,B2C,B2C,2023-08-31,33.25,33.25,retained_flat
U01551,B2C,B2C,2023-09-30,33.25,33.25,retained_flat
U01551,B2C,B2C,2023-10-31,33.25,33.25,retained_flat
U01551,B2C,B2C,2023-11-30,33.25,33.25,retained_flat
U01551,B2C,B2C,2023-12-31,33.25,33.25,retained_flat
U01551,B2C,B2C,2024-01-31,33.25,33.25,retained_flat
U01551,B2C,B2C,2024-02-29,33.25,33.25,retained_flat
U01551,B2C,B2C,2024-03-31,33.25,33.25,retained_flat
U01551,B2C,B2C,2024-04-30,33.25,33.25,retained_flat
U01563,SMB,B2B,2023-05-31,199.0,,new
U01563,SMB,B2B,2023-06-30,232.42,199.0,expansion
U01563,SMB,B2B,2023-07-31,232.42,232.42,retained_flat
U01563,SMB,B2B,2023-08-31,232.42,232.42,retained_flat
U01563,SMB,B2B,2023-09-30,263.31,232.42,expansion
U01563,SMB,B2B,2023-10-31,263.31,263.31,retained_flat
U01563,SMB,B2B,2023-11-30,263.31,263.31,retained_flat
U01563,SMB,B2B,2023-12-31,263.31,263.31,retained_flat
U01563,SMB,B2B,2024-01-31,263.31,263.31,retained_flat
U01563,SMB,B2B,2024-02-29,263.31,263.31,retained_flat
U01563,SMB,B2B,2024-03-31,263.31,263.31,retained_flat
U01563,SMB,B2B,2024-04-30,263.31,263.31,retained_flat
U01579,Enterprise,B2B,2023-05-31,825.0,,new
U01579,Enterprise,B2B,2023-06-30,825.0,825.0,retained_flat
U01579,Enterprise,B2B,2023-07-31,825.0,825.0,retained_flat
U01579,Enterprise,B2B,2023-08-31,825.0,825.0,retained_flat
U01579,Enterprise,B2B,2023-09-30,825.0,825.0,retained_flat
U01579,Enterprise,B2B,2023-10-31,825.0,825.0,retained_flat
U01579,Enterprise,B2B,2023-11-30,825.0,825.0,retained_flat
U01579,Enterprise,B2B,2023-12-31,825.0,825.0,retained_flat
U01579,Enterprise,B2B,2024-01-31,825.0,825.0,retained_flat
U01579,Enterprise,B2B,2024-02-29,825.0,825.0,retained_flat
U01579,Enterprise,B2B,2024-03-31,825.0,825.0,retained_flat
U01579,Enterprise,B2B,2024-04-30,825.0,825.0,retained_flat
U01583,Enterprise,B2B,2023-05-31,825.0,,new
U01583,Enterprise,B2B,2023-06-30,825.0,825.0,retained_flat
U01583,Enterprise,B2B,2023-07-31,825.0,825.0,retained_flat
U01583,Enterprise,B2B,2023-08-31,825.0,825.0,retained_flat
U01583,Enterprise,B2B,2023-09-30,825.0,825.0,retained_flat
U01583,Enterprise,B2B,2023-10-31,825.0,825.0,retained_flat
U01583,Enterprise,B2B,2023-11-30,825.0,825.0,retained_flat
U01583,Enterprise,B2B,2023-12-31,825.0,825.0,retained_flat
U01583,Enterprise,B2B,2024-01-31,825.0,825.0,retained_flat
U01583,Enterprise,B2B,2024-02-29,825.0,825.0,retained_flat
U01583,Enterprise,B2B,2024-03-31,825.0,825.0,retained_flat
U01583,Enterprise,B2B,2024-04-30,825.0,825.0,retained_flat
U01609,B2C,B2C,2023-06-30,33.25,,new
U01609,B2C,B2C,2023-07-31,33.25,33.25,retained_flat
U01609,B2C,B2C,2023-08-31,33.25,33.25,retained_flat
U01609,B2C,B2C,2023-09-30,33.25,33.25,retained_flat
U01609,B2C,B2C,2023-10-31,33.25,33.25,retained_flat
U01609,B2C,B2C,2023-11-30,33.25,33.25,retained_flat
U01609,B2C,B2C,2023-12-31,33.25,33.25,retained_flat
U01609,B2C,B2C,2024-01-31,33.25,33.25,retained_flat
U01609,B2C,B2C,2024-02-29,33.25,33.25,retained_flat
U01609,B2C,B2C,2024-03-31,33.25,33.25,retained_flat
U01609,B2C,B2C,2024-04-30,33.25,33.25,retained_flat
U01621,B2C,B2C,2023-06-30,49.0,,new
U01621,B2C,B2C,2023-07-31,49.0,49.0,retained_flat
U01621,B2C,B2C,2023-08-31,49.0,49.0,retained_flat
U01621,B2C,B2C,2023-09-30,0.0,49.0,churn
U01621,B2C,B2C,2023-10-31,0.0,0.0,inactive
U01621,B2C,B2C,2023-11-30,0.0,0.0,inactive
U01621,B2C,B2C,2023-12-31,0.0,0.0,inactive
U01621,B2C,B2C,2024-01-31,0.0,0.0,inactive
U01621,B2C,B2C,2024-02-29,0.0,0.0,inactive
U01621,B2C,B2C,2024-03-31,0.0,0.0,inactive
U01621,B2C,B2C,2024-04-30,0.0,0.0,inactive
U01626,B2C,B2C,2023-06-30,49.0,,new
U01626,B2C,B2C,2023-07-31,49.0,49.0,retained_flat
U01626,B2C,B2C,2023-08-31,49.0,49.0,retained_flat
U01626,B2C,B2C,2023-09-30,49.0,49.0,retained_flat
U01626,B2C,B2C,2023-10-31,49.0,49.0,retained_flat
U01626,B2C,B2C,2023-11-30,0.0,49.0,churn
U01626,B2C,B2C,2023-12-31,0.0,0.0,inactive
U01626,B2C,B2C,2024-01-31,0.0,0.0,inactive
U01626,B2C,B2C,2024-02-29,0.0,0.0,inactive
U01626,B2C,B2C,2024-03-31,0.0,0.0,inactive
U01626,B2C,B2C,2024-04-30,0.0,0.0,inactive
U01644,B2C,B2C,2023-06-30,33.25,,new
U01644,B2C,B2C,2023-07-31,33.25,33.25,retained_flat
U01644,B2C,B2C,2023-08-31,33.25,33.25,retained_flat
U01644,B2C,B2C,2023-09-30,33.25,33.25,retained_flat
U01644,B2C,B2C,2023-10-31,33.25,33.25,retained_flat
U01644,B2C,B2C,2023-11-30,33.25,33.25,retained_flat
U01644,B2C,B2C,2023-12-31,33.25,33.25,retained_flat
U01644,B2C,B2C,2024-01-31,33.25,33.25,retained_flat
U01644,B2C,B2C,2024-02-29,33.25,33.25,retained_flat
U01644,B2C,B2C,2024-03-31,33.25,33.25,retained_flat
U01644,B2C,B2C,2024-04-30,33.25,33.25,retained_flat
U01655,B2C,B2C,2023-06-30,49.0,,new
U01655,B2C,B2C,2023-07-31,49.0,49.0,retained_flat
U01655,B2C,B2C,2023-08-31,0.0,49.0,churn
U01655,B2C,B2C,2023-09-30,0.0,0.0,inactive
U01655,B2C,B2C,2023-10-31,0.0,0.0,inactive
U01655,B2C,B2C,2023-11-30,0.0,0.0,inactive
U01655,B2C,B2C,2023-12-31,0.0,0.0,inactive
U01655,B2C,B2C,2024-01-31,0.0,0.0,inactive
U01655,B2C,B2C,2024-02-29,0.0,0.0,inactive
U01655,B2C,B2C,2024-03-31,0.0,0.0,inactive
U01655,B2C,B2C,2024-04-30,0.0,0.0,inactive
U01656,B2C,B2C,2023-06-30,49.0,,new
U01656,B2C,B2C,2023-07-31,49.0,49.0,retained_flat
U01656,B2C,B2C,2023-08-31,49.0,49.0,retained_flat
U01656,B2C,B2C,2023-09-30,49.0,49.0,retained_flat
U01656,B2C,B2C,2023-10-31,49.0,49.0,retained_flat
U01656,B2C,B2C,2023-11-30,49.0,49.0,retained_flat
U01656,B2C,B2C,2023-12-31,49.0,49.0,retained_flat
U01656,B2C,B2C,2024-01-31,49.0,49.0,retained_flat
U01656,B2C,B2C,2024-02-29,49.0,49.0,retained_flat
U01656,B2C,B2C,2024-03-31,0.0,49.0,churn
U01656,B2C,B2C,2024-04-30,0.0,0.0,inactive
U01692,B2C,B2C,2023-06-30,49.0,,new
U01692,B2C,B2C,2023-07-31,49.0,49.0,retained_flat
U01692,B2C,B2C,2023-08-31,49.0,49.0,retained_flat
U01692,B2C,B2C,2023-09-30,49.0,49.0,retained_flat
U01692,B2C,B2C,2023-10-31,49.0,49.0,retained_flat
U01692,B2C,B2C,2023-11-30,49.0,49.0,retained_flat
U01692,B2C,B2C,2023-12-31,49.0,49.0,retained_flat
U01692,B2C,B2C,2024-01-31,49.0,49.0,retained_flat
U01692,B2C,B2C,2024-02-29,49.0,49.0,retained_flat
U01692,B2C,B2C,2024-03-31,49.0,49.0,retained_flat
U01692,B2C,B2C,2024-04-30,49.0,49.0,retained_flat
U01716,SMB,B2B,2023-06-30,199.0,,new
U01716,SMB,B2B,2023-07-31,199.0,199.0,retained_flat
U01716,SMB,B2B,2023-08-31,199.0,199.0,retained_flat
U01716,SMB,B2B,2023-09-30,199.0,199.0,retained_flat
U01716,SMB,B2B,2023-10-31,199.0,199.0,retained_flat
U01716,SMB,B2B,2023-11-30,199.0,199.0,retained_flat
U01716,SMB,B2B,2023-12-31,231.61,199.0,expansion
U01716,SMB,B2B,2024-01-31,231.61,231.61,retained_flat
U01716,SMB,B2B,2024-02-29,231.61,231.61,retained_flat
U01716,SMB,B2B,2024-03-31,231.61,231.61,retained_flat
U01716,SMB,B2B,2024-04-30,231.61,231.61,retained_flat
U01750,B2C,B2C,2023-07-31,49.0,,new
U01750,B2C,B2C,2023-08-31,0.0,49.0,churn
U01750,B2C,B2C,2023-09-30,0.0,0.0,inactive
U01750,B2C,B2C,2023-10-31,0.0,0.0,inactive
U01750,B2C,B2C,2023-11-30,0.0,0.0,inactive
U01750,B2C,B2C,2023-12-31,0.0,0.0,inactive
U01750,B2C,B2C,2024-01-31,0.0,0.0,inactive
U01750,B2C,B2C,2024-02-29,0.0,0.0,inactive
U01750,B2C,B2C,2024-03-31,0.0,0.0,inactive
U01750,B2C,B2C,2024-04-30,0.0,0.0,inactive
U01761,B2C,B2C,2023-07-31,49.0,,new
U01761,B2C,B2C,2023-08-31,49.0,49.0,retained_flat
U01761,B2C,B2C,2023-09-30,49.0,49.0,retained_flat
U01761,B2C,B2C,2023-10-31,49.0,49.0,retained_flat
U01761,B2C,B2C,2023-11-30,49.0,49.0,retained_flat
U01761,B2C,B2C,2023-12-31,49.0,49.0,retained_flat
U01761,B2C,B2C,2024-01-31,49.0,49.0,retained_flat
U01761,B2C,B2C,2024-02-29,49.0,49.0,retained_flat
U01761,B2C,B2C,2024-03-31,49.0,49.0,retained_flat
U01761,B2C,B2C,2024-04-30,49.0,49.0,retained_flat
U01812,B2C,B2C,2023-07-31,49.0,,new
U01812,B2C,B2C,2023-08-31,49.0,49.0,retained_flat
U01812,B2C,B2C,2023-09-30,49.0,49.0,retained_flat
U01812,B2C,B2C,2023-10-31,49.0,49.0,retained_flat
U01812,B2C,B2C,2023-11-30,49.0,49.0,retained_flat
U01812,B2C,B2C,2023-12-31,49.0,49.0,retained_flat
U01812,B2C,B2C,2024-01-31,49.0,49.0,retained_flat
U01812,B2C,B2C,2024-02-29,49.0,49.0,retained_flat
U01812,B2C,B2C,2024-03-31,49.0,49.0,retained_flat
U01812,B2C,B2C,2024-04-30,49.0,49.0,retained_flat
U01847,B2C,B2C,2023-07-31,33.25,,new
U01847,B2C,B2C,2023-08-31,33.25,33.25,retained_flat
U01847,B2C,B2C,2023-09-30,33.25,33.25,retained_flat
U01847,B2C,B2C,2023-10-31,33.25,33.25,retained_flat
U01847,B2C,B2C,2023-11-30,33.25,33.25,retained_flat
U01847,B2C,B2C,2023-12-31,33.25,33.25,retained_flat
U01847,B2C,B2C,2024-01-31,33.25,33.25,retained_flat
U01847,B2C,B2C,2024-02-29,33.25,33.25,retained_flat
U01847,B2C,B2C,2024-03-31,33.25,33.25,retained_flat
U01847,B2C,B2C,2024-04-30,33.25,33.25,retained_flat
U01855,SMB,B2B,2023-07-31,199.0,,new
U01855,SMB,B2B,2023-08-31,199.0,199.0,retained_flat
U01855,SMB,B2B,2023-09-30,171.13,199.0,contraction
U01855,SMB,B2B,2023-10-31,171.13,171.13,retained_flat
U01855,SMB,B2B,2023-11-30,171.13,171.13,retained_flat
U01855,SMB,B2B,2023-12-31,184.71,171.13,expansion
U01855,SMB,B2B,2024-01-31,184.71,184.71,retained_flat
U01855,SMB,B2B,2024-02-29,184.71,184.71,retained_flat
U01855,SMB,B2B,2024-03-31,184.71,184.71,retained_flat
U01855,SMB,B2B,2024-04-30,208.91,184.71,expansion
U01866,SMB,B2B,2023-07-31,149.92,,new
U01866,SMB,B2B,2023-08-31,149.92,149.92,retained_flat
U01866,SMB,B2B,2023-09-30,149.92,149.92,retained_flat
U01866,SMB,B2B,2023-10-31,149.92,149.92,retained_flat
U01866,SMB,B2B,2023-11-30,149.92,149.92,retained_flat
U01866,SMB,B2B,2023-12-31,149.92,149.92,retained_flat
U01866,SMB,B2B,2024-01-31,149.92,149.92,retained_flat
U01866,SMB,B2B,2024-02-29,149.92,149.92,retained_flat
U01866,SMB,B2B,2024-03-31,149.92,149.92,retained_flat
U01866,SMB,B2B,2024-04-30,149.92,149.92,retained_flat
U01880,B2C,B2C,2023-08-31,33.25,,new
U01880,B2C,B2C,2023-09-30,33.25,33.25,retained_flat
U01880,B2C,B2C,2023-10-31,33.25,33.25,retained_flat
U01880,B2C,B2C,2023-11-30,33.25,33.25,retained_flat
U01880,B2C,B2C,2023-12-31,33.25,33.25,retained_flat
U01880,B2C,B2C,2024-01-31,33.25,33.25,retained_flat
U01880,B2C,B2C,2024-02-29,33.25,33.25,retained_flat
U01880,B2C,B2C,2024-03-31,33.25,33.25,retained_flat
U01880,B2C,B2C,2024-04-30,33.25,33.25,retained_flat
U01884,B2C,B2C,2023-08-31,33.25,,new
U01884,B2C,B2C,2023-09-30,33.25,33.25,retained_flat
U01884,B2C,B2C,2023-10-31,33.25,33.25,retained_flat
U01884,B2C,B2C,2023-11-30,33.25,33.25,retained_flat
U01884,B2C,B2C,2023-12-31,33.25,33.25,retained_flat
U01884,B2C,B2C,2024-01-31,33.25,33.25,retained_flat
U01884,B2C,B2C,2024-02-29,33.25,33.25,retained_flat
U01884,B2C,B2C,2024-03-31,33.25,33.25,retained_flat
U01884,B2C,B2C,2024-04-30,33.25,33.25,retained_flat
U01912,B2C,B2C,2023-08-31,49.0,,new
U01912,B2C,B2C,2023-09-30,49.0,49.0,retained_flat
U01912,B2C,B2C,2023-10-31,49.0,49.0,retained_flat
U01912,B2C,B2C,2023-11-30,49.0,49.0,retained_flat
U01912,B2C,B2C,2023-12-31,49.0,49.0,retained_flat
U01912,B2C,B2C,2024-01-31,49.0,49.0,retained_flat
U01912,B2C,B2C,2024-02-29,49.0,49.0,retained_flat
U01912,B2C,B2C,2024-03-31,49.0,49.0,retained_flat
U01912,B2C,B2C,2024-04-30,49.0,49.0,retained_flat
U01920,B2C,B2C,2023-08-31,49.0,,new
U01920,B2C,B2C,2023-09-30,49.0,49.0,retained_flat
U01920,B2C,B2C,2023-10-31,0.0,49.0,churn
U01920,B2C,B2C,2023-11-30,0.0,0.0,inactive
U01920,B2C,B2C,2023-12-31,0.0,0.0,inactive
U01920,B2C,B2C,2024-01-31,0.0,0.0,inactive
U01920,B2C,B2C,2024-02-29,0.0,0.0,inactive
U01920,B2C,B2C,2024-03-31,0.0,0.0,inactive
U01920,B2C,B2C,2024-04-30,0.0,0.0,inactive
U01934,B2C,B2C,2023-08-31,33.25,,new
U01934,B2C,B2C,2023-09-30,33.25,33.25,retained_flat
U01934,B2C,B2C,2023-10-31,33.25,33.25,retained_flat
U01934,B2C,B2C,2023-11-30,33.25,33.25,retained_flat
U01934,B2C,B2C,2023-12-31,33.25,33.25,retained_flat
U01934,B2C,B2C,2024-01-31,33.25,33.25,retained_flat
U01934,B2C,B2C,2024-02-29,33.25,33.25,retained_flat
U01934,B2C,B2C,2024-03-31,33.25,33.25,retained_flat
U01934,B2C,B2C,2024-04-30,33.25,33.25,retained_flat
U01949,B2C,B2C,2023-08-31,49.0,,new
U01949,B2C,B2C,2023-09-30,49.0,49.0,retained_flat
U01949,B2C,B2C,2023-10-31,49.0,49.0,retained_flat
U01949,B2C,B2C,2023-11-30,49.0,49.0,retained_flat
U01949,B2C,B2C,2023-12-31,49.0,49.0,retained_flat
U01949,B2C,B2C,2024-01-31,49.0,49.0,retained_flat
U01949,B2C,B2C,2024-02-29,49.0,49.0,retained_flat
U01949,B2C,B2C,2024-03-31,49.0,49.0,retained_flat
U01949,B2C,B2C,2024-04-30,49.0,49.0,retained_flat
U01971,B2C,B2C,2023-08-31,33.25,,new
U01971,B2C,B2C,2023-09-30,33.25,33.25,retained_flat
U01971,B2C,B2C,2023-10-31,33.25,33.25,retained_flat
U01971,B2C,B2C,2023-11-30,33.25,33.25,retained_flat
U01971,B2C,B2C,2023-12-31,33.25,33.25,retained_flat
U01971,B2C,B2C,2024-01-31,33.25,33.25,retained_flat
U01971,B2C,B2C,2024-02-29,33.25,33.25,retained_flat
U01971,B2C,B2C,2024-03-31,33.25,33.25,retained_flat
U01971,B2C,B2C,2024-04-30,33.25,33.25,retained_flat
U01977,B2C,B2C,2023-08-31,49.0,,new
U01977,B2C,B2C,2023-09-30,49.0,49.0,retained_flat
U01977,B2C,B2C,2023-10-31,49.0,49.0,retained_flat
U01977,B2C,B2C,2023-11-30,49.0,49.0,retained_flat
U01977,B2C,B2C,2023-12-31,49.0,49.0,retained_flat
U01977,B2C,B2C,2024-01-31,49.0,49.0,retained_flat
U01977,B2C,B2C,2024-02-29,49.0,49.0,retained_flat
U01977,B2C,B2C,2024-03-31,0.0,49.0,churn
U01977,B2C,B2C,2024-04-30,0.0,0.0,inactive
U01987,B2C,B2C,2023-08-31,49.0,,new
U01987,B2C,B2C,2023-09-30,49.0,49.0,retained_flat
U01987,B2C,B2C,2023-10-31,0.0,49.0,churn
U01987,B2C,B2C,2023-11-30,0.0,0.0,inactive
U01987,B2C,B2C,2023-12-31,0.0,0.0,inactive
U01987,B2C,B2C,2024-01-31,0.0,0.0,inactive
U01987,B2C,B2C,2024-02-29,0.0,0.0,inactive
U01987,B2C,B2C,2024-03-31,0.0,0.0,inactive
U01987,B2C,B2C,2024-04-30,0.0,0.0,inactive
U01993,B2C,B2C,2023-08-31,49.0,,new
U01993,B2C,B2C,2023-09-30,49.0,49.0,retained_flat
U01993,B2C,B2C,2023-10-31,0.0,49.0,churn
U01993,B2C,B2C,2023-11-30,0.0,0.0,inactive
U01993,B2C,B2C,2023-12-31,0.0,0.0,inactive
U01993,B2C,B2C,2024-01-31,0.0,0.0,inactive
U01993,B2C,B2C,2024-02-29,0.0,0.0,inactive
U01993,B2C,B2C,2024-03-31,0.0,0.0,inactive
U01993,B2C,B2C,2024-04-30,0.0,0.0,inactive
U02039,B2C,B2C,2023-09-30,49.0,,new
U02039,B2C,B2C,2023-10-31,49.0,49.0,retained_flat
U02039,B2C,B2C,2023-11-30,0.0,49.0,churn
U02039,B2C,B2C,2023-12-31,0.0,0.0,inactive
U02039,B2C,B2C,2024-01-31,0.0,0.0,inactive
U02039,B2C,B2C,2024-02-29,0.0,0.0,inactive
U02039,B2C,B2C,2024-03-31,0.0,0.0,inactive
U02039,B2C,B2C,2024-04-30,0.0,0.0,inactive
U02058,B2C,B2C,2023-09-30,33.25,,new
U02058,B2C,B2C,2023-10-31,33.25,33.25,retained_flat
U02058,B2C,B2C,2023-11-30,33.25,33.25,retained_flat
U02058,B2C,B2C,2023-12-31,33.25,33.25,retained_flat
U02058,B2C,B2C,2024-01-31,33.25,33.25,retained_flat
U02058,B2C,B2C,2024-02-29,33.25,33.25,retained_flat
U02058,B2C,B2C,2024-03-31,33.25,33.25,retained_flat
U02058,B2C,B2C,2024-04-30,33.25,33.25,retained_flat
U02066,B2C,B2C,2023-09-30,49.0,,new
U02066,B2C,B2C,2023-10-31,49.0,49.0,retained_flat
U02066,B2C,B2C,2023-11-30,0.0,49.0,churn
U02066,B2C,B2C,2023-12-31,0.0,0.0,inactive
U02066,B2C,B2C,2024-01-31,0.0,0.0,inactive
U02066,B2C,B2C,2024-02-29,0.0,0.0,inactive
U02066,B2C,B2C,2024-03-31,0.0,0.0,inactive
U02066,B2C,B2C,2024-04-30,0.0,0.0,inactive
U02067,B2C,B2C,2023-09-30,49.0,,new
U02067,B2C,B2C,2023-10-31,49.0,49.0,retained_flat
U02067,B2C,B2C,2023-11-30,49.0,49.0,retained_flat
U02067,B2C,B2C,2023-12-31,49.0,49.0,retained_flat
U02067,B2C,B2C,2024-01-31,49.0,49.0,retained_flat
U02067,B2C,B2C,2024-02-29,49.0,49.0,retained_flat
U02067,B2C,B2C,2024-03-31,49.0,49.0,retained_flat
U02067,B2C,B2C,2024-04-30,49.0,49.0,retained_flat
U02068,B2C,B2C,2023-09-30,49.0,,new
U02068,B2C,B2C,2023-10-31,49.0,49.0,retained_flat
U02068,B2C,B2C,2023-11-30,49.0,49.0,retained_flat
U02068,B2C,B2C,2023-12-31,49.0,49.0,retained_flat
U02068,B2C,B2C,2024-01-31,49.0,49.0,retained_flat
U02068,B2C,B2C,2024-02-29,49.0,49.0,retained_flat
U02068,B2C,B2C,2024-03-31,49.0,49.0,retained_flat
U02068,B2C,B2C,2024-04-30,49.0,49.0,retained_flat
U02069,B2C,B2C,2023-09-30,33.25,,new
U02069,B2C,B2C,2023-10-31,33.25,33.25,retained_flat
U02069,B2C,B2C,2023-11-30,33.25,33.25,retained_flat
U02069,B2C,B2C,2023-12-31,33.25,33.25,retained_flat
U02069,B2C,B2C,2024-01-31,33.25,33.25,retained_flat
U02069,B2C,B2C,2024-02-29,33.25,33.25,retained_flat
U02069,B2C,B2C,2024-03-31,33.25,33.25,retained_flat
U02069,B2C,B2C,2024-04-30,33.25,33.25,retained_flat
U02081,B2C,B2C,2023-09-30,49.0,,new
U02081,B2C,B2C,2023-10-31,0.0,49.0,churn
U02081,B2C,B2C,2023-11-30,0.0,0.0,inactive
U02081,B2C,B2C,2023-12-31,0.0,0.0,inactive
U02081,B2C,B2C,2024-01-31,0.0,0.0,inactive
U02081,B2C,B2C,2024-02-29,0.0,0.0,inactive
U02081,B2C,B2C,2024-03-31,0.0,0.0,inactive
U02081,B2C,B2C,2024-04-30,0.0,0.0,inactive
U02082,B2C,B2C,2023-09-30,49.0,,new
U02082,B2C,B2C,2023-10-31,49.0,49.0,retained_flat
U02082,B2C,B2C,2023-11-30,49.0,49.0,retained_flat
U02082,B2C,B2C,2023-12-31,49.0,49.0,retained_flat
U02082,B2C,B2C,2024-01-31,49.0,49.0,retained_flat
U02082,B2C,B2C,2024-02-29,0.0,49.0,churn
U02082,B2C,B2C,2024-03-31,0.0,0.0,inactive
U02082,B2C,B2C,2024-04-30,0.0,0.0,inactive
U02084,B2C,B2C,2023-09-30,49.0,,new
U02084,B2C,B2C,2023-10-31,49.0,49.0,retained_flat
U02084,B2C,B2C,2023-11-30,49.0,49.0,retained_flat
U02084,B2C,B2C,2023-12-31,49.0,49.0,retained_flat
U02084,B2C,B2C,2024-01-31,49.0,49.0,retained_flat
U02084,B2C,B2C,2024-02-29,49.0,49.0,retained_flat
U02084,B2C,B2C,2024-03-31,49.0,49.0,retained_flat
U02084,B2C,B2C,2024-04-30,49.0,49.0,retained_flat
U02124,B2C,B2C,2023-09-30,49.0,,new
U02124,B2C,B2C,2023-10-31,49.0,49.0,retained_flat
U02124,B2C,B2C,2023-11-30,49.0,49.0,retained_flat
U02124,B2C,B2C,2023-12-31,49.0,49.0,retained_flat
U02124,B2C,B2C,2024-01-31,0.0,49.0,churn
U02124,B2C,B2C,2024-02-29,0.0,0.0,inactive
U02124,B2C,B2C,2024-03-31,0.0,0.0,inactive
U02124,B2C,B2C,2024-04-30,0.0,0.0,inactive
U02188,SMB,B2B,2023-09-30,199.0,,new
U02188,SMB,B2B,2023-10-31,199.0,199.0,retained_flat
U02188,SMB,B2B,2023-11-30,199.0,199.0,retained_flat
U02188,SMB,B2B,2023-12-31,0.0,199.0,churn
U02188,SMB,B2B,2024-01-31,0.0,0.0,inactive
U02188,SMB,B2B,2024-02-29,0.0,0.0,inactive
U02188,SMB,B2B,2024-03-31,0.0,0.0,inactive
U02188,SMB,B2B,2024-04-30,0.0,0.0,inactive
U02206,Enterprise,B2B,2023-09-30,825.0,,new
U02206,Enterprise,B2B,2023-10-31,825.0,825.0,retained_flat
U02206,Enterprise,B2B,2023-11-30,825.0,825.0,retained_flat
U02206,Enterprise,B2B,2023-12-31,825.0,825.0,retained_flat
U02206,Enterprise,B2B,2024-01-31,825.0,825.0,retained_flat
U02206,Enterprise,B2B,2024-02-29,825.0,825.0,retained_flat
U02206,Enterprise,B2B,2024-03-31,825.0,825.0,retained_flat
U02206,Enterprise,B2B,2024-04-30,825.0,825.0,retained_flat
U02233,B2C,B2C,2023-10-31,49.0,,new
U02233,B2C,B2C,2023-11-30,49.0,49.0,retained_flat
U02233,B2C,B2C,2023-12-31,49.0,49.0,retained_flat
U02233,B2C,B2C,2024-01-31,49.0,49.0,retained_flat
U02233,B2C,B2C,2024-02-29,49.0,49.0,retained_flat
U02233,B2C,B2C,2024-03-31,0.0,49.0,churn
U02233,B2C,B2C,2024-04-30,0.0,0.0,inactive
U02246,B2C,B2C,2023-10-31,49.0,,new
U02246,B2C,B2C,2023-11-30,49.0,49.0,retained_flat
U02246,B2C,B2C,2023-12-31,49.0,49.0,retained_flat
U02246,B2C,B2C,2024-01-31,0.0,49.0,churn
U02246,B2C,B2C,2024-02-29,0.0,0.0,inactive
U02246,B2C,B2C,2024-03-31,0.0,0.0,inactive
U02246,B2C,B2C,2024-04-30,0.0,0.0,inactive
U02257,B2C,B2C,2023-10-31,33.25,,new
U02257,B2C,B2C,2023-11-30,33.25,33.25,retained_flat
U02257,B2C,B2C,2023-12-31,33.25,33.25,retained_flat
U02257,B2C,B2C,2024-01-31,33.25,33.25,retained_flat
U02257,B2C,B2C,2024-02-29,33.25,33.25,retained_flat
U02257,B2C,B2C,2024-03-31,33.25,33.25,retained_flat
U02257,B2C,B2C,2024-04-30,33.25,33.25,retained_flat
U02259,B2C,B2C,2023-10-31,49.0,,new
U02259,B2C,B2C,2023-11-30,49.0,49.0,retained_flat
U02259,B2C,B2C,2023-12-31,49.0,49.0,retained_flat
U02259,B2C,B2C,2024-01-31,49.0,49.0,retained_flat
U02259,B2C,B2C,2024-02-29,49.0,49.0,retained_flat
U02259,B2C,B2C,2024-03-31,0.0,49.0,churn
U02259,B2C,B2C,2024-04-30,0.0,0.0,inactive
U02279,B2C,B2C,2023-10-31,49.0,,new
U02279,B2C,B2C,2023-11-30,49.0,49.0,retained_flat
U02279,B2C,B2C,2023-12-31,49.0,49.0,retained_flat
U02279,B2C,B2C,2024-01-31,49.0,49.0,retained_flat
U02279,B2C,B2C,2024-02-29,49.0,49.0,retained_flat
U02279,B2C,B2C,2024-03-31,49.0,49.0,retained_flat
U02279,B2C,B2C,2024-04-30,49.0,49.0,retained_flat
U02288,B2C,B2C,2023-10-31,33.25,,new
U02288,B2C,B2C,2023-11-30,33.25,33.25,retained_flat
U02288,B2C,B2C,2023-12-31,33.25,33.25,retained_flat
U02288,B2C,B2C,2024-01-31,33.25,33.25,retained_flat
U02288,B2C,B2C,2024-02-29,33.25,33.25,retained_flat
U02288,B2C,B2C,2024-03-31,33.25,33.25,retained_flat
U02288,B2C,B2C,2024-04-30,33.25,33.25,retained_flat
U02289,B2C,B2C,2023-10-31,49.0,,new
U02289,B2C,B2C,2023-11-30,49.0,49.0,retained_flat
U02289,B2C,B2C,2023-12-31,49.0,49.0,retained_flat
U02289,B2C,B2C,2024-01-31,0.0,49.0,churn
U02289,B2C,B2C,2024-02-29,0.0,0.0,inactive
U02289,B2C,B2C,2024-03-31,0.0,0.0,inactive
U02289,B2C,B2C,2024-04-30,0.0,0.0,inactive
U02297,B2C,B2C,2023-10-31,49.0,,new
U02297,B2C,B2C,2023-11-30,49.0,49.0,retained_flat
U02297,B2C,B2C,2023-12-31,49.0,49.0,retained_flat
U02297,B2C,B2C,2024-01-31,49.0,49.0,retained_flat
U02297,B2C,B2C,2024-02-29,49.0,49.0,retained_flat
U02297,B2C,B2C,2024-03-31,49.0,49.0,retained_flat
U02297,B2C,B2C,2024-04-30,49.0,49.0,retained_flat
U02317,B2C,B2C,2023-10-31,49.0,,new
U02317,B2C,B2C,2023-11-30,49.0,49.0,retained_flat
U02317,B2C,B2C,2023-12-31,49.0,49.0,retained_flat
U02317,B2C,B2C,2024-01-31,49.0,49.0,retained_flat
U02317,B2C,B2C,2024-02-29,49.0,49.0,retained_flat
U02317,B2C,B2C,2024-03-31,49.0,49.0,retained_flat
U02317,B2C,B2C,2024-04-30,49.0,49.0,retained_flat
U02349,B2C,B2C,2023-10-31,49.0,,new
U02349,B2C,B2C,2023-11-30,0.0,49.0,churn
U02349,B2C,B2C,2023-12-31,0.0,0.0,inactive
U02349,B2C,B2C,2024-01-31,0.0,0.0,inactive
U02349,B2C,B2C,2024-02-29,0.0,0.0,inactive
U02349,B2C,B2C,2024-03-31,0.0,0.0,inactive
U02349,B2C,B2C,2024-04-30,0.0,0.0,inactive
U02378,SMB,B2B,2023-10-31,149.92,,new
U02378,SMB,B2B,2023-11-30,149.92,149.92,retained_flat
U02378,SMB,B2B,2023-12-31,149.92,149.92,retained_flat
U02378,SMB,B2B,2024-01-31,149.92,149.92,retained_flat
U02378,SMB,B2B,2024-02-29,149.92,149.92,retained_flat
U02378,SMB,B2B,2024-03-31,149.92,149.92,retained_flat
U02378,SMB,B2B,2024-04-30,149.92,149.92,retained_flat
U02385,SMB,B2B,2023-10-31,199.0,,new
U02385,SMB,B2B,2023-11-30,199.0,199.0,retained_flat
U02385,SMB,B2B,2023-12-31,233.67,199.0,expansion
U02385,SMB,B2B,2024-01-31,233.67,233.67,retained_flat
U02385,SMB,B2B,2024-02-29,233.67,233.67,retained_flat
U02385,SMB,B2B,2024-03-31,233.67,233.67,retained_flat
U02385,SMB,B2B,2024-04-30,233.67,233.67,retained_flat
U02387,SMB,B2B,2023-10-31,199.0,,new
U02387,SMB,B2B,2023-11-30,199.0,199.0,retained_flat
U02387,SMB,B2B,2023-12-31,199.0,199.0,retained_flat
U02387,SMB,B2B,2024-01-31,199.0,199.0,retained_flat
U02387,SMB,B2B,2024-02-29,199.0,199.0,retained_flat
U02387,SMB,B2B,2024-03-31,0.0,199.0,churn
U02387,SMB,B2B,2024-04-30,0.0,0.0,inactive
U02407,B2C,B2C,2023-11-30,49.0,,new
U02407,B2C,B2C,2023-12-31,49.0,49.0,retained_flat
U02407,B2C,B2C,2024-01-31,49.0,49.0,retained_flat
U02407,B2C,B2C,2024-02-29,49.0,49.0,retained_flat
U02407,B2C,B2C,2024-03-31,49.0,49.0,retained_flat
U02407,B2C,B2C,2024-04-30,49.0,49.0,retained_flat
U02451,B2C,B2C,2023-11-30,49.0,,new
U02451,B2C,B2C,2023-12-31,49.0,49.0,retained_flat
U02451,B2C,B2C,2024-01-31,49.0,49.0,retained_flat
U02451,B2C,B2C,2024-02-29,49.0,49.0,retained_flat
U02451,B2C,B2C,2024-03-31,49.0,49.0,retained_flat
U02451,B2C,B2C,2024-04-30,49.0,49.0,retained_flat
U02467,B2C,B2C,2023-11-30,33.25,,new
U02467,B2C,B2C,2023-12-31,33.25,33.25,retained_flat
U02467,B2C,B2C,2024-01-31,33.25,33.25,retained_flat
U02467,B2C,B2C,2024-02-29,33.25,33.25,retained_flat
U02467,B2C,B2C,2024-03-31,33.25,33.25,retained_flat
U02467,B2C,B2C,2024-04-30,33.25,33.25,retained_flat
U02477,B2C,B2C,2023-11-30,49.0,,new
U02477,B2C,B2C,2023-12-31,49.0,49.0,retained_flat
U02477,B2C,B2C,2024-01-31,49.0,49.0,retained_flat
U02477,B2C,B2C,2024-02-29,49.0,49.0,retained_flat
U02477,B2C,B2C,2024-03-31,49.0,49.0,retained_flat
U02477,B2C,B2C,2024-04-30,49.0,49.0,retained_flat
U02495,B2C,B2C,2023-11-30,49.0,,new
U02495,B2C,B2C,2023-12-31,49.0,49.0,retained_flat
U02495,B2C,B2C,2024-01-31,49.0,49.0,retained_flat
U02495,B2C,B2C,2024-02-29,49.0,49.0,retained_flat
U02495,B2C,B2C,2024-03-31,49.0,49.0,retained_flat
U02495,B2C,B2C,2024-04-30,49.0,49.0,retained_flat
U02505,B2C,B2C,2023-11-30,49.0,,new
U02505,B2C,B2C,2023-12-31,49.0,49.0,retained_flat
U02505,B2C,B2C,2024-01-31,49.0,49.0,retained_flat
U02505,B2C,B2C,2024-02-29,49.0,49.0,retained_flat
U02505,B2C,B2C,2024-03-31,49.0,49.0,retained_flat
U02505,B2C,B2C,2024-04-30,49.0,49.0,retained_flat
U02518,B2C,B2C,2023-11-30,49.0,,new
U02518,B2C,B2C,2023-12-31,49.0,49.0,retained_flat
U02518,B2C,B2C,2024-01-31,49.0,49.0,retained_flat
U02518,B2C,B2C,2024-02-29,49.0,49.0,retained_flat
U02518,B2C,B2C,2024-03-31,49.0,49.0,retained_flat
U02518,B2C,B2C,2024-04-30,49.0,49.0,retained_flat
U02530,B2C,B2C,2023-11-30,49.0,,new
U02530,B2C,B2C,2023-12-31,49.0,49.0,retained_flat
U02530,B2C,B2C,2024-01-31,49.0,49.0,retained_flat
U02530,B2C,B2C,2024-02-29,49.0,49.0,retained_flat
U02530,B2C,B2C,2024-03-31,49.0,49.0,retained_flat
U02530,B2C,B2C,2024-04-30,49.0,49.0,retained_flat
U02539,B2C,B2C,2023-11-30,49.0,,new
U02539,B2C,B2C,2023-12-31,49.0,49.0,retained_flat
U02539,B2C,B2C,2024-01-31,49.0,49.0,retained_flat
U02539,B2C,B2C,2024-02-29,0.0,49.0,churn
U02539,B2C,B2C,2024-03-31,0.0,0.0,inactive
U02539,B2C,B2C,2024-04-30,0.0,0.0,inactive
U02563,SMB,B2B,2023-11-30,199.0,,new
U02563,SMB,B2B,2023-12-31,199.0,199.0,retained_flat
U02563,SMB,B2B,2024-01-31,0.0,199.0,churn
U02563,SMB,B2B,2024-02-29,0.0,0.0,inactive
U02563,SMB,B2B,2024-03-31,0.0,0.0,inactive
U02563,SMB,B2B,2024-04-30,0.0,0.0,inactive
U02581,Enterprise,B2B,2023-11-30,825.0,,new
U02581,Enterprise,B2B,2023-12-31,825.0,825.0,retained_flat
U02581,Enterprise,B2B,2024-01-31,825.0,825.0,retained_flat
U02581,Enterprise,B2B,2024-02-29,825.0,825.0,retained_flat
U02581,Enterprise,B2B,2024-03-31,825.0,825.0,retained_flat
U02581,Enterprise,B2B,2024-04-30,825.0,825.0,retained_flat
U02585,Enterprise,B2B,2023-11-30,990.0,,new
U02585,Enterprise,B2B,2023-12-31,990.0,990.0,retained_flat
U02585,Enterprise,B2B,2024-01-31,990.0,990.0,retained_flat
U02585,Enterprise,B2B,2024-02-29,1215.21,990.0,expansion
U02585,Enterprise,B2B,2024-03-31,1215.21,1215.21,retained_flat
U02585,Enterprise,B2B,2024-04-30,1215.21,1215.21,retained_flat
U02588,B2C,B2C,2023-12-31,49.0,,new
U02588,B2C,B2C,2024-01-31,49.0,49.0,retained_flat
U02588,B2C,B2C,2024-02-29,49.0,49.0,retained_flat
U02588,B2C,B2C,2024-03-31,49.0,49.0,retained_flat
U02588,B2C,B2C,2024-04-30,49.0,49.0,retained_flat
U02590,B2C,B2C,2023-12-31,33.25,,new
U02590,B2C,B2C,2024-01-31,33.25,33.25,retained_flat
U02590,B2C,B2C,2024-02-29,33.25,33.25,retained_flat
U02590,B2C,B2C,2024-03-31,33.25,33.25,retained_flat
U02590,B2C,B2C,2024-04-30,33.25,33.25,retained_flat
U02596,B2C,B2C,2023-12-31,49.0,,new
U02596,B2C,B2C,2024-01-31,49.0,49.0,retained_flat
U02596,B2C,B2C,2024-02-29,49.0,49.0,retained_flat
U02596,B2C,B2C,2024-03-31,49.0,49.0,retained_flat
U02596,B2C,B2C,2024-04-30,0.0,49.0,churn
U02620,B2C,B2C,2023-12-31,49.0,,new
U02620,B2C,B2C,2024-01-31,49.0,49.0,retained_flat
U02620,B2C,B2C,2024-02-29,0.0,49.0,churn
U02620,B2C,B2C,2024-03-31,0.0,0.0,inactive
U02620,B2C,B2C,2024-04-30,0.0,0.0,inactive
U02625,B2C,B2C,2023-12-31,49.0,,new
U02625,B2C,B2C,2024-01-31,49.0,49.0,retained_flat
U02625,B2C,B2C,2024-02-29,49.0,49.0,retained_flat
U02625,B2C,B2C,2024-03-31,49.0,49.0,retained_flat
U02625,B2C,B2C,2024-04-30,49.0,49.0,retained_flat
U02633,B2C,B2C,2023-12-31,33.25,,new
U02633,B2C,B2C,2024-01-31,33.25,33.25,retained_flat
U02633,B2C,B2C,2024-02-29,33.25,33.25,retained_flat
U02633,B2C,B2C,2024-03-31,33.25,33.25,retained_flat
U02633,B2C,B2C,2024-04-30,33.25,33.25,retained_flat
U02634,B2C,B2C,2023-12-31,49.0,,new
U02634,B2C,B2C,2024-01-31,49.0,49.0,retained_flat
U02634,B2C,B2C,2024-02-29,49.0,49.0,retained_flat
U02634,B2C,B2C,2024-03-31,49.0,49.0,retained_flat
U02634,B2C,B2C,2024-04-30,49.0,49.0,retained_flat
U02644,B2C,B2C,2023-12-31,33.25,,new
U02644,B2C,B2C,2024-01-31,33.25,33.25,retained_flat
U02644,B2C,B2C,2024-02-29,33.25,33.25,retained_flat
U02644,B2C,B2C,2024-03-31,33.25,33.25,retained_flat
U02644,B2C,B2C,2024-04-30,33.25,33.25,retained_flat
U02680,B2C,B2C,2023-12-31,49.0,,new
U02680,B2C,B2C,2024-01-31,49.0,49.0,retained_flat
U02680,B2C,B2C,2024-02-29,49.0,49.0,retained_flat
U02680,B2C,B2C,2024-03-31,49.0,49.0,retained_flat
U02680,B2C,B2C,2024-04-30,49.0,49.0,retained_flat
U02694,B2C,B2C,2023-12-31,49.0,,new
U02694,B2C,B2C,2024-01-31,49.0,49.0,retained_flat
U02694,B2C,B2C,2024-02-29,49.0,49.0,retained_flat
U02694,B2C,B2C,2024-03-31,0.0,49.0,churn
U02694,B2C,B2C,2024-04-30,0.0,0.0,inactive
U02695,B2C,B2C,2023-12-31,49.0,,new
U02695,B2C,B2C,2024-01-31,49.0,49.0,retained_flat
U02695,B2C,B2C,2024-02-29,49.0,49.0,retained_flat
U02695,B2C,B2C,2024-03-31,49.0,49.0,retained_flat
U02695,B2C,B2C,2024-04-30,49.0,49.0,retained_flat
U02706,B2C,B2C,2023-12-31,49.0,,new
U02706,B2C,B2C,2024-01-31,0.0,49.0,churn
U02706,B2C,B2C,2024-02-29,0.0,0.0,inactive
U02706,B2C,B2C,2024-03-31,0.0,0.0,inactive
U02706,B2C,B2C,2024-04-30,0.0,0.0,inactive
U02727,B2C,B2C,2023-12-31,49.0,,new
U02727,B2C,B2C,2024-01-31,49.0,49.0,retained_flat
U02727,B2C,B2C,2024-02-29,49.0,49.0,retained_flat
U02727,B2C,B2C,2024-03-31,49.0,49.0,retained_flat
U02727,B2C,B2C,2024-04-30,49.0,49.0,retained_flat
U02728,B2C,B2C,2023-12-31,49.0,,new
U02728,B2C,B2C,2024-01-31,49.0,49.0,retained_flat
U02728,B2C,B2C,2024-02-29,49.0,49.0,retained_flat
U02728,B2C,B2C,2024-03-31,49.0,49.0,retained_flat
U02728,B2C,B2C,2024-04-30,49.0,49.0,retained_flat
U02732,B2C,B2C,2023-12-31,33.25,,new
U02732,B2C,B2C,2024-01-31,33.25,33.25,retained_flat
U02732,B2C,B2C,2024-02-29,33.25,33.25,retained_flat
U02732,B2C,B2C,2024-03-31,33.25,33.25,retained_flat
U02732,B2C,B2C,2024-04-30,33.25,33.25,retained_flat
U02733,B2C,B2C,2023-12-31,33.25,,new
U02733,B2C,B2C,2024-01-31,33.25,33.25,retained_flat
U02733,B2C,B2C,2024-02-29,33.25,33.25,retained_flat
U02733,B2C,B2C,2024-03-31,33.25,33.25,retained_flat
U02733,B2C,B2C,2024-04-30,33.25,33.25,retained_flat
U02745,B2C,B2C,2023-12-31,33.25,,new
U02745,B2C,B2C,2024-01-31,33.25,33.25,retained_flat
U02745,B2C,B2C,2024-02-29,33.25,33.25,retained_flat
U02745,B2C,B2C,2024-03-31,33.25,33.25,retained_flat
U02745,B2C,B2C,2024-04-30,33.25,33.25,retained_flat
U02773,SMB,B2B,2023-12-31,149.92,,new
U02773,SMB,B2B,2024-01-31,149.92,149.92,retained_flat
U02773,SMB,B2B,2024-02-29,149.92,149.92,retained_flat
U02773,SMB,B2B,2024-03-31,149.92,149.92,retained_flat
U02773,SMB,B2B,2024-04-30,149.92,149.92,retained_flat
U02804,B2C,B2C,2024-01-31,33.25,,new
U02804,B2C,B2C,2024-02-29,33.25,33.25,retained_flat
U02804,B2C,B2C,2024-03-31,33.25,33.25,retained_flat
U02804,B2C,B2C,2024-04-30,33.25,33.25,retained_flat
U02812,B2C,B2C,2024-01-31,49.0,,new
U02812,B2C,B2C,2024-02-29,49.0,49.0,retained_flat
U02812,B2C,B2C,2024-03-31,0.0,49.0,churn
U02812,B2C,B2C,2024-04-30,0.0,0.0,inactive
U02814,B2C,B2C,2024-01-31,49.0,,new
U02814,B2C,B2C,2024-02-29,49.0,49.0,retained_flat
U02814,B2C,B2C,2024-03-31,49.0,49.0,retained_flat
U02814,B2C,B2C,2024-04-30,49.0,49.0,retained_flat
U02845,B2C,B2C,2024-01-31,49.0,,new
U02845,B2C,B2C,2024-02-29,49.0,49.0,retained_flat
U02845,B2C,B2C,2024-03-31,0.0,49.0,churn
U02845,B2C,B2C,2024-04-30,0.0,0.0,inactive
U02846,B2C,B2C,2024-01-31,33.25,,new
U02846,B2C,B2C,2024-02-29,33.25,33.25,retained_flat
U02846,B2C,B2C,2024-03-31,33.25,33.25,retained_flat
U02846,B2C,B2C,2024-04-30,33.25,33.25,retained_flat
U02849,B2C,B2C,2024-01-31,49.0,,new
U02849,B2C,B2C,2024-02-29,49.0,49.0,retained_flat
U02849,B2C,B2C,2024-03-31,49.0,49.0,retained_flat
U02849,B2C,B2C,2024-04-30,49.0,49.0,retained_flat
U02878,B2C,B2C,2024-01-31,49.0,,new
U02878,B2C,B2C,2024-02-29,49.0,49.0,retained_flat
U02878,B2C,B2C,2024-03-31,49.0,49.0,retained_flat
U02878,B2C,B2C,2024-04-30,49.0,49.0,retained_flat
U02892,B2C,B2C,2024-01-31,33.25,,new
U02892,B2C,B2C,2024-02-29,33.25,33.25,retained_flat
U02892,B2C,B2C,2024-03-31,33.25,33.25,retained_flat
U02892,B2C,B2C,2024-04-30,33.25,33.25,retained_flat
U02901,B2C,B2C,2024-01-31,49.0,,new
U02901,B2C,B2C,2024-02-29,0.0,49.0,churn
U02901,B2C,B2C,2024-03-31,0.0,0.0,inactive
U02901,B2C,B2C,2024-04-30,0.0,0.0,inactive
U02919,B2C,B2C,2024-01-31,49.0,,new
U02919,B2C,B2C,2024-02-29,49.0,49.0,retained_flat
U02919,B2C,B2C,2024-03-31,49.0,49.0,retained_flat
U02919,B2C,B2C,2024-04-30,49.0,49.0,retained_flat
U02930,B2C,B2C,2024-01-31,33.25,,new
U02930,B2C,B2C,2024-02-29,33.25,33.25,retained_flat
U02930,B2C,B2C,2024-03-31,33.25,33.25,retained_flat
U02930,B2C,B2C,2024-04-30,33.25,33.25,retained_flat
U02985,SMB,B2B,2024-01-31,149.92,,new
U02985,SMB,B2B,2024-02-29,149.92,149.92,retained_flat
U02985,SMB,B2B,2024-03-31,149.92,149.92,retained_flat
U02985,SMB,B2B,2024-04-30,149.92,149.92,retained_flat
U02996,B2C,B2C,2024-02-29,49.0,,new
U02996,B2C,B2C,2024-03-31,49.0,49.0,retained_flat
U02996,B2C,B2C,2024-04-30,49.0,49.0,retained_flat
U02997,B2C,B2C,2024-02-29,33.25,,new
U02997,B2C,B2C,2024-03-31,33.25,33.25,retained_flat
U02997,B2C,B2C,2024-04-30,33.25,33.25,retained_flat
U03001,B2C,B2C,2024-02-29,33.25,,new
U03001,B2C,B2C,2024-03-31,33.25,33.25,retained_flat
U03001,B2C,B2C,2024-04-30,33.25,33.25,retained_flat
U03025,B2C,B2C,2024-02-29,49.0,,new
U03025,B2C,B2C,2024-03-31,0.0,49.0,churn
U03025,B2C,B2C,2024-04-30,0.0,0.0,inactive
U03038,B2C,B2C,2024-02-29,33.25,,new
U03038,B2C,B2C,2024-03-31,33.25,33.25,retained_flat
U03038,B2C,B2C,2024-04-30,33.25,33.25,retained_flat
U03045,B2C,B2C,2024-02-29,33.25,,new
U03045,B2C,B2C,2024-03-31,33.25,33.25,retained_flat
U03045,B2C,B2C,2024-04-30,33.25,33.25,retained_flat
U03049,B2C,B2C,2024-02-29,49.0,,new
U03049,B2C,B2C,2024-03-31,49.0,49.0,retained_flat
U03049,B2C,B2C,2024-04-30,49.0,49.0,retained_flat
U03057,B2C,B2C,2024-02-29,49.0,,new
U03057,B2C,B2C,2024-03-31,49.0,49.0,retained_flat
U03057,B2C,B2C,2024-04-30,49.0,49.0,retained_flat
U03066,B2C,B2C,2024-02-29,49.0,,new
U03066,B2C,B2C,2024-03-31,49.0,49.0,retained_flat
U03066,B2C,B2C,2024-04-30,49.0,49.0,retained_flat
U03083,B2C,B2C,2024-02-29,33.25,,new
U03083,B2C,B2C,2024-03-31,33.25,33.25,retained_flat
U03083,B2C,B2C,2024-04-30,33.25,33.25,retained_flat
U03085,B2C,B2C,2024-02-29,49.0,,new
U03085,B2C,B2C,2024-03-31,49.0,49.0,retained_flat
U03085,B2C,B2C,2024-04-30,49.0,49.0,retained_flat
U03112,B2C,B2C,2024-02-29,33.25,,new
U03112,B2C,B2C,2024-03-31,33.25,33.25,retained_flat
U03112,B2C,B2C,2024-04-30,33.25,33.25,retained_flat
U03113,B2C,B2C,2024-02-29,49.0,,new
U03113,B2C,B2C,2024-03-31,49.0,49.0,retained_flat
U03113,B2C,B2C,2024-04-30,49.0,49.0,retained_flat
U03142,B2C,B2C,2024-02-29,49.0,,new
U03142,B2C,B2C,2024-03-31,49.0,49.0,retained_flat
U03142,B2C,B2C,2024-04-30,49.0,49.0,retained_flat
U03147,B2C,B2C,2024-02-29,49.0,,new
U03147,B2C,B2C,2024-03-31,0.0,49.0,churn
U03147,B2C,B2C,2024-04-30,0.0,0.0,inactive
U03148,B2C,B2C,2024-02-29,33.25,,new
U03148,B2C,B2C,2024-03-31,33.25,33.25,retained_flat
U03148,B2C,B2C,2024-04-30,33.25,33.25,retained_flat
U03183,B2C,B2C,2024-02-29,49.0,,new
U03183,B2C,B2C,2024-03-31,49.0,49.0,retained_flat
U03183,B2C,B2C,2024-04-30,49.0,49.0,retained_flat
U03210,SMB,B2B,2024-02-29,199.0,,new
U03210,SMB,B2B,2024-03-31,199.0,199.0,retained_flat
U03210,SMB,B2B,2024-04-30,199.0,199.0,retained_flat
U03211,SMB,B2B,2024-02-29,149.92,,new
U03211,SMB,B2B,2024-03-31,149.92,149.92,retained_flat
U03211,SMB,B2B,2024-04-30,149.92,149.92,retained_flat
U03224,Enterprise,B2B,2024-02-29,825.0,,new
U03224,Enterprise,B2B,2024-03-31,825.0,825.0,retained_flat
U03224,Enterprise,B2B,2024-04-30,825.0,825.0,retained_flat
U03263,B2C,B2C,2024-03-31,49.0,,new
U03263,B2C,B2C,2024-04-30,49.0,49.0,retained_flat
U03278,B2C,B2C,2024-03-31,49.0,,new
U03278,B2C,B2C,2024-04-30,49.0,49.0,retained_flat
U03282,B2C,B2C,2024-03-31,33.25,,new
U03282,B2C,B2C,2024-04-30,33.25,33.25,retained_flat
U03283,B2C,B2C,2024-03-31,33.25,,new
U03283,B2C,B2C,2024-04-30,33.25,33.25,retained_flat
U03288,B2C,B2C,2024-03-31,49.0,,new
U03288,B2C,B2C,2024-04-30,49.0,49.0,retained_flat
U03302,B2C,B2C,2024-03-31,33.25,,new
U03302,B2C,B2C,2024-04-30,33.25,33.25,retained_flat
U03308,B2C,B2C,2024-03-31,33.25,,new
U03308,B2C,B2C,2024-04-30,33.25,33.25,retained_flat
U03313,B2C,B2C,2024-03-31,33.25,,new
U03313,B2C,B2C,2024-04-30,33.25,33.25,retained_flat
U03318,B2C,B2C,2024-03-31,49.0,,new
U03318,B2C,B2C,2024-04-30,49.0,49.0,retained_flat
U03322,B2C,B2C,2024-03-31,33.25,,new
U03322,B2C,B2C,2024-04-30,33.25,33.25,retained_flat
U03361,B2C,B2C,2024-03-31,49.0,,new
U03361,B2C,B2C,2024-04-30,49.0,49.0,retained_flat
U03386,B2C,B2C,2024-03-31,49.0,,new
U03386,B2C,B2C,2024-04-30,49.0,49.0,retained_flat
U03398,B2C,B2C,2024-03-31,33.25,,new
U03398,B2C,B2C,2024-04-30,33.25,33.25,retained_flat
U03409,B2C,B2C,2024-03-31,49.0,,new
U03409,B2C,B2C,2024-04-30,49.0,49.0,retained_flat
U03427,SMB,B2B,2024-03-31,199.0,,new
U03427,SMB,B2B,2024-04-30,199.0,199.0,retained_flat
U03434,SMB,B2B,2024-03-31,199.0,,new
U03434,SMB,B2B,2024-04-30,199.0,199.0,retained_flat
U03450,Enterprise,B2B,2024-03-31,825.0,,new
U03450,Enterprise,B2B,2024-04-30,825.0,825.0,retained_flat
U03472,B2C,B2C,2024-04-30,49.0,,new
U03518,B2C,B2C,2024-04-30,49.0,,new
U03537,B2C,B2C,2024-04-30,49.0,,new
U03563,B2C,B2C,2024-04-30,49.0,,new
U03576,B2C,B2C,2024-04-30,33.25,,new
U03581,B2C,B2C,2024-04-30,33.25,,new
U03625,B2C,B2C,2024-04-30,33.25,,new
U03667,SMB,B2B,2024-04-30,149.92,,new
U03681,SMB,B2B,2024-04-30,199.0,,new
U03684,SMB,B2B,2024-04-30,199.0,,new
U03694,Enterprise,B2B,2024-04-30,825.0,,new
U01020,B2C,B2C,2023-01-31,49.0,,new
U01020,B2C,B2C,2023-02-28,0.0,49.0,churn
U01020,B2C,B2C,2023-03-31,0.0,0.0,inactive
U01020,B2C,B2C,2023-04-30,0.0,0.0,inactive
U01020,B2C,B2C,2023-05-31,0.0,0.0,inactive
U01020,B2C,B2C,2023-06-30,0.0,0.0,inactive
U01020,B2C,B2C,2023-07-31,0.0,0.0,inactive
U01020,B2C,B2C,2023-08-31,0.0,0.0,inactive
U01020,B2C,B2C,2023-09-30,0.0,0.0,inactive
U01020,B2C,B2C,2023-10-31,0.0,0.0,inactive
U01020,B2C,B2C,2023-11-30,0.0,0.0,inactive
U01020,B2C,B2C,2023-12-31,0.0,0.0,inactive
U01020,B2C,B2C,2024-01-31,0.0,0.0,inactive
U01020,B2C,B2C,2024-02-29,0.0,0.0,inactive
U01020,B2C,B2C,2024-03-31,0.0,0.0,inactive
U01020,B2C,B2C,2024-04-30,0.0,0.0,inactive
U01028,B2C,B2C,2023-01-31,49.0,,new
U01028,B2C,B2C,2023-02-28,49.0,49.0,retained_flat
U01028,B2C,B2C,2023-03-31,49.0,49.0,retained_flat
U01028,B2C,B2C,2023-04-30,49.0,49.0,retained_flat
U01028,B2C,B2C,2023-05-31,49.0,49.0,retained_flat
U01028,B2C,B2C,2023-06-30,0.0,49.0,churn
U01028,B2C,B2C,2023-07-31,0.0,0.0,inactive
U01028,B2C,B2C,2023-08-31,0.0,0.0,inactive
U01028,B2C,B2C,2023-09-30,0.0,0.0,inactive
U01028,B2C,B2C,2023-10-31,0.0,0.0,inactive
U01028,B2C,B2C,2023-11-30,0.0,0.0,inactive
U01028,B2C,B2C,2023-12-31,0.0,0.0,inactive
U01028,B2C,B2C,2024-01-31,0.0,0.0,inactive
U01028,B2C,B2C,2024-02-29,0.0,0.0,inactive
U01028,B2C,B2C,2024-03-31,0.0,0.0,inactive
U01028,B2C,B2C,2024-04-30,0.0,0.0,inactive
U01035,B2C,B2C,2023-01-31,49.0,,new
U01035,B2C,B2C,2023-02-28,49.0,49.0,retained_flat
U01035,B2C,B2C,2023-03-31,49.0,49.0,retained_flat
U01035,B2C,B2C,2023-04-30,49.0,49.0,retained_flat
U01035,B2C,B2C,2023-05-31,49.0,49.0,retained_flat
U01035,B2C,B2C,2023-06-30,49.0,49.0,retained_flat
U01035,B2C,B2C,2023-07-31,49.0,49.0,retained_flat
U01035,B2C,B2C,2023-08-31,49.0,49.0,retained_flat
U01035,B2C,B2C,2023-09-30,49.0,49.0,retained_flat
U01035,B2C,B2C,2023-10-31,49.0,49.0,retained_flat
U01035,B2C,B2C,2023-11-30,0.0,49.0,churn
U01035,B2C,B2C,2023-12-31,0.0,0.0,inactive
U01035,B2C,B2C,2024-01-31,0.0,0.0,inactive
U01035,B2C,B2C,2024-02-29,0.0,0.0,inactive
U01035,B2C,B2C,2024-03-31,0.0,0.0,inactive
U01035,B2C,B2C,2024-04-30,0.0,0.0,inactive
U01050,B2C,B2C,2023-01-31,49.0,,new
U01050,B2C,B2C,2023-02-28,49.0,49.0,retained_flat
U01050,B2C,B2C,2023-03-31,49.0,49.0,retained_flat
U01050,B2C,B2C,2023-04-30,0.0,49.0,churn
U01050,B2C,B2C,2023-05-31,0.0,0.0,inactive
U01050,B2C,B2C,2023-06-30,0.0,0.0,inactive
U01050,B2C,B2C,2023-07-31,0.0,0.0,inactive
U01050,B2C,B2C,2023-08-31,0.0,0.0,inactive
U01050,B2C,B2C,2023-09-30,0.0,0.0,inactive
U01050,B2C,B2C,2023-10-31,0.0,0.0,inactive
U01050,B2C,B2C,2023-11-30,0.0,0.0,inactive
U01050,B2C,B2C,2023-12-31,0.0,0.0,inactive
U01050,B2C,B2C,2024-01-31,0.0,0.0,inactive
U01050,B2C,B2C,2024-02-29,0.0,0.0,inactive
U01050,B2C,B2C,2024-03-31,0.0,0.0,inactive
U01050,B2C,B2C,2024-04-30,0.0,0.0,inactive
U01074,B2C,B2C,2023-01-31,49.0,,new
U01074,B2C,B2C,2023-02-28,49.0,49.0,retained_flat
U01074,B2C,B2C,2023-03-31,49.0,49.0,retained_flat
U01074,B2C,B2C,2023-04-30,49.0,49.0,retained_flat
U01074,B2C,B2C,2023-05-31,49.0,49.0,retained_flat
U01074,B2C,B2C,2023-06-30,49.0,49.0,retained_flat
U01074,B2C,B2C,2023-07-31,49.0,49.0,retained_flat
U01074,B2C,B2C,2023-08-31,49.0,49.0,retained_flat
U01074,B2C,B2C,2023-09-30,49.0,49.0,retained_flat
U01074,B2C,B2C,2023-10-31,49.0,49.0,retained_flat
U01074,B2C,B2C,2023-11-30,49.0,49.0,retained_flat
U01074,B2C,B2C,2023-12-31,49.0,49.0,retained_flat
U01074,B2C,B2C,2024-01-31,49.0,49.0,retained_flat
U01074,B2C,B2C,2024-02-29,49.0,49.0,retained_flat
U01074,B2C,B2C,2024-03-31,49.0,49.0,retained_flat
U01074,B2C,B2C,2024-04-30,49.0,49.0,retained_flat
U01084,B2C,B2C,2023-01-31,33.25,,new
U01084,B2C,B2C,2023-02-28,33.25,33.25,retained_flat
U01084,B2C,B2C,2023-03-31,33.25,33.25,retained_flat
U01084,B2C,B2C,2023-04-30,33.25,33.25,retained_flat
U01084,B2C,B2C,2023-05-31,33.25,33.25,retained_flat
U01084,B2C,B2C,2023-06-30,33.25,33.25,retained_flat
U01084,B2C,B2C,2023-07-31,33.25,33.25,retained_flat
U01084,B2C,B2C,2023-08-31,33.25,33.25,retained_flat
U01084,B2C,B2C,2023-09-30,33.25,33.25,retained_flat
U01084,B2C,B2C,2023-10-31,33.25,33.25,retained_flat
U01084,B2C,B2C,2023-11-30,33.25,33.25,retained_flat
U01084,B2C,B2C,2023-12-31,33.25,33.25,retained_flat
U01084,B2C,B2C,2024-01-31,33.25,33.25,retained_flat
U01084,B2C,B2C,2024-02-29,33.25,33.25,retained_flat
U01084,B2C,B2C,2024-03-31,33.25,33.25,retained_flat
U01084,B2C,B2C,2024-04-30,33.25,33.25,retained_flat
U01108,B2C,B2C,2023-02-28,33.25,,new
U01108,B2C,B2C,2023-03-31,33.25,33.25,retained_flat
U01108,B2C,B2C,2023-04-30,33.25,33.25,retained_flat
U01108,B2C,B2C,2023-05-31,33.25,33.25,retained_flat
U01108,B2C,B2C,2023-06-30,33.25,33.25,retained_flat
U01108,B2C,B2C,2023-07-31,33.25,33.25,retained_flat
U01108,B2C,B2C,2023-08-31,33.25,33.25,retained_flat
U01108,B2C,B2C,2023-09-30,33.25,33.25,retained_flat
U01108,B2C,B2C,2023-10-31,33.25,33.25,retained_flat
U01108,B2C,B2C,2023-11-30,33.25,33.25,retained_flat
U01108,B2C,B2C,2023-12-31,33.25,33.25,retained_flat
U01108,B2C,B2C,2024-01-31,33.25,33.25,retained_flat
U01108,B2C,B2C,2024-02-29,33.25,33.25,retained_flat
U01108,B2C,B2C,2024-03-31,33.25,33.25,retained_flat
U01108,B2C,B2C,2024-04-30,33.25,33.25,retained_flat
U01118,B2C,B2C,2023-02-28,49.0,,new
U01118,B2C,B2C,2023-03-31,49.0,49.0,retained_flat
U01118,B2C,B2C,2023-04-30,0.0,49.0,churn
U01118,B2C,B2C,2023-05-31,0.0,0.0,inactive
U01118,B2C,B2C,2023-06-30,0.0,0.0,inactive
U01118,B2C,B2C,2023-07-31,0.0,0.0,inactive
U01118,B2C,B2C,2023-08-31,0.0,0.0,inactive
U01118,B2C,B2C,2023-09-30,0.0,0.0,inactive
U01118,B2C,B2C,2023-10-31,0.0,0.0,inactive
U01118,B2C,B2C,2023-11-30,0.0,0.0,inactive
U01118,B2C,B2C,2023-12-31,0.0,0.0,inactive
U01118,B2C,B2C,2024-01-31,0.0,0.0,inactive
U01118,B2C,B2C,2024-02-29,0.0,0.0,inactive
U01118,B2C,B2C,2024-03-31,0.0,0.0,inactive
U01118,B2C,B2C,2024-04-30,0.0,0.0,inactive
U01119,B2C,B2C,2023-02-28,49.0,,new
U01119,B2C,B2C,2023-03-31,49.0,49.0,retained_flat
U01119,B2C,B2C,2023-04-30,49.0,49.0,retained_flat
U01119,B2C,B2C,2023-05-31,49.0,49.0,retained_flat
U01119,B2C,B2C,2023-06-30,49.0,49.0,retained_flat
U01119,B2C,B2C,2023-07-31,0.0,49.0,churn
U01119,B2C,B2C,2023-08-31,0.0,0.0,inactive
U01119,B2C,B2C,2023-09-30,0.0,0.0,inactive
U01119,B2C,B2C,2023-10-31,0.0,0.0,inactive
U01119,B2C,B2C,2023-11-30,0.0,0.0,inactive
U01119,B2C,B2C,2023-12-31,0.0,0.0,inactive
U01119,B2C,B2C,2024-01-31,0.0,0.0,inactive
U01119,B2C,B2C,2024-02-29,0.0,0.0,inactive
U01119,B2C,B2C,2024-03-31,0.0,0.0,inactive
U01119,B2C,B2C,2024-04-30,0.0,0.0,inactive
U01124,B2C,B2C,2023-02-28,33.25,,new
U01124,B2C,B2C,2023-03-31,33.25,33.25,retained_flat
U01124,B2C,B2C,2023-04-30,33.25,33.25,retained_flat
U01124,B2C,B2C,2023-05-31,33.25,33.25,retained_flat
U01124,B2C,B2C,2023-06-30,33.25,33.25,retained_flat
U01124,B2C,B2C,2023-07-31,33.25,33.25,retained_flat
U01124,B2C,B2C,2023-08-31,33.25,33.25,retained_flat
U01124,B2C,B2C,2023-09-30,33.25,33.25,retained_flat
U01124,B2C,B2C,2023-10-31,33.25,33.25,retained_flat
U01124,B2C,B2C,2023-11-30,33.25,33.25,retained_flat
U01124,B2C,B2C,2023-12-31,33.25,33.25,retained_flat
U01124,B2C,B2C,2024-01-31,33.25,33.25,retained_flat
U01124,B2C,B2C,2024-02-29,33.25,33.25,retained_flat
U01124,B2C,B2C,2024-03-31,33.25,33.25,retained_flat
U01124,B2C,B2C,2024-04-30,33.25,33.25,retained_flat
U01147,B2C,B2C,2023-02-28,33.25,,new
U01147,B2C,B2C,2023-03-31,33.25,33.25,retained_flat
U01147,B2C,B2C,2023-04-30,33.25,33.25,retained_flat
U01147,B2C,B2C,2023-05-31,33.25,33.25,retained_flat
U01147,B2C,B2C,2023-06-30,33.25,33.25,retained_flat
U01147,B2C,B2C,2023-07-31,33.25,33.25,retained_flat
U01147,B2C,B2C,2023-08-31,33.25,33.25,retained_flat
U01147,B2C,B2C,2023-09-30,33.25,33.25,retained_flat
U01147,B2C,B2C,2023-10-31,33.25,33.25,retained_flat
U01147,B2C,B2C,2023-11-30,33.25,33.25,retained_flat
U01147,B2C,B2C,2023-12-31,33.25,33.25,retained_flat
U01147,B2C,B2C,2024-01-31,33.25,33.25,retained_flat
U01147,B2C,B2C,2024-02-29,0.0,33.25,churn
U01147,B2C,B2C,2024-03-31,0.0,0.0,inactive
U01147,B2C,B2C,2024-04-30,0.0,0.0,inactive
U01183,B2C,B2C,2023-02-28,49.0,,new
U01183,B2C,B2C,2023-03-31,49.0,49.0,retained_flat
U01183,B2C,B2C,2023-04-30,49.0,49.0,retained_flat
U01183,B2C,B2C,2023-05-31,49.0,49.0,retained_flat
U01183,B2C,B2C,2023-06-30,49.0,49.0,retained_flat
U01183,B2C,B2C,2023-07-31,49.0,49.0,retained_flat
U01183,B2C,B2C,2023-08-31,49.0,49.0,retained_flat
U01183,B2C,B2C,2023-09-30,49.0,49.0,retained_flat
U01183,B2C,B2C,2023-10-31,49.0,49.0,retained_flat
U01183,B2C,B2C,2023-11-30,49.0,49.0,retained_flat
U01183,B2C,B2C,2023-12-31,49.0,49.0,retained_flat
U01183,B2C,B2C,2024-01-31,49.0,49.0,retained_flat
U01183,B2C,B2C,2024-02-29,49.0,49.0,retained_flat
U01183,B2C,B2C,2024-03-31,49.0,49.0,retained_flat
U01183,B2C,B2C,2024-04-30,49.0,49.0,retained_flat
U01184,B2C,B2C,2023-02-28,33.25,,new
U01184,B2C,B2C,2023-03-31,33.25,33.25,retained_flat
U01184,B2C,B2C,2023-04-30,33.25,33.25,retained_flat
U01184,B2C,B2C,2023-05-31,33.25,33.25,retained_flat
U01184,B2C,B2C,2023-06-30,33.25,33.25,retained_flat
U01184,B2C,B2C,2023-07-31,33.25,33.25,retained_flat
U01184,B2C,B2C,2023-08-31,33.25,33.25,retained_flat
U01184,B2C,B2C,2023-09-30,33.25,33.25,retained_flat
U01184,B2C,B2C,2023-10-31,33.25,33.25,retained_flat
U01184,B2C,B2C,2023-11-30,33.25,33.25,retained_flat
U01184,B2C,B2C,2023-12-31,33.25,33.25,retained_flat
U01184,B2C,B2C,2024-01-31,33.25,33.25,retained_flat
U01184,B2C,B2C,2024-02-29,33.25,33.25,retained_flat
U01184,B2C,B2C,2024-03-31,33.25,33.25,retained_flat
U01184,B2C,B2C,2024-04-30,33.25,33.25,retained_flat
U01190,SMB,B2B,2023-02-28,149.92,,new
U01190,SMB,B2B,2023-03-31,149.92,149.92,retained_flat
U01190,SMB,B2B,2023-04-30,149.92,149.92,retained_flat
U01190,SMB,B2B,2023-05-31,149.92,149.92,retained_flat
U01190,SMB,B2B,2023-06-30,149.92,149.92,retained_flat
U01190,SMB,B2B,2023-07-31,149.92,149.92,retained_flat
U01190,SMB,B2B,2023-08-31,149.92,149.92,retained_flat
U01190,SMB,B2B,2023-09-30,149.92,149.92,retained_flat
U01190,SMB,B2B,2023-10-31,149.92,149.92,retained_flat
U01190,SMB,B2B,2023-11-30,149.92,149.92,retained_flat
U01190,SMB,B2B,2023-12-31,149.92,149.92,retained_flat
U01190,SMB,B2B,2024-01-31,149.92,149.92,retained_flat
U01190,SMB,B2B,2024-02-29,149.92,149.92,retained_flat
U01190,SMB,B2B,2024-03-31,149.92,149.92,retained_flat
U01190,SMB,B2B,2024-04-30,149.92,149.92,retained_flat
U01207,B2C,B2C,2023-03-31,49.0,,new
U01207,B2C,B2C,2023-04-30,49.0,49.0,retained_flat
U01207,B2C,B2C,2023-05-31,49.0,49.0,retained_flat
U01207,B2C,B2C,2023-06-30,49.0,49.0,retained_flat
U01207,B2C,B2C,2023-07-31,49.0,49.0,retained_flat
U01207,B2C,B2C,2023-08-31,49.0,49.0,retained_flat
U01207,B2C,B2C,2023-09-30,49.0,49.0,retained_flat
U01207,B2C,B2C,2023-10-31,49.0,49.0,retained_flat
U01207,B2C,B2C,2023-11-30,49.0,49.0,retained_flat
U01207,B2C,B2C,2023-12-31,49.0,49.0,retained_flat
U01207,B2C,B2C,2024-01-31,0.0,49.0,churn
U01207,B2C,B2C,2024-02-29,0.0,0.0,inactive
U01207,B2C,B2C,2024-03-31,0.0,0.0,inactive
U01207,B2C,B2C,2024-04-30,0.0,0.0,inactive
U01220,B2C,B2C,2023-03-31,49.0,,new
U01220,B2C,B2C,2023-04-30,49.0,49.0,retained_flat
U01220,B2C,B2C,2023-05-31,49.0,49.0,retained_flat
U01220,B2C,B2C,2023-06-30,49.0,49.0,retained_flat
U01220,B2C,B2C,2023-07-31,49.0,49.0,retained_flat
U01220,B2C,B2C,2023-08-31,49.0,49.0,retained_flat
U01220,B2C,B2C,2023-09-30,49.0,49.0,retained_flat
U01220,B2C,B2C,2023-10-31,0.0,49.0,churn
U01220,B2C,B2C,2023-11-30,0.0,0.0,inactive
U01220,B2C,B2C,2023-12-31,0.0,0.0,inactive
U01220,B2C,B2C,2024-01-31,0.0,0.0,inactive
U01220,B2C,B2C,2024-02-29,0.0,0.0,inactive
U01220,B2C,B2C,2024-03-31,0.0,0.0,inactive
U01220,B2C,B2C,2024-04-30,0.0,0.0,inactive
U01238,B2C,B2C,2023-03-31,49.0,,new
U01238,B2C,B2C,2023-04-30,49.0,49.0,retained_flat
U01238,B2C,B2C,2023-05-31,49.0,49.0,retained_flat
U01238,B2C,B2C,2023-06-30,49.0,49.0,retained_flat
U01238,B2C,B2C,2023-07-31,49.0,49.0,retained_flat
U01238,B2C,B2C,2023-08-31,49.0,49.0,retained_flat
U01238,B2C,B2C,2023-09-30,49.0,49.0,retained_flat
U01238,B2C,B2C,2023-10-31,49.0,49.0,retained_flat
U01238,B2C,B2C,2023-11-30,49.0,49.0,retained_flat
U01238,B2C,B2C,2023-12-31,49.0,49.0,retained_flat
U01238,B2C,B2C,2024-01-31,49.0,49.0,retained_flat
U01238,B2C,B2C,2024-02-29,49.0,49.0,retained_flat
U01238,B2C,B2C,2024-03-31,49.0,49.0,retained_flat
U01238,B2C,B2C,2024-04-30,49.0,49.0,retained_flat
U01252,B2C,B2C,2023-03-31,49.0,,new
U01252,B2C,B2C,2023-04-30,49.0,49.0,retained_flat
U01252,B2C,B2C,2023-05-31,49.0,49.0,retained_flat
U01252,B2C,B2C,2023-06-30,0.0,49.0,churn
U01252,B2C,B2C,2023-07-31,0.0,0.0,inactive
U01252,B2C,B2C,2023-08-31,0.0,0.0,inactive
U01252,B2C,B2C,2023-09-30,0.0,0.0,inactive
U01252,B2C,B2C,2023-10-31,0.0,0.0,inactive
U01252,B2C,B2C,2023-11-30,0.0,0.0,inactive
U01252,B2C,B2C,2023-12-31,0.0,0.0,inactive
U01252,B2C,B2C,2024-01-31,0.0,0.0,inactive
U01252,B2C,B2C,2024-02-29,0.0,0.0,inactive
U01252,B2C,B2C,2024-03-31,0.0,0.0,inactive
U01252,B2C,B2C,2024-04-30,0.0,0.0,inactive
U01254,B2C,B2C,2023-03-31,33.25,,new
U01254,B2C,B2C,2023-04-30,33.25,33.25,retained_flat
U01254,B2C,B2C,2023-05-31,33.25,33.25,retained_flat
U01254,B2C,B2C,2023-06-30,33.25,33.25,retained_flat
U01254,B2C,B2C,2023-07-31,33.25,33.25,retained_flat
U01254,B2C,B2C,2023-08-31,33.25,33.25,retained_flat
U01254,B2C,B2C,2023-09-30,33.25,33.25,retained_flat
U01254,B2C,B2C,2023-10-31,33.25,33.25,retained_flat
U01254,B2C,B2C,2023-11-30,33.25,33.25,retained_flat
U01254,B2C,B2C,2023-12-31,33.25,33.25,retained_flat
U01254,B2C,B2C,2024-01-31,33.25,33.25,retained_flat
U01254,B2C,B2C,2024-02-29,33.25,33.25,retained_flat
U01254,B2C,B2C,2024-03-31,33.25,33.25,retained_flat
U01254,B2C,B2C,2024-04-30,33.25,33.25,retained_flat
U01287,B2C,B2C,2023-03-31,49.0,,new
U01287,B2C,B2C,2023-04-30,49.0,49.0,retained_flat
U01287,B2C,B2C,2023-05-31,0.0,49.0,churn
U01287,B2C,B2C,2023-06-30,0.0,0.0,inactive
U01287,B2C,B2C,2023-07-31,0.0,0.0,inactive
U01287,B2C,B2C,2023-08-31,0.0,0.0,inactive
U01287,B2C,B2C,2023-09-30,0.0,0.0,inactive
U01287,B2C,B2C,2023-10-31,0.0,0.0,inactive
U01287,B2C,B2C,2023-11-30,0.0,0.0,inactive
U01287,B2C,B2C,2023-12-31,0.0,0.0,inactive
U01287,B2C,B2C,2024-01-31,0.0,0.0,inactive
U01287,B2C,B2C,2024-02-29,0.0,0.0,inactive
U01287,B2C,B2C,2024-03-31,0.0,0.0,inactive
U01287,B2C,B2C,2024-04-30,0.0,0.0,inactive
U01299,B2C,B2C,2023-03-31,33.25,,new
U01299,B2C,B2C,2023-04-30,33.25,33.25,retained_flat
U01299,B2C,B2C,2023-05-31,33.25,33.25,retained_flat
U01299,B2C,B2C,2023-06-30,33.25,33.25,retained_flat
U01299,B2C,B2C,2023-07-31,33.25,33.25,retained_flat
U01299,B2C,B2C,2023-08-31,33.25,33.25,retained_flat
U01299,B2C,B2C,2023-09-30,33.25,33.25,retained_flat
U01299,B2C,B2C,2023-10-31,33.25,33.25,retained_flat
U01299,B2C,B2C,2023-11-30,33.25,33.25,retained_flat
U01299,B2C,B2C,2023-12-31,33.25,33.25,retained_flat
U01299,B2C,B2C,2024-01-31,33.25,33.25,retained_flat
U01299,B2C,B2C,2024-02-29,33.25,33.25,retained_flat
U01299,B2C,B2C,2024-03-31,33.25,33.25,retained_flat
U01299,B2C,B2C,2024-04-30,33.25,33.25,retained_flat
U01300,B2C,B2C,2023-03-31,49.0,,new
U01300,B2C,B2C,2023-04-30,0.0,49.0,churn
U01300,B2C,B2C,2023-05-31,0.0,0.0,inactive
U01300,B2C,B2C,2023-06-30,0.0,0.0,inactive
U01300,B2C,B2C,2023-07-31,0.0,0.0,inactive
U01300,B2C,B2C,2023-08-31,0.0,0.0,inactive
U01300,B2C,B2C,2023-09-30,0.0,0.0,inactive
U01300,B2C,B2C,2023-10-31,0.0,0.0,inactive
U01300,B2C,B2C,2023-11-30,0.0,0.0,inactive
U01300,B2C,B2C,2023-12-31,0.0,0.0,inactive
U01300,B2C,B2C,2024-01-31,0.0,0.0,inactive
U01300,B2C,B2C,2024-02-29,0.0,0.0,inactive
U01300,B2C,B2C,2024-03-31,0.0,0.0,inactive
U01300,B2C,B2C,2024-04-30,0.0,0.0,inactive
U01305,SMB,B2B,2023-03-31,199.0,,new
U01305,SMB,B2B,2023-04-30,199.0,199.0,retained_flat
U01305,SMB,B2B,2023-05-31,199.0,199.0,retained_flat
U01305,SMB,B2B,2023-06-30,209.52,199.0,expansion
U01305,SMB,B2B,2023-07-31,209.52,209.52,retained_flat
U01305,SMB,B2B,2023-08-31,235.92,209.52,expansion
U01305,SMB,B2B,2023-09-30,235.92,235.92,retained_flat
U01305,SMB,B2B,2023-10-31,268.5,235.92,expansion
U01305,SMB,B2B,2023-11-30,268.5,268.5,retained_flat
U01305,SMB,B2B,2023-12-31,285.42,268.5,expansion
U01305,SMB,B2B,2024-01-31,285.42,285.42,retained_flat
U01305,SMB,B2B,2024-02-29,0.0,285.42,churn
U01305,SMB,B2B,2024-03-31,0.0,0.0,inactive
U01305,SMB,B2B,2024-04-30,0.0,0.0,inactive
U01309,SMB,B2B,2023-03-31,149.92,,new
U01309,SMB,B2B,2023-04-30,149.92,149.92,retained_flat
U01309,SMB,B2B,2023-05-31,149.92,149.92,retained_flat
U01309,SMB,B2B,2023-06-30,149.92,149.92,retained_flat
U01309,SMB,B2B,2023-07-31,149.92,149.92,retained_flat
U01309,SMB,B2B,2023-08-31,149.92,149.92,retained_flat
U01309,SMB,B2B,2023-09-30,149.92,149.92,retained_flat
U01309,SMB,B2B,2023-10-31,149.92,149.92,retained_flat
U01309,SMB,B2B,2023-11-30,149.92,149.92,retained_flat
U01309,SMB,B2B,2023-12-31,149.92,149.92,retained_flat
U01309,SMB,B2B,2024-01-31,149.92,149.92,retained_flat
U01309,SMB,B2B,2024-02-29,149.92,149.92,retained_flat
U01309,SMB,B2B,2024-03-31,149.92,149.92,retained_flat
U01309,SMB,B2B,2024-04-30,149.92,149.92,retained_flat
U01324,Enterprise,B2B,2023-03-31,825.0,,new
U01324,Enterprise,B2B,2023-04-30,825.0,825.0,retained_flat
U01324,Enterprise,B2B,2023-05-31,825.0,825.0,retained_flat
U01324,Enterprise,B2B,2023-06-30,825.0,825.0,retained_flat
U01324,Enterprise,B2B,2023-07-31,825.0,825.0,retained_flat
U01324,Enterprise,B2B,2023-08-31,825.0,825.0,retained_flat
U01324,Enterprise,B2B,2023-09-30,825.0,825.0,retained_flat
U01324,Enterprise,B2B,2023-10-31,825.0,825.0,retained_flat
U01324,Enterprise,B2B,2023-11-30,825.0,825.0,retained_flat
U01324,Enterprise,B2B,2023-12-31,825.0,825.0,retained_flat
U01324,Enterprise,B2B,2024-01-31,825.0,825.0,retained_flat
U01324,Enterprise,B2B,2024-02-29,825.0,825.0,retained_flat
U01324,Enterprise,B2B,2024-03-31,825.0,825.0,retained_flat
U01324,Enterprise,B2B,2024-04-30,825.0,825.0,retained_flat
U01363,B2C,B2C,2023-04-30,49.0,,new
U01363,B2C,B2C,2023-05-31,49.0,49.0,retained_flat
U01363,B2C,B2C,2023-06-30,49.0,49.0,retained_flat
U01363,B2C,B2C,2023-07-31,49.0,49.0,retained_flat
U01363,B2C,B2C,2023-08-31,49.0,49.0,retained_flat
U01363,B2C,B2C,2023-09-30,49.0,49.0,retained_flat
U01363,B2C,B2C,2023-10-31,49.0,49.0,retained_flat
U01363,B2C,B2C,2023-11-30,49.0,49.0,retained_flat
U01363,B2C,B2C,2023-12-31,49.0,49.0,retained_flat
U01363,B2C,B2C,2024-01-31,49.0,49.0,retained_flat
U01363,B2C,B2C,2024-02-29,49.0,49.0,retained_flat
U01363,B2C,B2C,2024-03-31,49.0,49.0,retained_flat
U01363,B2C,B2C,2024-04-30,49.0,49.0,retained_flat
U01380,B2C,B2C,2023-04-30,49.0,,new
U01380,B2C,B2C,2023-05-31,0.0,49.0,churn
U01380,B2C,B2C,2023-06-30,0.0,0.0,inactive
U01380,B2C,B2C,2023-07-31,0.0,0.0,inactive
U01380,B2C,B2C,2023-08-31,0.0,0.0,inactive
U01380,B2C,B2C,2023-09-30,0.0,0.0,inactive
U01380,B2C,B2C,2023-10-31,0.0,0.0,inactive
U01380,B2C,B2C,2023-11-30,0.0,0.0,inactive
U01380,B2C,B2C,2023-12-31,0.0,0.0,inactive
U01380,B2C,B2C,2024-01-31,0.0,0.0,inactive
U01380,B2C,B2C,2024-02-29,0.0,0.0,inactive
U01380,B2C,B2C,2024-03-31,0.0,0.0,inactive
U01380,B2C,B2C,2024-04-30,0.0,0.0,inactive
U01385,B2C,B2C,2023-04-30,33.25,,new
U01385,B2C,B2C,2023-05-31,33.25,33.25,retained_flat
U01385,B2C,B2C,2023-06-30,33.25,33.25,retained_flat
U01385,B2C,B2C,2023-07-31,33.25,33.25,retained_flat
U01385,B2C,B2C,2023-08-31,33.25,33.25,retained_flat
U01385,B2C,B2C,2023-09-30,33.25,33.25,retained_flat
U01385,B2C,B2C,2023-10-31,33.25,33.25,retained_flat
U01385,B2C,B2C,2023-11-30,33.25,33.25,retained_flat
U01385,B2C,B2C,2023-12-31,33.25,33.25,retained_flat
U01385,B2C,B2C,2024-01-31,33.25,33.25,retained_flat
U01385,B2C,B2C,2024-02-29,33.25,33.25,retained_flat
U01385,B2C,B2C,2024-03-31,33.25,33.25,retained_flat
U01385,B2C,B2C,2024-04-30,33.25,33.25,retained_flat
U01390,B2C,B2C,2023-04-30,49.0,,new
U01390,B2C,B2C,2023-05-31,49.0,49.0,retained_flat
U01390,B2C,B2C,2023-06-30,49.0,49.0,retained_flat
U01390,B2C,B2C,2023-07-31,49.0,49.0,retained_flat
U01390,B2C,B2C,2023-08-31,49.0,49.0,retained_flat
U01390,B2C,B2C,2023-09-30,49.0,49.0,retained_flat
U01390,B2C,B2C,2023-10-31,49.0,49.0,retained_flat
U01390,B2C,B2C,2023-11-30,49.0,49.0,retained_flat
U01390,B2C,B2C,2023-12-31,49.0,49.0,retained_flat
U01390,B2C,B2C,2024-01-31,49.0,49.0,retained_flat
U01390,B2C,B2C,2024-02-29,49.0,49.0,retained_flat
U01390,B2C,B2C,2024-03-31,49.0,49.0,retained_flat
U01390,B2C,B2C,2024-04-30,49.0,49.0,retained_flat
U01406,B2C,B2C,2023-04-30,49.0,,new
U01406,B2C,B2C,2023-05-31,49.0,49.0,retained_flat
U01406,B2C,B2C,2023-06-30,49.0,49.0,retained_flat
U01406,B2C,B2C,2023-07-31,49.0,49.0,retained_flat
U01406,B2C,B2C,2023-08-31,49.0,49.0,retained_flat
U01406,B2C,B2C,2023-09-30,49.0,49.0,retained_flat
U01406,B2C,B2C,2023-10-31,49.0,49.0,retained_flat
U01406,B2C,B2C,2023-11-30,49.0,49.0,retained_flat
U01406,B2C,B2C,2023-12-31,49.0,49.0,retained_flat
U01406,B2C,B2C,2024-01-31,49.0,49.0,retained_flat
U01406,B2C,B2C,2024-02-29,49.0,49.0,retained_flat
U01406,B2C,B2C,2024-03-31,49.0,49.0,retained_flat
U01406,B2C,B2C,2024-04-30,49.0,49.0,retained_flat
U01431,B2C,B2C,2023-04-30,33.25,,new
U01431,B2C,B2C,2023-05-31,33.25,33.25,retained_flat
U01431,B2C,B2C,2023-06-30,33.25,33.25,retained_flat
U01431,B2C,B2C,2023-07-31,33.25,33.25,retained_flat
U01431,B2C,B2C,2023-08-31,33.25,33.25,retained_flat
U01431,B2C,B2C,2023-09-30,33.25,33.25,retained_flat
U01431,B2C,B2C,2023-10-31,33.25,33.25,retained_flat
U01431,B2C,B2C,2023-11-30,33.25,33.25,retained_flat
U01431,B2C,B2C,2023-12-31,33.25,33.25,retained_flat
U01431,B2C,B2C,2024-01-31,33.25,33.25,retained_flat
U01431,B2C,B2C,2024-02-29,33.25,33.25,retained_flat
U01431,B2C,B2C,2024-03-31,33.25,33.25,retained_flat
U01431,B2C,B2C,2024-04-30,33.25,33.25,retained_flat
U01438,SMB,B2B,2023-04-30,149.92,,new
U01438,SMB,B2B,2023-05-31,149.92,149.92,retained_flat
U01438,SMB,B2B,2023-06-30,149.92,149.92,retained_flat
U01438,SMB,B2B,2023-07-31,149.92,149.92,retained_flat
U01438,SMB,B2B,2023-08-31,149.92,149.92,retained_flat
U01438,SMB,B2B,2023-09-30,149.92,149.92,retained_flat
U01438,SMB,B2B,2023-10-31,149.92,149.92,retained_flat
U01438,SMB,B2B,2023-11-30,149.92,149.92,retained_flat
U01438,SMB,B2B,2023-12-31,149.92,149.92,retained_flat
U01438,SMB,B2B,2024-01-31,149.92,149.92,retained_flat
U01438,SMB,B2B,2024-02-29,149.92,149.92,retained_flat
U01438,SMB,B2B,2024-03-31,149.92,149.92,retained_flat
U01438,SMB,B2B,2024-04-30,149.92,149.92,retained_flat
U01439,SMB,B2B,2023-04-30,149.92,,new
U01439,SMB,B2B,2023-05-31,149.92,149.92,retained_flat
U01439,SMB,B2B,2023-06-30,149.92,149.92,retained_flat
U01439,SMB,B2B,2023-07-31,149.92,149.92,retained_flat
U01439,SMB,B2B,2023-08-31,149.92,149.92,retained_flat
U01439,SMB,B2B,2023-09-30,149.92,149.92,retained_flat
U01439,SMB,B2B,2023-10-31,149.92,149.92,retained_flat
U01439,SMB,B2B,2023-11-30,149.92,149.92,retained_flat
U01439,SMB,B2B,2023-12-31,149.92,149.92,retained_flat
U01439,SMB,B2B,2024-01-31,149.92,149.92,retained_flat
U01439,SMB,B2B,2024-02-29,149.92,149.92,retained_flat
U01439,SMB,B2B,2024-03-31,149.92,149.92,retained_flat
U01439,SMB,B2B,2024-04-30,149.92,149.92,retained_flat
U01441,SMB,B2B,2023-04-30,199.0,,new
U01441,SMB,B2B,2023-05-31,199.0,199.0,retained_flat
U01441,SMB,B2B,2023-06-30,0.0,199.0,churn
U01441,SMB,B2B,2023-07-31,0.0,0.0,inactive
U01441,SMB,B2B,2023-08-31,0.0,0.0,inactive
U01441,SMB,B2B,2023-09-30,0.0,0.0,inactive
U01441,SMB,B2B,2023-10-31,0.0,0.0,inactive
U01441,SMB,B2B,2023-11-30,0.0,0.0,inactive
U01441,SMB,B2B,2023-12-31,0.0,0.0,inactive
U01441,SMB,B2B,2024-01-31,0.0,0.0,inactive
U01441,SMB,B2B,2024-02-29,0.0,0.0,inactive
U01441,SMB,B2B,2024-03-31,0.0,0.0,inactive
U01441,SMB,B2B,2024-04-30,0.0,0.0,inactive
U01448,Enterprise,B2B,2023-04-30,825.0,,new
U01448,Enterprise,B2B,2023-05-31,825.0,825.0,retained_flat
U01448,Enterprise,B2B,2023-06-30,825.0,825.0,retained_flat
U01448,Enterprise,B2B,2023-07-31,825.0,825.0,retained_flat
U01448,Enterprise,B2B,2023-08-31,825.0,825.0,retained_flat
U01448,Enterprise,B2B,2023-09-30,825.0,825.0,retained_flat
U01448,Enterprise,B2B,2023-10-31,825.0,825.0,retained_flat
U01448,Enterprise,B2B,2023-11-30,825.0,825.0,retained_flat
U01448,Enterprise,B2B,2023-12-31,825.0,825.0,retained_flat
U01448,Enterprise,B2B,2024-01-31,825.0,825.0,retained_flat
U01448,Enterprise,B2B,2024-02-29,825.0,825.0,retained_flat
U01448,Enterprise,B2B,2024-03-31,825.0,825.0,retained_flat
U01448,Enterprise,B2B,2024-04-30,825.0,825.0,retained_flat
U01451,B2C,B2C,2023-05-31,33.25,,new
U01451,B2C,B2C,2023-06-30,33.25,33.25,retained_flat
U01451,B2C,B2C,2023-07-31,33.25,33.25,retained_flat
U01451,B2C,B2C,2023-08-31,33.25,33.25,retained_flat
U01451,B2C,B2C,2023-09-30,33.25,33.25,retained_flat
U01451,B2C,B2C,2023-10-31,33.25,33.25,retained_flat
U01451,B2C,B2C,2023-11-30,33.25,33.25,retained_flat
U01451,B2C,B2C,2023-12-31,33.25,33.25,retained_flat
U01451,B2C,B2C,2024-01-31,33.25,33.25,retained_flat
U01451,B2C,B2C,2024-02-29,33.25,33.25,retained_flat
U01451,B2C,B2C,2024-03-31,33.25,33.25,retained_flat
U01451,B2C,B2C,2024-04-30,33.25,33.25,retained_flat
U01465,B2C,B2C,2023-05-31,49.0,,new
U01465,B2C,B2C,2023-06-30,49.0,49.0,retained_flat
U01465,B2C,B2C,2023-07-31,49.0,49.0,retained_flat
U01465,B2C,B2C,2023-08-31,49.0,49.0,retained_flat
U01465,B2C,B2C,2023-09-30,0.0,49.0,churn
U01465,B2C,B2C,2023-10-31,0.0,0.0,inactive
U01465,B2C,B2C,2023-11-30,0.0,0.0,inactive
U01465,B2C,B2C,2023-12-31,0.0,0.0,inactive
U01465,B2C,B2C,2024-01-31,0.0,0.0,inactive
U01465,B2C,B2C,2024-02-29,0.0,0.0,inactive
U01465,B2C,B2C,2024-03-31,0.0,0.0,inactive
U01465,B2C,B2C,2024-04-30,0.0,0.0,inactive
U01472,B2C,B2C,2023-05-31,33.25,,new
U01472,B2C,B2C,2023-06-30,33.25,33.25,retained_flat
U01472,B2C,B2C,2023-07-31,33.25,33.25,retained_flat
U01472,B2C,B2C,2023-08-31,33.25,33.25,retained_flat
U01472,B2C,B2C,2023-09-30,33.25,33.25,retained_flat
U01472,B2C,B2C,2023-10-31,33.25,33.25,retained_flat
U01472,B2C,B2C,2023-11-30,33.25,33.25,retained_flat
U01472,B2C,B2C,2023-12-31,33.25,33.25,retained_flat
U01472,B2C,B2C,2024-01-31,33.25,33.25,retained_flat
U01472,B2C,B2C,2024-02-29,33.25,33.25,retained_flat
U01472,B2C,B2C,2024-03-31,33.25,33.25,retained_flat
U01472,B2C,B2C,2024-04-30,33.25,33.25,retained_flat
U01519,B2C,B2C,2023-05-31,49.0,,new
U01519,B2C,B2C,2023-06-30,49.0,49.0,retained_flat
U01519,B2C,B2C,2023-07-31,49.0,49.0,retained_flat
U01519,B2C,B2C,2023-08-31,49.0,49.0,retained_flat
U01519,B2C,B2C,2023-09-30,49.0,49.0,retained_flat
U01519,B2C,B2C,2023-10-31,0.0,49.0,churn
U01519,B2C,B2C,2023-11-30,0.0,0.0,inactive
U01519,B2C,B2C,2023-12-31,0.0,0.0,inactive
U01519,B2C,B2C,2024-01-31,0.0,0.0,inactive
U01519,B2C,B2C,2024-02-29,0.0,0.0,inactive
U01519,B2C,B2C,2024-03-31,0.0,0.0,inactive
U01519,B2C,B2C,2024-04-30,0.0,0.0,inactive
U01529,B2C,B2C,2023-05-31,49.0,,new
U01529,B2C,B2C,2023-06-30,49.0,49.0,retained_flat
U01529,B2C,B2C,2023-07-31,49.0,49.0,retained_flat
U01529,B2C,B2C,2023-08-31,49.0,49.0,retained_flat
U01529,B2C,B2C,2023-09-30,49.0,49.0,retained_flat
U01529,B2C,B2C,2023-10-31,49.0,49.0,retained_flat
U01529,B2C,B2C,2023-11-30,49.0,49.0,retained_flat
U01529,B2C,B2C,2023-12-31,49.0,49.0,retained_flat
U01529,B2C,B2C,2024-01-31,49.0,49.0,retained_flat
U01529,B2C,B2C,2024-02-29,49.0,49.0,retained_flat
U01529,B2C,B2C,2024-03-31,49.0,49.0,retained_flat
U01529,B2C,B2C,2024-04-30,49.0,49.0,retained_flat
U01565,SMB,B2B,2023-05-31,199.0,,new
U01565,SMB,B2B,2023-06-30,199.0,199.0,retained_flat
U01565,SMB,B2B,2023-07-31,0.0,199.0,churn
U01565,SMB,B2B,2023-08-31,0.0,0.0,inactive
U01565,SMB,B2B,2023-09-30,0.0,0.0,inactive
U01565,SMB,B2B,2023-10-31,0.0,0.0,inactive
U01565,SMB,B2B,2023-11-30,0.0,0.0,inactive
U01565,SMB,B2B,2023-12-31,0.0,0.0,inactive
U01565,SMB,B2B,2024-01-31,0.0,0.0,inactive
U01565,SMB,B2B,2024-02-29,0.0,0.0,inactive
U01565,SMB,B2B,2024-03-31,0.0,0.0,inactive
U01565,SMB,B2B,2024-04-30,0.0,0.0,inactive
U01567,SMB,B2B,2023-05-31,149.92,,new
U01567,SMB,B2B,2023-06-30,149.92,149.92,retained_flat
U01567,SMB,B2B,2023-07-31,149.92,149.92,retained_flat
U01567,SMB,B2B,2023-08-31,149.92,149.92,retained_flat
U01567,SMB,B2B,2023-09-30,149.92,149.92,retained_flat
U01567,SMB,B2B,2023-10-31,149.92,149.92,retained_flat
U01567,SMB,B2B,2023-11-30,149.92,149.92,retained_flat
U01567,SMB,B2B,2023-12-31,149.92,149.92,retained_flat
U01567,SMB,B2B,2024-01-31,149.92,149.92,retained_flat
U01567,SMB,B2B,2024-02-29,149.92,149.92,retained_flat
U01567,SMB,B2B,2024-03-31,149.92,149.92,retained_flat
U01567,SMB,B2B,2024-04-30,149.92,149.92,retained_flat
U01571,SMB,B2B,2023-05-31,199.0,,new
U01571,SMB,B2B,2023-06-30,225.95,199.0,expansion
U01571,SMB,B2B,2023-07-31,225.95,225.95,retained_flat
U01571,SMB,B2B,2023-08-31,225.95,225.95,retained_flat
U01571,SMB,B2B,2023-09-30,225.95,225.95,retained_flat
U01571,SMB,B2B,2023-10-31,225.95,225.95,retained_flat
U01571,SMB,B2B,2023-11-30,225.95,225.95,retained_flat
U01571,SMB,B2B,2023-12-31,225.95,225.95,retained_flat
U01571,SMB,B2B,2024-01-31,225.95,225.95,retained_flat
U01571,SMB,B2B,2024-02-29,225.95,225.95,retained_flat
U01571,SMB,B2B,2024-03-31,225.95,225.95,retained_flat
U01571,SMB,B2B,2024-04-30,225.95,225.95,retained_flat
U01580,Enterprise,B2B,2023-05-31,825.0,,new
U01580,Enterprise,B2B,2023-06-30,825.0,825.0,retained_flat
U01580,Enterprise,B2B,2023-07-31,825.0,825.0,retained_flat
U01580,Enterprise,B2B,2023-08-31,825.0,825.0,retained_flat
U01580,Enterprise,B2B,2023-09-30,825.0,825.0,retained_flat
U01580,Enterprise,B2B,2023-10-31,825.0,825.0,retained_flat
U01580,Enterprise,B2B,2023-11-30,825.0,825.0,retained_flat
U01580,Enterprise,B2B,2023-12-31,825.0,825.0,retained_flat
U01580,Enterprise,B2B,2024-01-31,825.0,825.0,retained_flat
U01580,Enterprise,B2B,2024-02-29,825.0,825.0,retained_flat
U01580,Enterprise,B2B,2024-03-31,825.0,825.0,retained_flat
U01580,Enterprise,B2B,2024-04-30,825.0,825.0,retained_flat
U01599,B2C,B2C,2023-06-30,33.25,,new
U01599,B2C,B2C,2023-07-31,33.25,33.25,retained_flat
U01599,B2C,B2C,2023-08-31,33.25,33.25,retained_flat
U01599,B2C,B2C,2023-09-30,33.25,33.25,retained_flat
U01599,B2C,B2C,2023-10-31,33.25,33.25,retained_flat
U01599,B2C,B2C,2023-11-30,33.25,33.25,retained_flat
U01599,B2C,B2C,2023-12-31,33.25,33.25,retained_flat
U01599,B2C,B2C,2024-01-31,33.25,33.25,retained_flat
U01599,B2C,B2C,2024-02-29,33.25,33.25,retained_flat
U01599,B2C,B2C,2024-03-31,33.25,33.25,retained_flat
U01599,B2C,B2C,2024-04-30,33.25,33.25,retained_flat
U01601,B2C,B2C,2023-06-30,33.25,,new
U01601,B2C,B2C,2023-07-31,33.25,33.25,retained_flat
U01601,B2C,B2C,2023-08-31,33.25,33.25,retained_flat
U01601,B2C,B2C,2023-09-30,33.25,33.25,retained_flat
U01601,B2C,B2C,2023-10-31,33.25,33.25,retained_flat
U01601,B2C,B2C,2023-11-30,33.25,33.25,retained_flat
U01601,B2C,B2C,2023-12-31,33.25,33.25,retained_flat
U01601,B2C,B2C,2024-01-31,33.25,33.25,retained_flat
U01601,B2C,B2C,2024-02-29,33.25,33.25,retained_flat
U01601,B2C,B2C,2024-03-31,33.25,33.25,retained_flat
U01601,B2C,B2C,2024-04-30,33.25,33.25,retained_flat
U01640,B2C,B2C,2023-06-30,49.0,,new
U01640,B2C,B2C,2023-07-31,49.0,49.0,retained_flat
U01640,B2C,B2C,2023-08-31,0.0,49.0,churn
U01640,B2C,B2C,2023-09-30,0.0,0.0,inactive
U01640,B2C,B2C,2023-10-31,0.0,0.0,inactive
U01640,B2C,B2C,2023-11-30,0.0,0.0,inactive
U01640,B2C,B2C,2023-12-31,0.0,0.0,inactive
U01640,B2C,B2C,2024-01-31,0.0,0.0,inactive
U01640,B2C,B2C,2024-02-29,0.0,0.0,inactive
U01640,B2C,B2C,2024-03-31,0.0,0.0,inactive
U01640,B2C,B2C,2024-04-30,0.0,0.0,inactive
U01663,B2C,B2C,2023-06-30,49.0,,new
U01663,B2C,B2C,2023-07-31,49.0,49.0,retained_flat
U01663,B2C,B2C,2023-08-31,49.0,49.0,retained_flat
U01663,B2C,B2C,2023-09-30,49.0,49.0,retained_flat
U01663,B2C,B2C,2023-10-31,49.0,49.0,retained_flat
U01663,B2C,B2C,2023-11-30,49.0,49.0,retained_flat
U01663,B2C,B2C,2023-12-31,49.0,49.0,retained_flat
U01663,B2C,B2C,2024-01-31,49.0,49.0,retained_flat
U01663,B2C,B2C,2024-02-29,0.0,49.0,churn
U01663,B2C,B2C,2024-03-31,0.0,0.0,inactive
U01663,B2C,B2C,2024-04-30,0.0,0.0,inactive
U01672,B2C,B2C,2023-06-30,49.0,,new
U01672,B2C,B2C,2023-07-31,49.0,49.0,retained_flat
U01672,B2C,B2C,2023-08-31,49.0,49.0,retained_flat
U01672,B2C,B2C,2023-09-30,49.0,49.0,retained_flat
U01672,B2C,B2C,2023-10-31,49.0,49.0,retained_flat
U01672,B2C,B2C,2023-11-30,49.0,49.0,retained_flat
U01672,B2C,B2C,2023-12-31,0.0,49.0,churn
U01672,B2C,B2C,2024-01-31,0.0,0.0,inactive
U01672,B2C,B2C,2024-02-29,0.0,0.0,inactive
U01672,B2C,B2C,2024-03-31,0.0,0.0,inactive
U01672,B2C,B2C,2024-04-30,0.0,0.0,inactive
U01674,B2C,B2C,2023-06-30,49.0,,new
U01674,B2C,B2C,2023-07-31,49.0,49.0,retained_flat
U01674,B2C,B2C,2023-08-31,49.0,49.0,retained_flat
U01674,B2C,B2C,2023-09-30,49.0,49.0,retained_flat
U01674,B2C,B2C,2023-10-31,49.0,49.0,retained_flat
U01674,B2C,B2C,2023-11-30,49.0,49.0,retained_flat
U01674,B2C,B2C,2023-12-31,49.0,49.0,retained_flat
U01674,B2C,B2C,2024-01-31,49.0,49.0,retained_flat
U01674,B2C,B2C,2024-02-29,0.0,49.0,churn
U01674,B2C,B2C,2024-03-31,0.0,0.0,inactive
U01674,B2C,B2C,2024-04-30,0.0,0.0,inactive
U01698,B2C,B2C,2023-06-30,49.0,,new
U01698,B2C,B2C,2023-07-31,49.0,49.0,retained_flat
U01698,B2C,B2C,2023-08-31,49.0,49.0,retained_flat
U01698,B2C,B2C,2023-09-30,49.0,49.0,retained_flat
U01698,B2C,B2C,2023-10-31,49.0,49.0,retained_flat
U01698,B2C,B2C,2023-11-30,49.0,49.0,retained_flat
U01698,B2C,B2C,2023-12-31,49.0,49.0,retained_flat
U01698,B2C,B2C,2024-01-31,0.0,49.0,churn
U01698,B2C,B2C,2024-02-29,0.0,0.0,inactive
U01698,B2C,B2C,2024-03-31,0.0,0.0,inactive
U01698,B2C,B2C,2024-04-30,0.0,0.0,inactive
U01706,B2C,B2C,2023-06-30,49.0,,new
U01706,B2C,B2C,2023-07-31,0.0,49.0,churn
U01706,B2C,B2C,2023-08-31,0.0,0.0,inactive
U01706,B2C,B2C,2023-09-30,0.0,0.0,inactive
U01706,B2C,B2C,2023-10-31,0.0,0.0,inactive
U01706,B2C,B2C,2023-11-30,0.0,0.0,inactive
U01706,B2C,B2C,2023-12-31,0.0,0.0,inactive
U01706,B2C,B2C,2024-01-31,0.0,0.0,inactive
U01706,B2C,B2C,2024-02-29,0.0,0.0,inactive
U01706,B2C,B2C,2024-03-31,0.0,0.0,inactive
U01706,B2C,B2C,2024-04-30,0.0,0.0,inactive
U01710,B2C,B2C,2023-06-30,49.0,,new
U01710,B2C,B2C,2023-07-31,49.0,49.0,retained_flat
U01710,B2C,B2C,2023-08-31,0.0,49.0,churn
U01710,B2C,B2C,2023-09-30,0.0,0.0,inactive
U01710,B2C,B2C,2023-10-31,0.0,0.0,inactive
U01710,B2C,B2C,2023-11-30,0.0,0.0,inactive
U01710,B2C,B2C,2023-12-31,0.0,0.0,inactive
U01710,B2C,B2C,2024-01-31,0.0,0.0,inactive
U01710,B2C,B2C,2024-02-29,0.0,0.0,inactive
U01710,B2C,B2C,2024-03-31,0.0,0.0,inactive
U01710,B2C,B2C,2024-04-30,0.0,0.0,inactive
U01758,B2C,B2C,2023-07-31,33.25,,new
U01758,B2C,B2C,2023-08-31,33.25,33.25,retained_flat
U01758,B2C,B2C,2023-09-30,33.25,33.25,retained_flat
U01758,B2C,B2C,2023-10-31,33.25,33.25,retained_flat
U01758,B2C,B2C,2023-11-30,33.25,33.25,retained_flat
U01758,B2C,B2C,2023-12-31,33.25,33.25,retained_flat
U01758,B2C,B2C,2024-01-31,33.25,33.25,retained_flat
U01758,B2C,B2C,2024-02-29,33.25,33.25,retained_flat
U01758,B2C,B2C,2024-03-31,33.25,33.25,retained_flat
U01758,B2C,B2C,2024-04-30,33.25,33.25,retained_flat
U01774,B2C,B2C,2023-07-31,49.0,,new
U01774,B2C,B2C,2023-08-31,49.0,49.0,retained_flat
U01774,B2C,B2C,2023-09-30,49.0,49.0,retained_flat
U01774,B2C,B2C,2023-10-31,49.0,49.0,retained_flat
U01774,B2C,B2C,2023-11-30,49.0,49.0,retained_flat
U01774,B2C,B2C,2023-12-31,49.0,49.0,retained_flat
U01774,B2C,B2C,2024-01-31,49.0,49.0,retained_flat
U01774,B2C,B2C,2024-02-29,49.0,49.0,retained_flat
U01774,B2C,B2C,2024-03-31,49.0,49.0,retained_flat
U01774,B2C,B2C,2024-04-30,49.0,49.0,retained_flat
U01775,B2C,B2C,2023-07-31,49.0,,new
U01775,B2C,B2C,2023-08-31,49.0,49.0,retained_flat
U01775,B2C,B2C,2023-09-30,49.0,49.0,retained_flat
U01775,B2C,B2C,2023-10-31,49.0,49.0,retained_flat
U01775,B2C,B2C,2023-11-30,49.0,49.0,retained_flat
U01775,B2C,B2C,2023-12-31,49.0,49.0,retained_flat
U01775,B2C,B2C,2024-01-31,49.0,49.0,retained_flat
U01775,B2C,B2C,2024-02-29,49.0,49.0,retained_flat
U01775,B2C,B2C,2024-03-31,49.0,49.0,retained_flat
U01775,B2C,B2C,2024-04-30,49.0,49.0,retained_flat
U01791,B2C,B2C,2023-07-31,49.0,,new
U01791,B2C,B2C,2023-08-31,49.0,49.0,retained_flat
U01791,B2C,B2C,2023-09-30,49.0,49.0,retained_flat
U01791,B2C,B2C,2023-10-31,49.0,49.0,retained_flat
U01791,B2C,B2C,2023-11-30,49.0,49.0,retained_flat
U01791,B2C,B2C,2023-12-31,49.0,49.0,retained_flat
U01791,B2C,B2C,2024-01-31,49.0,49.0,retained_flat
U01791,B2C,B2C,2024-02-29,0.0,49.0,churn
U01791,B2C,B2C,2024-03-31,0.0,0.0,inactive
U01791,B2C,B2C,2024-04-30,0.0,0.0,inactive
U01806,B2C,B2C,2023-07-31,49.0,,new
U01806,B2C,B2C,2023-08-31,49.0,49.0,retained_flat
U01806,B2C,B2C,2023-09-30,49.0,49.0,retained_flat
U01806,B2C,B2C,2023-10-31,49.0,49.0,retained_flat
U01806,B2C,B2C,2023-11-30,49.0,49.0,retained_flat
U01806,B2C,B2C,2023-12-31,49.0,49.0,retained_flat
U01806,B2C,B2C,2024-01-31,49.0,49.0,retained_flat
U01806,B2C,B2C,2024-02-29,49.0,49.0,retained_flat
U01806,B2C,B2C,2024-03-31,49.0,49.0,retained_flat
U01806,B2C,B2C,2024-04-30,49.0,49.0,retained_flat
U01846,B2C,B2C,2023-07-31,49.0,,new
U01846,B2C,B2C,2023-08-31,49.0,49.0,retained_flat
U01846,B2C,B2C,2023-09-30,0.0,49.0,churn
U01846,B2C,B2C,2023-10-31,0.0,0.0,inactive
U01846,B2C,B2C,2023-11-30,0.0,0.0,inactive
U01846,B2C,B2C,2023-12-31,0.0,0.0,inactive
U01846,B2C,B2C,2024-01-31,0.0,0.0,inactive
U01846,B2C,B2C,2024-02-29,0.0,0.0,inactive
U01846,B2C,B2C,2024-03-31,0.0,0.0,inactive
U01846,B2C,B2C,2024-04-30,0.0,0.0,inactive
U01848,B2C,B2C,2023-07-31,49.0,,new
U01848,B2C,B2C,2023-08-31,49.0,49.0,retained_flat
U01848,B2C,B2C,2023-09-30,49.0,49.0,retained_flat
U01848,B2C,B2C,2023-10-31,0.0,49.0,churn
U01848,B2C,B2C,2023-11-30,0.0,0.0,inactive
U01848,B2C,B2C,2023-12-31,0.0,0.0,inactive
U01848,B2C,B2C,2024-01-31,0.0,0.0,inactive
U01848,B2C,B2C,2024-02-29,0.0,0.0,inactive
U01848,B2C,B2C,2024-03-31,0.0,0.0,inactive
U01848,B2C,B2C,2024-04-30,0.0,0.0,inactive
U01854,SMB,B2B,2023-07-31,149.92,,new
U01854,SMB,B2B,2023-08-31,149.92,149.92,retained_flat
U01854,SMB,B2B,2023-09-30,149.92,149.92,retained_flat
U01854,SMB,B2B,2023-10-31,149.92,149.92,retained_flat
U01854,SMB,B2B,2023-11-30,149.92,149.92,retained_flat
U01854,SMB,B2B,2023-12-31,149.92,149.92,retained_flat
U01854,SMB,B2B,2024-01-31,149.92,149.92,retained_flat
U01854,SMB,B2B,2024-02-29,149.92,149.92,retained_flat
U01854,SMB,B2B,2024-03-31,149.92,149.92,retained_flat
U01854,SMB,B2B,2024-04-30,149.92,149.92,retained_flat
U01870,SMB,B2B,2023-07-31,199.0,,new
U01870,SMB,B2B,2023-08-31,161.13,199.0,contraction
U01870,SMB,B2B,2023-09-30,0.0,161.13,churn
U01870,SMB,B2B,2023-10-31,0.0,0.0,inactive
U01870,SMB,B2B,2023-11-30,0.0,0.0,inactive
U01870,SMB,B2B,2023-12-31,0.0,0.0,inactive
U01870,SMB,B2B,2024-01-31,0.0,0.0,inactive
U01870,SMB,B2B,2024-02-29,0.0,0.0,inactive
U01870,SMB,B2B,2024-03-31,0.0,0.0,inactive
U01870,SMB,B2B,2024-04-30,0.0,0.0,inactive
U01871,SMB,B2B,2023-07-31,149.92,,new
U01871,SMB,B2B,2023-08-31,149.92,149.92,retained_flat
U01871,SMB,B2B,2023-09-30,149.92,149.92,retained_flat
U01871,SMB,B2B,2023-10-31,149.92,149.92,retained_flat
U01871,SMB,B2B,2023-11-30,149.92,149.92,retained_flat
U01871,SMB,B2B,2023-12-31,149.92,149.92,retained_flat
U01871,SMB,B2B,2024-01-31,149.92,149.92,retained_flat
U01871,SMB,B2B,2024-02-29,149.92,149.92,retained_flat
U01871,SMB,B2B,2024-03-31,149.92,149.92,retained_flat
U01871,SMB,B2B,2024-04-30,149.92,149.92,retained_flat
U01876,Enterprise,B2B,2023-07-31,825.0,,new
U01876,Enterprise,B2B,2023-08-31,825.0,825.0,retained_flat
U01876,Enterprise,B2B,2023-09-30,825.0,825.0,retained_flat
U01876,Enterprise,B2B,2023-10-31,825.0,825.0,retained_flat
U01876,Enterprise,B2B,2023-11-30,825.0,825.0,retained_flat
U01876,Enterprise,B2B,2023-12-31,825.0,825.0,retained_flat
U01876,Enterprise,B2B,2024-01-31,825.0,825.0,retained_flat
U01876,Enterprise,B2B,2024-02-29,825.0,825.0,retained_flat
U01876,Enterprise,B2B,2024-03-31,825.0,825.0,retained_flat
U01876,Enterprise,B2B,2024-04-30,825.0,825.0,retained_flat
U01935,B2C,B2C,2023-08-31,49.0,,new
U01935,B2C,B2C,2023-09-30,49.0,49.0,retained_flat
U01935,B2C,B2C,2023-10-31,49.0,49.0,retained_flat
U01935,B2C,B2C,2023-11-30,49.0,49.0,retained_flat
U01935,B2C,B2C,2023-12-31,49.0,49.0,retained_flat
U01935,B2C,B2C,2024-01-31,49.0,49.0,retained_flat
U01935,B2C,B2C,2024-02-29,49.0,49.0,retained_flat
U01935,B2C,B2C,2024-03-31,49.0,49.0,retained_flat
U01935,B2C,B2C,2024-04-30,49.0,49.0,retained_flat
U01945,B2C,B2C,2023-08-31,49.0,,new
U01945,B2C,B2C,2023-09-30,49.0,49.0,retained_flat
U01945,B2C,B2C,2023-10-31,49.0,49.0,retained_flat
U01945,B2C,B2C,2023-11-30,49.0,49.0,retained_flat
U01945,B2C,B2C,2023-12-31,49.0,49.0,retained_flat
U01945,B2C,B2C,2024-01-31,0.0,49.0,churn
U01945,B2C,B2C,2024-02-29,0.0,0.0,inactive
U01945,B2C,B2C,2024-03-31,0.0,0.0,inactive
U01945,B2C,B2C,2024-04-30,0.0,0.0,inactive
U01954,B2C,B2C,2023-08-31,49.0,,new
U01954,B2C,B2C,2023-09-30,49.0,49.0,retained_flat
U01954,B2C,B2C,2023-10-31,49.0,49.0,retained_flat
U01954,B2C,B2C,2023-11-30,49.0,49.0,retained_flat
U01954,B2C,B2C,2023-12-31,49.0,49.0,retained_flat
U01954,B2C,B2C,2024-01-31,49.0,49.0,retained_flat
U01954,B2C,B2C,2024-02-29,49.0,49.0,retained_flat
U01954,B2C,B2C,2024-03-31,49.0,49.0,retained_flat
U01954,B2C,B2C,2024-04-30,49.0,49.0,retained_flat
U01970,B2C,B2C,2023-08-31,49.0,,new
U01970,B2C,B2C,2023-09-30,49.0,49.0,retained_flat
U01970,B2C,B2C,2023-10-31,49.0,49.0,retained_flat
U01970,B2C,B2C,2023-11-30,49.0,49.0,retained_flat
U01970,B2C,B2C,2023-12-31,49.0,49.0,retained_flat
U01970,B2C,B2C,2024-01-31,49.0,49.0,retained_flat
U01970,B2C,B2C,2024-02-29,49.0,49.0,retained_flat
U01970,B2C,B2C,2024-03-31,49.0,49.0,retained_flat
U01970,B2C,B2C,2024-04-30,49.0,49.0,retained_flat
U01975,B2C,B2C,2023-08-31,49.0,,new
U01975,B2C,B2C,2023-09-30,49.0,49.0,retained_flat
U01975,B2C,B2C,2023-10-31,49.0,49.0,retained_flat
U01975,B2C,B2C,2023-11-30,49.0,49.0,retained_flat
U01975,B2C,B2C,2023-12-31,49.0,49.0,retained_flat
U01975,B2C,B2C,2024-01-31,49.0,49.0,retained_flat
U01975,B2C,B2C,2024-02-29,49.0,49.0,retained_flat
U01975,B2C,B2C,2024-03-31,0.0,49.0,churn
U01975,B2C,B2C,2024-04-30,0.0,0.0,inactive
U01991,B2C,B2C,2023-08-31,49.0,,new
U01991,B2C,B2C,2023-09-30,49.0,49.0,retained_flat
U01991,B2C,B2C,2023-10-31,0.0,49.0,churn
U01991,B2C,B2C,2023-11-30,0.0,0.0,inactive
U01991,B2C,B2C,2023-12-31,0.0,0.0,inactive
U01991,B2C,B2C,2024-01-31,0.0,0.0,inactive
U01991,B2C,B2C,2024-02-29,0.0,0.0,inactive
U01991,B2C,B2C,2024-03-31,0.0,0.0,inactive
U01991,B2C,B2C,2024-04-30,0.0,0.0,inactive
U02028,SMB,B2B,2023-08-31,199.0,,new
U02028,SMB,B2B,2023-09-30,199.0,199.0,retained_flat
U02028,SMB,B2B,2023-10-31,199.0,199.0,retained_flat
U02028,SMB,B2B,2023-11-30,0.0,199.0,churn
U02028,SMB,B2B,2023-12-31,0.0,0.0,inactive
U02028,SMB,B2B,2024-01-31,0.0,0.0,inactive
U02028,SMB,B2B,2024-02-29,0.0,0.0,inactive
U02028,SMB,B2B,2024-03-31,0.0,0.0,inactive
U02028,SMB,B2B,2024-04-30,0.0,0.0,inactive
U02029,SMB,B2B,2023-08-31,149.92,,new
U02029,SMB,B2B,2023-09-30,149.92,149.92,retained_flat
U02029,SMB,B2B,2023-10-31,149.92,149.92,retained_flat
U02029,SMB,B2B,2023-11-30,149.92,149.92,retained_flat
U02029,SMB,B2B,2023-12-31,149.92,149.92,retained_flat
U02029,SMB,B2B,2024-01-31,149.92,149.92,retained_flat
U02029,SMB,B2B,2024-02-29,149.92,149.92,retained_flat
U02029,SMB,B2B,2024-03-31,149.92,149.92,retained_flat
U02029,SMB,B2B,2024-04-30,149.92,149.92,retained_flat
U02059,B2C,B2C,2023-09-30,49.0,,new
U02059,B2C,B2C,2023-10-31,49.0,49.0,retained_flat
U02059,B2C,B2C,2023-11-30,49.0,49.0,retained_flat
U02059,B2C,B2C,2023-12-31,49.0,49.0,retained_flat
U02059,B2C,B2C,2024-01-31,49.0,49.0,retained_flat
U02059,B2C,B2C,2024-02-29,49.0,49.0,retained_flat
U02059,B2C,B2C,2024-03-31,49.0,49.0,retained_flat
U02059,B2C,B2C,2024-04-30,49.0,49.0,retained_flat
U02104,B2C,B2C,2023-09-30,49.0,,new
U02104,B2C,B2C,2023-10-31,49.0,49.0,retained_flat
U02104,B2C,B2C,2023-11-30,49.0,49.0,retained_flat
U02104,B2C,B2C,2023-12-31,49.0,49.0,retained_flat
U02104,B2C,B2C,2024-01-31,49.0,49.0,retained_flat
U02104,B2C,B2C,2024-02-29,49.0,49.0,retained_flat
U02104,B2C,B2C,2024-03-31,49.0,49.0,retained_flat
U02104,B2C,B2C,2024-04-30,0.0,49.0,churn
U02128,B2C,B2C,2023-09-30,49.0,,new
U02128,B2C,B2C,2023-10-31,0.0,49.0,churn
U02128,B2C,B2C,2023-11-30,0.0,0.0,inactive
U02128,B2C,B2C,2023-12-31,0.0,0.0,inactive
U02128,B2C,B2C,2024-01-31,0.0,0.0,inactive
U02128,B2C,B2C,2024-02-29,0.0,0.0,inactive
U02128,B2C,B2C,2024-03-31,0.0,0.0,inactive
U02128,B2C,B2C,2024-04-30,0.0,0.0,inactive
U02157,B2C,B2C,2023-09-30,49.0,,new
U02157,B2C,B2C,2023-10-31,49.0,49.0,retained_flat
U02157,B2C,B2C,2023-11-30,49.0,49.0,retained_flat
U02157,B2C,B2C,2023-12-31,49.0,49.0,retained_flat
U02157,B2C,B2C,2024-01-31,49.0,49.0,retained_flat
U02157,B2C,B2C,2024-02-29,49.0,49.0,retained_flat
U02157,B2C,B2C,2024-03-31,49.0,49.0,retained_flat
U02157,B2C,B2C,2024-04-30,0.0,49.0,churn
U02171,B2C,B2C,2023-09-30,33.25,,new
U02171,B2C,B2C,2023-10-31,33.25,33.25,retained_flat
U02171,B2C,B2C,2023-11-30,33.25,33.25,retained_flat
U02171,B2C,B2C,2023-12-31,33.25,33.25,retained_flat
U02171,B2C,B2C,2024-01-31,33.25,33.25,retained_flat
U02171,B2C,B2C,2024-02-29,33.25,33.25,retained_flat
U02171,B2C,B2C,2024-03-31,33.25,33.25,retained_flat
U02171,B2C,B2C,2024-04-30,33.25,33.25,retained_flat
U02211,B2C,B2C,2023-10-31,49.0,,new
U02211,B2C,B2C,2023-11-30,49.0,49.0,retained_flat
U02211,B2C,B2C,2023-12-31,49.0,49.0,retained_flat
U02211,B2C,B2C,2024-01-31,49.0,49.0,retained_flat
U02211,B2C,B2C,2024-02-29,49.0,49.0,retained_flat
U02211,B2C,B2C,2024-03-31,49.0,49.0,retained_flat
U02211,B2C,B2C,2024-04-30,49.0,49.0,retained_flat
U02213,B2C,B2C,2023-10-31,33.25,,new
U02213,B2C,B2C,2023-11-30,33.25,33.25,retained_flat
U02213,B2C,B2C,2023-12-31,33.25,33.25,retained_flat
U02213,B2C,B2C,2024-01-31,33.25,33.25,retained_flat
U02213,B2C,B2C,2024-02-29,33.25,33.25,retained_flat
U02213,B2C,B2C,2024-03-31,33.25,33.25,retained_flat
U02213,B2C,B2C,2024-04-30,33.25,33.25,retained_flat
U02241,B2C,B2C,2023-10-31,49.0,,new
U02241,B2C,B2C,2023-11-30,49.0,49.0,retained_flat
U02241,B2C,B2C,2023-12-31,0.0,49.0,churn
U02241,B2C,B2C,2024-01-31,0.0,0.0,inactive
U02241,B2C,B2C,2024-02-29,0.0,0.0,inactive
U02241,B2C,B2C,2024-03-31,0.0,0.0,inactive
U02241,B2C,B2C,2024-04-30,0.0,0.0,inactive
U02244,B2C,B2C,2023-10-31,33.25,,new
U02244,B2C,B2C,2023-11-30,33.25,33.25,retained_flat
U02244,B2C,B2C,2023-12-31,33.25,33.25,retained_flat
U02244,B2C,B2C,2024-01-31,33.25,33.25,retained_flat
U02244,B2C,B2C,2024-02-29,33.25,33.25,retained_flat
U02244,B2C,B2C,2024-03-31,33.25,33.25,retained_flat
U02244,B2C,B2C,2024-04-30,33.25,33.25,retained_flat
U02255,B2C,B2C,2023-10-31,49.0,,new
U02255,B2C,B2C,2023-11-30,49.0,49.0,retained_flat
U02255,B2C,B2C,2023-12-31,49.0,49.0,retained_flat
U02255,B2C,B2C,2024-01-31,49.0,49.0,retained_flat
U02255,B2C,B2C,2024-02-29,49.0,49.0,retained_flat
U02255,B2C,B2C,2024-03-31,49.0,49.0,retained_flat
U02255,B2C,B2C,2024-04-30,49.0,49.0,retained_flat
U02269,B2C,B2C,2023-10-31,49.0,,new
U02269,B2C,B2C,2023-11-30,49.0,49.0,retained_flat
U02269,B2C,B2C,2023-12-31,49.0,49.0,retained_flat
U02269,B2C,B2C,2024-01-31,49.0,49.0,retained_flat
U02269,B2C,B2C,2024-02-29,0.0,49.0,churn
U02269,B2C,B2C,2024-03-31,0.0,0.0,inactive
U02269,B2C,B2C,2024-04-30,0.0,0.0,inactive
U02270,B2C,B2C,2023-10-31,33.25,,new
U02270,B2C,B2C,2023-11-30,33.25,33.25,retained_flat
U02270,B2C,B2C,2023-12-31,33.25,33.25,retained_flat
U02270,B2C,B2C,2024-01-31,33.25,33.25,retained_flat
U02270,B2C,B2C,2024-02-29,33.25,33.25,retained_flat
U02270,B2C,B2C,2024-03-31,33.25,33.25,retained_flat
U02270,B2C,B2C,2024-04-30,33.25,33.25,retained_flat
U02278,B2C,B2C,2023-10-31,33.25,,new
U02278,B2C,B2C,2023-11-30,33.25,33.25,retained_flat
U02278,B2C,B2C,2023-12-31,33.25,33.25,retained_flat
U02278,B2C,B2C,2024-01-31,33.25,33.25,retained_flat
U02278,B2C,B2C,2024-02-29,33.25,33.25,retained_flat
U02278,B2C,B2C,2024-03-31,33.25,33.25,retained_flat
U02278,B2C,B2C,2024-04-30,33.25,33.25,retained_flat
U02299,B2C,B2C,2023-10-31,49.0,,new
U02299,B2C,B2C,2023-11-30,49.0,49.0,retained_flat
U02299,B2C,B2C,2023-12-31,0.0,49.0,churn
U02299,B2C,B2C,2024-01-31,0.0,0.0,inactive
U02299,B2C,B2C,2024-02-29,0.0,0.0,inactive
U02299,B2C,B2C,2024-03-31,0.0,0.0,inactive
U02299,B2C,B2C,2024-04-30,0.0,0.0,inactive
U02300,B2C,B2C,2023-10-31,49.0,,new
U02300,B2C,B2C,2023-11-30,49.0,49.0,retained_flat
U02300,B2C,B2C,2023-12-31,49.0,49.0,retained_flat
U02300,B2C,B2C,2024-01-31,49.0,49.0,retained_flat
U02300,B2C,B2C,2024-02-29,49.0,49.0,retained_flat
U02300,B2C,B2C,2024-03-31,49.0,49.0,retained_flat
U02300,B2C,B2C,2024-04-30,49.0,49.0,retained_flat
U02307,B2C,B2C,2023-10-31,49.0,,new
U02307,B2C,B2C,2023-11-30,0.0,49.0,churn
U02307,B2C,B2C,2023-12-31,0.0,0.0,inactive
U02307,B2C,B2C,2024-01-31,0.0,0.0,inactive
U02307,B2C,B2C,2024-02-29,0.0,0.0,inactive
U02307,B2C,B2C,2024-03-31,0.0,0.0,inactive
U02307,B2C,B2C,2024-04-30,0.0,0.0,inactive
U02372,B2C,B2C,2023-10-31,49.0,,new
U02372,B2C,B2C,2023-11-30,49.0,49.0,retained_flat
U02372,B2C,B2C,2023-12-31,49.0,49.0,retained_flat
U02372,B2C,B2C,2024-01-31,0.0,49.0,churn
U02372,B2C,B2C,2024-02-29,0.0,0.0,inactive
U02372,B2C,B2C,2024-03-31,0.0,0.0,inactive
U02372,B2C,B2C,2024-04-30,0.0,0.0,inactive
U02375,SMB,B2B,2023-10-31,199.0,,new
U02375,SMB,B2B,2023-11-30,199.0,199.0,retained_flat
U02375,SMB,B2B,2023-12-31,199.0,199.0,retained_flat
U02375,SMB,B2B,2024-01-31,199.0,199.0,retained_flat
U02375,SMB,B2B,2024-02-29,199.0,199.0,retained_flat
U02375,SMB,B2B,2024-03-31,0.0,199.0,churn
U02375,SMB,B2B,2024-04-30,0.0,0.0,inactive
U02380,SMB,B2B,2023-10-31,199.0,,new
U02380,SMB,B2B,2023-11-30,199.0,199.0,retained_flat
U02380,SMB,B2B,2023-12-31,0.0,199.0,churn
U02380,SMB,B2B,2024-01-31,0.0,0.0,inactive
U02380,SMB,B2B,2024-02-29,0.0,0.0,inactive
U02380,SMB,B2B,2024-03-31,0.0,0.0,inactive
U02380,SMB,B2B,2024-04-30,0.0,0.0,inactive
U02421,B2C,B2C,2023-11-30,33.25,,new
U02421,B2C,B2C,2023-12-31,33.25,33.25,retained_flat
U02421,B2C,B2C,2024-01-31,33.25,33.25,retained_flat
U02421,B2C,B2C,2024-02-29,33.25,33.25,retained_flat
U02421,B2C,B2C,2024-03-31,33.25,33.25,retained_flat
U02421,B2C,B2C,2024-04-30,33.25,33.25,retained_flat
U02433,B2C,B2C,2023-11-30,49.0,,new
U02433,B2C,B2C,2023-12-31,49.0,49.0,retained_flat
U02433,B2C,B2C,2024-01-31,49.0,49.0,retained_flat
U02433,B2C,B2C,2024-02-29,49.0,49.0,retained_flat
U02433,B2C,B2C,2024-03-31,0.0,49.0,churn
U02433,B2C,B2C,2024-04-30,0.0,0.0,inactive
U02435,B2C,B2C,2023-11-30,49.0,,new
U02435,B2C,B2C,2023-12-31,49.0,49.0,retained_flat
U02435,B2C,B2C,2024-01-31,49.0,49.0,retained_flat
U02435,B2C,B2C,2024-02-29,49.0,49.0,retained_flat
U02435,B2C,B2C,2024-03-31,49.0,49.0,retained_flat
U02435,B2C,B2C,2024-04-30,49.0,49.0,retained_flat
U02448,B2C,B2C,2023-11-30,49.0,,new
U02448,B2C,B2C,2023-12-31,49.0,49.0,retained_flat
U02448,B2C,B2C,2024-01-31,49.0,49.0,retained_flat
U02448,B2C,B2C,2024-02-29,49.0,49.0,retained_flat
U02448,B2C,B2C,2024-03-31,49.0,49.0,retained_flat
U02448,B2C,B2C,2024-04-30,49.0,49.0,retained_flat
U02461,B2C,B2C,2023-11-30,49.0,,new
U02461,B2C,B2C,2023-12-31,49.0,49.0,retained_flat
U02461,B2C,B2C,2024-01-31,0.0,49.0,churn
U02461,B2C,B2C,2024-02-29,0.0,0.0,inactive
U02461,B2C,B2C,2024-03-31,0.0,0.0,inactive
U02461,B2C,B2C,2024-04-30,0.0,0.0,inactive
U02494,B2C,B2C,2023-11-30,33.25,,new
U02494,B2C,B2C,2023-12-31,33.25,33.25,retained_flat
U02494,B2C,B2C,2024-01-31,33.25,33.25,retained_flat
U02494,B2C,B2C,2024-02-29,33.25,33.25,retained_flat
U02494,B2C,B2C,2024-03-31,33.25,33.25,retained_flat
U02494,B2C,B2C,2024-04-30,33.25,33.25,retained_flat
U02523,B2C,B2C,2023-11-30,49.0,,new
U02523,B2C,B2C,2023-12-31,49.0,49.0,retained_flat
U02523,B2C,B2C,2024-01-31,49.0,49.0,retained_flat
U02523,B2C,B2C,2024-02-29,49.0,49.0,retained_flat
U02523,B2C,B2C,2024-03-31,49.0,49.0,retained_flat
U02523,B2C,B2C,2024-04-30,49.0,49.0,retained_flat
U02549,B2C,B2C,2023-11-30,49.0,,new
U02549,B2C,B2C,2023-12-31,49.0,49.0,retained_flat
U02549,B2C,B2C,2024-01-31,49.0,49.0,retained_flat
U02549,B2C,B2C,2024-02-29,49.0,49.0,retained_flat
U02549,B2C,B2C,2024-03-31,49.0,49.0,retained_flat
U02549,B2C,B2C,2024-04-30,49.0,49.0,retained_flat
U02554,SMB,B2B,2023-11-30,199.0,,new
U02554,SMB,B2B,2023-12-31,199.0,199.0,retained_flat
U02554,SMB,B2B,2024-01-31,199.0,199.0,retained_flat
U02554,SMB,B2B,2024-02-29,199.0,199.0,retained_flat
U02554,SMB,B2B,2024-03-31,199.0,199.0,retained_flat
U02554,SMB,B2B,2024-04-30,199.0,199.0,retained_flat
U02557,SMB,B2B,2023-11-30,149.92,,new
U02557,SMB,B2B,2023-12-31,149.92,149.92,retained_flat
U02557,SMB,B2B,2024-01-31,149.92,149.92,retained_flat
U02557,SMB,B2B,2024-02-29,149.92,149.92,retained_flat
U02557,SMB,B2B,2024-03-31,149.92,149.92,retained_flat
U02557,SMB,B2B,2024-04-30,149.92,149.92,retained_flat
U02580,Enterprise,B2B,2023-11-30,825.0,,new
U02580,Enterprise,B2B,2023-12-31,825.0,825.0,retained_flat
U02580,Enterprise,B2B,2024-01-31,825.0,825.0,retained_flat
U02580,Enterprise,B2B,2024-02-29,825.0,825.0,retained_flat
U02580,Enterprise,B2B,2024-03-31,825.0,825.0,retained_flat
U02580,Enterprise,B2B,2024-04-30,825.0,825.0,retained_flat
U02613,B2C,B2C,2023-12-31,49.0,,new
U02613,B2C,B2C,2024-01-31,49.0,49.0,retained_flat
U02613,B2C,B2C,2024-02-29,49.0,49.0,retained_flat
U02613,B2C,B2C,2024-03-31,49.0,49.0,retained_flat
U02613,B2C,B2C,2024-04-30,49.0,49.0,retained_flat
U02626,B2C,B2C,2023-12-31,49.0,,new
U02626,B2C,B2C,2024-01-31,0.0,49.0,churn
U02626,B2C,B2C,2024-02-29,0.0,0.0,inactive
U02626,B2C,B2C,2024-03-31,0.0,0.0,inactive
U02626,B2C,B2C,2024-04-30,0.0,0.0,inactive
U02627,B2C,B2C,2023-12-31,49.0,,new
U02627,B2C,B2C,2024-01-31,49.0,49.0,retained_flat
U02627,B2C,B2C,2024-02-29,49.0,49.0,retained_flat
U02627,B2C,B2C,2024-03-31,49.0,49.0,retained_flat
U02627,B2C,B2C,2024-04-30,49.0,49.0,retained_flat
U02646,B2C,B2C,2023-12-31,33.25,,new
U02646,B2C,B2C,2024-01-31,33.25,33.25,retained_flat
U02646,B2C,B2C,2024-02-29,33.25,33.25,retained_flat
U02646,B2C,B2C,2024-03-31,33.25,33.25,retained_flat
U02646,B2C,B2C,2024-04-30,33.25,33.25,retained_flat
U02649,B2C,B2C,2023-12-31,49.0,,new
U02649,B2C,B2C,2024-01-31,49.0,49.0,retained_flat
U02649,B2C,B2C,2024-02-29,0.0,49.0,churn
U02649,B2C,B2C,2024-03-31,0.0,0.0,inactive
U02649,B2C,B2C,2024-04-30,0.0,0.0,inactive
U02657,B2C,B2C,2023-12-31,49.0,,new
U02657,B2C,B2C,2024-01-31,0.0,49.0,churn
U02657,B2C,B2C,2024-02-29,0.0,0.0,inactive
U02657,B2C,B2C,2024-03-31,0.0,0.0,inactive
U02657,B2C,B2C,2024-04-30,0.0,0.0,inactive
U02665,B2C,B2C,2023-12-31,49.0,,new
U02665,B2C,B2C,2024-01-31,49.0,49.0,retained_flat
U02665,B2C,B2C,2024-02-29,49.0,49.0,retained_flat
U02665,B2C,B2C,2024-03-31,49.0,49.0,retained_flat
U02665,B2C,B2C,2024-04-30,0.0,49.0,churn
U02742,B2C,B2C,2023-12-31,49.0,,new
U02742,B2C,B2C,2024-01-31,49.0,49.0,retained_flat
U02742,B2C,B2C,2024-02-29,49.0,49.0,retained_flat
U02742,B2C,B2C,2024-03-31,49.0,49.0,retained_flat
U02742,B2C,B2C,2024-04-30,49.0,49.0,retained_flat
U02759,SMB,B2B,2023-12-31,199.0,,new
U02759,SMB,B2B,2024-01-31,199.0,199.0,retained_flat
U02759,SMB,B2B,2024-02-29,165.36,199.0,contraction
U02759,SMB,B2B,2024-03-31,0.0,165.36,churn
U02759,SMB,B2B,2024-04-30,0.0,0.0,inactive
U02774,SMB,B2B,2023-12-31,149.92,,new
U02774,SMB,B2B,2024-01-31,149.92,149.92,retained_flat
U02774,SMB,B2B,2024-02-29,149.92,149.92,retained_flat
U02774,SMB,B2B,2024-03-31,149.92,149.92,retained_flat
U02774,SMB,B2B,2024-04-30,149.92,149.92,retained_flat
U02786,Enterprise,B2B,2023-12-31,825.0,,new
U02786,Enterprise,B2B,2024-01-31,825.0,825.0,retained_flat
U02786,Enterprise,B2B,2024-02-29,825.0,825.0,retained_flat
U02786,Enterprise,B2B,2024-03-31,825.0,825.0,retained_flat
U02786,Enterprise,B2B,2024-04-30,825.0,825.0,retained_flat
U02787,B2C,B2C,2024-01-31,49.0,,new
U02787,B2C,B2C,2024-02-29,49.0,49.0,retained_flat
U02787,B2C,B2C,2024-03-31,49.0,49.0,retained_flat
U02787,B2C,B2C,2024-04-30,0.0,49.0,churn
U02826,B2C,B2C,2024-01-31,33.25,,new
U02826,B2C,B2C,2024-02-29,33.25,33.25,retained_flat
U02826,B2C,B2C,2024-03-31,33.25,33.25,retained_flat
U02826,B2C,B2C,2024-04-30,33.25,33.25,retained_flat
U02837,B2C,B2C,2024-01-31,49.0,,new
U02837,B2C,B2C,2024-02-29,49.0,49.0,retained_flat
U02837,B2C,B2C,2024-03-31,49.0,49.0,retained_flat
U02837,B2C,B2C,2024-04-30,49.0,49.0,retained_flat
U02840,B2C,B2C,2024-01-31,49.0,,new
U02840,B2C,B2C,2024-02-29,49.0,49.0,retained_flat
U02840,B2C,B2C,2024-03-31,49.0,49.0,retained_flat
U02840,B2C,B2C,2024-04-30,49.0,49.0,retained_flat
U02881,B2C,B2C,2024-01-31,33.25,,new
U02881,B2C,B2C,2024-02-29,33.25,33.25,retained_flat
U02881,B2C,B2C,2024-03-31,33.25,33.25,retained_flat
U02881,B2C,B2C,2024-04-30,33.25,33.25,retained_flat
U02883,B2C,B2C,2024-01-31,49.0,,new
U02883,B2C,B2C,2024-02-29,0.0,49.0,churn
U02883,B2C,B2C,2024-03-31,0.0,0.0,inactive
U02883,B2C,B2C,2024-04-30,0.0,0.0,inactive
U02888,B2C,B2C,2024-01-31,33.25,,new
U02888,B2C,B2C,2024-02-29,33.25,33.25,retained_flat
U02888,B2C,B2C,2024-03-31,33.25,33.25,retained_flat
U02888,B2C,B2C,2024-04-30,33.25,33.25,retained_flat
U02906,B2C,B2C,2024-01-31,33.25,,new
U02906,B2C,B2C,2024-02-29,33.25,33.25,retained_flat
U02906,B2C,B2C,2024-03-31,33.25,33.25,retained_flat
U02906,B2C,B2C,2024-04-30,33.25,33.25,retained_flat
U02918,B2C,B2C,2024-01-31,33.25,,new
U02918,B2C,B2C,2024-02-29,33.25,33.25,retained_flat
U02918,B2C,B2C,2024-03-31,33.25,33.25,retained_flat
U02918,B2C,B2C,2024-04-30,33.25,33.25,retained_flat
U02937,B2C,B2C,2024-01-31,49.0,,new
U02937,B2C,B2C,2024-02-29,49.0,49.0,retained_flat
U02937,B2C,B2C,2024-03-31,49.0,49.0,retained_flat
U02937,B2C,B2C,2024-04-30,49.0,49.0,retained_flat
U02948,B2C,B2C,2024-01-31,49.0,,new
U02948,B2C,B2C,2024-02-29,49.0,49.0,retained_flat
U02948,B2C,B2C,2024-03-31,0.0,49.0,churn
U02948,B2C,B2C,2024-04-30,0.0,0.0,inactive
U02956,SMB,B2B,2024-01-31,199.0,,new
U02956,SMB,B2B,2024-02-29,231.86,199.0,expansion
U02956,SMB,B2B,2024-03-31,231.86,231.86,retained_flat
U02956,SMB,B2B,2024-04-30,231.86,231.86,retained_flat
U02968,SMB,B2B,2024-01-31,199.0,,new
U02968,SMB,B2B,2024-02-29,199.0,199.0,retained_flat
U02968,SMB,B2B,2024-03-31,199.0,199.0,retained_flat
U02968,SMB,B2B,2024-04-30,199.0,199.0,retained_flat
U02969,SMB,B2B,2024-01-31,149.92,,new
U02969,SMB,B2B,2024-02-29,149.92,149.92,retained_flat
U02969,SMB,B2B,2024-03-31,149.92,149.92,retained_flat
U02969,SMB,B2B,2024-04-30,149.92,149.92,retained_flat
U02979,SMB,B2B,2024-01-31,199.0,,new
U02979,SMB,B2B,2024-02-29,199.0,199.0,retained_flat
U02979,SMB,B2B,2024-03-31,199.0,199.0,retained_flat
U02979,SMB,B2B,2024-04-30,199.0,199.0,retained_flat
U02980,SMB,B2B,2024-01-31,149.92,,new
U02980,SMB,B2B,2024-02-29,149.92,149.92,retained_flat
U02980,SMB,B2B,2024-03-31,149.92,149.92,retained_flat
U02980,SMB,B2B,2024-04-30,149.92,149.92,retained_flat
U03016,B2C,B2C,2024-02-29,33.25,,new
U03016,B2C,B2C,2024-03-31,33.25,33.25,retained_flat
U03016,B2C,B2C,2024-04-30,33.25,33.25,retained_flat
U03023,B2C,B2C,2024-02-29,49.0,,new
U03023,B2C,B2C,2024-03-31,49.0,49.0,retained_flat
U03023,B2C,B2C,2024-04-30,49.0,49.0,retained_flat
U03035,B2C,B2C,2024-02-29,49.0,,new
U03035,B2C,B2C,2024-03-31,49.0,49.0,retained_flat
U03035,B2C,B2C,2024-04-30,49.0,49.0,retained_flat
U03041,B2C,B2C,2024-02-29,49.0,,new
U03041,B2C,B2C,2024-03-31,49.0,49.0,retained_flat
U03041,B2C,B2C,2024-04-30,49.0,49.0,retained_flat
U03062,B2C,B2C,2024-02-29,49.0,,new
U03062,B2C,B2C,2024-03-31,49.0,49.0,retained_flat
U03062,B2C,B2C,2024-04-30,49.0,49.0,retained_flat
U03098,B2C,B2C,2024-02-29,49.0,,new
U03098,B2C,B2C,2024-03-31,49.0,49.0,retained_flat
U03098,B2C,B2C,2024-04-30,49.0,49.0,retained_flat
U03100,B2C,B2C,2024-02-29,33.25,,new
U03100,B2C,B2C,2024-03-31,33.25,33.25,retained_flat
U03100,B2C,B2C,2024-04-30,33.25,33.25,retained_flat
U03101,B2C,B2C,2024-02-29,49.0,,new
U03101,B2C,B2C,2024-03-31,49.0,49.0,retained_flat
U03101,B2C,B2C,2024-04-30,49.0,49.0,retained_flat
U03110,B2C,B2C,2024-02-29,33.25,,new
U03110,B2C,B2C,2024-03-31,33.25,33.25,retained_flat
U03110,B2C,B2C,2024-04-30,33.25,33.25,retained_flat
U03135,B2C,B2C,2024-02-29,49.0,,new
U03135,B2C,B2C,2024-03-31,49.0,49.0,retained_flat
U03135,B2C,B2C,2024-04-30,49.0,49.0,retained_flat
U03138,B2C,B2C,2024-02-29,33.25,,new
U03138,B2C,B2C,2024-03-31,33.25,33.25,retained_flat
U03138,B2C,B2C,2024-04-30,33.25,33.25,retained_flat
U03139,B2C,B2C,2024-02-29,33.25,,new
U03139,B2C,B2C,2024-03-31,33.25,33.25,retained_flat
U03139,B2C,B2C,2024-04-30,33.25,33.25,retained_flat
U03154,B2C,B2C,2024-02-29,49.0,,new
U03154,B2C,B2C,2024-03-31,49.0,49.0,retained_flat
U03154,B2C,B2C,2024-04-30,49.0,49.0,retained_flat
U03164,B2C,B2C,2024-02-29,33.25,,new
U03164,B2C,B2C,2024-03-31,33.25,33.25,retained_flat
U03164,B2C,B2C,2024-04-30,33.25,33.25,retained_flat
U03172,B2C,B2C,2024-02-29,33.25,,new
U03172,B2C,B2C,2024-03-31,33.25,33.25,retained_flat
U03172,B2C,B2C,2024-04-30,33.25,33.25,retained_flat
U03191,SMB,B2B,2024-02-29,149.92,,new
U03191,SMB,B2B,2024-03-31,149.92,149.92,retained_flat
U03191,SMB,B2B,2024-04-30,149.92,149.92,retained_flat
U03192,SMB,B2B,2024-02-29,199.0,,new
U03192,SMB,B2B,2024-03-31,199.0,199.0,retained_flat
U03192,SMB,B2B,2024-04-30,199.0,199.0,retained_flat
U03194,SMB,B2B,2024-02-29,199.0,,new
U03194,SMB,B2B,2024-03-31,199.0,199.0,retained_flat
U03194,SMB,B2B,2024-04-30,199.0,199.0,retained_flat
U03206,SMB,B2B,2024-02-29,149.92,,new
U03206,SMB,B2B,2024-03-31,149.92,149.92,retained_flat
U03206,SMB,B2B,2024-04-30,149.92,149.92,retained_flat
U03218,Enterprise,B2B,2024-02-29,825.0,,new
U03218,Enterprise,B2B,2024-03-31,825.0,825.0,retained_flat
U03218,Enterprise,B2B,2024-04-30,825.0,825.0,retained_flat
U03226,Enterprise,B2B,2024-02-29,825.0,,new
U03226,Enterprise,B2B,2024-03-31,825.0,825.0,retained_flat
U03226,Enterprise,B2B,2024-04-30,825.0,825.0,retained_flat
U03229,B2C,B2C,2024-03-31,49.0,,new
U03229,B2C,B2C,2024-04-30,49.0,49.0,retained_flat
U03247,B2C,B2C,2024-03-31,33.25,,new
U03247,B2C,B2C,2024-04-30,33.25,33.25,retained_flat
U03250,B2C,B2C,2024-03-31,49.0,,new
U03250,B2C,B2C,2024-04-30,49.0,49.0,retained_flat
U03256,B2C,B2C,2024-03-31,33.25,,new
U03256,B2C,B2C,2024-04-30,33.25,33.25,retained_flat
U03294,B2C,B2C,2024-03-31,33.25,,new
U03294,B2C,B2C,2024-04-30,33.25,33.25,retained_flat
U03300,B2C,B2C,2024-03-31,49.0,,new
U03300,B2C,B2C,2024-04-30,49.0,49.0,retained_flat
U03325,B2C,B2C,2024-03-31,0.0,,inactive
U03325,B2C,B2C,2024-04-30,0.0,0.0,inactive
U03328,B2C,B2C,2024-03-31,49.0,,new
U03328,B2C,B2C,2024-04-30,49.0,49.0,retained_flat
U03333,B2C,B2C,2024-03-31,33.25,,new
U03333,B2C,B2C,2024-04-30,33.25,33.25,retained_flat
U03357,B2C,B2C,2024-03-31,49.0,,new
U03357,B2C,B2C,2024-04-30,49.0,49.0,retained_flat
U03359,B2C,B2C,2024-03-31,49.0,,new
U03359,B2C,B2C,2024-04-30,49.0,49.0,retained_flat
U03365,B2C,B2C,2024-03-31,49.0,,new
U03365,B2C,B2C,2024-04-30,49.0,49.0,retained_flat
U03373,B2C,B2C,2024-03-31,49.0,,new
U03373,B2C,B2C,2024-04-30,0.0,49.0,churn
U03378,B2C,B2C,2024-03-31,49.0,,new
U03378,B2C,B2C,2024-04-30,49.0,49.0,retained_flat
U03384,B2C,B2C,2024-03-31,33.25,,new
U03384,B2C,B2C,2024-04-30,33.25,33.25,retained_flat
U03396,B2C,B2C,2024-03-31,49.0,,new
U03396,B2C,B2C,2024-04-30,49.0,49.0,retained_flat
U03448,Enterprise,B2B,2024-03-31,990.0,,new
U03448,Enterprise,B2B,2024-04-30,990.0,990.0,retained_flat
U03453,Enterprise,B2B,2024-03-31,825.0,,new
U03453,Enterprise,B2B,2024-04-30,825.0,825.0,retained_flat
U03471,B2C,B2C,2024-04-30,49.0,,new
U03490,B2C,B2C,2024-04-30,49.0,,new
U03499,B2C,B2C,2024-04-30,49.0,,new
U03554,B2C,B2C,2024-04-30,33.25,,new
U03568,B2C,B2C,2024-04-30,49.0,,new
U03588,B2C,B2C,2024-04-30,49.0,,new
U03594,B2C,B2C,2024-04-30,49.0,,new
U03597,B2C,B2C,2024-04-30,49.0,,new
U03602,B2C,B2C,2024-04-30,49.0,,new
U03613,B2C,B2C,2024-04-30,49.0,,new
U03614,B2C,B2C,2024-04-30,49.0,,new
U03647,B2C,B2C,2024-04-30,49.0,,new
U03656,SMB,B2B,2024-04-30,199.0,,new
U03658,SMB,B2B,2024-04-30,149.92,,new
U03659,SMB,B2B,2024-04-30,149.92,,new
U03685,Enterprise,B2B,2024-04-30,825.0,,new
U01042,B2C,B2C,2023-01-31,49.0,,new
U01042,B2C,B2C,2023-02-28,49.0,49.0,retained_flat
U01042,B2C,B2C,2023-03-31,49.0,49.0,retained_flat
U01042,B2C,B2C,2023-04-30,49.0,49.0,retained_flat
U01042,B2C,B2C,2023-05-31,49.0,49.0,retained_flat
U01042,B2C,B2C,2023-06-30,49.0,49.0,retained_flat
U01042,B2C,B2C,2023-07-31,49.0,49.0,retained_flat
U01042,B2C,B2C,2023-08-31,49.0,49.0,retained_flat
U01042,B2C,B2C,2023-09-30,49.0,49.0,retained_flat
U01042,B2C,B2C,2023-10-31,0.0,49.0,churn
U01042,B2C,B2C,2023-11-30,0.0,0.0,inactive
U01042,B2C,B2C,2023-12-31,0.0,0.0,inactive
U01042,B2C,B2C,2024-01-31,0.0,0.0,inactive
U01042,B2C,B2C,2024-02-29,0.0,0.0,inactive
U01042,B2C,B2C,2024-03-31,0.0,0.0,inactive
U01042,B2C,B2C,2024-04-30,0.0,0.0,inactive
U01058,B2C,B2C,2023-01-31,33.25,,new
U01058,B2C,B2C,2023-02-28,33.25,33.25,retained_flat
U01058,B2C,B2C,2023-03-31,33.25,33.25,retained_flat
U01058,B2C,B2C,2023-04-30,33.25,33.25,retained_flat
U01058,B2C,B2C,2023-05-31,33.25,33.25,retained_flat
U01058,B2C,B2C,2023-06-30,33.25,33.25,retained_flat
U01058,B2C,B2C,2023-07-31,33.25,33.25,retained_flat
U01058,B2C,B2C,2023-08-31,33.25,33.25,retained_flat
U01058,B2C,B2C,2023-09-30,33.25,33.25,retained_flat
U01058,B2C,B2C,2023-10-31,33.25,33.25,retained_flat
U01058,B2C,B2C,2023-11-30,33.25,33.25,retained_flat
U01058,B2C,B2C,2023-12-31,33.25,33.25,retained_flat
U01058,B2C,B2C,2024-01-31,33.25,33.25,retained_flat
U01058,B2C,B2C,2024-02-29,33.25,33.25,retained_flat
U01058,B2C,B2C,2024-03-31,33.25,33.25,retained_flat
U01058,B2C,B2C,2024-04-30,33.25,33.25,retained_flat
U01061,B2C,B2C,2023-01-31,49.0,,new
U01061,B2C,B2C,2023-02-28,49.0,49.0,retained_flat
U01061,B2C,B2C,2023-03-31,49.0,49.0,retained_flat
U01061,B2C,B2C,2023-04-30,49.0,49.0,retained_flat
U01061,B2C,B2C,2023-05-31,49.0,49.0,retained_flat
U01061,B2C,B2C,2023-06-30,49.0,49.0,retained_flat
U01061,B2C,B2C,2023-07-31,49.0,49.0,retained_flat
U01061,B2C,B2C,2023-08-31,49.0,49.0,retained_flat
U01061,B2C,B2C,2023-09-30,49.0,49.0,retained_flat
U01061,B2C,B2C,2023-10-31,49.0,49.0,retained_flat
U01061,B2C,B2C,2023-11-30,49.0,49.0,retained_flat
U01061,B2C,B2C,2023-12-31,49.0,49.0,retained_flat
U01061,B2C,B2C,2024-01-31,0.0,49.0,churn
U01061,B2C,B2C,2024-02-29,0.0,0.0,inactive
U01061,B2C,B2C,2024-03-31,0.0,0.0,inactive
U01061,B2C,B2C,2024-04-30,0.0,0.0,inactive
U01066,B2C,B2C,2023-01-31,33.25,,new
U01066,B2C,B2C,2023-02-28,33.25,33.25,retained_flat
U01066,B2C,B2C,2023-03-31,33.25,33.25,retained_flat
U01066,B2C,B2C,2023-04-30,33.25,33.25,retained_flat
U01066,B2C,B2C,2023-05-31,33.25,33.25,retained_flat
U01066,B2C,B2C,2023-06-30,33.25,33.25,retained_flat
U01066,B2C,B2C,2023-07-31,33.25,33.25,retained_flat
U01066,B2C,B2C,2023-08-31,33.25,33.25,retained_flat
U01066,B2C,B2C,2023-09-30,33.25,33.25,retained_flat
U01066,B2C,B2C,2023-10-31,33.25,33.25,retained_flat
U01066,B2C,B2C,2023-11-30,33.25,33.25,retained_flat
U01066,B2C,B2C,2023-12-31,33.25,33.25,retained_flat
U01066,B2C,B2C,2024-01-31,33.25,33.25,retained_flat
U01066,B2C,B2C,2024-02-29,33.25,33.25,retained_flat
U01066,B2C,B2C,2024-03-31,33.25,33.25,retained_flat
U01066,B2C,B2C,2024-04-30,33.25,33.25,retained_flat
U01088,B2C,B2C,2023-01-31,49.0,,new
U01088,B2C,B2C,2023-02-28,49.0,49.0,retained_flat
U01088,B2C,B2C,2023-03-31,49.0,49.0,retained_flat
U01088,B2C,B2C,2023-04-30,49.0,49.0,retained_flat
U01088,B2C,B2C,2023-05-31,49.0,49.0,retained_flat
U01088,B2C,B2C,2023-06-30,49.0,49.0,retained_flat
U01088,B2C,B2C,2023-07-31,49.0,49.0,retained_flat
U01088,B2C,B2C,2023-08-31,49.0,49.0,retained_flat
U01088,B2C,B2C,2023-09-30,49.0,49.0,retained_flat
U01088,B2C,B2C,2023-10-31,49.0,49.0,retained_flat
U01088,B2C,B2C,2023-11-30,49.0,49.0,retained_flat
U01088,B2C,B2C,2023-12-31,49.0,49.0,retained_flat
U01088,B2C,B2C,2024-01-31,0.0,49.0,churn
U01088,B2C,B2C,2024-02-29,0.0,0.0,inactive
U01088,B2C,B2C,2024-03-31,0.0,0.0,inactive
U01088,B2C,B2C,2024-04-30,0.0,0.0,inactive
U01095,SMB,B2B,2023-01-31,199.0,,new
U01095,SMB,B2B,2023-02-28,230.85,199.0,expansion
U01095,SMB,B2B,2023-03-31,230.85,230.85,retained_flat
U01095,SMB,B2B,2023-04-30,197.93,230.85,contraction
U01095,SMB,B2B,2023-05-31,197.93,197.93,retained_flat
U01095,SMB,B2B,2023-06-30,197.93,197.93,retained_flat
U01095,SMB,B2B,2023-07-31,0.0,197.93,churn
U01095,SMB,B2B,2023-08-31,0.0,0.0,inactive
U01095,SMB,B2B,2023-09-30,0.0,0.0,inactive
U01095,SMB,B2B,2023-10-31,0.0,0.0,inactive
U01095,SMB,B2B,2023-11-30,0.0,0.0,inactive
U01095,SMB,B2B,2023-12-31,0.0,0.0,inactive
U01095,SMB,B2B,2024-01-31,0.0,0.0,inactive
U01095,SMB,B2B,2024-02-29,0.0,0.0,inactive
U01095,SMB,B2B,2024-03-31,0.0,0.0,inactive
U01095,SMB,B2B,2024-04-30,0.0,0.0,inactive
U01104,B2C,B2C,2023-02-28,33.25,,new
U01104,B2C,B2C,2023-03-31,33.25,33.25,retained_flat
U01104,B2C,B2C,2023-04-30,33.25,33.25,retained_flat
U01104,B2C,B2C,2023-05-31,33.25,33.25,retained_flat
U01104,B2C,B2C,2023-06-30,33.25,33.25,retained_flat
U01104,B2C,B2C,2023-07-31,33.25,33.25,retained_flat
U01104,B2C,B2C,2023-08-31,33.25,33.25,retained_flat
U01104,B2C,B2C,2023-09-30,33.25,33.25,retained_flat
U01104,B2C,B2C,2023-10-31,33.25,33.25,retained_flat
U01104,B2C,B2C,2023-11-30,33.25,33.25,retained_flat
U01104,B2C,B2C,2023-12-31,33.25,33.25,retained_flat
U01104,B2C,B2C,2024-01-31,33.25,33.25,retained_flat
U01104,B2C,B2C,2024-02-29,33.25,33.25,retained_flat
U01104,B2C,B2C,2024-03-31,33.25,33.25,retained_flat
U01104,B2C,B2C,2024-04-30,33.25,33.25,retained_flat
U01122,B2C,B2C,2023-02-28,49.0,,new
U01122,B2C,B2C,2023-03-31,49.0,49.0,retained_flat
U01122,B2C,B2C,2023-04-30,49.0,49.0,retained_flat
U01122,B2C,B2C,2023-05-31,49.0,49.0,retained_flat
U01122,B2C,B2C,2023-06-30,49.0,49.0,retained_flat
U01122,B2C,B2C,2023-07-31,49.0,49.0,retained_flat
U01122,B2C,B2C,2023-08-31,49.0,49.0,retained_flat
U01122,B2C,B2C,2023-09-30,49.0,49.0,retained_flat
U01122,B2C,B2C,2023-10-31,49.0,49.0,retained_flat
U01122,B2C,B2C,2023-11-30,49.0,49.0,retained_flat
U01122,B2C,B2C,2023-12-31,49.0,49.0,retained_flat
U01122,B2C,B2C,2024-01-31,49.0,49.0,retained_flat
U01122,B2C,B2C,2024-02-29,49.0,49.0,retained_flat
U01122,B2C,B2C,2024-03-31,0.0,49.0,churn
U01122,B2C,B2C,2024-04-30,0.0,0.0,inactive
U01141,B2C,B2C,2023-02-28,49.0,,new
U01141,B2C,B2C,2023-03-31,49.0,49.0,retained_flat
U01141,B2C,B2C,2023-04-30,49.0,49.0,retained_flat
U01141,B2C,B2C,2023-05-31,0.0,49.0,churn
U01141,B2C,B2C,2023-06-30,0.0,0.0,inactive
U01141,B2C,B2C,2023-07-31,0.0,0.0,inactive
U01141,B2C,B2C,2023-08-31,0.0,0.0,inactive
U01141,B2C,B2C,2023-09-30,0.0,0.0,inactive
U01141,B2C,B2C,2023-10-31,0.0,0.0,inactive
U01141,B2C,B2C,2023-11-30,0.0,0.0,inactive
U01141,B2C,B2C,2023-12-31,0.0,0.0,inactive
U01141,B2C,B2C,2024-01-31,0.0,0.0,inactive
U01141,B2C,B2C,2024-02-29,0.0,0.0,inactive
U01141,B2C,B2C,2024-03-31,0.0,0.0,inactive
U01141,B2C,B2C,2024-04-30,0.0,0.0,inactive
U01155,B2C,B2C,2023-02-28,33.25,,new
U01155,B2C,B2C,2023-03-31,33.25,33.25,retained_flat
U01155,B2C,B2C,2023-04-30,33.25,33.25,retained_flat
U01155,B2C,B2C,2023-05-31,33.25,33.25,retained_flat
U01155,B2C,B2C,2023-06-30,33.25,33.25,retained_flat
U01155,B2C,B2C,2023-07-31,33.25,33.25,retained_flat
U01155,B2C,B2C,2023-08-31,33.25,33.25,retained_flat
U01155,B2C,B2C,2023-09-30,33.25,33.25,retained_flat
U01155,B2C,B2C,2023-10-31,33.25,33.25,retained_flat
U01155,B2C,B2C,2023-11-30,33.25,33.25,retained_flat
U01155,B2C,B2C,2023-12-31,33.25,33.25,retained_flat
U01155,B2C,B2C,2024-01-31,33.25,33.25,retained_flat
U01155,B2C,B2C,2024-02-29,33.25,33.25,retained_flat
U01155,B2C,B2C,2024-03-31,33.25,33.25,retained_flat
U01155,B2C,B2C,2024-04-30,33.25,33.25,retained_flat
U01186,SMB,B2B,2023-02-28,199.0,,new
U01186,SMB,B2B,2023-03-31,199.0,199.0,retained_flat
U01186,SMB,B2B,2023-04-30,231.72,199.0,expansion
U01186,SMB,B2B,2023-05-31,0.0,231.72,churn
U01186,SMB,B2B,2023-06-30,0.0,0.0,inactive
U01186,SMB,B2B,2023-07-31,0.0,0.0,inactive
U01186,SMB,B2B,2023-08-31,0.0,0.0,inactive
U01186,SMB,B2B,2023-09-30,0.0,0.0,inactive
U01186,SMB,B2B,2023-10-31,0.0,0.0,inactive
U01186,SMB,B2B,2023-11-30,0.0,0.0,inactive
U01186,SMB,B2B,2023-12-31,0.0,0.0,inactive
U01186,SMB,B2B,2024-01-31,0.0,0.0,inactive
U01186,SMB,B2B,2024-02-29,0.0,0.0,inactive
U01186,SMB,B2B,2024-03-31,0.0,0.0,inactive
U01186,SMB,B2B,2024-04-30,0.0,0.0,inactive
U01195,SMB,B2B,2023-02-28,199.0,,new
U01195,SMB,B2B,2023-03-31,199.0,199.0,retained_flat
U01195,SMB,B2B,2023-04-30,199.0,199.0,retained_flat
U01195,SMB,B2B,2023-05-31,199.0,199.0,retained_flat
U01195,SMB,B2B,2023-06-30,199.0,199.0,retained_flat
U01195,SMB,B2B,2023-07-31,199.0,199.0,retained_flat
U01195,SMB,B2B,2023-08-31,199.0,199.0,retained_flat
U01195,SMB,B2B,2023-09-30,199.0,199.0,retained_flat
U01195,SMB,B2B,2023-10-31,199.0,199.0,retained_flat
U01195,SMB,B2B,2023-11-30,199.0,199.0,retained_flat
U01195,SMB,B2B,2023-12-31,199.0,199.0,retained_flat
U01195,SMB,B2B,2024-01-31,199.0,199.0,retained_flat
U01195,SMB,B2B,2024-02-29,199.0,199.0,retained_flat
U01195,SMB,B2B,2024-03-31,199.0,199.0,retained_flat
U01195,SMB,B2B,2024-04-30,199.0,199.0,retained_flat
U01251,B2C,B2C,2023-03-31,49.0,,new
U01251,B2C,B2C,2023-04-30,49.0,49.0,retained_flat
U01251,B2C,B2C,2023-05-31,49.0,49.0,retained_flat
U01251,B2C,B2C,2023-06-30,49.0,49.0,retained_flat
U01251,B2C,B2C,2023-07-31,49.0,49.0,retained_flat
U01251,B2C,B2C,2023-08-31,49.0,49.0,retained_flat
U01251,B2C,B2C,2023-09-30,0.0,49.0,churn
U01251,B2C,B2C,2023-10-31,0.0,0.0,inactive
U01251,B2C,B2C,2023-11-30,0.0,0.0,inactive
U01251,B2C,B2C,2023-12-31,0.0,0.0,inactive
U01251,B2C,B2C,2024-01-31,0.0,0.0,inactive
U01251,B2C,B2C,2024-02-29,0.0,0.0,inactive
U01251,B2C,B2C,2024-03-31,0.0,0.0,inactive
U01251,B2C,B2C,2024-04-30,0.0,0.0,inactive
U01263,B2C,B2C,2023-03-31,49.0,,new
U01263,B2C,B2C,2023-04-30,49.0,49.0,retained_flat
U01263,B2C,B2C,2023-05-31,49.0,49.0,retained_flat
U01263,B2C,B2C,2023-06-30,49.0,49.0,retained_flat
U01263,B2C,B2C,2023-07-31,49.0,49.0,retained_flat
U01263,B2C,B2C,2023-08-31,49.0,49.0,retained_flat
U01263,B2C,B2C,2023-09-30,49.0,49.0,retained_flat
U01263,B2C,B2C,2023-10-31,49.0,49.0,retained_flat
U01263,B2C,B2C,2023-11-30,49.0,49.0,retained_flat
U01263,B2C,B2C,2023-12-31,49.0,49.0,retained_flat
U01263,B2C,B2C,2024-01-31,49.0,49.0,retained_flat
U01263,B2C,B2C,2024-02-29,0.0,49.0,churn
U01263,B2C,B2C,2024-03-31,0.0,0.0,inactive
U01263,B2C,B2C,2024-04-30,0.0,0.0,inactive
U01290,B2C,B2C,2023-03-31,49.0,,new
U01290,B2C,B2C,2023-04-30,49.0,49.0,retained_flat
U01290,B2C,B2C,2023-05-31,49.0,49.0,retained_flat
U01290,B2C,B2C,2023-06-30,49.0,49.0,retained_flat
U01290,B2C,B2C,2023-07-31,49.0,49.0,retained_flat
U01290,B2C,B2C,2023-08-31,49.0,49.0,retained_flat
U01290,B2C,B2C,2023-09-30,49.0,49.0,retained_flat
U01290,B2C,B2C,2023-10-31,49.0,49.0,retained_flat
U01290,B2C,B2C,2023-11-30,49.0,49.0,retained_flat
U01290,B2C,B2C,2023-12-31,49.0,49.0,retained_flat
U01290,B2C,B2C,2024-01-31,49.0,49.0,retained_flat
U01290,B2C,B2C,2024-02-29,49.0,49.0,retained_flat
U01290,B2C,B2C,2024-03-31,49.0,49.0,retained_flat
U01290,B2C,B2C,2024-04-30,49.0,49.0,retained_flat
U01295,B2C,B2C,2023-03-31,49.0,,new
U01295,B2C,B2C,2023-04-30,49.0,49.0,retained_flat
U01295,B2C,B2C,2023-05-31,49.0,49.0,retained_flat
U01295,B2C,B2C,2023-06-30,0.0,49.0,churn
U01295,B2C,B2C,2023-07-31,0.0,0.0,inactive
U01295,B2C,B2C,2023-08-31,0.0,0.0,inactive
U01295,B2C,B2C,2023-09-30,0.0,0.0,inactive
U01295,B2C,B2C,2023-10-31,0.0,0.0,inactive
U01295,B2C,B2C,2023-11-30,0.0,0.0,inactive
U01295,B2C,B2C,2023-12-31,0.0,0.0,inactive
U01295,B2C,B2C,2024-01-31,0.0,0.0,inactive
U01295,B2C,B2C,2024-02-29,0.0,0.0,inactive
U01295,B2C,B2C,2024-03-31,0.0,0.0,inactive
U01295,B2C,B2C,2024-04-30,0.0,0.0,inactive
U01306,SMB,B2B,2023-03-31,149.92,,new
U01306,SMB,B2B,2023-04-30,149.92,149.92,retained_flat
U01306,SMB,B2B,2023-05-31,149.92,149.92,retained_flat
U01306,SMB,B2B,2023-06-30,149.92,149.92,retained_flat
U01306,SMB,B2B,2023-07-31,149.92,149.92,retained_flat
U01306,SMB,B2B,2023-08-31,149.92,149.92,retained_flat
U01306,SMB,B2B,2023-09-30,149.92,149.92,retained_flat
U01306,SMB,B2B,2023-10-31,149.92,149.92,retained_flat
U01306,SMB,B2B,2023-11-30,149.92,149.92,retained_flat
U01306,SMB,B2B,2023-12-31,149.92,149.92,retained_flat
U01306,SMB,B2B,2024-01-31,149.92,149.92,retained_flat
U01306,SMB,B2B,2024-02-29,149.92,149.92,retained_flat
U01306,SMB,B2B,2024-03-31,0.0,149.92,churn
U01306,SMB,B2B,2024-04-30,0.0,0.0,inactive
U01307,SMB,B2B,2023-03-31,199.0,,new
U01307,SMB,B2B,2023-04-30,199.0,199.0,retained_flat
U01307,SMB,B2B,2023-05-31,241.75,199.0,expansion
U01307,SMB,B2B,2023-06-30,241.75,241.75,retained_flat
U01307,SMB,B2B,2023-07-31,241.75,241.75,retained_flat
U01307,SMB,B2B,2023-08-31,241.75,241.75,retained_flat
U01307,SMB,B2B,2023-09-30,241.75,241.75,retained_flat
U01307,SMB,B2B,2023-10-31,241.75,241.75,retained_flat
U01307,SMB,B2B,2023-11-30,273.68,241.75,expansion
U01307,SMB,B2B,2023-12-31,321.66,273.68,expansion
U01307,SMB,B2B,2024-01-31,321.66,321.66,retained_flat
U01307,SMB,B2B,2024-02-29,321.66,321.66,retained_flat
U01307,SMB,B2B,2024-03-31,371.83,321.66,expansion
U01307,SMB,B2B,2024-04-30,371.83,371.83,retained_flat
U01323,Enterprise,B2B,2023-03-31,825.0,,new
U01323,Enterprise,B2B,2023-04-30,825.0,825.0,retained_flat
U01323,Enterprise,B2B,2023-05-31,825.0,825.0,retained_flat
U01323,Enterprise,B2B,2023-06-30,825.0,825.0,retained_flat
U01323,Enterprise,B2B,2023-07-31,825.0,825.0,retained_flat
U01323,Enterprise,B2B,2023-08-31,825.0,825.0,retained_flat
U01323,Enterprise,B2B,2023-09-30,825.0,825.0,retained_flat
U01323,Enterprise,B2B,2023-10-31,825.0,825.0,retained_flat
U01323,Enterprise,B2B,2023-11-30,825.0,825.0,retained_flat
U01323,Enterprise,B2B,2023-12-31,825.0,825.0,retained_flat
U01323,Enterprise,B2B,2024-01-31,825.0,825.0,retained_flat
U01323,Enterprise,B2B,2024-02-29,825.0,825.0,retained_flat
U01323,Enterprise,B2B,2024-03-31,825.0,825.0,retained_flat
U01323,Enterprise,B2B,2024-04-30,825.0,825.0,retained_flat
U01328,B2C,B2C,2023-04-30,49.0,,new
U01328,B2C,B2C,2023-05-31,49.0,49.0,retained_flat
U01328,B2C,B2C,2023-06-30,49.0,49.0,retained_flat
U01328,B2C,B2C,2023-07-31,49.0,49.0,retained_flat
U01328,B2C,B2C,2023-08-31,49.0,49.0,retained_flat
U01328,B2C,B2C,2023-09-30,0.0,49.0,churn
U01328,B2C,B2C,2023-10-31,0.0,0.0,inactive
U01328,B2C,B2C,2023-11-30,0.0,0.0,inactive
U01328,B2C,B2C,2023-12-31,0.0,0.0,inactive
U01328,B2C,B2C,2024-01-31,0.0,0.0,inactive
U01328,B2C,B2C,2024-02-29,0.0,0.0,inactive
U01328,B2C,B2C,2024-03-31,0.0,0.0,inactive
U01328,B2C,B2C,2024-04-30,0.0,0.0,inactive
U01360,B2C,B2C,2023-04-30,49.0,,new
U01360,B2C,B2C,2023-05-31,49.0,49.0,retained_flat
U01360,B2C,B2C,2023-06-30,49.0,49.0,retained_flat
U01360,B2C,B2C,2023-07-31,49.0,49.0,retained_flat
U01360,B2C,B2C,2023-08-31,49.0,49.0,retained_flat
U01360,B2C,B2C,2023-09-30,49.0,49.0,retained_flat
U01360,B2C,B2C,2023-10-31,49.0,49.0,retained_flat
U01360,B2C,B2C,2023-11-30,0.0,49.0,churn
U01360,B2C,B2C,2023-12-31,0.0,0.0,inactive
U01360,B2C,B2C,2024-01-31,0.0,0.0,inactive
U01360,B2C,B2C,2024-02-29,0.0,0.0,inactive
U01360,B2C,B2C,2024-03-31,0.0,0.0,inactive
U01360,B2C,B2C,2024-04-30,0.0,0.0,inactive
U01361,B2C,B2C,2023-04-30,49.0,,new
U01361,B2C,B2C,2023-05-31,49.0,49.0,retained_flat
U01361,B2C,B2C,2023-06-30,49.0,49.0,retained_flat
U01361,B2C,B2C,2023-07-31,49.0,49.0,retained_flat
U01361,B2C,B2C,2023-08-31,49.0,49.0,retained_flat
U01361,B2C,B2C,2023-09-30,49.0,49.0,retained_flat
U01361,B2C,B2C,2023-10-31,49.0,49.0,retained_flat
U01361,B2C,B2C,2023-11-30,49.0,49.0,retained_flat
U01361,B2C,B2C,2023-12-31,49.0,49.0,retained_flat
U01361,B2C,B2C,2024-01-31,49.0,49.0,retained_flat
U01361,B2C,B2C,2024-02-29,49.0,49.0,retained_flat
U01361,B2C,B2C,2024-03-31,49.0,49.0,retained_flat
U01361,B2C,B2C,2024-04-30,49.0,49.0,retained_flat
U01364,B2C,B2C,2023-04-30,33.25,,new
U01364,B2C,B2C,2023-05-31,33.25,33.25,retained_flat
U01364,B2C,B2C,2023-06-30,33.25,33.25,retained_flat
U01364,B2C,B2C,2023-07-31,33.25,33.25,retained_flat
U01364,B2C,B2C,2023-08-31,33.25,33.25,retained_flat
U01364,B2C,B2C,2023-09-30,33.25,33.25,retained_flat
U01364,B2C,B2C,2023-10-31,33.25,33.25,retained_flat
U01364,B2C,B2C,2023-11-30,33.25,33.25,retained_flat
U01364,B2C,B2C,2023-12-31,33.25,33.25,retained_flat
U01364,B2C,B2C,2024-01-31,33.25,33.25,retained_flat
U01364,B2C,B2C,2024-02-29,33.25,33.25,retained_flat
U01364,B2C,B2C,2024-03-31,33.25,33.25,retained_flat
U01364,B2C,B2C,2024-04-30,33.25,33.25,retained_flat
U01366,B2C,B2C,2023-04-30,33.25,,new
U01366,B2C,B2C,2023-05-31,33.25,33.25,retained_flat
U01366,B2C,B2C,2023-06-30,33.25,33.25,retained_flat
U01366,B2C,B2C,2023-07-31,33.25,33.25,retained_flat
U01366,B2C,B2C,2023-08-31,33.25,33.25,retained_flat
U01366,B2C,B2C,2023-09-30,33.25,33.25,retained_flat
U01366,B2C,B2C,2023-10-31,33.25,33.25,retained_flat
U01366,B2C,B2C,2023-11-30,33.25,33.25,retained_flat
U01366,B2C,B2C,2023-12-31,33.25,33.25,retained_flat
U01366,B2C,B2C,2024-01-31,33.25,33.25,retained_flat
U01366,B2C,B2C,2024-02-29,33.25,33.25,retained_flat
U01366,B2C,B2C,2024-03-31,33.25,33.25,retained_flat
U01366,B2C,B2C,2024-04-30,33.25,33.25,retained_flat
U01374,B2C,B2C,2023-04-30,33.25,,new
U01374,B2C,B2C,2023-05-31,33.25,33.25,retained_flat
U01374,B2C,B2C,2023-06-30,33.25,33.25,retained_flat
U01374,B2C,B2C,2023-07-31,33.25,33.25,retained_flat
U01374,B2C,B2C,2023-08-31,33.25,33.25,retained_flat
U01374,B2C,B2C,2023-09-30,33.25,33.25,retained_flat
U01374,B2C,B2C,2023-10-31,33.25,33.25,retained_flat
U01374,B2C,B2C,2023-11-30,33.25,33.25,retained_flat
U01374,B2C,B2C,2023-12-31,33.25,33.25,retained_flat
U01374,B2C,B2C,2024-01-31,33.25,33.25,retained_flat
U01374,B2C,B2C,2024-02-29,33.25,33.25,retained_flat
U01374,B2C,B2C,2024-03-31,33.25,33.25,retained_flat
U01374,B2C,B2C,2024-04-30,33.25,33.25,retained_flat
U01383,B2C,B2C,2023-04-30,49.0,,new
U01383,B2C,B2C,2023-05-31,49.0,49.0,retained_flat
U01383,B2C,B2C,2023-06-30,49.0,49.0,retained_flat
U01383,B2C,B2C,2023-07-31,49.0,49.0,retained_flat
U01383,B2C,B2C,2023-08-31,49.0,49.0,retained_flat
U01383,B2C,B2C,2023-09-30,49.0,49.0,retained_flat
U01383,B2C,B2C,2023-10-31,49.0,49.0,retained_flat
U01383,B2C,B2C,2023-11-30,49.0,49.0,retained_flat
U01383,B2C,B2C,2023-12-31,49.0,49.0,retained_flat
U01383,B2C,B2C,2024-01-31,49.0,49.0,retained_flat
U01383,B2C,B2C,2024-02-29,49.0,49.0,retained_flat
U01383,B2C,B2C,2024-03-31,49.0,49.0,retained_flat
U01383,B2C,B2C,2024-04-30,0.0,49.0,churn
U01403,B2C,B2C,2023-04-30,33.25,,new
U01403,B2C,B2C,2023-05-31,33.25,33.25,retained_flat
U01403,B2C,B2C,2023-06-30,33.25,33.25,retained_flat
U01403,B2C,B2C,2023-07-31,33.25,33.25,retained_flat
U01403,B2C,B2C,2023-08-31,33.25,33.25,retained_flat
U01403,B2C,B2C,2023-09-30,33.25,33.25,retained_flat
U01403,B2C,B2C,2023-10-31,33.25,33.25,retained_flat
U01403,B2C,B2C,2023-11-30,33.25,33.25,retained_flat
U01403,B2C,B2C,2023-12-31,33.25,33.25,retained_flat
U01403,B2C,B2C,2024-01-31,33.25,33.25,retained_flat
U01403,B2C,B2C,2024-02-29,33.25,33.25,retained_flat
U01403,B2C,B2C,2024-03-31,33.25,33.25,retained_flat
U01403,B2C,B2C,2024-04-30,33.25,33.25,retained_flat
U01426,B2C,B2C,2023-04-30,49.0,,new
U01426,B2C,B2C,2023-05-31,49.0,49.0,retained_flat
U01426,B2C,B2C,2023-06-30,0.0,49.0,churn
U01426,B2C,B2C,2023-07-31,0.0,0.0,inactive
U01426,B2C,B2C,2023-08-31,0.0,0.0,inactive
U01426,B2C,B2C,2023-09-30,0.0,0.0,inactive
U01426,B2C,B2C,2023-10-31,0.0,0.0,inactive
U01426,B2C,B2C,2023-11-30,0.0,0.0,inactive
U01426,B2C,B2C,2023-12-31,0.0,0.0,inactive
U01426,B2C,B2C,2024-01-31,0.0,0.0,inactive
U01426,B2C,B2C,2024-02-29,0.0,0.0,inactive
U01426,B2C,B2C,2024-03-31,0.0,0.0,inactive
U01426,B2C,B2C,2024-04-30,0.0,0.0,inactive
U01429,B2C,B2C,2023-04-30,33.25,,new
U01429,B2C,B2C,2023-05-31,33.25,33.25,retained_flat
U01429,B2C,B2C,2023-06-30,33.25,33.25,retained_flat
U01429,B2C,B2C,2023-07-31,33.25,33.25,retained_flat
U01429,B2C,B2C,2023-08-31,33.25,33.25,retained_flat
U01429,B2C,B2C,2023-09-30,33.25,33.25,retained_flat
U01429,B2C,B2C,2023-10-31,33.25,33.25,retained_flat
U01429,B2C,B2C,2023-11-30,33.25,33.25,retained_flat
U01429,B2C,B2C,2023-12-31,33.25,33.25,retained_flat
U01429,B2C,B2C,2024-01-31,33.25,33.25,retained_flat
U01429,B2C,B2C,2024-02-29,33.25,33.25,retained_flat
U01429,B2C,B2C,2024-03-31,33.25,33.25,retained_flat
U01429,B2C,B2C,2024-04-30,0.0,33.25,churn
U01445,SMB,B2B,2023-04-30,199.0,,new
U01445,SMB,B2B,2023-05-31,225.1,199.0,expansion
U01445,SMB,B2B,2023-06-30,225.1,225.1,retained_flat
U01445,SMB,B2B,2023-07-31,225.1,225.1,retained_flat
U01445,SMB,B2B,2023-08-31,225.1,225.1,retained_flat
U01445,SMB,B2B,2023-09-30,225.1,225.1,retained_flat
U01445,SMB,B2B,2023-10-31,225.1,225.1,retained_flat
U01445,SMB,B2B,2023-11-30,225.1,225.1,retained_flat
U01445,SMB,B2B,2023-12-31,225.1,225.1,retained_flat
U01445,SMB,B2B,2024-01-31,244.38,225.1,expansion
U01445,SMB,B2B,2024-02-29,244.38,244.38,retained_flat
U01445,SMB,B2B,2024-03-31,244.38,244.38,retained_flat
U01445,SMB,B2B,2024-04-30,244.38,244.38,retained_flat
U01447,Enterprise,B2B,2023-04-30,825.0,,new
U01447,Enterprise,B2B,2023-05-31,825.0,825.0,retained_flat
U01447,Enterprise,B2B,2023-06-30,825.0,825.0,retained_flat
U01447,Enterprise,B2B,2023-07-31,825.0,825.0,retained_flat
U01447,Enterprise,B2B,2023-08-31,825.0,825.0,retained_flat
U01447,Enterprise,B2B,2023-09-30,825.0,825.0,retained_flat
U01447,Enterprise,B2B,2023-10-31,825.0,825.0,retained_flat
U01447,Enterprise,B2B,2023-11-30,825.0,825.0,retained_flat
U01447,Enterprise,B2B,2023-12-31,825.0,825.0,retained_flat
U01447,Enterprise,B2B,2024-01-31,825.0,825.0,retained_flat
U01447,Enterprise,B2B,2024-02-29,825.0,825.0,retained_flat
U01447,Enterprise,B2B,2024-03-31,825.0,825.0,retained_flat
U01447,Enterprise,B2B,2024-04-30,825.0,825.0,retained_flat
U01467,B2C,B2C,2023-05-31,49.0,,new
U01467,B2C,B2C,2023-06-30,49.0,49.0,retained_flat
U01467,B2C,B2C,2023-07-31,49.0,49.0,retained_flat
U01467,B2C,B2C,2023-08-31,49.0,49.0,retained_flat
U01467,B2C,B2C,2023-09-30,49.0,49.0,retained_flat
U01467,B2C,B2C,2023-10-31,49.0,49.0,retained_flat
U01467,B2C,B2C,2023-11-30,49.0,49.0,retained_flat
U01467,B2C,B2C,2023-12-31,49.0,49.0,retained_flat
U01467,B2C,B2C,2024-01-31,49.0,49.0,retained_flat
U01467,B2C,B2C,2024-02-29,49.0,49.0,retained_flat
U01467,B2C,B2C,2024-03-31,49.0,49.0,retained_flat
U01467,B2C,B2C,2024-04-30,49.0,49.0,retained_flat
U01469,B2C,B2C,2023-05-31,33.25,,new
U01469,B2C,B2C,2023-06-30,33.25,33.25,retained_flat
U01469,B2C,B2C,2023-07-31,33.25,33.25,retained_flat
U01469,B2C,B2C,2023-08-31,33.25,33.25,retained_flat
U01469,B2C,B2C,2023-09-30,33.25,33.25,retained_flat
U01469,B2C,B2C,2023-10-31,33.25,33.25,retained_flat
U01469,B2C,B2C,2023-11-30,33.25,33.25,retained_flat
U01469,B2C,B2C,2023-12-31,33.25,33.25,retained_flat
U01469,B2C,B2C,2024-01-31,33.25,33.25,retained_flat
U01469,B2C,B2C,2024-02-29,33.25,33.25,retained_flat
U01469,B2C,B2C,2024-03-31,33.25,33.25,retained_flat
U01469,B2C,B2C,2024-04-30,33.25,33.25,retained_flat
U01475,B2C,B2C,2023-05-31,49.0,,new
U01475,B2C,B2C,2023-06-30,49.0,49.0,retained_flat
U01475,B2C,B2C,2023-07-31,49.0,49.0,retained_flat
U01475,B2C,B2C,2023-08-31,49.0,49.0,retained_flat
U01475,B2C,B2C,2023-09-30,0.0,49.0,churn
U01475,B2C,B2C,2023-10-31,0.0,0.0,inactive
U01475,B2C,B2C,2023-11-30,0.0,0.0,inactive
U01475,B2C,B2C,2023-12-31,0.0,0.0,inactive
U01475,B2C,B2C,2024-01-31,0.0,0.0,inactive
U01475,B2C,B2C,2024-02-29,0.0,0.0,inactive
U01475,B2C,B2C,2024-03-31,0.0,0.0,inactive
U01475,B2C,B2C,2024-04-30,0.0,0.0,inactive
U01482,B2C,B2C,2023-05-31,49.0,,new
U01482,B2C,B2C,2023-06-30,49.0,49.0,retained_flat
U01482,B2C,B2C,2023-07-31,49.0,49.0,retained_flat
U01482,B2C,B2C,2023-08-31,49.0,49.0,retained_flat
U01482,B2C,B2C,2023-09-30,49.0,49.0,retained_flat
U01482,B2C,B2C,2023-10-31,49.0,49.0,retained_flat
U01482,B2C,B2C,2023-11-30,49.0,49.0,retained_flat
U01482,B2C,B2C,2023-12-31,0.0,49.0,churn
U01482,B2C,B2C,2024-01-31,0.0,0.0,inactive
U01482,B2C,B2C,2024-02-29,0.0,0.0,inactive
U01482,B2C,B2C,2024-03-31,0.0,0.0,inactive
U01482,B2C,B2C,2024-04-30,0.0,0.0,inactive
U01495,B2C,B2C,2023-05-31,49.0,,new
U01495,B2C,B2C,2023-06-30,49.0,49.0,retained_flat
U01495,B2C,B2C,2023-07-31,49.0,49.0,retained_flat
U01495,B2C,B2C,2023-08-31,49.0,49.0,retained_flat
U01495,B2C,B2C,2023-09-30,49.0,49.0,retained_flat
U01495,B2C,B2C,2023-10-31,49.0,49.0,retained_flat
U01495,B2C,B2C,2023-11-30,49.0,49.0,retained_flat
U01495,B2C,B2C,2023-12-31,49.0,49.0,retained_flat
U01495,B2C,B2C,2024-01-31,49.0,49.0,retained_flat
U01495,B2C,B2C,2024-02-29,49.0,49.0,retained_flat
U01495,B2C,B2C,2024-03-31,49.0,49.0,retained_flat
U01495,B2C,B2C,2024-04-30,49.0,49.0,retained_flat
U01506,B2C,B2C,2023-05-31,33.25,,new
U01506,B2C,B2C,2023-06-30,33.25,33.25,retained_flat
U01506,B2C,B2C,2023-07-31,33.25,33.25,retained_flat
U01506,B2C,B2C,2023-08-31,33.25,33.25,retained_flat
U01506,B2C,B2C,2023-09-30,33.25,33.25,retained_flat
U01506,B2C,B2C,2023-10-31,33.25,33.25,retained_flat
U01506,B2C,B2C,2023-11-30,33.25,33.25,retained_flat
U01506,B2C,B2C,2023-12-31,33.25,33.25,retained_flat
U01506,B2C,B2C,2024-01-31,33.25,33.25,retained_flat
U01506,B2C,B2C,2024-02-29,33.25,33.25,retained_flat
U01506,B2C,B2C,2024-03-31,33.25,33.25,retained_flat
U01506,B2C,B2C,2024-04-30,33.25,33.25,retained_flat
U01557,SMB,B2B,2023-05-31,199.0,,new
U01557,SMB,B2B,2023-06-30,199.0,199.0,retained_flat
U01557,SMB,B2B,2023-07-31,199.0,199.0,retained_flat
U01557,SMB,B2B,2023-08-31,199.0,199.0,retained_flat
U01557,SMB,B2B,2023-09-30,199.0,199.0,retained_flat
U01557,SMB,B2B,2023-10-31,199.0,199.0,retained_flat
U01557,SMB,B2B,2023-11-30,199.0,199.0,retained_flat
U01557,SMB,B2B,2023-12-31,242.93,199.0,expansion
U01557,SMB,B2B,2024-01-31,242.93,242.93,retained_flat
U01557,SMB,B2B,2024-02-29,196.82,242.93,contraction
U01557,SMB,B2B,2024-03-31,196.82,196.82,retained_flat
U01557,SMB,B2B,2024-04-30,0.0,196.82,churn
U01560,SMB,B2B,2023-05-31,149.92,,new
U01560,SMB,B2B,2023-06-30,149.92,149.92,retained_flat
U01560,SMB,B2B,2023-07-31,149.92,149.92,retained_flat
U01560,SMB,B2B,2023-08-31,149.92,149.92,retained_flat
U01560,SMB,B2B,2023-09-30,149.92,149.92,retained_flat
U01560,SMB,B2B,2023-10-31,149.92,149.92,retained_flat
U01560,SMB,B2B,2023-11-30,149.92,149.92,retained_flat
U01560,SMB,B2B,2023-12-31,149.92,149.92,retained_flat
U01560,SMB,B2B,2024-01-31,149.92,149.92,retained_flat
U01560,SMB,B2B,2024-02-29,149.92,149.92,retained_flat
U01560,SMB,B2B,2024-03-31,149.92,149.92,retained_flat
U01560,SMB,B2B,2024-04-30,149.92,149.92,retained_flat
U01591,B2C,B2C,2023-06-30,49.0,,new
U01591,B2C,B2C,2023-07-31,49.0,49.0,retained_flat
U01591,B2C,B2C,2023-08-31,49.0,49.0,retained_flat
U01591,B2C,B2C,2023-09-30,49.0,49.0,retained_flat
U01591,B2C,B2C,2023-10-31,49.0,49.0,retained_flat
U01591,B2C,B2C,2023-11-30,49.0,49.0,retained_flat
U01591,B2C,B2C,2023-12-31,49.0,49.0,retained_flat
U01591,B2C,B2C,2024-01-31,49.0,49.0,retained_flat
U01591,B2C,B2C,2024-02-29,49.0,49.0,retained_flat
U01591,B2C,B2C,2024-03-31,49.0,49.0,retained_flat
U01591,B2C,B2C,2024-04-30,49.0,49.0,retained_flat
U01597,B2C,B2C,2023-06-30,33.25,,new
U01597,B2C,B2C,2023-07-31,33.25,33.25,retained_flat
U01597,B2C,B2C,2023-08-31,33.25,33.25,retained_flat
U01597,B2C,B2C,2023-09-30,33.25,33.25,retained_flat
U01597,B2C,B2C,2023-10-31,33.25,33.25,retained_flat
U01597,B2C,B2C,2023-11-30,33.25,33.25,retained_flat
U01597,B2C,B2C,2023-12-31,33.25,33.25,retained_flat
U01597,B2C,B2C,2024-01-31,33.25,33.25,retained_flat
U01597,B2C,B2C,2024-02-29,33.25,33.25,retained_flat
U01597,B2C,B2C,2024-03-31,33.25,33.25,retained_flat
U01597,B2C,B2C,2024-04-30,33.25,33.25,retained_flat
U01602,B2C,B2C,2023-06-30,49.0,,new
U01602,B2C,B2C,2023-07-31,49.0,49.0,retained_flat
U01602,B2C,B2C,2023-08-31,49.0,49.0,retained_flat
U01602,B2C,B2C,2023-09-30,49.0,49.0,retained_flat
U01602,B2C,B2C,2023-10-31,0.0,49.0,churn
U01602,B2C,B2C,2023-11-30,0.0,0.0,inactive
U01602,B2C,B2C,2023-12-31,0.0,0.0,inactive
U01602,B2C,B2C,2024-01-31,0.0,0.0,inactive
U01602,B2C,B2C,2024-02-29,0.0,0.0,inactive
U01602,B2C,B2C,2024-03-31,0.0,0.0,inactive
U01602,B2C,B2C,2024-04-30,0.0,0.0,inactive
U01610,B2C,B2C,2023-06-30,33.25,,new
U01610,B2C,B2C,2023-07-31,33.25,33.25,retained_flat
U01610,B2C,B2C,2023-08-31,33.25,33.25,retained_flat
U01610,B2C,B2C,2023-09-30,33.25,33.25,retained_flat
U01610,B2C,B2C,2023-10-31,33.25,33.25,retained_flat
U01610,B2C,B2C,2023-11-30,33.25,33.25,retained_flat
U01610,B2C,B2C,2023-12-31,33.25,33.25,retained_flat
U01610,B2C,B2C,2024-01-31,33.25,33.25,retained_flat
U01610,B2C,B2C,2024-02-29,33.25,33.25,retained_flat
U01610,B2C,B2C,2024-03-31,33.25,33.25,retained_flat
U01610,B2C,B2C,2024-04-30,33.25,33.25,retained_flat
U01627,B2C,B2C,2023-06-30,49.0,,new
U01627,B2C,B2C,2023-07-31,49.0,49.0,retained_flat
U01627,B2C,B2C,2023-08-31,49.0,49.0,retained_flat
U01627,B2C,B2C,2023-09-30,49.0,49.0,retained_flat
U01627,B2C,B2C,2023-10-31,49.0,49.0,retained_flat
U01627,B2C,B2C,2023-11-30,0.0,49.0,churn
U01627,B2C,B2C,2023-12-31,0.0,0.0,inactive
U01627,B2C,B2C,2024-01-31,0.0,0.0,inactive
U01627,B2C,B2C,2024-02-29,0.0,0.0,inactive
U01627,B2C,B2C,2024-03-31,0.0,0.0,inactive
U01627,B2C,B2C,2024-04-30,0.0,0.0,inactive
U01629,B2C,B2C,2023-06-30,49.0,,new
U01629,B2C,B2C,2023-07-31,0.0,49.0,churn
U01629,B2C,B2C,2023-08-31,0.0,0.0,inactive
U01629,B2C,B2C,2023-09-30,0.0,0.0,inactive
U01629,B2C,B2C,2023-10-31,0.0,0.0,inactive
U01629,B2C,B2C,2023-11-30,0.0,0.0,inactive
U01629,B2C,B2C,2023-12-31,0.0,0.0,inactive
U01629,B2C,B2C,2024-01-31,0.0,0.0,inactive
U01629,B2C,B2C,2024-02-29,0.0,0.0,inactive
U01629,B2C,B2C,2024-03-31,0.0,0.0,inactive
U01629,B2C,B2C,2024-04-30,0.0,0.0,inactive
U01631,B2C,B2C,2023-06-30,49.0,,new
U01631,B2C,B2C,2023-07-31,49.0,49.0,retained_flat
U01631,B2C,B2C,2023-08-31,49.0,49.0,retained_flat
U01631,B2C,B2C,2023-09-30,49.0,49.0,retained_flat
U01631,B2C,B2C,2023-10-31,49.0,49.0,retained_flat
U01631,B2C,B2C,2023-11-30,49.0,49.0,retained_flat
U01631,B2C,B2C,2023-12-31,0.0,49.0,churn
U01631,B2C,B2C,2024-01-31,0.0,0.0,inactive
U01631,B2C,B2C,2024-02-29,0.0,0.0,inactive
U01631,B2C,B2C,2024-03-31,0.0,0.0,inactive
U01631,B2C,B2C,2024-04-30,0.0,0.0,inactive
U01650,B2C,B2C,2023-06-30,49.0,,new
U01650,B2C,B2C,2023-07-31,49.0,49.0,retained_flat
U01650,B2C,B2C,2023-08-31,49.0,49.0,retained_flat
U01650,B2C,B2C,2023-09-30,0.0,49.0,churn
U01650,B2C,B2C,2023-10-31,0.0,0.0,inactive
U01650,B2C,B2C,2023-11-30,0.0,0.0,inactive
U01650,B2C,B2C,2023-12-31,0.0,0.0,inactive
U01650,B2C,B2C,2024-01-31,0.0,0.0,inactive
U01650,B2C,B2C,2024-02-29,0.0,0.0,inactive
U01650,B2C,B2C,2024-03-31,0.0,0.0,inactive
U01650,B2C,B2C,2024-04-30,0.0,0.0,inactive
U01654,B2C,B2C,2023-06-30,49.0,,new
U01654,B2C,B2C,2023-07-31,49.0,49.0,retained_flat
U01654,B2C,B2C,2023-08-31,0.0,49.0,churn
U01654,B2C,B2C,2023-09-30,0.0,0.0,inactive
U01654,B2C,B2C,2023-10-31,0.0,0.0,inactive
U01654,B2C,B2C,2023-11-30,0.0,0.0,inactive
U01654,B2C,B2C,2023-12-31,0.0,0.0,inactive
U01654,B2C,B2C,2024-01-31,0.0,0.0,inactive
U01654,B2C,B2C,2024-02-29,0.0,0.0,inactive
U01654,B2C,B2C,2024-03-31,0.0,0.0,inactive
U01654,B2C,B2C,2024-04-30,0.0,0.0,inactive
U01667,B2C,B2C,2023-06-30,33.25,,new
U01667,B2C,B2C,2023-07-31,33.25,33.25,retained_flat
U01667,B2C,B2C,2023-08-31,33.25,33.25,retained_flat
U01667,B2C,B2C,2023-09-30,33.25,33.25,retained_flat
U01667,B2C,B2C,2023-10-31,33.25,33.25,retained_flat
U01667,B2C,B2C,2023-11-30,33.25,33.25,retained_flat
U01667,B2C,B2C,2023-12-31,33.25,33.25,retained_flat
U01667,B2C,B2C,2024-01-31,33.25,33.25,retained_flat
U01667,B2C,B2C,2024-02-29,33.25,33.25,retained_flat
U01667,B2C,B2C,2024-03-31,33.25,33.25,retained_flat
U01667,B2C,B2C,2024-04-30,33.25,33.25,retained_flat
U01668,B2C,B2C,2023-06-30,49.0,,new
U01668,B2C,B2C,2023-07-31,49.0,49.0,retained_flat
U01668,B2C,B2C,2023-08-31,49.0,49.0,retained_flat
U01668,B2C,B2C,2023-09-30,49.0,49.0,retained_flat
U01668,B2C,B2C,2023-10-31,49.0,49.0,retained_flat
U01668,B2C,B2C,2023-11-30,49.0,49.0,retained_flat
U01668,B2C,B2C,2023-12-31,49.0,49.0,retained_flat
U01668,B2C,B2C,2024-01-31,49.0,49.0,retained_flat
U01668,B2C,B2C,2024-02-29,49.0,49.0,retained_flat
U01668,B2C,B2C,2024-03-31,49.0,49.0,retained_flat
U01668,B2C,B2C,2024-04-30,49.0,49.0,retained_flat
U01678,B2C,B2C,2023-06-30,49.0,,new
U01678,B2C,B2C,2023-07-31,49.0,49.0,retained_flat
U01678,B2C,B2C,2023-08-31,49.0,49.0,retained_flat
U01678,B2C,B2C,2023-09-30,49.0,49.0,retained_flat
U01678,B2C,B2C,2023-10-31,0.0,49.0,churn
U01678,B2C,B2C,2023-11-30,0.0,0.0,inactive
U01678,B2C,B2C,2023-12-31,0.0,0.0,inactive
U01678,B2C,B2C,2024-01-31,0.0,0.0,inactive
U01678,B2C,B2C,2024-02-29,0.0,0.0,inactive
U01678,B2C,B2C,2024-03-31,0.0,0.0,inactive
U01678,B2C,B2C,2024-04-30,0.0,0.0,inactive
U01720,SMB,B2B,2023-06-30,149.92,,new
U01720,SMB,B2B,2023-07-31,149.92,149.92,retained_flat
U01720,SMB,B2B,2023-08-31,149.92,149.92,retained_flat
U01720,SMB,B2B,2023-09-30,149.92,149.92,retained_flat
U01720,SMB,B2B,2023-10-31,149.92,149.92,retained_flat
U01720,SMB,B2B,2023-11-30,149.92,149.92,retained_flat
U01720,SMB,B2B,2023-12-31,149.92,149.92,retained_flat
U01720,SMB,B2B,2024-01-31,149.92,149.92,retained_flat
U01720,SMB,B2B,2024-02-29,149.92,149.92,retained_flat
U01720,SMB,B2B,2024-03-31,149.92,149.92,retained_flat
U01720,SMB,B2B,2024-04-30,149.92,149.92,retained_flat
U01722,SMB,B2B,2023-06-30,199.0,,new
U01722,SMB,B2B,2023-07-31,199.0,199.0,retained_flat
U01722,SMB,B2B,2023-08-31,199.0,199.0,retained_flat
U01722,SMB,B2B,2023-09-30,239.9,199.0,expansion
U01722,SMB,B2B,2023-10-31,0.0,239.9,churn
U01722,SMB,B2B,2023-11-30,0.0,0.0,inactive
U01722,SMB,B2B,2023-12-31,0.0,0.0,inactive
U01722,SMB,B2B,2024-01-31,0.0,0.0,inactive
U01722,SMB,B2B,2024-02-29,0.0,0.0,inactive
U01722,SMB,B2B,2024-03-31,0.0,0.0,inactive
U01722,SMB,B2B,2024-04-30,0.0,0.0,inactive
U01723,SMB,B2B,2023-06-30,199.0,,new
U01723,SMB,B2B,2023-07-31,199.0,199.0,retained_flat
U01723,SMB,B2B,2023-08-31,199.0,199.0,retained_flat
U01723,SMB,B2B,2023-09-30,239.95,199.0,expansion
U01723,SMB,B2B,2023-10-31,239.95,239.95,retained_flat
U01723,SMB,B2B,2023-11-30,239.95,239.95,retained_flat
U01723,SMB,B2B,2023-12-31,239.95,239.95,retained_flat
U01723,SMB,B2B,2024-01-31,279.48,239.95,expansion
U01723,SMB,B2B,2024-02-29,332.91,279.48,expansion
U01723,SMB,B2B,2024-03-31,332.91,332.91,retained_flat
U01723,SMB,B2B,2024-04-30,332.91,332.91,retained_flat
U01753,B2C,B2C,2023-07-31,49.0,,new
U01753,B2C,B2C,2023-08-31,49.0,49.0,retained_flat
U01753,B2C,B2C,2023-09-30,49.0,49.0,retained_flat
U01753,B2C,B2C,2023-10-31,49.0,49.0,retained_flat
U01753,B2C,B2C,2023-11-30,49.0,49.0,retained_flat
U01753,B2C,B2C,2023-12-31,49.0,49.0,retained_flat
U01753,B2C,B2C,2024-01-31,49.0,49.0,retained_flat
U01753,B2C,B2C,2024-02-29,0.0,49.0,churn
U01753,B2C,B2C,2024-03-31,0.0,0.0,inactive
U01753,B2C,B2C,2024-04-30,0.0,0.0,inactive
U01803,B2C,B2C,2023-07-31,49.0,,new
U01803,B2C,B2C,2023-08-31,49.0,49.0,retained_flat
U01803,B2C,B2C,2023-09-30,49.0,49.0,retained_flat
U01803,B2C,B2C,2023-10-31,49.0,49.0,retained_flat
U01803,B2C,B2C,2023-11-30,49.0,49.0,retained_flat
U01803,B2C,B2C,2023-12-31,49.0,49.0,retained_flat
U01803,B2C,B2C,2024-01-31,49.0,49.0,retained_flat
U01803,B2C,B2C,2024-02-29,49.0,49.0,retained_flat
U01803,B2C,B2C,2024-03-31,49.0,49.0,retained_flat
U01803,B2C,B2C,2024-04-30,49.0,49.0,retained_flat
U01825,B2C,B2C,2023-07-31,49.0,,new
U01825,B2C,B2C,2023-08-31,49.0,49.0,retained_flat
U01825,B2C,B2C,2023-09-30,49.0,49.0,retained_flat
U01825,B2C,B2C,2023-10-31,49.0,49.0,retained_flat
U01825,B2C,B2C,2023-11-30,49.0,49.0,retained_flat
U01825,B2C,B2C,2023-12-31,0.0,49.0,churn
U01825,B2C,B2C,2024-01-31,0.0,0.0,inactive
U01825,B2C,B2C,2024-02-29,0.0,0.0,inactive
U01825,B2C,B2C,2024-03-31,0.0,0.0,inactive
U01825,B2C,B2C,2024-04-30,0.0,0.0,inactive
U01832,B2C,B2C,2023-07-31,49.0,,new
U01832,B2C,B2C,2023-08-31,49.0,49.0,retained_flat
U01832,B2C,B2C,2023-09-30,49.0,49.0,retained_flat
U01832,B2C,B2C,2023-10-31,49.0,49.0,retained_flat
U01832,B2C,B2C,2023-11-30,49.0,49.0,retained_flat
U01832,B2C,B2C,2023-12-31,49.0,49.0,retained_flat
U01832,B2C,B2C,2024-01-31,49.0,49.0,retained_flat
U01832,B2C,B2C,2024-02-29,49.0,49.0,retained_flat
U01832,B2C,B2C,2024-03-31,49.0,49.0,retained_flat
U01832,B2C,B2C,2024-04-30,49.0,49.0,retained_flat
U01836,B2C,B2C,2023-07-31,49.0,,new
U01836,B2C,B2C,2023-08-31,49.0,49.0,retained_flat
U01836,B2C,B2C,2023-09-30,49.0,49.0,retained_flat
U01836,B2C,B2C,2023-10-31,49.0,49.0,retained_flat
U01836,B2C,B2C,2023-11-30,49.0,49.0,retained_flat
U01836,B2C,B2C,2023-12-31,49.0,49.0,retained_flat
U01836,B2C,B2C,2024-01-31,49.0,49.0,retained_flat
U01836,B2C,B2C,2024-02-29,0.0,49.0,churn
U01836,B2C,B2C,2024-03-31,0.0,0.0,inactive
U01836,B2C,B2C,2024-04-30,0.0,0.0,inactive
U01840,B2C,B2C,2023-07-31,49.0,,new
U01840,B2C,B2C,2023-08-31,49.0,49.0,retained_flat
U01840,B2C,B2C,2023-09-30,49.0,49.0,retained_flat
U01840,B2C,B2C,2023-10-31,49.0,49.0,retained_flat
U01840,B2C,B2C,2023-11-30,49.0,49.0,retained_flat
U01840,B2C,B2C,2023-12-31,0.0,49.0,churn
U01840,B2C,B2C,2024-01-31,0.0,0.0,inactive
U01840,B2C,B2C,2024-02-29,0.0,0.0,inactive
U01840,B2C,B2C,2024-03-31,0.0,0.0,inactive
U01840,B2C,B2C,2024-04-30,0.0,0.0,inactive
U01857,SMB,B2B,2023-07-31,199.0,,new
U01857,SMB,B2B,2023-08-31,0.0,199.0,churn
U01857,SMB,B2B,2023-09-30,0.0,0.0,inactive
U01857,SMB,B2B,2023-10-31,0.0,0.0,inactive
U01857,SMB,B2B,2023-11-30,0.0,0.0,inactive
U01857,SMB,B2B,2023-12-31,0.0,0.0,inactive
U01857,SMB,B2B,2024-01-31,0.0,0.0,inactive
U01857,SMB,B2B,2024-02-29,0.0,0.0,inactive
U01857,SMB,B2B,2024-03-31,0.0,0.0,inactive
U01857,SMB,B2B,2024-04-30,0.0,0.0,inactive
U01859,SMB,B2B,2023-07-31,199.0,,new
U01859,SMB,B2B,2023-08-31,199.0,199.0,retained_flat
U01859,SMB,B2B,2023-09-30,199.0,199.0,retained_flat
U01859,SMB,B2B,2023-10-31,211.28,199.0,expansion
U01859,SMB,B2B,2023-11-30,211.28,211.28,retained_flat
U01859,SMB,B2B,2023-12-31,211.28,211.28,retained_flat
U01859,SMB,B2B,2024-01-31,0.0,211.28,churn
U01859,SMB,B2B,2024-02-29,0.0,0.0,inactive
U01859,SMB,B2B,2024-03-31,0.0,0.0,inactive
U01859,SMB,B2B,2024-04-30,0.0,0.0,inactive
U01867,SMB,B2B,2023-07-31,199.0,,new
U01867,SMB,B2B,2023-08-31,230.37,199.0,expansion
U01867,SMB,B2B,2023-09-30,230.37,230.37,retained_flat
U01867,SMB,B2B,2023-10-31,0.0,230.37,churn
U01867,SMB,B2B,2023-11-30,0.0,0.0,inactive
U01867,SMB,B2B,2023-12-31,0.0,0.0,inactive
U01867,SMB,B2B,2024-01-31,0.0,0.0,inactive
U01867,SMB,B2B,2024-02-29,0.0,0.0,inactive
U01867,SMB,B2B,2024-03-31,0.0,0.0,inactive
U01867,SMB,B2B,2024-04-30,0.0,0.0,inactive
U01894,B2C,B2C,2023-08-31,33.25,,new
U01894,B2C,B2C,2023-09-30,33.25,33.25,retained_flat
U01894,B2C,B2C,2023-10-31,33.25,33.25,retained_flat
U01894,B2C,B2C,2023-11-30,33.25,33.25,retained_flat
U01894,B2C,B2C,2023-12-31,33.25,33.25,retained_flat
U01894,B2C,B2C,2024-01-31,33.25,33.25,retained_flat
U01894,B2C,B2C,2024-02-29,33.25,33.25,retained_flat
U01894,B2C,B2C,2024-03-31,33.25,33.25,retained_flat
U01894,B2C,B2C,2024-04-30,33.25,33.25,retained_flat
U01908,B2C,B2C,2023-08-31,49.0,,new
U01908,B2C,B2C,2023-09-30,49.0,49.0,retained_flat
U01908,B2C,B2C,2023-10-31,49.0,49.0,retained_flat
U01908,B2C,B2C,2023-11-30,49.0,49.0,retained_flat
U01908,B2C,B2C,2023-12-31,0.0,49.0,churn
U01908,B2C,B2C,2024-01-31,0.0,0.0,inactive
U01908,B2C,B2C,2024-02-29,0.0,0.0,inactive
U01908,B2C,B2C,2024-03-31,0.0,0.0,inactive
U01908,B2C,B2C,2024-04-30,0.0,0.0,inactive
U01928,B2C,B2C,2023-08-31,49.0,,new
U01928,B2C,B2C,2023-09-30,49.0,49.0,retained_flat
U01928,B2C,B2C,2023-10-31,49.0,49.0,retained_flat
U01928,B2C,B2C,2023-11-30,49.0,49.0,retained_flat
U01928,B2C,B2C,2023-12-31,49.0,49.0,retained_flat
U01928,B2C,B2C,2024-01-31,49.0,49.0,retained_flat
U01928,B2C,B2C,2024-02-29,49.0,49.0,retained_flat
U01928,B2C,B2C,2024-03-31,49.0,49.0,retained_flat
U01928,B2C,B2C,2024-04-30,49.0,49.0,retained_flat
U01931,B2C,B2C,2023-08-31,33.25,,new
U01931,B2C,B2C,2023-09-30,33.25,33.25,retained_flat
U01931,B2C,B2C,2023-10-31,33.25,33.25,retained_flat
U01931,B2C,B2C,2023-11-30,33.25,33.25,retained_flat
U01931,B2C,B2C,2023-12-31,33.25,33.25,retained_flat
U01931,B2C,B2C,2024-01-31,33.25,33.25,retained_flat
U01931,B2C,B2C,2024-02-29,33.25,33.25,retained_flat
U01931,B2C,B2C,2024-03-31,33.25,33.25,retained_flat
U01931,B2C,B2C,2024-04-30,33.25,33.25,retained_flat
U01944,B2C,B2C,2023-08-31,49.0,,new
U01944,B2C,B2C,2023-09-30,49.0,49.0,retained_flat
U01944,B2C,B2C,2023-10-31,49.0,49.0,retained_flat
U01944,B2C,B2C,2023-11-30,49.0,49.0,retained_flat
U01944,B2C,B2C,2023-12-31,49.0,49.0,retained_flat
U01944,B2C,B2C,2024-01-31,49.0,49.0,retained_flat
U01944,B2C,B2C,2024-02-29,49.0,49.0,retained_flat
U01944,B2C,B2C,2024-03-31,0.0,49.0,churn
U01944,B2C,B2C,2024-04-30,0.0,0.0,inactive
U01953,B2C,B2C,2023-08-31,49.0,,new
U01953,B2C,B2C,2023-09-30,49.0,49.0,retained_flat
U01953,B2C,B2C,2023-10-31,49.0,49.0,retained_flat
U01953,B2C,B2C,2023-11-30,49.0,49.0,retained_flat
U01953,B2C,B2C,2023-12-31,49.0,49.0,retained_flat
U01953,B2C,B2C,2024-01-31,49.0,49.0,retained_flat
U01953,B2C,B2C,2024-02-29,49.0,49.0,retained_flat
U01953,B2C,B2C,2024-03-31,49.0,49.0,retained_flat
U01953,B2C,B2C,2024-04-30,49.0,49.0,retained_flat
U01957,B2C,B2C,2023-08-31,49.0,,new
U01957,B2C,B2C,2023-09-30,49.0,49.0,retained_flat
U01957,B2C,B2C,2023-10-31,49.0,49.0,retained_flat
U01957,B2C,B2C,2023-11-30,49.0,49.0,retained_flat
U01957,B2C,B2C,2023-12-31,49.0,49.0,retained_flat
U01957,B2C,B2C,2024-01-31,49.0,49.0,retained_flat
U01957,B2C,B2C,2024-02-29,49.0,49.0,retained_flat
U01957,B2C,B2C,2024-03-31,49.0,49.0,retained_flat
U01957,B2C,B2C,2024-04-30,49.0,49.0,retained_flat
U01958,B2C,B2C,2023-08-31,49.0,,new
U01958,B2C,B2C,2023-09-30,49.0,49.0,retained_flat
U01958,B2C,B2C,2023-10-31,49.0,49.0,retained_flat
U01958,B2C,B2C,2023-11-30,49.0,49.0,retained_flat
U01958,B2C,B2C,2023-12-31,49.0,49.0,retained_flat
U01958,B2C,B2C,2024-01-31,49.0,49.0,retained_flat
U01958,B2C,B2C,2024-02-29,49.0,49.0,retained_flat
U01958,B2C,B2C,2024-03-31,49.0,49.0,retained_flat
U01958,B2C,B2C,2024-04-30,49.0,49.0,retained_flat
U01960,B2C,B2C,2023-08-31,49.0,,new
U01960,B2C,B2C,2023-09-30,49.0,49.0,retained_flat
U01960,B2C,B2C,2023-10-31,49.0,49.0,retained_flat
U01960,B2C,B2C,2023-11-30,49.0,49.0,retained_flat
U01960,B2C,B2C,2023-12-31,49.0,49.0,retained_flat
U01960,B2C,B2C,2024-01-31,49.0,49.0,retained_flat
U01960,B2C,B2C,2024-02-29,49.0,49.0,retained_flat
U01960,B2C,B2C,2024-03-31,49.0,49.0,retained_flat
U01960,B2C,B2C,2024-04-30,49.0,49.0,retained_flat
U01969,B2C,B2C,2023-08-31,49.0,,new
U01969,B2C,B2C,2023-09-30,49.0,49.0,retained_flat
U01969,B2C,B2C,2023-10-31,49.0,49.0,retained_flat
U01969,B2C,B2C,2023-11-30,0.0,49.0,churn
U01969,B2C,B2C,2023-12-31,0.0,0.0,inactive
U01969,B2C,B2C,2024-01-31,0.0,0.0,inactive
U01969,B2C,B2C,2024-02-29,0.0,0.0,inactive
U01969,B2C,B2C,2024-03-31,0.0,0.0,inactive
U01969,B2C,B2C,2024-04-30,0.0,0.0,inactive
U01976,B2C,B2C,2023-08-31,49.0,,new
U01976,B2C,B2C,2023-09-30,49.0,49.0,retained_flat
U01976,B2C,B2C,2023-10-31,0.0,49.0,churn
U01976,B2C,B2C,2023-11-30,0.0,0.0,inactive
U01976,B2C,B2C,2023-12-31,0.0,0.0,inactive
U01976,B2C,B2C,2024-01-31,0.0,0.0,inactive
U01976,B2C,B2C,2024-02-29,0.0,0.0,inactive
U01976,B2C,B2C,2024-03-31,0.0,0.0,inactive
U01976,B2C,B2C,2024-04-30,0.0,0.0,inactive
U01984,B2C,B2C,2023-08-31,33.25,,new
U01984,B2C,B2C,2023-09-30,33.25,33.25,retained_flat
U01984,B2C,B2C,2023-10-31,33.25,33.25,retained_flat
U01984,B2C,B2C,2023-11-30,33.25,33.25,retained_flat
U01984,B2C,B2C,2023-12-31,33.25,33.25,retained_flat
U01984,B2C,B2C,2024-01-31,33.25,33.25,retained_flat
U01984,B2C,B2C,2024-02-29,33.25,33.25,retained_flat
U01984,B2C,B2C,2024-03-31,33.25,33.25,retained_flat
U01984,B2C,B2C,2024-04-30,33.25,33.25,retained_flat
U01999,B2C,B2C,2023-08-31,49.0,,new
U01999,B2C,B2C,2023-09-30,49.0,49.0,retained_flat
U01999,B2C,B2C,2023-10-31,49.0,49.0,retained_flat
U01999,B2C,B2C,2023-11-30,49.0,49.0,retained_flat
U01999,B2C,B2C,2023-12-31,49.0,49.0,retained_flat
U01999,B2C,B2C,2024-01-31,49.0,49.0,retained_flat
U01999,B2C,B2C,2024-02-29,49.0,49.0,retained_flat
U01999,B2C,B2C,2024-03-31,49.0,49.0,retained_flat
U01999,B2C,B2C,2024-04-30,0.0,49.0,churn
U02021,SMB,B2B,2023-08-31,199.0,,new
U02021,SMB,B2B,2023-09-30,199.0,199.0,retained_flat
U02021,SMB,B2B,2023-10-31,199.0,199.0,retained_flat
U02021,SMB,B2B,2023-11-30,199.0,199.0,retained_flat
U02021,SMB,B2B,2023-12-31,199.0,199.0,retained_flat
U02021,SMB,B2B,2024-01-31,199.0,199.0,retained_flat
U02021,SMB,B2B,2024-02-29,0.0,199.0,churn
U02021,SMB,B2B,2024-03-31,0.0,0.0,inactive
U02021,SMB,B2B,2024-04-30,0.0,0.0,inactive
U02076,B2C,B2C,2023-09-30,49.0,,new
U02076,B2C,B2C,2023-10-31,49.0,49.0,retained_flat
U02076,B2C,B2C,2023-11-30,49.0,49.0,retained_flat
U02076,B2C,B2C,2023-12-31,49.0,49.0,retained_flat
U02076,B2C,B2C,2024-01-31,49.0,49.0,retained_flat
U02076,B2C,B2C,2024-02-29,49.0,49.0,retained_flat
U02076,B2C,B2C,2024-03-31,49.0,49.0,retained_flat
U02076,B2C,B2C,2024-04-30,49.0,49.0,retained_flat
U02080,B2C,B2C,2023-09-30,33.25,,new
U02080,B2C,B2C,2023-10-31,33.25,33.25,retained_flat
U02080,B2C,B2C,2023-11-30,33.25,33.25,retained_flat
U02080,B2C,B2C,2023-12-31,33.25,33.25,retained_flat
U02080,B2C,B2C,2024-01-31,33.25,33.25,retained_flat
U02080,B2C,B2C,2024-02-29,33.25,33.25,retained_flat
U02080,B2C,B2C,2024-03-31,33.25,33.25,retained_flat
U02080,B2C,B2C,2024-04-30,33.25,33.25,retained_flat
U02083,B2C,B2C,2023-09-30,49.0,,new
U02083,B2C,B2C,2023-10-31,49.0,49.0,retained_flat
U02083,B2C,B2C,2023-11-30,49.0,49.0,retained_flat
U02083,B2C,B2C,2023-12-31,49.0,49.0,retained_flat
U02083,B2C,B2C,2024-01-31,49.0,49.0,retained_flat
U02083,B2C,B2C,2024-02-29,49.0,49.0,retained_flat
U02083,B2C,B2C,2024-03-31,49.0,49.0,retained_flat
U02083,B2C,B2C,2024-04-30,49.0,49.0,retained_flat
U02108,B2C,B2C,2023-09-30,33.25,,new
U02108,B2C,B2C,2023-10-31,33.25,33.25,retained_flat
U02108,B2C,B2C,2023-11-30,33.25,33.25,retained_flat
U02108,B2C,B2C,2023-12-31,33.25,33.25,retained_flat
U02108,B2C,B2C,2024-01-31,33.25,33.25,retained_flat
U02108,B2C,B2C,2024-02-29,33.25,33.25,retained_flat
U02108,B2C,B2C,2024-03-31,33.25,33.25,retained_flat
U02108,B2C,B2C,2024-04-30,33.25,33.25,retained_flat
U02139,B2C,B2C,2023-09-30,33.25,,new
U02139,B2C,B2C,2023-10-31,33.25,33.25,retained_flat
U02139,B2C,B2C,2023-11-30,33.25,33.25,retained_flat
U02139,B2C,B2C,2023-12-31,33.25,33.25,retained_flat
U02139,B2C,B2C,2024-01-31,33.25,33.25,retained_flat
U02139,B2C,B2C,2024-02-29,33.25,33.25,retained_flat
U02139,B2C,B2C,2024-03-31,33.25,33.25,retained_flat
U02139,B2C,B2C,2024-04-30,33.25,33.25,retained_flat
U02151,B2C,B2C,2023-09-30,49.0,,new
U02151,B2C,B2C,2023-10-31,49.0,49.0,retained_flat
U02151,B2C,B2C,2023-11-30,49.0,49.0,retained_flat
U02151,B2C,B2C,2023-12-31,49.0,49.0,retained_flat
U02151,B2C,B2C,2024-01-31,0.0,49.0,churn
U02151,B2C,B2C,2024-02-29,0.0,0.0,inactive
U02151,B2C,B2C,2024-03-31,0.0,0.0,inactive
U02151,B2C,B2C,2024-04-30,0.0,0.0,inactive
U02174,B2C,B2C,2023-09-30,49.0,,new
U02174,B2C,B2C,2023-10-31,49.0,49.0,retained_flat
U02174,B2C,B2C,2023-11-30,49.0,49.0,retained_flat
U02174,B2C,B2C,2023-12-31,49.0,49.0,retained_flat
U02174,B2C,B2C,2024-01-31,49.0,49.0,retained_flat
U02174,B2C,B2C,2024-02-29,49.0,49.0,retained_flat
U02174,B2C,B2C,2024-03-31,49.0,49.0,retained_flat
U02174,B2C,B2C,2024-04-30,49.0,49.0,retained_flat
U02207,Enterprise,B2B,2023-09-30,825.0,,new
U02207,Enterprise,B2B,2023-10-31,825.0,825.0,retained_flat
U02207,Enterprise,B2B,2023-11-30,825.0,825.0,retained_flat
U02207,Enterprise,B2B,2023-12-31,825.0,825.0,retained_flat
U02207,Enterprise,B2B,2024-01-31,825.0,825.0,retained_flat
U02207,Enterprise,B2B,2024-02-29,825.0,825.0,retained_flat
U02207,Enterprise,B2B,2024-03-31,825.0,825.0,retained_flat
U02207,Enterprise,B2B,2024-04-30,825.0,825.0,retained_flat
U02209,Enterprise,B2B,2023-09-30,990.0,,new
U02209,Enterprise,B2B,2023-10-31,990.0,990.0,retained_flat
U02209,Enterprise,B2B,2023-11-30,990.0,990.0,retained_flat
U02209,Enterprise,B2B,2023-12-31,990.0,990.0,retained_flat
U02209,Enterprise,B2B,2024-01-31,1068.67,990.0,expansion
U02209,Enterprise,B2B,2024-02-29,1068.67,1068.67,retained_flat
U02209,Enterprise,B2B,2024-03-31,1068.67,1068.67,retained_flat
U02209,Enterprise,B2B,2024-04-30,1233.19,1068.67,expansion
U02220,B2C,B2C,2023-10-31,33.25,,new
U02220,B2C,B2C,2023-11-30,33.25,33.25,retained_flat
U02220,B2C,B2C,2023-12-31,33.25,33.25,retained_flat
U02220,B2C,B2C,2024-01-31,33.25,33.25,retained_flat
U02220,B2C,B2C,2024-02-29,33.25,33.25,retained_flat
U02220,B2C,B2C,2024-03-31,33.25,33.25,retained_flat
U02220,B2C,B2C,2024-04-30,33.25,33.25,retained_flat
U02221,B2C,B2C,2023-10-31,33.25,,new
U02221,B2C,B2C,2023-11-30,33.25,33.25,retained_flat
U02221,B2C,B2C,2023-12-31,33.25,33.25,retained_flat
U02221,B2C,B2C,2024-01-31,33.25,33.25,retained_flat
U02221,B2C,B2C,2024-02-29,33.25,33.25,retained_flat
U02221,B2C,B2C,2024-03-31,33.25,33.25,retained_flat
U02221,B2C,B2C,2024-04-30,33.25,33.25,retained_flat
U02226,B2C,B2C,2023-10-31,49.0,,new
U02226,B2C,B2C,2023-11-30,49.0,49.0,retained_flat
U02226,B2C,B2C,2023-12-31,49.0,49.0,retained_flat
U02226,B2C,B2C,2024-01-31,49.0,49.0,retained_flat
U02226,B2C,B2C,2024-02-29,49.0,49.0,retained_flat
U02226,B2C,B2C,2024-03-31,0.0,49.0,churn
U02226,B2C,B2C,2024-04-30,0.0,0.0,inactive
U02243,B2C,B2C,2023-10-31,33.25,,new
U02243,B2C,B2C,2023-11-30,33.25,33.25,retained_flat
U02243,B2C,B2C,2023-12-31,33.25,33.25,retained_flat
U02243,B2C,B2C,2024-01-31,33.25,33.25,retained_flat
U02243,B2C,B2C,2024-02-29,33.25,33.25,retained_flat
U02243,B2C,B2C,2024-03-31,33.25,33.25,retained_flat
U02243,B2C,B2C,2024-04-30,33.25,33.25,retained_flat
U02251,B2C,B2C,2023-10-31,33.25,,new
U02251,B2C,B2C,2023-11-30,33.25,33.25,retained_flat
U02251,B2C,B2C,2023-12-31,33.25,33.25,retained_flat
U02251,B2C,B2C,2024-01-31,33.25,33.25,retained_flat
U02251,B2C,B2C,2024-02-29,33.25,33.25,retained_flat
U02251,B2C,B2C,2024-03-31,33.25,33.25,retained_flat
U02251,B2C,B2C,2024-04-30,33.25,33.25,retained_flat
U02285,B2C,B2C,2023-10-31,49.0,,new
U02285,B2C,B2C,2023-11-30,49.0,49.0,retained_flat
U02285,B2C,B2C,2023-12-31,49.0,49.0,retained_flat
U02285,B2C,B2C,2024-01-31,49.0,49.0,retained_flat
U02285,B2C,B2C,2024-02-29,49.0,49.0,retained_flat
U02285,B2C,B2C,2024-03-31,49.0,49.0,retained_flat
U02285,B2C,B2C,2024-04-30,49.0,49.0,retained_flat
U02391,SMB,B2B,2023-10-31,149.92,,new
U02391,SMB,B2B,2023-11-30,149.92,149.92,retained_flat
U02391,SMB,B2B,2023-12-31,149.92,149.92,retained_flat
U02391,SMB,B2B,2024-01-31,149.92,149.92,retained_flat
U02391,SMB,B2B,2024-02-29,149.92,149.92,retained_flat
U02391,SMB,B2B,2024-03-31,149.92,149.92,retained_flat
U02391,SMB,B2B,2024-04-30,149.92,149.92,retained_flat
U02400,Enterprise,B2B,2023-10-31,825.0,,new
U02400,Enterprise,B2B,2023-11-30,825.0,825.0,retained_flat
U02400,Enterprise,B2B,2023-12-31,825.0,825.0,retained_flat
U02400,Enterprise,B2B,2024-01-31,825.0,825.0,retained_flat
U02400,Enterprise,B2B,2024-02-29,825.0,825.0,retained_flat
U02400,Enterprise,B2B,2024-03-31,825.0,825.0,retained_flat
U02400,Enterprise,B2B,2024-04-30,825.0,825.0,retained_flat
U02409,B2C,B2C,2023-11-30,49.0,,new
U02409,B2C,B2C,2023-12-31,49.0,49.0,retained_flat
U02409,B2C,B2C,2024-01-31,49.0,49.0,retained_flat
U02409,B2C,B2C,2024-02-29,49.0,49.0,retained_flat
U02409,B2C,B2C,2024-03-31,49.0,49.0,retained_flat
U02409,B2C,B2C,2024-04-30,49.0,49.0,retained_flat
U02417,B2C,B2C,2023-11-30,33.25,,new
U02417,B2C,B2C,2023-12-31,33.25,33.25,retained_flat
U02417,B2C,B2C,2024-01-31,33.25,33.25,retained_flat
U02417,B2C,B2C,2024-02-29,33.25,33.25,retained_flat
U02417,B2C,B2C,2024-03-31,33.25,33.25,retained_flat
U02417,B2C,B2C,2024-04-30,33.25,33.25,retained_flat
U02438,B2C,B2C,2023-11-30,33.25,,new
U02438,B2C,B2C,2023-12-31,33.25,33.25,retained_flat
U02438,B2C,B2C,2024-01-31,33.25,33.25,retained_flat
U02438,B2C,B2C,2024-02-29,33.25,33.25,retained_flat
U02438,B2C,B2C,2024-03-31,33.25,33.25,retained_flat
U02438,B2C,B2C,2024-04-30,33.25,33.25,retained_flat
U02440,B2C,B2C,2023-11-30,49.0,,new
U02440,B2C,B2C,2023-12-31,49.0,49.0,retained_flat
U02440,B2C,B2C,2024-01-31,49.0,49.0,retained_flat
U02440,B2C,B2C,2024-02-29,49.0,49.0,retained_flat
U02440,B2C,B2C,2024-03-31,49.0,49.0,retained_flat
U02440,B2C,B2C,2024-04-30,49.0,49.0,retained_flat
U02449,B2C,B2C,2023-11-30,49.0,,new
U02449,B2C,B2C,2023-12-31,49.0,49.0,retained_flat
U02449,B2C,B2C,2024-01-31,49.0,49.0,retained_flat
U02449,B2C,B2C,2024-02-29,49.0,49.0,retained_flat
U02449,B2C,B2C,2024-03-31,49.0,49.0,retained_flat
U02449,B2C,B2C,2024-04-30,49.0,49.0,retained_flat
U02450,B2C,B2C,2023-11-30,33.25,,new
U02450,B2C,B2C,2023-12-31,33.25,33.25,retained_flat
U02450,B2C,B2C,2024-01-31,33.25,33.25,retained_flat
U02450,B2C,B2C,2024-02-29,33.25,33.25,retained_flat
U02450,B2C,B2C,2024-03-31,33.25,33.25,retained_flat
U02450,B2C,B2C,2024-04-30,33.25,33.25,retained_flat
U02476,B2C,B2C,2023-11-30,49.0,,new
U02476,B2C,B2C,2023-12-31,49.0,49.0,retained_flat
U02476,B2C,B2C,2024-01-31,49.0,49.0,retained_flat
U02476,B2C,B2C,2024-02-29,49.0,49.0,retained_flat
U02476,B2C,B2C,2024-03-31,49.0,49.0,retained_flat
U02476,B2C,B2C,2024-04-30,49.0,49.0,retained_flat
U02481,B2C,B2C,2023-11-30,49.0,,new
U02481,B2C,B2C,2023-12-31,49.0,49.0,retained_flat
U02481,B2C,B2C,2024-01-31,49.0,49.0,retained_flat
U02481,B2C,B2C,2024-02-29,49.0,49.0,retained_flat
U02481,B2C,B2C,2024-03-31,49.0,49.0,retained_flat
U02481,B2C,B2C,2024-04-30,49.0,49.0,retained_flat
U02493,B2C,B2C,2023-11-30,49.0,,new
U02493,B2C,B2C,2023-12-31,49.0,49.0,retained_flat
U02493,B2C,B2C,2024-01-31,49.0,49.0,retained_flat
U02493,B2C,B2C,2024-02-29,49.0,49.0,retained_flat
U02493,B2C,B2C,2024-03-31,49.0,49.0,retained_flat
U02493,B2C,B2C,2024-04-30,0.0,49.0,churn
U02497,B2C,B2C,2023-11-30,49.0,,new
U02497,B2C,B2C,2023-12-31,49.0,49.0,retained_flat
U02497,B2C,B2C,2024-01-31,49.0,49.0,retained_flat
U02497,B2C,B2C,2024-02-29,49.0,49.0,retained_flat
U02497,B2C,B2C,2024-03-31,49.0,49.0,retained_flat
U02497,B2C,B2C,2024-04-30,49.0,49.0,retained_flat
U02513,B2C,B2C,2023-11-30,49.0,,new
U02513,B2C,B2C,2023-12-31,0.0,49.0,churn
U02513,B2C,B2C,2024-01-31,0.0,0.0,inactive
U02513,B2C,B2C,2024-02-29,0.0,0.0,inactive
U02513,B2C,B2C,2024-03-31,0.0,0.0,inactive
U02513,B2C,B2C,2024-04-30,0.0,0.0,inactive
U02515,B2C,B2C,2023-11-30,49.0,,new
U02515,B2C,B2C,2023-12-31,49.0,49.0,retained_flat
U02515,B2C,B2C,2024-01-31,0.0,49.0,churn
U02515,B2C,B2C,2024-02-29,0.0,0.0,inactive
U02515,B2C,B2C,2024-03-31,0.0,0.0,inactive
U02515,B2C,B2C,2024-04-30,0.0,0.0,inactive
U02525,B2C,B2C,2023-11-30,33.25,,new
U02525,B2C,B2C,2023-12-31,33.25,33.25,retained_flat
U02525,B2C,B2C,2024-01-31,33.25,33.25,retained_flat
U02525,B2C,B2C,2024-02-29,33.25,33.25,retained_flat
U02525,B2C,B2C,2024-03-31,33.25,33.25,retained_flat
U02525,B2C,B2C,2024-04-30,33.25,33.25,retained_flat
U02531,B2C,B2C,2023-11-30,49.0,,new
U02531,B2C,B2C,2023-12-31,49.0,49.0,retained_flat
U02531,B2C,B2C,2024-01-31,49.0,49.0,retained_flat
U02531,B2C,B2C,2024-02-29,49.0,49.0,retained_flat
U02531,B2C,B2C,2024-03-31,49.0,49.0,retained_flat
U02531,B2C,B2C,2024-04-30,49.0,49.0,retained_flat
U02537,B2C,B2C,2023-11-30,49.0,,new
U02537,B2C,B2C,2023-12-31,49.0,49.0,retained_flat
U02537,B2C,B2C,2024-01-31,49.0,49.0,retained_flat
U02537,B2C,B2C,2024-02-29,49.0,49.0,retained_flat
U02537,B2C,B2C,2024-03-31,49.0,49.0,retained_flat
U02537,B2C,B2C,2024-04-30,49.0,49.0,retained_flat
U02550,B2C,B2C,2023-11-30,49.0,,new
U02550,B2C,B2C,2023-12-31,49.0,49.0,retained_flat
U02550,B2C,B2C,2024-01-31,49.0,49.0,retained_flat
U02550,B2C,B2C,2024-02-29,49.0,49.0,retained_flat
U02550,B2C,B2C,2024-03-31,49.0,49.0,retained_flat
U02550,B2C,B2C,2024-04-30,49.0,49.0,retained_flat
U02560,SMB,B2B,2023-11-30,199.0,,new
U02560,SMB,B2B,2023-12-31,0.0,199.0,churn
U02560,SMB,B2B,2024-01-31,0.0,0.0,inactive
U02560,SMB,B2B,2024-02-29,0.0,0.0,inactive
U02560,SMB,B2B,2024-03-31,0.0,0.0,inactive
U02560,SMB,B2B,2024-04-30,0.0,0.0,inactive
U02604,B2C,B2C,2023-12-31,49.0,,new
U02604,B2C,B2C,2024-01-31,49.0,49.0,retained_flat
U02604,B2C,B2C,2024-02-29,49.0,49.0,retained_flat
U02604,B2C,B2C,2024-03-31,49.0,49.0,retained_flat
U02604,B2C,B2C,2024-04-30,49.0,49.0,retained_flat
U02628,B2C,B2C,2023-12-31,49.0,,new
U02628,B2C,B2C,2024-01-31,49.0,49.0,retained_flat
U02628,B2C,B2C,2024-02-29,49.0,49.0,retained_flat
U02628,B2C,B2C,2024-03-31,49.0,49.0,retained_flat
U02628,B2C,B2C,2024-04-30,49.0,49.0,retained_flat
U02645,B2C,B2C,2023-12-31,49.0,,new
U02645,B2C,B2C,2024-01-31,49.0,49.0,retained_flat
U02645,B2C,B2C,2024-02-29,49.0,49.0,retained_flat
U02645,B2C,B2C,2024-03-31,49.0,49.0,retained_flat
U02645,B2C,B2C,2024-04-30,49.0,49.0,retained_flat
U02647,B2C,B2C,2023-12-31,33.25,,new
U02647,B2C,B2C,2024-01-31,33.25,33.25,retained_flat
U02647,B2C,B2C,2024-02-29,33.25,33.25,retained_flat
U02647,B2C,B2C,2024-03-31,33.25,33.25,retained_flat
U02647,B2C,B2C,2024-04-30,33.25,33.25,retained_flat
U02656,B2C,B2C,2023-12-31,49.0,,new
U02656,B2C,B2C,2024-01-31,49.0,49.0,retained_flat
U02656,B2C,B2C,2024-02-29,49.0,49.0,retained_flat
U02656,B2C,B2C,2024-03-31,0.0,49.0,churn
U02656,B2C,B2C,2024-04-30,0.0,0.0,inactive
U02666,B2C,B2C,2023-12-31,49.0,,new
U02666,B2C,B2C,2024-01-31,49.0,49.0,retained_flat
U02666,B2C,B2C,2024-02-29,49.0,49.0,retained_flat
U02666,B2C,B2C,2024-03-31,49.0,49.0,retained_flat
U02666,B2C,B2C,2024-04-30,49.0,49.0,retained_flat
U02670,B2C,B2C,2023-12-31,49.0,,new
U02670,B2C,B2C,2024-01-31,49.0,49.0,retained_flat
U02670,B2C,B2C,2024-02-29,49.0,49.0,retained_flat
U02670,B2C,B2C,2024-03-31,49.0,49.0,retained_flat
U02670,B2C,B2C,2024-04-30,49.0,49.0,retained_flat
U02696,B2C,B2C,2023-12-31,49.0,,new
U02696,B2C,B2C,2024-01-31,49.0,49.0,retained_flat
U02696,B2C,B2C,2024-02-29,49.0,49.0,retained_flat
U02696,B2C,B2C,2024-03-31,0.0,49.0,churn
U02696,B2C,B2C,2024-04-30,0.0,0.0,inactive
U02705,B2C,B2C,2023-12-31,33.25,,new
U02705,B2C,B2C,2024-01-31,33.25,33.25,retained_flat
U02705,B2C,B2C,2024-02-29,33.25,33.25,retained_flat
U02705,B2C,B2C,2024-03-31,33.25,33.25,retained_flat
U02705,B2C,B2C,2024-04-30,33.25,33.25,retained_flat
U02709,B2C,B2C,2023-12-31,49.0,,new
U02709,B2C,B2C,2024-01-31,49.0,49.0,retained_flat
U02709,B2C,B2C,2024-02-29,49.0,49.0,retained_flat
U02709,B2C,B2C,2024-03-31,49.0,49.0,retained_flat
U02709,B2C,B2C,2024-04-30,49.0,49.0,retained_flat
U02711,B2C,B2C,2023-12-31,33.25,,new
U02711,B2C,B2C,2024-01-31,33.25,33.25,retained_flat
U02711,B2C,B2C,2024-02-29,33.25,33.25,retained_flat
U02711,B2C,B2C,2024-03-31,33.25,33.25,retained_flat
U02711,B2C,B2C,2024-04-30,33.25,33.25,retained_flat
U02723,B2C,B2C,2023-12-31,33.25,,new
U02723,B2C,B2C,2024-01-31,33.25,33.25,retained_flat
U02723,B2C,B2C,2024-02-29,33.25,33.25,retained_flat
U02723,B2C,B2C,2024-03-31,33.25,33.25,retained_flat
U02723,B2C,B2C,2024-04-30,33.25,33.25,retained_flat
U02739,B2C,B2C,2023-12-31,33.25,,new
U02739,B2C,B2C,2024-01-31,33.25,33.25,retained_flat
U02739,B2C,B2C,2024-02-29,33.25,33.25,retained_flat
U02739,B2C,B2C,2024-03-31,33.25,33.25,retained_flat
U02739,B2C,B2C,2024-04-30,33.25,33.25,retained_flat
U02744,B2C,B2C,2023-12-31,49.0,,new
U02744,B2C,B2C,2024-01-31,0.0,49.0,churn
U02744,B2C,B2C,2024-02-29,0.0,0.0,inactive
U02744,B2C,B2C,2024-03-31,0.0,0.0,inactive
U02744,B2C,B2C,2024-04-30,0.0,0.0,inactive
U02751,SMB,B2B,2023-12-31,199.0,,new
U02751,SMB,B2B,2024-01-31,199.0,199.0,retained_flat
U02751,SMB,B2B,2024-02-29,0.0,199.0,churn
U02751,SMB,B2B,2024-03-31,0.0,0.0,inactive
U02751,SMB,B2B,2024-04-30,0.0,0.0,inactive
U02763,SMB,B2B,2023-12-31,199.0,,new
U02763,SMB,B2B,2024-01-31,199.0,199.0,retained_flat
U02763,SMB,B2B,2024-02-29,199.0,199.0,retained_flat
U02763,SMB,B2B,2024-03-31,199.0,199.0,retained_flat
U02763,SMB,B2B,2024-04-30,199.0,199.0,retained_flat
U02802,B2C,B2C,2024-01-31,49.0,,new
U02802,B2C,B2C,2024-02-29,49.0,49.0,retained_flat
U02802,B2C,B2C,2024-03-31,49.0,49.0,retained_flat
U02802,B2C,B2C,2024-04-30,0.0,49.0,churn
U02858,B2C,B2C,2024-01-31,49.0,,new
U02858,B2C,B2C,2024-02-29,49.0,49.0,retained_flat
U02858,B2C,B2C,2024-03-31,0.0,49.0,churn
U02858,B2C,B2C,2024-04-30,0.0,0.0,inactive
U02876,B2C,B2C,2024-01-31,33.25,,new
U02876,B2C,B2C,2024-02-29,33.25,33.25,retained_flat
U02876,B2C,B2C,2024-03-31,33.25,33.25,retained_flat
U02876,B2C,B2C,2024-04-30,33.25,33.25,retained_flat
U02891,B2C,B2C,2024-01-31,33.25,,new
U02891,B2C,B2C,2024-02-29,33.25,33.25,retained_flat
U02891,B2C,B2C,2024-03-31,33.25,33.25,retained_flat
U02891,B2C,B2C,2024-04-30,33.25,33.25,retained_flat
U02898,B2C,B2C,2024-01-31,49.0,,new
U02898,B2C,B2C,2024-02-29,49.0,49.0,retained_flat
U02898,B2C,B2C,2024-03-31,49.0,49.0,retained_flat
U02898,B2C,B2C,2024-04-30,0.0,49.0,churn
U02909,B2C,B2C,2024-01-31,49.0,,new
U02909,B2C,B2C,2024-02-29,49.0,49.0,retained_flat
U02909,B2C,B2C,2024-03-31,49.0,49.0,retained_flat
U02909,B2C,B2C,2024-04-30,49.0,49.0,retained_flat
U02920,B2C,B2C,2024-01-31,49.0,,new
U02920,B2C,B2C,2024-02-29,49.0,49.0,retained_flat
U02920,B2C,B2C,2024-03-31,49.0,49.0,retained_flat
U02920,B2C,B2C,2024-04-30,49.0,49.0,retained_flat
U02932,B2C,B2C,2024-01-31,49.0,,new
U02932,B2C,B2C,2024-02-29,49.0,49.0,retained_flat
U02932,B2C,B2C,2024-03-31,49.0,49.0,retained_flat
U02932,B2C,B2C,2024-04-30,49.0,49.0,retained_flat
U02942,B2C,B2C,2024-01-31,33.25,,new
U02942,B2C,B2C,2024-02-29,33.25,33.25,retained_flat
U02942,B2C,B2C,2024-03-31,33.25,33.25,retained_flat
U02942,B2C,B2C,2024-04-30,33.25,33.25,retained_flat
U02962,SMB,B2B,2024-01-31,199.0,,new
U02962,SMB,B2B,2024-02-29,199.0,199.0,retained_flat
U02962,SMB,B2B,2024-03-31,199.0,199.0,retained_flat
U02962,SMB,B2B,2024-04-30,199.0,199.0,retained_flat
U02963,SMB,B2B,2024-01-31,149.92,,new
U02963,SMB,B2B,2024-02-29,149.92,149.92,retained_flat
U02963,SMB,B2B,2024-03-31,149.92,149.92,retained_flat
U02963,SMB,B2B,2024-04-30,149.92,149.92,retained_flat
U02971,SMB,B2B,2024-01-31,199.0,,new
U02971,SMB,B2B,2024-02-29,0.0,199.0,churn
U02971,SMB,B2B,2024-03-31,0.0,0.0,inactive
U02971,SMB,B2B,2024-04-30,0.0,0.0,inactive
U02982,SMB,B2B,2024-01-31,149.92,,new
U02982,SMB,B2B,2024-02-29,149.92,149.92,retained_flat
U02982,SMB,B2B,2024-03-31,149.92,149.92,retained_flat
U02982,SMB,B2B,2024-04-30,149.92,149.92,retained_flat
U03007,B2C,B2C,2024-02-29,49.0,,new
U03007,B2C,B2C,2024-03-31,49.0,49.0,retained_flat
U03007,B2C,B2C,2024-04-30,49.0,49.0,retained_flat
U03026,B2C,B2C,2024-02-29,49.0,,new
U03026,B2C,B2C,2024-03-31,49.0,49.0,retained_flat
U03026,B2C,B2C,2024-04-30,49.0,49.0,retained_flat
U03032,B2C,B2C,2024-02-29,49.0,,new
U03032,B2C,B2C,2024-03-31,49.0,49.0,retained_flat
U03032,B2C,B2C,2024-04-30,49.0,49.0,retained_flat
U03054,B2C,B2C,2024-02-29,49.0,,new
U03054,B2C,B2C,2024-03-31,0.0,49.0,churn
U03054,B2C,B2C,2024-04-30,0.0,0.0,inactive
U03071,B2C,B2C,2024-02-29,49.0,,new
U03071,B2C,B2C,2024-03-31,49.0,49.0,retained_flat
U03071,B2C,B2C,2024-04-30,49.0,49.0,retained_flat
U03081,B2C,B2C,2024-02-29,49.0,,new
U03081,B2C,B2C,2024-03-31,49.0,49.0,retained_flat
U03081,B2C,B2C,2024-04-30,49.0,49.0,retained_flat
U03103,B2C,B2C,2024-02-29,49.0,,new
U03103,B2C,B2C,2024-03-31,49.0,49.0,retained_flat
U03103,B2C,B2C,2024-04-30,49.0,49.0,retained_flat
U03104,B2C,B2C,2024-02-29,33.25,,new
U03104,B2C,B2C,2024-03-31,33.25,33.25,retained_flat
U03104,B2C,B2C,2024-04-30,33.25,33.25,retained_flat
U03108,B2C,B2C,2024-02-29,49.0,,new
U03108,B2C,B2C,2024-03-31,49.0,49.0,retained_flat
U03108,B2C,B2C,2024-04-30,49.0,49.0,retained_flat
U03111,B2C,B2C,2024-02-29,49.0,,new
U03111,B2C,B2C,2024-03-31,49.0,49.0,retained_flat
U03111,B2C,B2C,2024-04-30,49.0,49.0,retained_flat
U03115,B2C,B2C,2024-02-29,33.25,,new
U03115,B2C,B2C,2024-03-31,33.25,33.25,retained_flat
U03115,B2C,B2C,2024-04-30,33.25,33.25,retained_flat
U03123,B2C,B2C,2024-02-29,33.25,,new
U03123,B2C,B2C,2024-03-31,33.25,33.25,retained_flat
U03123,B2C,B2C,2024-04-30,33.25,33.25,retained_flat
U03131,B2C,B2C,2024-02-29,49.0,,new
U03131,B2C,B2C,2024-03-31,0.0,49.0,churn
U03131,B2C,B2C,2024-04-30,0.0,0.0,inactive
U03136,B2C,B2C,2024-02-29,49.0,,new
U03136,B2C,B2C,2024-03-31,49.0,49.0,retained_flat
U03136,B2C,B2C,2024-04-30,49.0,49.0,retained_flat
U03176,B2C,B2C,2024-02-29,49.0,,new
U03176,B2C,B2C,2024-03-31,49.0,49.0,retained_flat
U03176,B2C,B2C,2024-04-30,49.0,49.0,retained_flat
U03185,SMB,B2B,2024-02-29,199.0,,new
U03185,SMB,B2B,2024-03-31,199.0,199.0,retained_flat
U03185,SMB,B2B,2024-04-30,199.0,199.0,retained_flat
U03198,SMB,B2B,2024-02-29,199.0,,new
U03198,SMB,B2B,2024-03-31,159.95,199.0,contraction
U03198,SMB,B2B,2024-04-30,159.95,159.95,retained_flat
U03221,Enterprise,B2B,2024-02-29,825.0,,new
U03221,Enterprise,B2B,2024-03-31,825.0,825.0,retained_flat
U03221,Enterprise,B2B,2024-04-30,825.0,825.0,retained_flat
U03232,B2C,B2C,2024-03-31,49.0,,new
U03232,B2C,B2C,2024-04-30,49.0,49.0,retained_flat
U03276,B2C,B2C,2024-03-31,33.25,,new
U03276,B2C,B2C,2024-04-30,33.25,33.25,retained_flat
U03280,B2C,B2C,2024-03-31,49.0,,new
U03280,B2C,B2C,2024-04-30,49.0,49.0,retained_flat
U03297,B2C,B2C,2024-03-31,33.25,,new
U03297,B2C,B2C,2024-04-30,33.25,33.25,retained_flat
U03304,B2C,B2C,2024-03-31,49.0,,new
U03304,B2C,B2C,2024-04-30,49.0,49.0,retained_flat
U03315,B2C,B2C,2024-03-31,49.0,,new
U03315,B2C,B2C,2024-04-30,0.0,49.0,churn
U03337,B2C,B2C,2024-03-31,49.0,,new
U03337,B2C,B2C,2024-04-30,49.0,49.0,retained_flat
U03340,B2C,B2C,2024-03-31,33.25,,new
U03340,B2C,B2C,2024-04-30,33.25,33.25,retained_flat
U03372,B2C,B2C,2024-03-31,33.25,,new
U03372,B2C,B2C,2024-04-30,33.25,33.25,retained_flat
U03391,B2C,B2C,2024-03-31,33.25,,new
U03391,B2C,B2C,2024-04-30,33.25,33.25,retained_flat
U03395,B2C,B2C,2024-03-31,49.0,,new
U03395,B2C,B2C,2024-04-30,49.0,49.0,retained_flat
U03399,B2C,B2C,2024-03-31,49.0,,new
U03399,B2C,B2C,2024-04-30,49.0,49.0,retained_flat
U03403,B2C,B2C,2024-03-31,33.25,,new
U03403,B2C,B2C,2024-04-30,33.25,33.25,retained_flat
U03412,SMB,B2B,2024-03-31,199.0,,new
U03412,SMB,B2B,2024-04-30,199.0,199.0,retained_flat
U03435,SMB,B2B,2024-03-31,199.0,,new
U03435,SMB,B2B,2024-04-30,199.0,199.0,retained_flat
U03446,Enterprise,B2B,2024-03-31,825.0,,new
U03446,Enterprise,B2B,2024-04-30,825.0,825.0,retained_flat
U03451,Enterprise,B2B,2024-03-31,825.0,,new
U03451,Enterprise,B2B,2024-04-30,825.0,825.0,retained_flat
U03458,B2C,B2C,2024-04-30,49.0,,new
U03463,B2C,B2C,2024-04-30,49.0,,new
U03473,B2C,B2C,2024-04-30,49.0,,new
U03498,B2C,B2C,2024-04-30,49.0,,new
U03504,B2C,B2C,2024-04-30,49.0,,new
U03516,B2C,B2C,2024-04-30,49.0,,new
U03521,B2C,B2C,2024-04-30,49.0,,new
U03544,B2C,B2C,2024-04-30,33.25,,new
U03550,B2C,B2C,2024-04-30,49.0,,new
U03570,B2C,B2C,2024-04-30,49.0,,new
U03587,B2C,B2C,2024-04-30,49.0,,new
U03606,B2C,B2C,2024-04-30,49.0,,new
U03607,B2C,B2C,2024-04-30,49.0,,new
U03624,B2C,B2C,2024-04-30,49.0,,new
U03635,B2C,B2C,2024-04-30,33.25,,new
U03648,B2C,B2C,2024-04-30,49.0,,new
U03690,Enterprise,B2B,2024-04-30,990.0,,new
U01024,B2C,B2C,2023-01-31,33.25,,new
U01024,B2C,B2C,2023-02-28,33.25,33.25,retained_flat
U01024,B2C,B2C,2023-03-31,33.25,33.25,retained_flat
U01024,B2C,B2C,2023-04-30,33.25,33.25,retained_flat
U01024,B2C,B2C,2023-05-31,33.25,33.25,retained_flat
U01024,B2C,B2C,2023-06-30,33.25,33.25,retained_flat
U01024,B2C,B2C,2023-07-31,33.25,33.25,retained_flat
U01024,B2C,B2C,2023-08-31,33.25,33.25,retained_flat
U01024,B2C,B2C,2023-09-30,33.25,33.25,retained_flat
U01024,B2C,B2C,2023-10-31,33.25,33.25,retained_flat
U01024,B2C,B2C,2023-11-30,33.25,33.25,retained_flat
U01024,B2C,B2C,2023-12-31,33.25,33.25,retained_flat
U01024,B2C,B2C,2024-01-31,33.25,33.25,retained_flat
U01024,B2C,B2C,2024-02-29,33.25,33.25,retained_flat
U01024,B2C,B2C,2024-03-31,33.25,33.25,retained_flat
U01024,B2C,B2C,2024-04-30,33.25,33.25,retained_flat
U01038,B2C,B2C,2023-01-31,49.0,,new
U01038,B2C,B2C,2023-02-28,49.0,49.0,retained_flat
U01038,B2C,B2C,2023-03-31,0.0,49.0,churn
U01038,B2C,B2C,2023-04-30,0.0,0.0,inactive
U01038,B2C,B2C,2023-05-31,0.0,0.0,inactive
U01038,B2C,B2C,2023-06-30,0.0,0.0,inactive
U01038,B2C,B2C,2023-07-31,0.0,0.0,inactive
U01038,B2C,B2C,2023-08-31,0.0,0.0,inactive
U01038,B2C,B2C,2023-09-30,0.0,0.0,inactive
U01038,B2C,B2C,2023-10-31,0.0,0.0,inactive
U01038,B2C,B2C,2023-11-30,0.0,0.0,inactive
U01038,B2C,B2C,2023-12-31,0.0,0.0,inactive
U01038,B2C,B2C,2024-01-31,0.0,0.0,inactive
U01038,B2C,B2C,2024-02-29,0.0,0.0,inactive
U01038,B2C,B2C,2024-03-31,0.0,0.0,inactive
U01038,B2C,B2C,2024-04-30,0.0,0.0,inactive
U01043,B2C,B2C,2023-01-31,49.0,,new
U01043,B2C,B2C,2023-02-28,49.0,49.0,retained_flat
U01043,B2C,B2C,2023-03-31,49.0,49.0,retained_flat
U01043,B2C,B2C,2023-04-30,49.0,49.0,retained_flat
U01043,B2C,B2C,2023-05-31,49.0,49.0,retained_flat
U01043,B2C,B2C,2023-06-30,49.0,49.0,retained_flat
U01043,B2C,B2C,2023-07-31,49.0,49.0,retained_flat
U01043,B2C,B2C,2023-08-31,49.0,49.0,retained_flat
U01043,B2C,B2C,2023-09-30,49.0,49.0,retained_flat
U01043,B2C,B2C,2023-10-31,49.0,49.0,retained_flat
U01043,B2C,B2C,2023-11-30,49.0,49.0,retained_flat
U01043,B2C,B2C,2023-12-31,49.0,49.0,retained_flat
U01043,B2C,B2C,2024-01-31,49.0,49.0,retained_flat
U01043,B2C,B2C,2024-02-29,49.0,49.0,retained_flat
U01043,B2C,B2C,2024-03-31,49.0,49.0,retained_flat
U01043,B2C,B2C,2024-04-30,49.0,49.0,retained_flat
U01051,B2C,B2C,2023-01-31,49.0,,new
U01051,B2C,B2C,2023-02-28,49.0,49.0,retained_flat
U01051,B2C,B2C,2023-03-31,49.0,49.0,retained_flat
U01051,B2C,B2C,2023-04-30,49.0,49.0,retained_flat
U01051,B2C,B2C,2023-05-31,49.0,49.0,retained_flat
U01051,B2C,B2C,2023-06-30,0.0,49.0,churn
U01051,B2C,B2C,2023-07-31,0.0,0.0,inactive
U01051,B2C,B2C,2023-08-31,0.0,0.0,inactive
U01051,B2C,B2C,2023-09-30,0.0,0.0,inactive
U01051,B2C,B2C,2023-10-31,0.0,0.0,inactive
U01051,B2C,B2C,2023-11-30,0.0,0.0,inactive
U01051,B2C,B2C,2023-12-31,0.0,0.0,inactive
U01051,B2C,B2C,2024-01-31,0.0,0.0,inactive
U01051,B2C,B2C,2024-02-29,0.0,0.0,inactive
U01051,B2C,B2C,2024-03-31,0.0,0.0,inactive
U01051,B2C,B2C,2024-04-30,0.0,0.0,inactive
U01080,B2C,B2C,2023-01-31,49.0,,new
U01080,B2C,B2C,2023-02-28,49.0,49.0,retained_flat
U01080,B2C,B2C,2023-03-31,49.0,49.0,retained_flat
U01080,B2C,B2C,2023-04-30,49.0,49.0,retained_flat
U01080,B2C,B2C,2023-05-31,49.0,49.0,retained_flat
U01080,B2C,B2C,2023-06-30,49.0,49.0,retained_flat
U01080,B2C,B2C,2023-07-31,49.0,49.0,retained_flat
U01080,B2C,B2C,2023-08-31,49.0,49.0,retained_flat
U01080,B2C,B2C,2023-09-30,49.0,49.0,retained_flat
U01080,B2C,B2C,2023-10-31,49.0,49.0,retained_flat
U01080,B2C,B2C,2023-11-30,49.0,49.0,retained_flat
U01080,B2C,B2C,2023-12-31,49.0,49.0,retained_flat
U01080,B2C,B2C,2024-01-31,49.0,49.0,retained_flat
U01080,B2C,B2C,2024-02-29,49.0,49.0,retained_flat
U01080,B2C,B2C,2024-03-31,49.0,49.0,retained_flat
U01080,B2C,B2C,2024-04-30,49.0,49.0,retained_flat
U01081,B2C,B2C,2023-01-31,49.0,,new
U01081,B2C,B2C,2023-02-28,49.0,49.0,retained_flat
U01081,B2C,B2C,2023-03-31,49.0,49.0,retained_flat
U01081,B2C,B2C,2023-04-30,49.0,49.0,retained_flat
U01081,B2C,B2C,2023-05-31,49.0,49.0,retained_flat
U01081,B2C,B2C,2023-06-30,49.0,49.0,retained_flat
U01081,B2C,B2C,2023-07-31,49.0,49.0,retained_flat
U01081,B2C,B2C,2023-08-31,0.0,49.0,churn
U01081,B2C,B2C,2023-09-30,0.0,0.0,inactive
U01081,B2C,B2C,2023-10-31,0.0,0.0,inactive
U01081,B2C,B2C,2023-11-30,0.0,0.0,inactive
U01081,B2C,B2C,2023-12-31,0.0,0.0,inactive
U01081,B2C,B2C,2024-01-31,0.0,0.0,inactive
U01081,B2C,B2C,2024-02-29,0.0,0.0,inactive
U01081,B2C,B2C,2024-03-31,0.0,0.0,inactive
U01081,B2C,B2C,2024-04-30,0.0,0.0,inactive
U01100,Enterprise,B2B,2023-01-31,825.0,,new
U01100,Enterprise,B2B,2023-02-28,825.0,825.0,retained_flat
U01100,Enterprise,B2B,2023-03-31,825.0,825.0,retained_flat
U01100,Enterprise,B2B,2023-04-30,825.0,825.0,retained_flat
U01100,Enterprise,B2B,2023-05-31,825.0,825.0,retained_flat
U01100,Enterprise,B2B,2023-06-30,825.0,825.0,retained_flat
U01100,Enterprise,B2B,2023-07-31,825.0,825.0,retained_flat
U01100,Enterprise,B2B,2023-08-31,825.0,825.0,retained_flat
U01100,Enterprise,B2B,2023-09-30,825.0,825.0,retained_flat
U01100,Enterprise,B2B,2023-10-31,825.0,825.0,retained_flat
U01100,Enterprise,B2B,2023-11-30,825.0,825.0,retained_flat
U01100,Enterprise,B2B,2023-12-31,825.0,825.0,retained_flat
U01100,Enterprise,B2B,2024-01-31,825.0,825.0,retained_flat
U01100,Enterprise,B2B,2024-02-29,825.0,825.0,retained_flat
U01100,Enterprise,B2B,2024-03-31,825.0,825.0,retained_flat
U01100,Enterprise,B2B,2024-04-30,825.0,825.0,retained_flat
U01115,B2C,B2C,2023-02-28,49.0,,new
U01115,B2C,B2C,2023-03-31,49.0,49.0,retained_flat
U01115,B2C,B2C,2023-04-30,49.0,49.0,retained_flat
U01115,B2C,B2C,2023-05-31,49.0,49.0,retained_flat
U01115,B2C,B2C,2023-06-30,49.0,49.0,retained_flat
U01115,B2C,B2C,2023-07-31,49.0,49.0,retained_flat
U01115,B2C,B2C,2023-08-31,49.0,49.0,retained_flat
U01115,B2C,B2C,2023-09-30,49.0,49.0,retained_flat
U01115,B2C,B2C,2023-10-31,49.0,49.0,retained_flat
U01115,B2C,B2C,2023-11-30,0.0,49.0,churn
U01115,B2C,B2C,2023-12-31,0.0,0.0,inactive
U01115,B2C,B2C,2024-01-31,0.0,0.0,inactive
U01115,B2C,B2C,2024-02-29,0.0,0.0,inactive
U01115,B2C,B2C,2024-03-31,0.0,0.0,inactive
U01115,B2C,B2C,2024-04-30,0.0,0.0,inactive
U01134,B2C,B2C,2023-02-28,49.0,,new
U01134,B2C,B2C,2023-03-31,49.0,49.0,retained_flat
U01134,B2C,B2C,2023-04-30,49.0,49.0,retained_flat
U01134,B2C,B2C,2023-05-31,49.0,49.0,retained_flat
U01134,B2C,B2C,2023-06-30,49.0,49.0,retained_flat
U01134,B2C,B2C,2023-07-31,49.0,49.0,retained_flat
U01134,B2C,B2C,2023-08-31,49.0,49.0,retained_flat
U01134,B2C,B2C,2023-09-30,0.0,49.0,churn
U01134,B2C,B2C,2023-10-31,0.0,0.0,inactive
U01134,B2C,B2C,2023-11-30,0.0,0.0,inactive
U01134,B2C,B2C,2023-12-31,0.0,0.0,inactive
U01134,B2C,B2C,2024-01-31,0.0,0.0,inactive
U01134,B2C,B2C,2024-02-29,0.0,0.0,inactive
U01134,B2C,B2C,2024-03-31,0.0,0.0,inactive
U01134,B2C,B2C,2024-04-30,0.0,0.0,inactive
U01159,B2C,B2C,2023-02-28,33.25,,new
U01159,B2C,B2C,2023-03-31,33.25,33.25,retained_flat
U01159,B2C,B2C,2023-04-30,33.25,33.25,retained_flat
U01159,B2C,B2C,2023-05-31,33.25,33.25,retained_flat
U01159,B2C,B2C,2023-06-30,33.25,33.25,retained_flat
U01159,B2C,B2C,2023-07-31,33.25,33.25,retained_flat
U01159,B2C,B2C,2023-08-31,33.25,33.25,retained_flat
U01159,B2C,B2C,2023-09-30,33.25,33.25,retained_flat
U01159,B2C,B2C,2023-10-31,33.25,33.25,retained_flat
U01159,B2C,B2C,2023-11-30,33.25,33.25,retained_flat
U01159,B2C,B2C,2023-12-31,33.25,33.25,retained_flat
U01159,B2C,B2C,2024-01-31,33.25,33.25,retained_flat
U01159,B2C,B2C,2024-02-29,33.25,33.25,retained_flat
U01159,B2C,B2C,2024-03-31,33.25,33.25,retained_flat
U01159,B2C,B2C,2024-04-30,33.25,33.25,retained_flat
U01177,B2C,B2C,2023-02-28,49.0,,new
U01177,B2C,B2C,2023-03-31,49.0,49.0,retained_flat
U01177,B2C,B2C,2023-04-30,49.0,49.0,retained_flat
U01177,B2C,B2C,2023-05-31,49.0,49.0,retained_flat
U01177,B2C,B2C,2023-06-30,49.0,49.0,retained_flat
U01177,B2C,B2C,2023-07-31,49.0,49.0,retained_flat
U01177,B2C,B2C,2023-08-31,0.0,49.0,churn
U01177,B2C,B2C,2023-09-30,0.0,0.0,inactive
U01177,B2C,B2C,2023-10-31,0.0,0.0,inactive
U01177,B2C,B2C,2023-11-30,0.0,0.0,inactive
U01177,B2C,B2C,2023-12-31,0.0,0.0,inactive
U01177,B2C,B2C,2024-01-31,0.0,0.0,inactive
U01177,B2C,B2C,2024-02-29,0.0,0.0,inactive
U01177,B2C,B2C,2024-03-31,0.0,0.0,inactive
U01177,B2C,B2C,2024-04-30,0.0,0.0,inactive
U01185,B2C,B2C,2023-02-28,49.0,,new
U01185,B2C,B2C,2023-03-31,49.0,49.0,retained_flat
U01185,B2C,B2C,2023-04-30,49.0,49.0,retained_flat
U01185,B2C,B2C,2023-05-31,49.0,49.0,retained_flat
U01185,B2C,B2C,2023-06-30,49.0,49.0,retained_flat
U01185,B2C,B2C,2023-07-31,49.0,49.0,retained_flat
U01185,B2C,B2C,2023-08-31,49.0,49.0,retained_flat
U01185,B2C,B2C,2023-09-30,0.0,49.0,churn
U01185,B2C,B2C,2023-10-31,0.0,0.0,inactive
U01185,B2C,B2C,2023-11-30,0.0,0.0,inactive
U01185,B2C,B2C,2023-12-31,0.0,0.0,inactive
U01185,B2C,B2C,2024-01-31,0.0,0.0,inactive
U01185,B2C,B2C,2024-02-29,0.0,0.0,inactive
U01185,B2C,B2C,2024-03-31,0.0,0.0,inactive
U01185,B2C,B2C,2024-04-30,0.0,0.0,inactive
U01189,SMB,B2B,2023-02-28,149.92,,new
U01189,SMB,B2B,2023-03-31,149.92,149.92,retained_flat
U01189,SMB,B2B,2023-04-30,149.92,149.92,retained_flat
U01189,SMB,B2B,2023-05-31,149.92,149.92,retained_flat
U01189,SMB,B2B,2023-06-30,149.92,149.92,retained_flat
U01189,SMB,B2B,2023-07-31,149.92,149.92,retained_flat
U01189,SMB,B2B,2023-08-31,149.92,149.92,retained_flat
U01189,SMB,B2B,2023-09-30,149.92,149.92,retained_flat
U01189,SMB,B2B,2023-10-31,149.92,149.92,retained_flat
U01189,SMB,B2B,2023-11-30,149.92,149.92,retained_flat
U01189,SMB,B2B,2023-12-31,149.92,149.92,retained_flat
U01189,SMB,B2B,2024-01-31,149.92,149.92,retained_flat
U01189,SMB,B2B,2024-02-29,149.92,149.92,retained_flat
U01189,SMB,B2B,2024-03-31,149.92,149.92,retained_flat
U01189,SMB,B2B,2024-04-30,149.92,149.92,retained_flat
U01198,SMB,B2B,2023-02-28,149.92,,new
U01198,SMB,B2B,2023-03-31,149.92,149.92,retained_flat
U01198,SMB,B2B,2023-04-30,149.92,149.92,retained_flat
U01198,SMB,B2B,2023-05-31,149.92,149.92,retained_flat
U01198,SMB,B2B,2023-06-30,149.92,149.92,retained_flat
U01198,SMB,B2B,2023-07-31,149.92,149.92,retained_flat
U01198,SMB,B2B,2023-08-31,149.92,149.92,retained_flat
U01198,SMB,B2B,2023-09-30,149.92,149.92,retained_flat
U01198,SMB,B2B,2023-10-31,149.92,149.92,retained_flat
U01198,SMB,B2B,2023-11-30,149.92,149.92,retained_flat
U01198,SMB,B2B,2023-12-31,149.92,149.92,retained_flat
U01198,SMB,B2B,2024-01-31,149.92,149.92,retained_flat
U01198,SMB,B2B,2024-02-29,149.92,149.92,retained_flat
U01198,SMB,B2B,2024-03-31,149.92,149.92,retained_flat
U01198,SMB,B2B,2024-04-30,149.92,149.92,retained_flat
U01230,B2C,B2C,2023-03-31,49.0,,new
U01230,B2C,B2C,2023-04-30,49.0,49.0,retained_flat
U01230,B2C,B2C,2023-05-31,0.0,49.0,churn
U01230,B2C,B2C,2023-06-30,0.0,0.0,inactive
U01230,B2C,B2C,2023-07-31,0.0,0.0,inactive
U01230,B2C,B2C,2023-08-31,0.0,0.0,inactive
U01230,B2C,B2C,2023-09-30,0.0,0.0,inactive
U01230,B2C,B2C,2023-10-31,0.0,0.0,inactive
U01230,B2C,B2C,2023-11-30,0.0,0.0,inactive
U01230,B2C,B2C,2023-12-31,0.0,0.0,inactive
U01230,B2C,B2C,2024-01-31,0.0,0.0,inactive
U01230,B2C,B2C,2024-02-29,0.0,0.0,inactive
U01230,B2C,B2C,2024-03-31,0.0,0.0,inactive
U01230,B2C,B2C,2024-04-30,0.0,0.0,inactive
U01242,B2C,B2C,2023-03-31,49.0,,new
U01242,B2C,B2C,2023-04-30,0.0,49.0,churn
U01242,B2C,B2C,2023-05-31,0.0,0.0,inactive
U01242,B2C,B2C,2023-06-30,0.0,0.0,inactive
U01242,B2C,B2C,2023-07-31,0.0,0.0,inactive
U01242,B2C,B2C,2023-08-31,0.0,0.0,inactive
U01242,B2C,B2C,2023-09-30,0.0,0.0,inactive
U01242,B2C,B2C,2023-10-31,0.0,0.0,inactive
U01242,B2C,B2C,2023-11-30,0.0,0.0,inactive
U01242,B2C,B2C,2023-12-31,0.0,0.0,inactive
U01242,B2C,B2C,2024-01-31,0.0,0.0,inactive
U01242,B2C,B2C,2024-02-29,0.0,0.0,inactive
U01242,B2C,B2C,2024-03-31,0.0,0.0,inactive
U01242,B2C,B2C,2024-04-30,0.0,0.0,inactive
U01267,B2C,B2C,2023-03-31,49.0,,new
U01267,B2C,B2C,2023-04-30,49.0,49.0,retained_flat
U01267,B2C,B2C,2023-05-31,49.0,49.0,retained_flat
U01267,B2C,B2C,2023-06-30,49.0,49.0,retained_flat
U01267,B2C,B2C,2023-07-31,49.0,49.0,retained_flat
U01267,B2C,B2C,2023-08-31,49.0,49.0,retained_flat
U01267,B2C,B2C,2023-09-30,49.0,49.0,retained_flat
U01267,B2C,B2C,2023-10-31,49.0,49.0,retained_flat
U01267,B2C,B2C,2023-11-30,49.0,49.0,retained_flat
U01267,B2C,B2C,2023-12-31,49.0,49.0,retained_flat
U01267,B2C,B2C,2024-01-31,49.0,49.0,retained_flat
U01267,B2C,B2C,2024-02-29,49.0,49.0,retained_flat
U01267,B2C,B2C,2024-03-31,49.0,49.0,retained_flat
U01267,B2C,B2C,2024-04-30,49.0,49.0,retained_flat
U01301,B2C,B2C,2023-03-31,49.0,,new
U01301,B2C,B2C,2023-04-30,0.0,49.0,churn
U01301,B2C,B2C,2023-05-31,0.0,0.0,inactive
U01301,B2C,B2C,2023-06-30,0.0,0.0,inactive
U01301,B2C,B2C,2023-07-31,0.0,0.0,inactive
U01301,B2C,B2C,2023-08-31,0.0,0.0,inactive
U01301,B2C,B2C,2023-09-30,0.0,0.0,inactive
U01301,B2C,B2C,2023-10-31,0.0,0.0,inactive
U01301,B2C,B2C,2023-11-30,0.0,0.0,inactive
U01301,B2C,B2C,2023-12-31,0.0,0.0,inactive
U01301,B2C,B2C,2024-01-31,0.0,0.0,inactive
U01301,B2C,B2C,2024-02-29,0.0,0.0,inactive
U01301,B2C,B2C,2024-03-31,0.0,0.0,inactive
U01301,B2C,B2C,2024-04-30,0.0,0.0,inactive
U01320,SMB,B2B,2023-03-31,199.0,,new
U01320,SMB,B2B,2023-04-30,199.0,199.0,retained_flat
U01320,SMB,B2B,2023-05-31,199.0,199.0,retained_flat
U01320,SMB,B2B,2023-06-30,199.0,199.0,retained_flat
U01320,SMB,B2B,2023-07-31,199.0,199.0,retained_flat
U01320,SMB,B2B,2023-08-31,199.0,199.0,retained_flat
U01320,SMB,B2B,2023-09-30,221.75,199.0,expansion
U01320,SMB,B2B,2023-10-31,221.75,221.75,retained_flat
U01320,SMB,B2B,2023-11-30,0.0,221.75,churn
U01320,SMB,B2B,2023-12-31,0.0,0.0,inactive
U01320,SMB,B2B,2024-01-31,0.0,0.0,inactive
U01320,SMB,B2B,2024-02-29,0.0,0.0,inactive
U01320,SMB,B2B,2024-03-31,0.0,0.0,inactive
U01320,SMB,B2B,2024-04-30,0.0,0.0,inactive
U01322,Enterprise,B2B,2023-03-31,825.0,,new
U01322,Enterprise,B2B,2023-04-30,825.0,825.0,retained_flat
U01322,Enterprise,B2B,2023-05-31,825.0,825.0,retained_flat
U01322,Enterprise,B2B,2023-06-30,825.0,825.0,retained_flat
U01322,Enterprise,B2B,2023-07-31,825.0,825.0,retained_flat
U01322,Enterprise,B2B,2023-08-31,825.0,825.0,retained_flat
U01322,Enterprise,B2B,2023-09-30,825.0,825.0,retained_flat
U01322,Enterprise,B2B,2023-10-31,825.0,825.0,retained_flat
U01322,Enterprise,B2B,2023-11-30,825.0,825.0,retained_flat
U01322,Enterprise,B2B,2023-12-31,825.0,825.0,retained_flat
U01322,Enterprise,B2B,2024-01-31,825.0,825.0,retained_flat
U01322,Enterprise,B2B,2024-02-29,825.0,825.0,retained_flat
U01322,Enterprise,B2B,2024-03-31,0.0,825.0,churn
U01322,Enterprise,B2B,2024-04-30,0.0,0.0,inactive
U01326,B2C,B2C,2023-04-30,49.0,,new
U01326,B2C,B2C,2023-05-31,49.0,49.0,retained_flat
U01326,B2C,B2C,2023-06-30,49.0,49.0,retained_flat
U01326,B2C,B2C,2023-07-31,49.0,49.0,retained_flat
U01326,B2C,B2C,2023-08-31,49.0,49.0,retained_flat
U01326,B2C,B2C,2023-09-30,49.0,49.0,retained_flat
U01326,B2C,B2C,2023-10-31,49.0,49.0,retained_flat
U01326,B2C,B2C,2023-11-30,49.0,49.0,retained_flat
U01326,B2C,B2C,2023-12-31,0.0,49.0,churn
U01326,B2C,B2C,2024-01-31,0.0,0.0,inactive
U01326,B2C,B2C,2024-02-29,0.0,0.0,inactive
U01326,B2C,B2C,2024-03-31,0.0,0.0,inactive
U01326,B2C,B2C,2024-04-30,0.0,0.0,inactive
U01344,B2C,B2C,2023-04-30,49.0,,new
U01344,B2C,B2C,2023-05-31,49.0,49.0,retained_flat
U01344,B2C,B2C,2023-06-30,0.0,49.0,churn
U01344,B2C,B2C,2023-07-31,0.0,0.0,inactive
U01344,B2C,B2C,2023-08-31,0.0,0.0,inactive
U01344,B2C,B2C,2023-09-30,0.0,0.0,inactive
U01344,B2C,B2C,2023-10-31,0.0,0.0,inactive
U01344,B2C,B2C,2023-11-30,0.0,0.0,inactive
U01344,B2C,B2C,2023-12-31,0.0,0.0,inactive
U01344,B2C,B2C,2024-01-31,0.0,0.0,inactive
U01344,B2C,B2C,2024-02-29,0.0,0.0,inactive
U01344,B2C,B2C,2024-03-31,0.0,0.0,inactive
U01344,B2C,B2C,2024-04-30,0.0,0.0,inactive
U01354,B2C,B2C,2023-04-30,49.0,,new
U01354,B2C,B2C,2023-05-31,49.0,49.0,retained_flat
U01354,B2C,B2C,2023-06-30,49.0,49.0,retained_flat
U01354,B2C,B2C,2023-07-31,49.0,49.0,retained_flat
U01354,B2C,B2C,2023-08-31,49.0,49.0,retained_flat
U01354,B2C,B2C,2023-09-30,49.0,49.0,retained_flat
U01354,B2C,B2C,2023-10-31,49.0,49.0,retained_flat
U01354,B2C,B2C,2023-11-30,49.0,49.0,retained_flat
U01354,B2C,B2C,2023-12-31,49.0,49.0,retained_flat
U01354,B2C,B2C,2024-01-31,0.0,49.0,churn
U01354,B2C,B2C,2024-02-29,0.0,0.0,inactive
U01354,B2C,B2C,2024-03-31,0.0,0.0,inactive
U01354,B2C,B2C,2024-04-30,0.0,0.0,inactive
U01373,B2C,B2C,2023-04-30,49.0,,new
U01373,B2C,B2C,2023-05-31,49.0,49.0,retained_flat
U01373,B2C,B2C,2023-06-30,49.0,49.0,retained_flat
U01373,B2C,B2C,2023-07-31,49.0,49.0,retained_flat
U01373,B2C,B2C,2023-08-31,49.0,49.0,retained_flat
U01373,B2C,B2C,2023-09-30,49.0,49.0,retained_flat
U01373,B2C,B2C,2023-10-31,49.0,49.0,retained_flat
U01373,B2C,B2C,2023-11-30,49.0,49.0,retained_flat
U01373,B2C,B2C,2023-12-31,49.0,49.0,retained_flat
U01373,B2C,B2C,2024-01-31,49.0,49.0,retained_flat
U01373,B2C,B2C,2024-02-29,49.0,49.0,retained_flat
U01373,B2C,B2C,2024-03-31,0.0,49.0,churn
U01373,B2C,B2C,2024-04-30,0.0,0.0,inactive
U01376,B2C,B2C,2023-04-30,33.25,,new
U01376,B2C,B2C,2023-05-31,33.25,33.25,retained_flat
U01376,B2C,B2C,2023-06-30,33.25,33.25,retained_flat
U01376,B2C,B2C,2023-07-31,33.25,33.25,retained_flat
U01376,B2C,B2C,2023-08-31,33.25,33.25,retained_flat
U01376,B2C,B2C,2023-09-30,33.25,33.25,retained_flat
U01376,B2C,B2C,2023-10-31,33.25,33.25,retained_flat
U01376,B2C,B2C,2023-11-30,33.25,33.25,retained_flat
U01376,B2C,B2C,2023-12-31,33.25,33.25,retained_flat
U01376,B2C,B2C,2024-01-31,33.25,33.25,retained_flat
U01376,B2C,B2C,2024-02-29,33.25,33.25,retained_flat
U01376,B2C,B2C,2024-03-31,33.25,33.25,retained_flat
U01376,B2C,B2C,2024-04-30,33.25,33.25,retained_flat
U01381,B2C,B2C,2023-04-30,33.25,,new
U01381,B2C,B2C,2023-05-31,33.25,33.25,retained_flat
U01381,B2C,B2C,2023-06-30,33.25,33.25,retained_flat
U01381,B2C,B2C,2023-07-31,33.25,33.25,retained_flat
U01381,B2C,B2C,2023-08-31,33.25,33.25,retained_flat
U01381,B2C,B2C,2023-09-30,33.25,33.25,retained_flat
U01381,B2C,B2C,2023-10-31,33.25,33.25,retained_flat
U01381,B2C,B2C,2023-11-30,33.25,33.25,retained_flat
U01381,B2C,B2C,2023-12-31,33.25,33.25,retained_flat
U01381,B2C,B2C,2024-01-31,33.25,33.25,retained_flat
U01381,B2C,B2C,2024-02-29,33.25,33.25,retained_flat
U01381,B2C,B2C,2024-03-31,33.25,33.25,retained_flat
U01381,B2C,B2C,2024-04-30,33.25,33.25,retained_flat
U01387,B2C,B2C,2023-04-30,49.0,,new
U01387,B2C,B2C,2023-05-31,49.0,49.0,retained_flat
U01387,B2C,B2C,2023-06-30,49.0,49.0,retained_flat
U01387,B2C,B2C,2023-07-31,49.0,49.0,retained_flat
U01387,B2C,B2C,2023-08-31,49.0,49.0,retained_flat
U01387,B2C,B2C,2023-09-30,49.0,49.0,retained_flat
U01387,B2C,B2C,2023-10-31,49.0,49.0,retained_flat
U01387,B2C,B2C,2023-11-30,49.0,49.0,retained_flat
U01387,B2C,B2C,2023-12-31,49.0,49.0,retained_flat
U01387,B2C,B2C,2024-01-31,49.0,49.0,retained_flat
U01387,B2C,B2C,2024-02-29,49.0,49.0,retained_flat
U01387,B2C,B2C,2024-03-31,49.0,49.0,retained_flat
U01387,B2C,B2C,2024-04-30,49.0,49.0,retained_flat
U01407,B2C,B2C,2023-04-30,49.0,,new
U01407,B2C,B2C,2023-05-31,49.0,49.0,retained_flat
U01407,B2C,B2C,2023-06-30,49.0,49.0,retained_flat
U01407,B2C,B2C,2023-07-31,49.0,49.0,retained_flat
U01407,B2C,B2C,2023-08-31,49.0,49.0,retained_flat
U01407,B2C,B2C,2023-09-30,49.0,49.0,retained_flat
U01407,B2C,B2C,2023-10-31,49.0,49.0,retained_flat
U01407,B2C,B2C,2023-11-30,49.0,49.0,retained_flat
U01407,B2C,B2C,2023-12-31,0.0,49.0,churn
U01407,B2C,B2C,2024-01-31,0.0,0.0,inactive
U01407,B2C,B2C,2024-02-29,0.0,0.0,inactive
U01407,B2C,B2C,2024-03-31,0.0,0.0,inactive
U01407,B2C,B2C,2024-04-30,0.0,0.0,inactive
U01414,B2C,B2C,2023-04-30,49.0,,new
U01414,B2C,B2C,2023-05-31,49.0,49.0,retained_flat
U01414,B2C,B2C,2023-06-30,49.0,49.0,retained_flat
U01414,B2C,B2C,2023-07-31,49.0,49.0,retained_flat
U01414,B2C,B2C,2023-08-31,49.0,49.0,retained_flat
U01414,B2C,B2C,2023-09-30,49.0,49.0,retained_flat
U01414,B2C,B2C,2023-10-31,0.0,49.0,churn
U01414,B2C,B2C,2023-11-30,0.0,0.0,inactive
U01414,B2C,B2C,2023-12-31,0.0,0.0,inactive
U01414,B2C,B2C,2024-01-31,0.0,0.0,inactive
U01414,B2C,B2C,2024-02-29,0.0,0.0,inactive
U01414,B2C,B2C,2024-03-31,0.0,0.0,inactive
U01414,B2C,B2C,2024-04-30,0.0,0.0,inactive
U01444,SMB,B2B,2023-04-30,149.92,,new
U01444,SMB,B2B,2023-05-31,149.92,149.92,retained_flat
U01444,SMB,B2B,2023-06-30,149.92,149.92,retained_flat
U01444,SMB,B2B,2023-07-31,149.92,149.92,retained_flat
U01444,SMB,B2B,2023-08-31,149.92,149.92,retained_flat
U01444,SMB,B2B,2023-09-30,149.92,149.92,retained_flat
U01444,SMB,B2B,2023-10-31,149.92,149.92,retained_flat
U01444,SMB,B2B,2023-11-30,149.92,149.92,retained_flat
U01444,SMB,B2B,2023-12-31,149.92,149.92,retained_flat
U01444,SMB,B2B,2024-01-31,149.92,149.92,retained_flat
U01444,SMB,B2B,2024-02-29,149.92,149.92,retained_flat
U01444,SMB,B2B,2024-03-31,149.92,149.92,retained_flat
U01444,SMB,B2B,2024-04-30,149.92,149.92,retained_flat
U01452,B2C,B2C,2023-05-31,49.0,,new
U01452,B2C,B2C,2023-06-30,49.0,49.0,retained_flat
U01452,B2C,B2C,2023-07-31,49.0,49.0,retained_flat
U01452,B2C,B2C,2023-08-31,49.0,49.0,retained_flat
U01452,B2C,B2C,2023-09-30,49.0,49.0,retained_flat
U01452,B2C,B2C,2023-10-31,49.0,49.0,retained_flat
U01452,B2C,B2C,2023-11-30,49.0,49.0,retained_flat
U01452,B2C,B2C,2023-12-31,49.0,49.0,retained_flat
U01452,B2C,B2C,2024-01-31,49.0,49.0,retained_flat
U01452,B2C,B2C,2024-02-29,49.0,49.0,retained_flat
U01452,B2C,B2C,2024-03-31,49.0,49.0,retained_flat
U01452,B2C,B2C,2024-04-30,49.0,49.0,retained_flat
U01537,B2C,B2C,2023-05-31,33.25,,new
U01537,B2C,B2C,2023-06-30,33.25,33.25,retained_flat
U01537,B2C,B2C,2023-07-31,33.25,33.25,retained_flat
U01537,B2C,B2C,2023-08-31,33.25,33.25,retained_flat
U01537,B2C,B2C,2023-09-30,33.25,33.25,retained_flat
U01537,B2C,B2C,2023-10-31,33.25,33.25,retained_flat
U01537,B2C,B2C,2023-11-30,33.25,33.25,retained_flat
U01537,B2C,B2C,2023-12-31,33.25,33.25,retained_flat
U01537,B2C,B2C,2024-01-31,33.25,33.25,retained_flat
U01537,B2C,B2C,2024-02-29,33.25,33.25,retained_flat
U01537,B2C,B2C,2024-03-31,33.25,33.25,retained_flat
U01537,B2C,B2C,2024-04-30,33.25,33.25,retained_flat
U01539,B2C,B2C,2023-05-31,49.0,,new
U01539,B2C,B2C,2023-06-30,49.0,49.0,retained_flat
U01539,B2C,B2C,2023-07-31,49.0,49.0,retained_flat
U01539,B2C,B2C,2023-08-31,49.0,49.0,retained_flat
U01539,B2C,B2C,2023-09-30,49.0,49.0,retained_flat
U01539,B2C,B2C,2023-10-31,49.0,49.0,retained_flat
U01539,B2C,B2C,2023-11-30,49.0,49.0,retained_flat
U01539,B2C,B2C,2023-12-31,49.0,49.0,retained_flat
U01539,B2C,B2C,2024-01-31,0.0,49.0,churn
U01539,B2C,B2C,2024-02-29,0.0,0.0,inactive
U01539,B2C,B2C,2024-03-31,0.0,0.0,inactive
U01539,B2C,B2C,2024-04-30,0.0,0.0,inactive
U01542,B2C,B2C,2023-05-31,49.0,,new
U01542,B2C,B2C,2023-06-30,49.0,49.0,retained_flat
U01542,B2C,B2C,2023-07-31,49.0,49.0,retained_flat
U01542,B2C,B2C,2023-08-31,49.0,49.0,retained_flat
U01542,B2C,B2C,2023-09-30,49.0,49.0,retained_flat
U01542,B2C,B2C,2023-10-31,49.0,49.0,retained_flat
U01542,B2C,B2C,2023-11-30,49.0,49.0,retained_flat
U01542,B2C,B2C,2023-12-31,49.0,49.0,retained_flat
U01542,B2C,B2C,2024-01-31,49.0,49.0,retained_flat
U01542,B2C,B2C,2024-02-29,49.0,49.0,retained_flat
U01542,B2C,B2C,2024-03-31,49.0,49.0,retained_flat
U01542,B2C,B2C,2024-04-30,49.0,49.0,retained_flat
U01559,SMB,B2B,2023-05-31,149.92,,new
U01559,SMB,B2B,2023-06-30,149.92,149.92,retained_flat
U01559,SMB,B2B,2023-07-31,149.92,149.92,retained_flat
U01559,SMB,B2B,2023-08-31,149.92,149.92,retained_flat
U01559,SMB,B2B,2023-09-30,149.92,149.92,retained_flat
U01559,SMB,B2B,2023-10-31,149.92,149.92,retained_flat
U01559,SMB,B2B,2023-11-30,149.92,149.92,retained_flat
U01559,SMB,B2B,2023-12-31,149.92,149.92,retained_flat
U01559,SMB,B2B,2024-01-31,149.92,149.92,retained_flat
U01559,SMB,B2B,2024-02-29,149.92,149.92,retained_flat
U01559,SMB,B2B,2024-03-31,149.92,149.92,retained_flat
U01559,SMB,B2B,2024-04-30,149.92,149.92,retained_flat
U01619,B2C,B2C,2023-06-30,49.0,,new
U01619,B2C,B2C,2023-07-31,49.0,49.0,retained_flat
U01619,B2C,B2C,2023-08-31,0.0,49.0,churn
U01619,B2C,B2C,2023-09-30,0.0,0.0,inactive
U01619,B2C,B2C,2023-10-31,0.0,0.0,inactive
U01619,B2C,B2C,2023-11-30,0.0,0.0,inactive
U01619,B2C,B2C,2023-12-31,0.0,0.0,inactive
U01619,B2C,B2C,2024-01-31,0.0,0.0,inactive
U01619,B2C,B2C,2024-02-29,0.0,0.0,inactive
U01619,B2C,B2C,2024-03-31,0.0,0.0,inactive
U01619,B2C,B2C,2024-04-30,0.0,0.0,inactive
U01641,B2C,B2C,2023-06-30,33.25,,new
U01641,B2C,B2C,2023-07-31,33.25,33.25,retained_flat
U01641,B2C,B2C,2023-08-31,33.25,33.25,retained_flat
U01641,B2C,B2C,2023-09-30,33.25,33.25,retained_flat
U01641,B2C,B2C,2023-10-31,33.25,33.25,retained_flat
U01641,B2C,B2C,2023-11-30,33.25,33.25,retained_flat
U01641,B2C,B2C,2023-12-31,33.25,33.25,retained_flat
U01641,B2C,B2C,2024-01-31,33.25,33.25,retained_flat
U01641,B2C,B2C,2024-02-29,33.25,33.25,retained_flat
U01641,B2C,B2C,2024-03-31,33.25,33.25,retained_flat
U01641,B2C,B2C,2024-04-30,33.25,33.25,retained_flat
U01696,B2C,B2C,2023-06-30,49.0,,new
U01696,B2C,B2C,2023-07-31,49.0,49.0,retained_flat
U01696,B2C,B2C,2023-08-31,49.0,49.0,retained_flat
U01696,B2C,B2C,2023-09-30,49.0,49.0,retained_flat
U01696,B2C,B2C,2023-10-31,49.0,49.0,retained_flat
U01696,B2C,B2C,2023-11-30,49.0,49.0,retained_flat
U01696,B2C,B2C,2023-12-31,49.0,49.0,retained_flat
U01696,B2C,B2C,2024-01-31,0.0,49.0,churn
U01696,B2C,B2C,2024-02-29,0.0,0.0,inactive
U01696,B2C,B2C,2024-03-31,0.0,0.0,inactive
U01696,B2C,B2C,2024-04-30,0.0,0.0,inactive
U01726,SMB,B2B,2023-06-30,149.92,,new
U01726,SMB,B2B,2023-07-31,149.92,149.92,retained_flat
U01726,SMB,B2B,2023-08-31,149.92,149.92,retained_flat
U01726,SMB,B2B,2023-09-30,149.92,149.92,retained_flat
U01726,SMB,B2B,2023-10-31,149.92,149.92,retained_flat
U01726,SMB,B2B,2023-11-30,149.92,149.92,retained_flat
U01726,SMB,B2B,2023-12-31,149.92,149.92,retained_flat
U01726,SMB,B2B,2024-01-31,149.92,149.92,retained_flat
U01726,SMB,B2B,2024-02-29,149.92,149.92,retained_flat
U01726,SMB,B2B,2024-03-31,149.92,149.92,retained_flat
U01726,SMB,B2B,2024-04-30,149.92,149.92,retained_flat
U01748,B2C,B2C,2023-07-31,49.0,,new
U01748,B2C,B2C,2023-08-31,49.0,49.0,retained_flat
U01748,B2C,B2C,2023-09-30,49.0,49.0,retained_flat
U01748,B2C,B2C,2023-10-31,49.0,49.0,retained_flat
U01748,B2C,B2C,2023-11-30,49.0,49.0,retained_flat
U01748,B2C,B2C,2023-12-31,49.0,49.0,retained_flat
U01748,B2C,B2C,2024-01-31,49.0,49.0,retained_flat
U01748,B2C,B2C,2024-02-29,49.0,49.0,retained_flat
U01748,B2C,B2C,2024-03-31,49.0,49.0,retained_flat
U01748,B2C,B2C,2024-04-30,49.0,49.0,retained_flat
U01789,B2C,B2C,2023-07-31,49.0,,new
U01789,B2C,B2C,2023-08-31,49.0,49.0,retained_flat
U01789,B2C,B2C,2023-09-30,49.0,49.0,retained_flat
U01789,B2C,B2C,2023-10-31,49.0,49.0,retained_flat
U01789,B2C,B2C,2023-11-30,49.0,49.0,retained_flat
U01789,B2C,B2C,2023-12-31,49.0,49.0,retained_flat
U01789,B2C,B2C,2024-01-31,49.0,49.0,retained_flat
U01789,B2C,B2C,2024-02-29,49.0,49.0,retained_flat
U01789,B2C,B2C,2024-03-31,49.0,49.0,retained_flat
U01789,B2C,B2C,2024-04-30,49.0,49.0,retained_flat
U01820,B2C,B2C,2023-07-31,49.0,,new
U01820,B2C,B2C,2023-08-31,49.0,49.0,retained_flat
U01820,B2C,B2C,2023-09-30,49.0,49.0,retained_flat
U01820,B2C,B2C,2023-10-31,49.0,49.0,retained_flat
U01820,B2C,B2C,2023-11-30,49.0,49.0,retained_flat
U01820,B2C,B2C,2023-12-31,49.0,49.0,retained_flat
U01820,B2C,B2C,2024-01-31,49.0,49.0,retained_flat
U01820,B2C,B2C,2024-02-29,49.0,49.0,retained_flat
U01820,B2C,B2C,2024-03-31,49.0,49.0,retained_flat
U01820,B2C,B2C,2024-04-30,0.0,49.0,churn
U01839,B2C,B2C,2023-07-31,49.0,,new
U01839,B2C,B2C,2023-08-31,49.0,49.0,retained_flat
U01839,B2C,B2C,2023-09-30,49.0,49.0,retained_flat
U01839,B2C,B2C,2023-10-31,49.0,49.0,retained_flat
U01839,B2C,B2C,2023-11-30,49.0,49.0,retained_flat
U01839,B2C,B2C,2023-12-31,49.0,49.0,retained_flat
U01839,B2C,B2C,2024-01-31,49.0,49.0,retained_flat
U01839,B2C,B2C,2024-02-29,49.0,49.0,retained_flat
U01839,B2C,B2C,2024-03-31,49.0,49.0,retained_flat
U01839,B2C,B2C,2024-04-30,49.0,49.0,retained_flat
U01881,B2C,B2C,2023-08-31,49.0,,new
U01881,B2C,B2C,2023-09-30,49.0,49.0,retained_flat
U01881,B2C,B2C,2023-10-31,49.0,49.0,retained_flat
U01881,B2C,B2C,2023-11-30,49.0,49.0,retained_flat
U01881,B2C,B2C,2023-12-31,49.0,49.0,retained_flat
U01881,B2C,B2C,2024-01-31,49.0,49.0,retained_flat
U01881,B2C,B2C,2024-02-29,49.0,49.0,retained_flat
U01881,B2C,B2C,2024-03-31,49.0,49.0,retained_flat
U01881,B2C,B2C,2024-04-30,49.0,49.0,retained_flat
U01903,B2C,B2C,2023-08-31,49.0,,new
U01903,B2C,B2C,2023-09-30,49.0,49.0,retained_flat
U01903,B2C,B2C,2023-10-31,49.0,49.0,retained_flat
U01903,B2C,B2C,2023-11-30,49.0,49.0,retained_flat
U01903,B2C,B2C,2023-12-31,49.0,49.0,retained_flat
U01903,B2C,B2C,2024-01-31,49.0,49.0,retained_flat
U01903,B2C,B2C,2024-02-29,0.0,49.0,churn
U01903,B2C,B2C,2024-03-31,0.0,0.0,inactive
U01903,B2C,B2C,2024-04-30,0.0,0.0,inactive
U01906,B2C,B2C,2023-08-31,49.0,,new
U01906,B2C,B2C,2023-09-30,49.0,49.0,retained_flat
U01906,B2C,B2C,2023-10-31,0.0,49.0,churn
U01906,B2C,B2C,2023-11-30,0.0,0.0,inactive
U01906,B2C,B2C,2023-12-31,0.0,0.0,inactive
U01906,B2C,B2C,2024-01-31,0.0,0.0,inactive
U01906,B2C,B2C,2024-02-29,0.0,0.0,inactive
U01906,B2C,B2C,2024-03-31,0.0,0.0,inactive
U01906,B2C,B2C,2024-04-30,0.0,0.0,inactive
U01907,B2C,B2C,2023-08-31,49.0,,new
U01907,B2C,B2C,2023-09-30,49.0,49.0,retained_flat
U01907,B2C,B2C,2023-10-31,49.0,49.0,retained_flat
U01907,B2C,B2C,2023-11-30,49.0,49.0,retained_flat
U01907,B2C,B2C,2023-12-31,49.0,49.0,retained_flat
U01907,B2C,B2C,2024-01-31,49.0,49.0,retained_flat
U01907,B2C,B2C,2024-02-29,49.0,49.0,retained_flat
U01907,B2C,B2C,2024-03-31,49.0,49.0,retained_flat
U01907,B2C,B2C,2024-04-30,49.0,49.0,retained_flat
U01923,B2C,B2C,2023-08-31,33.25,,new
U01923,B2C,B2C,2023-09-30,33.25,33.25,retained_flat
U01923,B2C,B2C,2023-10-31,33.25,33.25,retained_flat
U01923,B2C,B2C,2023-11-30,33.25,33.25,retained_flat
U01923,B2C,B2C,2023-12-31,33.25,33.25,retained_flat
U01923,B2C,B2C,2024-01-31,33.25,33.25,retained_flat
U01923,B2C,B2C,2024-02-29,33.25,33.25,retained_flat
U01923,B2C,B2C,2024-03-31,33.25,33.25,retained_flat
U01923,B2C,B2C,2024-04-30,33.25,33.25,retained_flat
U01940,B2C,B2C,2023-08-31,33.25,,new
U01940,B2C,B2C,2023-09-30,33.25,33.25,retained_flat
U01940,B2C,B2C,2023-10-31,33.25,33.25,retained_flat
U01940,B2C,B2C,2023-11-30,33.25,33.25,retained_flat
U01940,B2C,B2C,2023-12-31,33.25,33.25,retained_flat
U01940,B2C,B2C,2024-01-31,33.25,33.25,retained_flat
U01940,B2C,B2C,2024-02-29,33.25,33.25,retained_flat
U01940,B2C,B2C,2024-03-31,33.25,33.25,retained_flat
U01940,B2C,B2C,2024-04-30,33.25,33.25,retained_flat
U01959,B2C,B2C,2023-08-31,49.0,,new
U01959,B2C,B2C,2023-09-30,0.0,49.0,churn
U01959,B2C,B2C,2023-10-31,0.0,0.0,inactive
U01959,B2C,B2C,2023-11-30,0.0,0.0,inactive
U01959,B2C,B2C,2023-12-31,0.0,0.0,inactive
U01959,B2C,B2C,2024-01-31,0.0,0.0,inactive
U01959,B2C,B2C,2024-02-29,0.0,0.0,inactive
U01959,B2C,B2C,2024-03-31,0.0,0.0,inactive
U01959,B2C,B2C,2024-04-30,0.0,0.0,inactive
U01967,B2C,B2C,2023-08-31,49.0,,new
U01967,B2C,B2C,2023-09-30,49.0,49.0,retained_flat
U01967,B2C,B2C,2023-10-31,49.0,49.0,retained_flat
U01967,B2C,B2C,2023-11-30,49.0,49.0,retained_flat
U01967,B2C,B2C,2023-12-31,49.0,49.0,retained_flat
U01967,B2C,B2C,2024-01-31,49.0,49.0,retained_flat
U01967,B2C,B2C,2024-02-29,49.0,49.0,retained_flat
U01967,B2C,B2C,2024-03-31,49.0,49.0,retained_flat
U01967,B2C,B2C,2024-04-30,49.0,49.0,retained_flat
U01978,B2C,B2C,2023-08-31,49.0,,new
U01978,B2C,B2C,2023-09-30,49.0,49.0,retained_flat
U01978,B2C,B2C,2023-10-31,49.0,49.0,retained_flat
U01978,B2C,B2C,2023-11-30,49.0,49.0,retained_flat
U01978,B2C,B2C,2023-12-31,49.0,49.0,retained_flat
U01978,B2C,B2C,2024-01-31,49.0,49.0,retained_flat
U01978,B2C,B2C,2024-02-29,49.0,49.0,retained_flat
U01978,B2C,B2C,2024-03-31,49.0,49.0,retained_flat
U01978,B2C,B2C,2024-04-30,49.0,49.0,retained_flat
U01986,B2C,B2C,2023-08-31,49.0,,new
U01986,B2C,B2C,2023-09-30,49.0,49.0,retained_flat
U01986,B2C,B2C,2023-10-31,49.0,49.0,retained_flat
U01986,B2C,B2C,2023-11-30,49.0,49.0,retained_flat
U01986,B2C,B2C,2023-12-31,49.0,49.0,retained_flat
U01986,B2C,B2C,2024-01-31,49.0,49.0,retained_flat
U01986,B2C,B2C,2024-02-29,49.0,49.0,retained_flat
U01986,B2C,B2C,2024-03-31,49.0,49.0,retained_flat
U01986,B2C,B2C,2024-04-30,49.0,49.0,retained_flat
U01990,B2C,B2C,2023-08-31,49.0,,new
U01990,B2C,B2C,2023-09-30,49.0,49.0,retained_flat
U01990,B2C,B2C,2023-10-31,49.0,49.0,retained_flat
U01990,B2C,B2C,2023-11-30,49.0,49.0,retained_flat
U01990,B2C,B2C,2023-12-31,49.0,49.0,retained_flat
U01990,B2C,B2C,2024-01-31,49.0,49.0,retained_flat
U01990,B2C,B2C,2024-02-29,0.0,49.0,churn
U01990,B2C,B2C,2024-03-31,0.0,0.0,inactive
U01990,B2C,B2C,2024-04-30,0.0,0.0,inactive
U01996,B2C,B2C,2023-08-31,49.0,,new
U01996,B2C,B2C,2023-09-30,0.0,49.0,churn
U01996,B2C,B2C,2023-10-31,0.0,0.0,inactive
U01996,B2C,B2C,2023-11-30,0.0,0.0,inactive
U01996,B2C,B2C,2023-12-31,0.0,0.0,inactive
U01996,B2C,B2C,2024-01-31,0.0,0.0,inactive
U01996,B2C,B2C,2024-02-29,0.0,0.0,inactive
U01996,B2C,B2C,2024-03-31,0.0,0.0,inactive
U01996,B2C,B2C,2024-04-30,0.0,0.0,inactive
U02008,B2C,B2C,2023-08-31,33.25,,new
U02008,B2C,B2C,2023-09-30,33.25,33.25,retained_flat
U02008,B2C,B2C,2023-10-31,33.25,33.25,retained_flat
U02008,B2C,B2C,2023-11-30,33.25,33.25,retained_flat
U02008,B2C,B2C,2023-12-31,33.25,33.25,retained_flat
U02008,B2C,B2C,2024-01-31,33.25,33.25,retained_flat
U02008,B2C,B2C,2024-02-29,33.25,33.25,retained_flat
U02008,B2C,B2C,2024-03-31,33.25,33.25,retained_flat
U02008,B2C,B2C,2024-04-30,33.25,33.25,retained_flat
U02062,B2C,B2C,2023-09-30,33.25,,new
U02062,B2C,B2C,2023-10-31,33.25,33.25,retained_flat
U02062,B2C,B2C,2023-11-30,33.25,33.25,retained_flat
U02062,B2C,B2C,2023-12-31,33.25,33.25,retained_flat
U02062,B2C,B2C,2024-01-31,33.25,33.25,retained_flat
U02062,B2C,B2C,2024-02-29,33.25,33.25,retained_flat
U02062,B2C,B2C,2024-03-31,33.25,33.25,retained_flat
U02062,B2C,B2C,2024-04-30,33.25,33.25,retained_flat
U02105,B2C,B2C,2023-09-30,33.25,,new
U02105,B2C,B2C,2023-10-31,33.25,33.25,retained_flat
U02105,B2C,B2C,2023-11-30,33.25,33.25,retained_flat
U02105,B2C,B2C,2023-12-31,33.25,33.25,retained_flat
U02105,B2C,B2C,2024-01-31,33.25,33.25,retained_flat
U02105,B2C,B2C,2024-02-29,33.25,33.25,retained_flat
U02105,B2C,B2C,2024-03-31,33.25,33.25,retained_flat
U02105,B2C,B2C,2024-04-30,33.25,33.25,retained_flat
U02123,B2C,B2C,2023-09-30,49.0,,new
U02123,B2C,B2C,2023-10-31,49.0,49.0,retained_flat
U02123,B2C,B2C,2023-11-30,49.0,49.0,retained_flat
U02123,B2C,B2C,2023-12-31,49.0,49.0,retained_flat
U02123,B2C,B2C,2024-01-31,49.0,49.0,retained_flat
U02123,B2C,B2C,2024-02-29,49.0,49.0,retained_flat
U02123,B2C,B2C,2024-03-31,49.0,49.0,retained_flat
U02123,B2C,B2C,2024-04-30,49.0,49.0,retained_flat
U02126,B2C,B2C,2023-09-30,33.25,,new
U02126,B2C,B2C,2023-10-31,33.25,33.25,retained_flat
U02126,B2C,B2C,2023-11-30,33.25,33.25,retained_flat
U02126,B2C,B2C,2023-12-31,33.25,33.25,retained_flat
U02126,B2C,B2C,2024-01-31,33.25,33.25,retained_flat
U02126,B2C,B2C,2024-02-29,33.25,33.25,retained_flat
U02126,B2C,B2C,2024-03-31,33.25,33.25,retained_flat
U02126,B2C,B2C,2024-04-30,33.25,33.25,retained_flat
U02129,B2C,B2C,2023-09-30,49.0,,new
U02129,B2C,B2C,2023-10-31,49.0,49.0,retained_flat
U02129,B2C,B2C,2023-11-30,49.0,49.0,retained_flat
U02129,B2C,B2C,2023-12-31,49.0,49.0,retained_flat
U02129,B2C,B2C,2024-01-31,49.0,49.0,retained_flat
U02129,B2C,B2C,2024-02-29,49.0,49.0,retained_flat
U02129,B2C,B2C,2024-03-31,49.0,49.0,retained_flat
U02129,B2C,B2C,2024-04-30,49.0,49.0,retained_flat
U02149,B2C,B2C,2023-09-30,49.0,,new
U02149,B2C,B2C,2023-10-31,49.0,49.0,retained_flat
U02149,B2C,B2C,2023-11-30,49.0,49.0,retained_flat
U02149,B2C,B2C,2023-12-31,49.0,49.0,retained_flat
U02149,B2C,B2C,2024-01-31,49.0,49.0,retained_flat
U02149,B2C,B2C,2024-02-29,49.0,49.0,retained_flat
U02149,B2C,B2C,2024-03-31,49.0,49.0,retained_flat
U02149,B2C,B2C,2024-04-30,49.0,49.0,retained_flat
U02160,B2C,B2C,2023-09-30,49.0,,new
U02160,B2C,B2C,2023-10-31,49.0,49.0,retained_flat
U02160,B2C,B2C,2023-11-30,49.0,49.0,retained_flat
U02160,B2C,B2C,2023-12-31,0.0,49.0,churn
U02160,B2C,B2C,2024-01-31,0.0,0.0,inactive
U02160,B2C,B2C,2024-02-29,0.0,0.0,inactive
U02160,B2C,B2C,2024-03-31,0.0,0.0,inactive
U02160,B2C,B2C,2024-04-30,0.0,0.0,inactive
U02183,SMB,B2B,2023-09-30,149.92,,new
U02183,SMB,B2B,2023-10-31,149.92,149.92,retained_flat
U02183,SMB,B2B,2023-11-30,149.92,149.92,retained_flat
U02183,SMB,B2B,2023-12-31,149.92,149.92,retained_flat
U02183,SMB,B2B,2024-01-31,149.92,149.92,retained_flat
U02183,SMB,B2B,2024-02-29,149.92,149.92,retained_flat
U02183,SMB,B2B,2024-03-31,149.92,149.92,retained_flat
U02183,SMB,B2B,2024-04-30,149.92,149.92,retained_flat
U02235,B2C,B2C,2023-10-31,49.0,,new
U02235,B2C,B2C,2023-11-30,49.0,49.0,retained_flat
U02235,B2C,B2C,2023-12-31,49.0,49.0,retained_flat
U02235,B2C,B2C,2024-01-31,49.0,49.0,retained_flat
U02235,B2C,B2C,2024-02-29,49.0,49.0,retained_flat
U02235,B2C,B2C,2024-03-31,49.0,49.0,retained_flat
U02235,B2C,B2C,2024-04-30,49.0,49.0,retained_flat
U02311,B2C,B2C,2023-10-31,49.0,,new
U02311,B2C,B2C,2023-11-30,49.0,49.0,retained_flat
U02311,B2C,B2C,2023-12-31,49.0,49.0,retained_flat
U02311,B2C,B2C,2024-01-31,49.0,49.0,retained_flat
U02311,B2C,B2C,2024-02-29,49.0,49.0,retained_flat
U02311,B2C,B2C,2024-03-31,49.0,49.0,retained_flat
U02311,B2C,B2C,2024-04-30,0.0,49.0,churn
U02328,B2C,B2C,2023-10-31,49.0,,new
U02328,B2C,B2C,2023-11-30,49.0,49.0,retained_flat
U02328,B2C,B2C,2023-12-31,49.0,49.0,retained_flat
U02328,B2C,B2C,2024-01-31,49.0,49.0,retained_flat
U02328,B2C,B2C,2024-02-29,49.0,49.0,retained_flat
U02328,B2C,B2C,2024-03-31,0.0,49.0,churn
U02328,B2C,B2C,2024-04-30,0.0,0.0,inactive
U02345,B2C,B2C,2023-10-31,49.0,,new
U02345,B2C,B2C,2023-11-30,49.0,49.0,retained_flat
U02345,B2C,B2C,2023-12-31,49.0,49.0,retained_flat
U02345,B2C,B2C,2024-01-31,49.0,49.0,retained_flat
U02345,B2C,B2C,2024-02-29,49.0,49.0,retained_flat
U02345,B2C,B2C,2024-03-31,49.0,49.0,retained_flat
U02345,B2C,B2C,2024-04-30,49.0,49.0,retained_flat
U02379,SMB,B2B,2023-10-31,149.92,,new
U02379,SMB,B2B,2023-11-30,149.92,149.92,retained_flat
U02379,SMB,B2B,2023-12-31,149.92,149.92,retained_flat
U02379,SMB,B2B,2024-01-31,149.92,149.92,retained_flat
U02379,SMB,B2B,2024-02-29,149.92,149.92,retained_flat
U02379,SMB,B2B,2024-03-31,149.92,149.92,retained_flat
U02379,SMB,B2B,2024-04-30,149.92,149.92,retained_flat
U02381,SMB,B2B,2023-10-31,199.0,,new
U02381,SMB,B2B,2023-11-30,240.9,199.0,expansion
U02381,SMB,B2B,2023-12-31,240.9,240.9,retained_flat
U02381,SMB,B2B,2024-01-31,0.0,240.9,churn
U02381,SMB,B2B,2024-02-29,0.0,0.0,inactive
U02381,SMB,B2B,2024-03-31,0.0,0.0,inactive
U02381,SMB,B2B,2024-04-30,0.0,0.0,inactive
U02403,B2C,B2C,2023-11-30,33.25,,new
U02403,B2C,B2C,2023-12-31,33.25,33.25,retained_flat
U02403,B2C,B2C,2024-01-31,33.25,33.25,retained_flat
U02403,B2C,B2C,2024-02-29,33.25,33.25,retained_flat
U02403,B2C,B2C,2024-03-31,33.25,33.25,retained_flat
U02403,B2C,B2C,2024-04-30,33.25,33.25,retained_flat
U02454,B2C,B2C,2023-11-30,33.25,,new
U02454,B2C,B2C,2023-12-31,33.25,33.25,retained_flat
U02454,B2C,B2C,2024-01-31,33.25,33.25,retained_flat
U02454,B2C,B2C,2024-02-29,33.25,33.25,retained_flat
U02454,B2C,B2C,2024-03-31,33.25,33.25,retained_flat
U02454,B2C,B2C,2024-04-30,33.25,33.25,retained_flat
U02478,B2C,B2C,2023-11-30,49.0,,new
U02478,B2C,B2C,2023-12-31,49.0,49.0,retained_flat
U02478,B2C,B2C,2024-01-31,49.0,49.0,retained_flat
U02478,B2C,B2C,2024-02-29,49.0,49.0,retained_flat
U02478,B2C,B2C,2024-03-31,49.0,49.0,retained_flat
U02478,B2C,B2C,2024-04-30,49.0,49.0,retained_flat
U02489,B2C,B2C,2023-11-30,33.25,,new
U02489,B2C,B2C,2023-12-31,33.25,33.25,retained_flat
U02489,B2C,B2C,2024-01-31,33.25,33.25,retained_flat
U02489,B2C,B2C,2024-02-29,33.25,33.25,retained_flat
U02489,B2C,B2C,2024-03-31,33.25,33.25,retained_flat
U02489,B2C,B2C,2024-04-30,33.25,33.25,retained_flat
U02499,B2C,B2C,2023-11-30,49.0,,new
U02499,B2C,B2C,2023-12-31,49.0,49.0,retained_flat
U02499,B2C,B2C,2024-01-31,49.0,49.0,retained_flat
U02499,B2C,B2C,2024-02-29,49.0,49.0,retained_flat
U02499,B2C,B2C,2024-03-31,49.0,49.0,retained_flat
U02499,B2C,B2C,2024-04-30,0.0,49.0,churn
U02528,B2C,B2C,2023-11-30,33.25,,new
U02528,B2C,B2C,2023-12-31,33.25,33.25,retained_flat
U02528,B2C,B2C,2024-01-31,33.25,33.25,retained_flat
U02528,B2C,B2C,2024-02-29,33.25,33.25,retained_flat
U02528,B2C,B2C,2024-03-31,33.25,33.25,retained_flat
U02528,B2C,B2C,2024-04-30,33.25,33.25,retained_flat
U02575,SMB,B2B,2023-11-30,199.0,,new
U02575,SMB,B2B,2023-12-31,0.0,199.0,churn
U02575,SMB,B2B,2024-01-31,0.0,0.0,inactive
U02575,SMB,B2B,2024-02-29,0.0,0.0,inactive
U02575,SMB,B2B,2024-03-31,0.0,0.0,inactive
U02575,SMB,B2B,2024-04-30,0.0,0.0,inactive
U02586,Enterprise,B2B,2023-11-30,825.0,,new
U02586,Enterprise,B2B,2023-12-31,825.0,825.0,retained_flat
U02586,Enterprise,B2B,2024-01-31,825.0,825.0,retained_flat
U02586,Enterprise,B2B,2024-02-29,825.0,825.0,retained_flat
U02586,Enterprise,B2B,2024-03-31,825.0,825.0,retained_flat
U02586,Enterprise,B2B,2024-04-30,825.0,825.0,retained_flat
U02602,B2C,B2C,2023-12-31,49.0,,new
U02602,B2C,B2C,2024-01-31,49.0,49.0,retained_flat
U02602,B2C,B2C,2024-02-29,0.0,49.0,churn
U02602,B2C,B2C,2024-03-31,0.0,0.0,inactive
U02602,B2C,B2C,2024-04-30,0.0,0.0,inactive
U02611,B2C,B2C,2023-12-31,49.0,,new
U02611,B2C,B2C,2024-01-31,49.0,49.0,retained_flat
U02611,B2C,B2C,2024-02-29,49.0,49.0,retained_flat
U02611,B2C,B2C,2024-03-31,49.0,49.0,retained_flat
U02611,B2C,B2C,2024-04-30,49.0,49.0,retained_flat
U02617,B2C,B2C,2023-12-31,33.25,,new
U02617,B2C,B2C,2024-01-31,33.25,33.25,retained_flat
U02617,B2C,B2C,2024-02-29,33.25,33.25,retained_flat
U02617,B2C,B2C,2024-03-31,33.25,33.25,retained_flat
U02617,B2C,B2C,2024-04-30,33.25,33.25,retained_flat
U02629,B2C,B2C,2023-12-31,49.0,,new
U02629,B2C,B2C,2024-01-31,49.0,49.0,retained_flat
U02629,B2C,B2C,2024-02-29,49.0,49.0,retained_flat
U02629,B2C,B2C,2024-03-31,49.0,49.0,retained_flat
U02629,B2C,B2C,2024-04-30,49.0,49.0,retained_flat
U02630,B2C,B2C,2023-12-31,33.25,,new
U02630,B2C,B2C,2024-01-31,33.25,33.25,retained_flat
U02630,B2C,B2C,2024-02-29,33.25,33.25,retained_flat
U02630,B2C,B2C,2024-03-31,33.25,33.25,retained_flat
U02630,B2C,B2C,2024-04-30,33.25,33.25,retained_flat
U02641,B2C,B2C,2023-12-31,49.0,,new
U02641,B2C,B2C,2024-01-31,49.0,49.0,retained_flat
U02641,B2C,B2C,2024-02-29,49.0,49.0,retained_flat
U02641,B2C,B2C,2024-03-31,0.0,49.0,churn
U02641,B2C,B2C,2024-04-30,0.0,0.0,inactive
U02662,B2C,B2C,2023-12-31,49.0,,new
U02662,B2C,B2C,2024-01-31,49.0,49.0,retained_flat
U02662,B2C,B2C,2024-02-29,49.0,49.0,retained_flat
U02662,B2C,B2C,2024-03-31,49.0,49.0,retained_flat
U02662,B2C,B2C,2024-04-30,0.0,49.0,churn
U02667,B2C,B2C,2023-12-31,49.0,,new
U02667,B2C,B2C,2024-01-31,49.0,49.0,retained_flat
U02667,B2C,B2C,2024-02-29,49.0,49.0,retained_flat
U02667,B2C,B2C,2024-03-31,49.0,49.0,retained_flat
U02667,B2C,B2C,2024-04-30,49.0,49.0,retained_flat
U02692,B2C,B2C,2023-12-31,49.0,,new
U02692,B2C,B2C,2024-01-31,49.0,49.0,retained_flat
U02692,B2C,B2C,2024-02-29,49.0,49.0,retained_flat
U02692,B2C,B2C,2024-03-31,49.0,49.0,retained_flat
U02692,B2C,B2C,2024-04-30,49.0,49.0,retained_flat
U02725,B2C,B2C,2023-12-31,33.25,,new
U02725,B2C,B2C,2024-01-31,33.25,33.25,retained_flat
U02725,B2C,B2C,2024-02-29,33.25,33.25,retained_flat
U02725,B2C,B2C,2024-03-31,33.25,33.25,retained_flat
U02725,B2C,B2C,2024-04-30,33.25,33.25,retained_flat
U02735,B2C,B2C,2023-12-31,33.25,,new
U02735,B2C,B2C,2024-01-31,33.25,33.25,retained_flat
U02735,B2C,B2C,2024-02-29,33.25,33.25,retained_flat
U02735,B2C,B2C,2024-03-31,33.25,33.25,retained_flat
U02735,B2C,B2C,2024-04-30,33.25,33.25,retained_flat
U02749,SMB,B2B,2023-12-31,149.92,,new
U02749,SMB,B2B,2024-01-31,149.92,149.92,retained_flat
U02749,SMB,B2B,2024-02-29,149.92,149.92,retained_flat
U02749,SMB,B2B,2024-03-31,149.92,149.92,retained_flat
U02749,SMB,B2B,2024-04-30,149.92,149.92,retained_flat
U02757,SMB,B2B,2023-12-31,149.92,,new
U02757,SMB,B2B,2024-01-31,149.92,149.92,retained_flat
U02757,SMB,B2B,2024-02-29,149.92,149.92,retained_flat
U02757,SMB,B2B,2024-03-31,149.92,149.92,retained_flat
U02757,SMB,B2B,2024-04-30,149.92,149.92,retained_flat
U02796,B2C,B2C,2024-01-31,0.0,,inactive
U02796,B2C,B2C,2024-02-29,0.0,0.0,inactive
U02796,B2C,B2C,2024-03-31,0.0,0.0,inactive
U02796,B2C,B2C,2024-04-30,0.0,0.0,inactive
U02805,B2C,B2C,2024-01-31,49.0,,new
U02805,B2C,B2C,2024-02-29,49.0,49.0,retained_flat
U02805,B2C,B2C,2024-03-31,49.0,49.0,retained_flat
U02805,B2C,B2C,2024-04-30,49.0,49.0,retained_flat
U02823,B2C,B2C,2024-01-31,49.0,,new
U02823,B2C,B2C,2024-02-29,49.0,49.0,retained_flat
U02823,B2C,B2C,2024-03-31,49.0,49.0,retained_flat
U02823,B2C,B2C,2024-04-30,49.0,49.0,retained_flat
U02834,B2C,B2C,2024-01-31,49.0,,new
U02834,B2C,B2C,2024-02-29,49.0,49.0,retained_flat
U02834,B2C,B2C,2024-03-31,49.0,49.0,retained_flat
U02834,B2C,B2C,2024-04-30,0.0,49.0,churn
U02844,B2C,B2C,2024-01-31,49.0,,new
U02844,B2C,B2C,2024-02-29,0.0,49.0,churn
U02844,B2C,B2C,2024-03-31,0.0,0.0,inactive
U02844,B2C,B2C,2024-04-30,0.0,0.0,inactive
U02848,B2C,B2C,2024-01-31,33.25,,new
U02848,B2C,B2C,2024-02-29,33.25,33.25,retained_flat
U02848,B2C,B2C,2024-03-31,33.25,33.25,retained_flat
U02848,B2C,B2C,2024-04-30,33.25,33.25,retained_flat
U02859,B2C,B2C,2024-01-31,33.25,,new
U02859,B2C,B2C,2024-02-29,33.25,33.25,retained_flat
U02859,B2C,B2C,2024-03-31,33.25,33.25,retained_flat
U02859,B2C,B2C,2024-04-30,33.25,33.25,retained_flat
U02903,B2C,B2C,2024-01-31,33.25,,new
U02903,B2C,B2C,2024-02-29,33.25,33.25,retained_flat
U02903,B2C,B2C,2024-03-31,33.25,33.25,retained_flat
U02903,B2C,B2C,2024-04-30,33.25,33.25,retained_flat
U02908,B2C,B2C,2024-01-31,49.0,,new
U02908,B2C,B2C,2024-02-29,49.0,49.0,retained_flat
U02908,B2C,B2C,2024-03-31,49.0,49.0,retained_flat
U02908,B2C,B2C,2024-04-30,49.0,49.0,retained_flat
U03006,B2C,B2C,2024-02-29,49.0,,new
U03006,B2C,B2C,2024-03-31,49.0,49.0,retained_flat
U03006,B2C,B2C,2024-04-30,49.0,49.0,retained_flat
U03018,B2C,B2C,2024-02-29,33.25,,new
U03018,B2C,B2C,2024-03-31,33.25,33.25,retained_flat
U03018,B2C,B2C,2024-04-30,33.25,33.25,retained_flat
U03033,B2C,B2C,2024-02-29,49.0,,new
U03033,B2C,B2C,2024-03-31,49.0,49.0,retained_flat
U03033,B2C,B2C,2024-04-30,49.0,49.0,retained_flat
U03037,B2C,B2C,2024-02-29,49.0,,new
U03037,B2C,B2C,2024-03-31,49.0,49.0,retained_flat
U03037,B2C,B2C,2024-04-30,49.0,49.0,retained_flat
U03051,B2C,B2C,2024-02-29,49.0,,new
U03051,B2C,B2C,2024-03-31,49.0,49.0,retained_flat
U03051,B2C,B2C,2024-04-30,49.0,49.0,retained_flat
U03068,B2C,B2C,2024-02-29,49.0,,new
U03068,B2C,B2C,2024-03-31,49.0,49.0,retained_flat
U03068,B2C,B2C,2024-04-30,49.0,49.0,retained_flat
U03124,B2C,B2C,2024-02-29,33.25,,new
U03124,B2C,B2C,2024-03-31,33.25,33.25,retained_flat
U03124,B2C,B2C,2024-04-30,33.25,33.25,retained_flat
U03146,B2C,B2C,2024-02-29,49.0,,new
U03146,B2C,B2C,2024-03-31,49.0,49.0,retained_flat
U03146,B2C,B2C,2024-04-30,49.0,49.0,retained_flat
U03220,Enterprise,B2B,2024-02-29,825.0,,new
U03220,Enterprise,B2B,2024-03-31,825.0,825.0,retained_flat
U03220,Enterprise,B2B,2024-04-30,825.0,825.0,retained_flat
U03222,Enterprise,B2B,2024-02-29,825.0,,new
U03222,Enterprise,B2B,2024-03-31,825.0,825.0,retained_flat
U03222,Enterprise,B2B,2024-04-30,825.0,825.0,retained_flat
U03228,B2C,B2C,2024-03-31,49.0,,new
U03228,B2C,B2C,2024-04-30,49.0,49.0,retained_flat
U03249,B2C,B2C,2024-03-31,49.0,,new
U03249,B2C,B2C,2024-04-30,49.0,49.0,retained_flat
U03257,B2C,B2C,2024-03-31,49.0,,new
U03257,B2C,B2C,2024-04-30,49.0,49.0,retained_flat
U03277,B2C,B2C,2024-03-31,49.0,,new
U03277,B2C,B2C,2024-04-30,49.0,49.0,retained_flat
U03292,B2C,B2C,2024-03-31,33.25,,new
U03292,B2C,B2C,2024-04-30,33.25,33.25,retained_flat
U03345,B2C,B2C,2024-03-31,33.25,,new
U03345,B2C,B2C,2024-04-30,33.25,33.25,retained_flat
U03347,B2C,B2C,2024-03-31,49.0,,new
U03347,B2C,B2C,2024-04-30,49.0,49.0,retained_flat
U03348,B2C,B2C,2024-03-31,49.0,,new
U03348,B2C,B2C,2024-04-30,49.0,49.0,retained_flat
U03379,B2C,B2C,2024-03-31,49.0,,new
U03379,B2C,B2C,2024-04-30,49.0,49.0,retained_flat
U03388,B2C,B2C,2024-03-31,49.0,,new
U03388,B2C,B2C,2024-04-30,49.0,49.0,retained_flat
U03408,B2C,B2C,2024-03-31,33.25,,new
U03408,B2C,B2C,2024-04-30,33.25,33.25,retained_flat
U03410,B2C,B2C,2024-03-31,49.0,,new
U03410,B2C,B2C,2024-04-30,49.0,49.0,retained_flat
U03428,SMB,B2B,2024-03-31,149.92,,new
U03428,SMB,B2B,2024-04-30,149.92,149.92,retained_flat
U03436,SMB,B2B,2024-03-31,199.0,,new
U03436,SMB,B2B,2024-04-30,199.0,199.0,retained_flat
U03475,B2C,B2C,2024-04-30,49.0,,new
U03479,B2C,B2C,2024-04-30,49.0,,new
U03488,B2C,B2C,2024-04-30,49.0,,new
U03491,B2C,B2C,2024-04-30,49.0,,new
U03502,B2C,B2C,2024-04-30,33.25,,new
U03509,B2C,B2C,2024-04-30,49.0,,new
U03530,B2C,B2C,2024-04-30,49.0,,new
U03547,B2C,B2C,2024-04-30,49.0,,new
U03631,B2C,B2C,2024-04-30,49.0,,new
U03637,B2C,B2C,2024-04-30,33.25,,new
U03639,B2C,B2C,2024-04-30,33.25,,new
U03649,B2C,B2C,2024-04-30,33.25,,new
U03671,SMB,B2B,2024-04-30,149.92,,new
U03674,SMB,B2B,2024-04-30,149.92,,new
U03689,Enterprise,B2B,2024-04-30,825.0,,new
U01014,B2C,B2C,2023-01-31,49.0,,new
U01014,B2C,B2C,2023-02-28,49.0,49.0,retained_flat
U01014,B2C,B2C,2023-03-31,49.0,49.0,retained_flat
U01014,B2C,B2C,2023-04-30,49.0,49.0,retained_flat
U01014,B2C,B2C,2023-05-31,49.0,49.0,retained_flat
U01014,B2C,B2C,2023-06-30,49.0,49.0,retained_flat
U01014,B2C,B2C,2023-07-31,49.0,49.0,retained_flat
U01014,B2C,B2C,2023-08-31,49.0,49.0,retained_flat
U01014,B2C,B2C,2023-09-30,49.0,49.0,retained_flat
U01014,B2C,B2C,2023-10-31,49.0,49.0,retained_flat
U01014,B2C,B2C,2023-11-30,49.0,49.0,retained_flat
U01014,B2C,B2C,2023-12-31,49.0,49.0,retained_flat
U01014,B2C,B2C,2024-01-31,49.0,49.0,retained_flat
U01014,B2C,B2C,2024-02-29,0.0,49.0,churn
U01014,B2C,B2C,2024-03-31,0.0,0.0,inactive
U01014,B2C,B2C,2024-04-30,0.0,0.0,inactive
U01016,B2C,B2C,2023-01-31,33.25,,new
U01016,B2C,B2C,2023-02-28,33.25,33.25,retained_flat
U01016,B2C,B2C,2023-03-31,33.25,33.25,retained_flat
U01016,B2C,B2C,2023-04-30,33.25,33.25,retained_flat
U01016,B2C,B2C,2023-05-31,33.25,33.25,retained_flat
U01016,B2C,B2C,2023-06-30,33.25,33.25,retained_flat
U01016,B2C,B2C,2023-07-31,33.25,33.25,retained_flat
U01016,B2C,B2C,2023-08-31,33.25,33.25,retained_flat
U01016,B2C,B2C,2023-09-30,33.25,33.25,retained_flat
U01016,B2C,B2C,2023-10-31,33.25,33.25,retained_flat
U01016,B2C,B2C,2023-11-30,33.25,33.25,retained_flat
U01016,B2C,B2C,2023-12-31,33.25,33.25,retained_flat
U01016,B2C,B2C,2024-01-31,33.25,33.25,retained_flat
U01016,B2C,B2C,2024-02-29,33.25,33.25,retained_flat
U01016,B2C,B2C,2024-03-31,33.25,33.25,retained_flat
U01016,B2C,B2C,2024-04-30,33.25,33.25,retained_flat
U01019,B2C,B2C,2023-01-31,49.0,,new
U01019,B2C,B2C,2023-02-28,49.0,49.0,retained_flat
U01019,B2C,B2C,2023-03-31,49.0,49.0,retained_flat
U01019,B2C,B2C,2023-04-30,49.0,49.0,retained_flat
U01019,B2C,B2C,2023-05-31,49.0,49.0,retained_flat
U01019,B2C,B2C,2023-06-30,49.0,49.0,retained_flat
U01019,B2C,B2C,2023-07-31,49.0,49.0,retained_flat
U01019,B2C,B2C,2023-08-31,49.0,49.0,retained_flat
U01019,B2C,B2C,2023-09-30,49.0,49.0,retained_flat
U01019,B2C,B2C,2023-10-31,49.0,49.0,retained_flat
U01019,B2C,B2C,2023-11-30,49.0,49.0,retained_flat
U01019,B2C,B2C,2023-12-31,0.0,49.0,churn
U01019,B2C,B2C,2024-01-31,0.0,0.0,inactive
U01019,B2C,B2C,2024-02-29,0.0,0.0,inactive
U01019,B2C,B2C,2024-03-31,0.0,0.0,inactive
U01019,B2C,B2C,2024-04-30,0.0,0.0,inactive
U01063,B2C,B2C,2023-01-31,49.0,,new
U01063,B2C,B2C,2023-02-28,49.0,49.0,retained_flat
U01063,B2C,B2C,2023-03-31,49.0,49.0,retained_flat
U01063,B2C,B2C,2023-04-30,49.0,49.0,retained_flat
U01063,B2C,B2C,2023-05-31,49.0,49.0,retained_flat
U01063,B2C,B2C,2023-06-30,49.0,49.0,retained_flat
U01063,B2C,B2C,2023-07-31,49.0,49.0,retained_flat
U01063,B2C,B2C,2023-08-31,49.0,49.0,retained_flat
U01063,B2C,B2C,2023-09-30,49.0,49.0,retained_flat
U01063,B2C,B2C,2023-10-31,49.0,49.0,retained_flat
U01063,B2C,B2C,2023-11-30,49.0,49.0,retained_flat
U01063,B2C,B2C,2023-12-31,49.0,49.0,retained_flat
U01063,B2C,B2C,2024-01-31,49.0,49.0,retained_flat
U01063,B2C,B2C,2024-02-29,49.0,49.0,retained_flat
U01063,B2C,B2C,2024-03-31,49.0,49.0,retained_flat
U01063,B2C,B2C,2024-04-30,49.0,49.0,retained_flat
U01083,B2C,B2C,2023-01-31,33.25,,new
U01083,B2C,B2C,2023-02-28,33.25,33.25,retained_flat
U01083,B2C,B2C,2023-03-31,33.25,33.25,retained_flat
U01083,B2C,B2C,2023-04-30,33.25,33.25,retained_flat
U01083,B2C,B2C,2023-05-31,33.25,33.25,retained_flat
U01083,B2C,B2C,2023-06-30,33.25,33.25,retained_flat
U01083,B2C,B2C,2023-07-31,33.25,33.25,retained_flat
U01083,B2C,B2C,2023-08-31,33.25,33.25,retained_flat
U01083,B2C,B2C,2023-09-30,33.25,33.25,retained_flat
U01083,B2C,B2C,2023-10-31,33.25,33.25,retained_flat
U01083,B2C,B2C,2023-11-30,33.25,33.25,retained_flat
U01083,B2C,B2C,2023-12-31,33.25,33.25,retained_flat
U01083,B2C,B2C,2024-01-31,33.25,33.25,retained_flat
U01083,B2C,B2C,2024-02-29,33.25,33.25,retained_flat
U01083,B2C,B2C,2024-03-31,33.25,33.25,retained_flat
U01083,B2C,B2C,2024-04-30,33.25,33.25,retained_flat
U01114,B2C,B2C,2023-02-28,49.0,,new
U01114,B2C,B2C,2023-03-31,49.0,49.0,retained_flat
U01114,B2C,B2C,2023-04-30,49.0,49.0,retained_flat
U01114,B2C,B2C,2023-05-31,49.0,49.0,retained_flat
U01114,B2C,B2C,2023-06-30,0.0,49.0,churn
U01114,B2C,B2C,2023-07-31,0.0,0.0,inactive
U01114,B2C,B2C,2023-08-31,0.0,0.0,inactive
U01114,B2C,B2C,2023-09-30,0.0,0.0,inactive
U01114,B2C,B2C,2023-10-31,0.0,0.0,inactive
U01114,B2C,B2C,2023-11-30,0.0,0.0,inactive
U01114,B2C,B2C,2023-12-31,0.0,0.0,inactive
U01114,B2C,B2C,2024-01-31,0.0,0.0,inactive
U01114,B2C,B2C,2024-02-29,0.0,0.0,inactive
U01114,B2C,B2C,2024-03-31,0.0,0.0,inactive
U01114,B2C,B2C,2024-04-30,0.0,0.0,inactive
U01145,B2C,B2C,2023-02-28,33.25,,new
U01145,B2C,B2C,2023-03-31,33.25,33.25,retained_flat
U01145,B2C,B2C,2023-04-30,33.25,33.25,retained_flat
U01145,B2C,B2C,2023-05-31,33.25,33.25,retained_flat
U01145,B2C,B2C,2023-06-30,33.25,33.25,retained_flat
U01145,B2C,B2C,2023-07-31,33.25,33.25,retained_flat
U01145,B2C,B2C,2023-08-31,33.25,33.25,retained_flat
U01145,B2C,B2C,2023-09-30,33.25,33.25,retained_flat
U01145,B2C,B2C,2023-10-31,33.25,33.25,retained_flat
U01145,B2C,B2C,2023-11-30,33.25,33.25,retained_flat
U01145,B2C,B2C,2023-12-31,33.25,33.25,retained_flat
U01145,B2C,B2C,2024-01-31,33.25,33.25,retained_flat
U01145,B2C,B2C,2024-02-29,33.25,33.25,retained_flat
U01145,B2C,B2C,2024-03-31,33.25,33.25,retained_flat
U01145,B2C,B2C,2024-04-30,33.25,33.25,retained_flat
U01150,B2C,B2C,2023-02-28,49.0,,new
U01150,B2C,B2C,2023-03-31,49.0,49.0,retained_flat
U01150,B2C,B2C,2023-04-30,49.0,49.0,retained_flat
U01150,B2C,B2C,2023-05-31,49.0,49.0,retained_flat
U01150,B2C,B2C,2023-06-30,49.0,49.0,retained_flat
U01150,B2C,B2C,2023-07-31,49.0,49.0,retained_flat
U01150,B2C,B2C,2023-08-31,49.0,49.0,retained_flat
U01150,B2C,B2C,2023-09-30,49.0,49.0,retained_flat
U01150,B2C,B2C,2023-10-31,49.0,49.0,retained_flat
U01150,B2C,B2C,2023-11-30,49.0,49.0,retained_flat
U01150,B2C,B2C,2023-12-31,49.0,49.0,retained_flat
U01150,B2C,B2C,2024-01-31,49.0,49.0,retained_flat
U01150,B2C,B2C,2024-02-29,49.0,49.0,retained_flat
U01150,B2C,B2C,2024-03-31,49.0,49.0,retained_flat
U01150,B2C,B2C,2024-04-30,49.0,49.0,retained_flat
U01151,B2C,B2C,2023-02-28,33.25,,new
U01151,B2C,B2C,2023-03-31,33.25,33.25,retained_flat
U01151,B2C,B2C,2023-04-30,33.25,33.25,retained_flat
U01151,B2C,B2C,2023-05-31,33.25,33.25,retained_flat
U01151,B2C,B2C,2023-06-30,33.25,33.25,retained_flat
U01151,B2C,B2C,2023-07-31,33.25,33.25,retained_flat
U01151,B2C,B2C,2023-08-31,33.25,33.25,retained_flat
U01151,B2C,B2C,2023-09-30,33.25,33.25,retained_flat
U01151,B2C,B2C,2023-10-31,33.25,33.25,retained_flat
U01151,B2C,B2C,2023-11-30,33.25,33.25,retained_flat
U01151,B2C,B2C,2023-12-31,33.25,33.25,retained_flat
U01151,B2C,B2C,2024-01-31,33.25,33.25,retained_flat
U01151,B2C,B2C,2024-02-29,33.25,33.25,retained_flat
U01151,B2C,B2C,2024-03-31,33.25,33.25,retained_flat
U01151,B2C,B2C,2024-04-30,33.25,33.25,retained_flat
U01172,B2C,B2C,2023-02-28,49.0,,new
U01172,B2C,B2C,2023-03-31,49.0,49.0,retained_flat
U01172,B2C,B2C,2023-04-30,49.0,49.0,retained_flat
U01172,B2C,B2C,2023-05-31,49.0,49.0,retained_flat
U01172,B2C,B2C,2023-06-30,49.0,49.0,retained_flat
U01172,B2C,B2C,2023-07-31,49.0,49.0,retained_flat
U01172,B2C,B2C,2023-08-31,49.0,49.0,retained_flat
U01172,B2C,B2C,2023-09-30,49.0,49.0,retained_flat
U01172,B2C,B2C,2023-10-31,49.0,49.0,retained_flat
U01172,B2C,B2C,2023-11-30,49.0,49.0,retained_flat
U01172,B2C,B2C,2023-12-31,49.0,49.0,retained_flat
U01172,B2C,B2C,2024-01-31,49.0,49.0,retained_flat
U01172,B2C,B2C,2024-02-29,49.0,49.0,retained_flat
U01172,B2C,B2C,2024-03-31,49.0,49.0,retained_flat
U01172,B2C,B2C,2024-04-30,49.0,49.0,retained_flat
U01227,B2C,B2C,2023-03-31,49.0,,new
U01227,B2C,B2C,2023-04-30,49.0,49.0,retained_flat
U01227,B2C,B2C,2023-05-31,49.0,49.0,retained_flat
U01227,B2C,B2C,2023-06-30,49.0,49.0,retained_flat
U01227,B2C,B2C,2023-07-31,49.0,49.0,retained_flat
U01227,B2C,B2C,2023-08-31,49.0,49.0,retained_flat
U01227,B2C,B2C,2023-09-30,49.0,49.0,retained_flat
U01227,B2C,B2C,2023-10-31,49.0,49.0,retained_flat
U01227,B2C,B2C,2023-11-30,49.0,49.0,retained_flat
U01227,B2C,B2C,2023-12-31,49.0,49.0,retained_flat
U01227,B2C,B2C,2024-01-31,49.0,49.0,retained_flat
U01227,B2C,B2C,2024-02-29,49.0,49.0,retained_flat
U01227,B2C,B2C,2024-03-31,49.0,49.0,retained_flat
U01227,B2C,B2C,2024-04-30,49.0,49.0,retained_flat
U01229,B2C,B2C,2023-03-31,33.25,,new
U01229,B2C,B2C,2023-04-30,33.25,33.25,retained_flat
U01229,B2C,B2C,2023-05-31,33.25,33.25,retained_flat
U01229,B2C,B2C,2023-06-30,33.25,33.25,retained_flat
U01229,B2C,B2C,2023-07-31,33.25,33.25,retained_flat
U01229,B2C,B2C,2023-08-31,33.25,33.25,retained_flat
U01229,B2C,B2C,2023-09-30,33.25,33.25,retained_flat
U01229,B2C,B2C,2023-10-31,33.25,33.25,retained_flat
U01229,B2C,B2C,2023-11-30,33.25,33.25,retained_flat
U01229,B2C,B2C,2023-12-31,33.25,33.25,retained_flat
U01229,B2C,B2C,2024-01-31,33.25,33.25,retained_flat
U01229,B2C,B2C,2024-02-29,33.25,33.25,retained_flat
U01229,B2C,B2C,2024-03-31,33.25,33.25,retained_flat
U01229,B2C,B2C,2024-04-30,33.25,33.25,retained_flat
U01246,B2C,B2C,2023-03-31,49.0,,new
U01246,B2C,B2C,2023-04-30,49.0,49.0,retained_flat
U01246,B2C,B2C,2023-05-31,49.0,49.0,retained_flat
U01246,B2C,B2C,2023-06-30,49.0,49.0,retained_flat
U01246,B2C,B2C,2023-07-31,49.0,49.0,retained_flat
U01246,B2C,B2C,2023-08-31,49.0,49.0,retained_flat
U01246,B2C,B2C,2023-09-30,49.0,49.0,retained_flat
U01246,B2C,B2C,2023-10-31,0.0,49.0,churn
U01246,B2C,B2C,2023-11-30,0.0,0.0,inactive
U01246,B2C,B2C,2023-12-31,0.0,0.0,inactive
U01246,B2C,B2C,2024-01-31,0.0,0.0,inactive
U01246,B2C,B2C,2024-02-29,0.0,0.0,inactive
U01246,B2C,B2C,2024-03-31,0.0,0.0,inactive
U01246,B2C,B2C,2024-04-30,0.0,0.0,inactive
U01248,B2C,B2C,2023-03-31,33.25,,new
U01248,B2C,B2C,2023-04-30,33.25,33.25,retained_flat
U01248,B2C,B2C,2023-05-31,33.25,33.25,retained_flat
U01248,B2C,B2C,2023-06-30,33.25,33.25,retained_flat
U01248,B2C,B2C,2023-07-31,33.25,33.25,retained_flat
U01248,B2C,B2C,2023-08-31,33.25,33.25,retained_flat
U01248,B2C,B2C,2023-09-30,33.25,33.25,retained_flat
U01248,B2C,B2C,2023-10-31,33.25,33.25,retained_flat
U01248,B2C,B2C,2023-11-30,33.25,33.25,retained_flat
U01248,B2C,B2C,2023-12-31,33.25,33.25,retained_flat
U01248,B2C,B2C,2024-01-31,33.25,33.25,retained_flat
U01248,B2C,B2C,2024-02-29,33.25,33.25,retained_flat
U01248,B2C,B2C,2024-03-31,33.25,33.25,retained_flat
U01248,B2C,B2C,2024-04-30,33.25,33.25,retained_flat
U01249,B2C,B2C,2023-03-31,49.0,,new
U01249,B2C,B2C,2023-04-30,49.0,49.0,retained_flat
U01249,B2C,B2C,2023-05-31,49.0,49.0,retained_flat
U01249,B2C,B2C,2023-06-30,49.0,49.0,retained_flat
U01249,B2C,B2C,2023-07-31,49.0,49.0,retained_flat
U01249,B2C,B2C,2023-08-31,49.0,49.0,retained_flat
U01249,B2C,B2C,2023-09-30,49.0,49.0,retained_flat
U01249,B2C,B2C,2023-10-31,49.0,49.0,retained_flat
U01249,B2C,B2C,2023-11-30,49.0,49.0,retained_flat
U01249,B2C,B2C,2023-12-31,49.0,49.0,retained_flat
U01249,B2C,B2C,2024-01-31,49.0,49.0,retained_flat
U01249,B2C,B2C,2024-02-29,0.0,49.0,churn
U01249,B2C,B2C,2024-03-31,0.0,0.0,inactive
U01249,B2C,B2C,2024-04-30,0.0,0.0,inactive
U01250,B2C,B2C,2023-03-31,49.0,,new
U01250,B2C,B2C,2023-04-30,49.0,49.0,retained_flat
U01250,B2C,B2C,2023-05-31,49.0,49.0,retained_flat
U01250,B2C,B2C,2023-06-30,49.0,49.0,retained_flat
U01250,B2C,B2C,2023-07-31,49.0,49.0,retained_flat
U01250,B2C,B2C,2023-08-31,49.0,49.0,retained_flat
U01250,B2C,B2C,2023-09-30,49.0,49.0,retained_flat
U01250,B2C,B2C,2023-10-31,49.0,49.0,retained_flat
U01250,B2C,B2C,2023-11-30,49.0,49.0,retained_flat
U01250,B2C,B2C,2023-12-31,49.0,49.0,retained_flat
U01250,B2C,B2C,2024-01-31,49.0,49.0,retained_flat
U01250,B2C,B2C,2024-02-29,49.0,49.0,retained_flat
U01250,B2C,B2C,2024-03-31,49.0,49.0,retained_flat
U01250,B2C,B2C,2024-04-30,49.0,49.0,retained_flat
U01256,B2C,B2C,2023-03-31,49.0,,new
U01256,B2C,B2C,2023-04-30,49.0,49.0,retained_flat
U01256,B2C,B2C,2023-05-31,49.0,49.0,retained_flat
U01256,B2C,B2C,2023-06-30,49.0,49.0,retained_flat
U01256,B2C,B2C,2023-07-31,49.0,49.0,retained_flat
U01256,B2C,B2C,2023-08-31,49.0,49.0,retained_flat
U01256,B2C,B2C,2023-09-30,49.0,49.0,retained_flat
U01256,B2C,B2C,2023-10-31,49.0,49.0,retained_flat
U01256,B2C,B2C,2023-11-30,49.0,49.0,retained_flat
U01256,B2C,B2C,2023-12-31,49.0,49.0,retained_flat
U01256,B2C,B2C,2024-01-31,49.0,49.0,retained_flat
U01256,B2C,B2C,2024-02-29,49.0,49.0,retained_flat
U01256,B2C,B2C,2024-03-31,49.0,49.0,retained_flat
U01256,B2C,B2C,2024-04-30,49.0,49.0,retained_flat
U01271,B2C,B2C,2023-03-31,49.0,,new
U01271,B2C,B2C,2023-04-30,49.0,49.0,retained_flat
U01271,B2C,B2C,2023-05-31,49.0,49.0,retained_flat
U01271,B2C,B2C,2023-06-30,49.0,49.0,retained_flat
U01271,B2C,B2C,2023-07-31,49.0,49.0,retained_flat
U01271,B2C,B2C,2023-08-31,0.0,49.0,churn
U01271,B2C,B2C,2023-09-30,0.0,0.0,inactive
U01271,B2C,B2C,2023-10-31,0.0,0.0,inactive
U01271,B2C,B2C,2023-11-30,0.0,0.0,inactive
U01271,B2C,B2C,2023-12-31,0.0,0.0,inactive
U01271,B2C,B2C,2024-01-31,0.0,0.0,inactive
U01271,B2C,B2C,2024-02-29,0.0,0.0,inactive
U01271,B2C,B2C,2024-03-31,0.0,0.0,inactive
U01271,B2C,B2C,2024-04-30,0.0,0.0,inactive
U01285,B2C,B2C,2023-03-31,49.0,,new
U01285,B2C,B2C,2023-04-30,49.0,49.0,retained_flat
U01285,B2C,B2C,2023-05-31,49.0,49.0,retained_flat
U01285,B2C,B2C,2023-06-30,49.0,49.0,retained_flat
U01285,B2C,B2C,2023-07-31,49.0,49.0,retained_flat
U01285,B2C,B2C,2023-08-31,49.0,49.0,retained_flat
U01285,B2C,B2C,2023-09-30,0.0,49.0,churn
U01285,B2C,B2C,2023-10-31,0.0,0.0,inactive
U01285,B2C,B2C,2023-11-30,0.0,0.0,inactive
U01285,B2C,B2C,2023-12-31,0.0,0.0,inactive
U01285,B2C,B2C,2024-01-31,0.0,0.0,inactive
U01285,B2C,B2C,2024-02-29,0.0,0.0,inactive
U01285,B2C,B2C,2024-03-31,0.0,0.0,inactive
U01285,B2C,B2C,2024-04-30,0.0,0.0,inactive
U01286,B2C,B2C,2023-03-31,49.0,,new
U01286,B2C,B2C,2023-04-30,49.0,49.0,retained_flat
U01286,B2C,B2C,2023-05-31,0.0,49.0,churn
U01286,B2C,B2C,2023-06-30,0.0,0.0,inactive
U01286,B2C,B2C,2023-07-31,0.0,0.0,inactive
U01286,B2C,B2C,2023-08-31,0.0,0.0,inactive
U01286,B2C,B2C,2023-09-30,0.0,0.0,inactive
U01286,B2C,B2C,2023-10-31,0.0,0.0,inactive
U01286,B2C,B2C,2023-11-30,0.0,0.0,inactive
U01286,B2C,B2C,2023-12-31,0.0,0.0,inactive
U01286,B2C,B2C,2024-01-31,0.0,0.0,inactive
U01286,B2C,B2C,2024-02-29,0.0,0.0,inactive
U01286,B2C,B2C,2024-03-31,0.0,0.0,inactive
U01286,B2C,B2C,2024-04-30,0.0,0.0,inactive
U01292,B2C,B2C,2023-03-31,49.0,,new
U01292,B2C,B2C,2023-04-30,49.0,49.0,retained_flat
U01292,B2C,B2C,2023-05-31,49.0,49.0,retained_flat
U01292,B2C,B2C,2023-06-30,0.0,49.0,churn
U01292,B2C,B2C,2023-07-31,0.0,0.0,inactive
U01292,B2C,B2C,2023-08-31,0.0,0.0,inactive
U01292,B2C,B2C,2023-09-30,0.0,0.0,inactive
U01292,B2C,B2C,2023-10-31,0.0,0.0,inactive
U01292,B2C,B2C,2023-11-30,0.0,0.0,inactive
U01292,B2C,B2C,2023-12-31,0.0,0.0,inactive
U01292,B2C,B2C,2024-01-31,0.0,0.0,inactive
U01292,B2C,B2C,2024-02-29,0.0,0.0,inactive
U01292,B2C,B2C,2024-03-31,0.0,0.0,inactive
U01292,B2C,B2C,2024-04-30,0.0,0.0,inactive
U01293,B2C,B2C,2023-03-31,49.0,,new
U01293,B2C,B2C,2023-04-30,49.0,49.0,retained_flat
U01293,B2C,B2C,2023-05-31,49.0,49.0,retained_flat
U01293,B2C,B2C,2023-06-30,49.0,49.0,retained_flat
U01293,B2C,B2C,2023-07-31,49.0,49.0,retained_flat
U01293,B2C,B2C,2023-08-31,49.0,49.0,retained_flat
U01293,B2C,B2C,2023-09-30,49.0,49.0,retained_flat
U01293,B2C,B2C,2023-10-31,49.0,49.0,retained_flat
U01293,B2C,B2C,2023-11-30,49.0,49.0,retained_flat
U01293,B2C,B2C,2023-12-31,49.0,49.0,retained_flat
U01293,B2C,B2C,2024-01-31,49.0,49.0,retained_flat
U01293,B2C,B2C,2024-02-29,49.0,49.0,retained_flat
U01293,B2C,B2C,2024-03-31,49.0,49.0,retained_flat
U01293,B2C,B2C,2024-04-30,49.0,49.0,retained_flat
U01308,SMB,B2B,2023-03-31,199.0,,new
U01308,SMB,B2B,2023-04-30,199.0,199.0,retained_flat
U01308,SMB,B2B,2023-05-31,199.0,199.0,retained_flat
U01308,SMB,B2B,2023-06-30,199.0,199.0,retained_flat
U01308,SMB,B2B,2023-07-31,199.0,199.0,retained_flat
U01308,SMB,B2B,2023-08-31,165.36,199.0,contraction
U01308,SMB,B2B,2023-09-30,165.36,165.36,retained_flat
U01308,SMB,B2B,2023-10-31,165.36,165.36,retained_flat
U01308,SMB,B2B,2023-11-30,165.36,165.36,retained_flat
U01308,SMB,B2B,2023-12-31,165.36,165.36,retained_flat
U01308,SMB,B2B,2024-01-31,134.7,165.36,contraction
U01308,SMB,B2B,2024-02-29,134.7,134.7,retained_flat
U01308,SMB,B2B,2024-03-31,134.7,134.7,retained_flat
U01308,SMB,B2B,2024-04-30,158.22,134.7,expansion
U01316,SMB,B2B,2023-03-31,149.92,,new
U01316,SMB,B2B,2023-04-30,149.92,149.92,retained_flat
U01316,SMB,B2B,2023-05-31,149.92,149.92,retained_flat
U01316,SMB,B2B,2023-06-30,149.92,149.92,retained_flat
U01316,SMB,B2B,2023-07-31,149.92,149.92,retained_flat
U01316,SMB,B2B,2023-08-31,149.92,149.92,retained_flat
U01316,SMB,B2B,2023-09-30,149.92,149.92,retained_flat
U01316,SMB,B2B,2023-10-31,149.92,149.92,retained_flat
U01316,SMB,B2B,2023-11-30,149.92,149.92,retained_flat
U01316,SMB,B2B,2023-12-31,149.92,149.92,retained_flat
U01316,SMB,B2B,2024-01-31,149.92,149.92,retained_flat
U01316,SMB,B2B,2024-02-29,149.92,149.92,retained_flat
U01316,SMB,B2B,2024-03-31,149.92,149.92,retained_flat
U01316,SMB,B2B,2024-04-30,149.92,149.92,retained_flat
U01350,B2C,B2C,2023-04-30,49.0,,new
U01350,B2C,B2C,2023-05-31,49.0,49.0,retained_flat
U01350,B2C,B2C,2023-06-30,49.0,49.0,retained_flat
U01350,B2C,B2C,2023-07-31,49.0,49.0,retained_flat
U01350,B2C,B2C,2023-08-31,0.0,49.0,churn
U01350,B2C,B2C,2023-09-30,0.0,0.0,inactive
U01350,B2C,B2C,2023-10-31,0.0,0.0,inactive
U01350,B2C,B2C,2023-11-30,0.0,0.0,inactive
U01350,B2C,B2C,2023-12-31,0.0,0.0,inactive
U01350,B2C,B2C,2024-01-31,0.0,0.0,inactive
U01350,B2C,B2C,2024-02-29,0.0,0.0,inactive
U01350,B2C,B2C,2024-03-31,0.0,0.0,inactive
U01350,B2C,B2C,2024-04-30,0.0,0.0,inactive
U01370,B2C,B2C,2023-04-30,33.25,,new
U01370,B2C,B2C,2023-05-31,33.25,33.25,retained_flat
U01370,B2C,B2C,2023-06-30,33.25,33.25,retained_flat
U01370,B2C,B2C,2023-07-31,33.25,33.25,retained_flat
U01370,B2C,B2C,2023-08-31,33.25,33.25,retained_flat
U01370,B2C,B2C,2023-09-30,33.25,33.25,retained_flat
U01370,B2C,B2C,2023-10-31,33.25,33.25,retained_flat
U01370,B2C,B2C,2023-11-30,33.25,33.25,retained_flat
U01370,B2C,B2C,2023-12-31,33.25,33.25,retained_flat
U01370,B2C,B2C,2024-01-31,33.25,33.25,retained_flat
U01370,B2C,B2C,2024-02-29,33.25,33.25,retained_flat
U01370,B2C,B2C,2024-03-31,33.25,33.25,retained_flat
U01370,B2C,B2C,2024-04-30,33.25,33.25,retained_flat
U01393,B2C,B2C,2023-04-30,49.0,,new
U01393,B2C,B2C,2023-05-31,49.0,49.0,retained_flat
U01393,B2C,B2C,2023-06-30,49.0,49.0,retained_flat
U01393,B2C,B2C,2023-07-31,49.0,49.0,retained_flat
U01393,B2C,B2C,2023-08-31,49.0,49.0,retained_flat
U01393,B2C,B2C,2023-09-30,49.0,49.0,retained_flat
U01393,B2C,B2C,2023-10-31,49.0,49.0,retained_flat
U01393,B2C,B2C,2023-11-30,49.0,49.0,retained_flat
U01393,B2C,B2C,2023-12-31,49.0,49.0,retained_flat
U01393,B2C,B2C,2024-01-31,49.0,49.0,retained_flat
U01393,B2C,B2C,2024-02-29,49.0,49.0,retained_flat
U01393,B2C,B2C,2024-03-31,49.0,49.0,retained_flat
U01393,B2C,B2C,2024-04-30,49.0,49.0,retained_flat
U01399,B2C,B2C,2023-04-30,49.0,,new
U01399,B2C,B2C,2023-05-31,49.0,49.0,retained_flat
U01399,B2C,B2C,2023-06-30,49.0,49.0,retained_flat
U01399,B2C,B2C,2023-07-31,49.0,49.0,retained_flat
U01399,B2C,B2C,2023-08-31,49.0,49.0,retained_flat
U01399,B2C,B2C,2023-09-30,49.0,49.0,retained_flat
U01399,B2C,B2C,2023-10-31,49.0,49.0,retained_flat
U01399,B2C,B2C,2023-11-30,49.0,49.0,retained_flat
U01399,B2C,B2C,2023-12-31,49.0,49.0,retained_flat
U01399,B2C,B2C,2024-01-31,49.0,49.0,retained_flat
U01399,B2C,B2C,2024-02-29,49.0,49.0,retained_flat
U01399,B2C,B2C,2024-03-31,49.0,49.0,retained_flat
U01399,B2C,B2C,2024-04-30,49.0,49.0,retained_flat
U01415,B2C,B2C,2023-04-30,49.0,,new
U01415,B2C,B2C,2023-05-31,49.0,49.0,retained_flat
U01415,B2C,B2C,2023-06-30,0.0,49.0,churn
U01415,B2C,B2C,2023-07-31,0.0,0.0,inactive
U01415,B2C,B2C,2023-08-31,0.0,0.0,inactive
U01415,B2C,B2C,2023-09-30,0.0,0.0,inactive
U01415,B2C,B2C,2023-10-31,0.0,0.0,inactive
U01415,B2C,B2C,2023-11-30,0.0,0.0,inactive
U01415,B2C,B2C,2023-12-31,0.0,0.0,inactive
U01415,B2C,B2C,2024-01-31,0.0,0.0,inactive
U01415,B2C,B2C,2024-02-29,0.0,0.0,inactive
U01415,B2C,B2C,2024-03-31,0.0,0.0,inactive
U01415,B2C,B2C,2024-04-30,0.0,0.0,inactive
U01430,B2C,B2C,2023-04-30,33.25,,new
U01430,B2C,B2C,2023-05-31,33.25,33.25,retained_flat
U01430,B2C,B2C,2023-06-30,33.25,33.25,retained_flat
U01430,B2C,B2C,2023-07-31,33.25,33.25,retained_flat
U01430,B2C,B2C,2023-08-31,33.25,33.25,retained_flat
U01430,B2C,B2C,2023-09-30,33.25,33.25,retained_flat
U01430,B2C,B2C,2023-10-31,33.25,33.25,retained_flat
U01430,B2C,B2C,2023-11-30,33.25,33.25,retained_flat
U01430,B2C,B2C,2023-12-31,33.25,33.25,retained_flat
U01430,B2C,B2C,2024-01-31,33.25,33.25,retained_flat
U01430,B2C,B2C,2024-02-29,33.25,33.25,retained_flat
U01430,B2C,B2C,2024-03-31,33.25,33.25,retained_flat
U01430,B2C,B2C,2024-04-30,33.25,33.25,retained_flat
U01457,B2C,B2C,2023-05-31,49.0,,new
U01457,B2C,B2C,2023-06-30,49.0,49.0,retained_flat
U01457,B2C,B2C,2023-07-31,0.0,49.0,churn
U01457,B2C,B2C,2023-08-31,0.0,0.0,inactive
U01457,B2C,B2C,2023-09-30,0.0,0.0,inactive
U01457,B2C,B2C,2023-10-31,0.0,0.0,inactive
U01457,B2C,B2C,2023-11-30,0.0,0.0,inactive
U01457,B2C,B2C,2023-12-31,0.0,0.0,inactive
U01457,B2C,B2C,2024-01-31,0.0,0.0,inactive
U01457,B2C,B2C,2024-02-29,0.0,0.0,inactive
U01457,B2C,B2C,2024-03-31,0.0,0.0,inactive
U01457,B2C,B2C,2024-04-30,0.0,0.0,inactive
U01470,B2C,B2C,2023-05-31,49.0,,new
U01470,B2C,B2C,2023-06-30,49.0,49.0,retained_flat
U01470,B2C,B2C,2023-07-31,49.0,49.0,retained_flat
U01470,B2C,B2C,2023-08-31,49.0,49.0,retained_flat
U01470,B2C,B2C,2023-09-30,49.0,49.0,retained_flat
U01470,B2C,B2C,2023-10-31,49.0,49.0,retained_flat
U01470,B2C,B2C,2023-11-30,49.0,49.0,retained_flat
U01470,B2C,B2C,2023-12-31,49.0,49.0,retained_flat
U01470,B2C,B2C,2024-01-31,0.0,49.0,churn
U01470,B2C,B2C,2024-02-29,0.0,0.0,inactive
U01470,B2C,B2C,2024-03-31,0.0,0.0,inactive
U01470,B2C,B2C,2024-04-30,0.0,0.0,inactive
U01477,B2C,B2C,2023-05-31,33.25,,new
U01477,B2C,B2C,2023-06-30,33.25,33.25,retained_flat
U01477,B2C,B2C,2023-07-31,33.25,33.25,retained_flat
U01477,B2C,B2C,2023-08-31,33.25,33.25,retained_flat
U01477,B2C,B2C,2023-09-30,33.25,33.25,retained_flat
U01477,B2C,B2C,2023-10-31,33.25,33.25,retained_flat
U01477,B2C,B2C,2023-11-30,33.25,33.25,retained_flat
U01477,B2C,B2C,2023-12-31,33.25,33.25,retained_flat
U01477,B2C,B2C,2024-01-31,33.25,33.25,retained_flat
U01477,B2C,B2C,2024-02-29,33.25,33.25,retained_flat
U01477,B2C,B2C,2024-03-31,33.25,33.25,retained_flat
U01477,B2C,B2C,2024-04-30,33.25,33.25,retained_flat
U01505,B2C,B2C,2023-05-31,49.0,,new
U01505,B2C,B2C,2023-06-30,49.0,49.0,retained_flat
U01505,B2C,B2C,2023-07-31,49.0,49.0,retained_flat
U01505,B2C,B2C,2023-08-31,49.0,49.0,retained_flat
U01505,B2C,B2C,2023-09-30,49.0,49.0,retained_flat
U01505,B2C,B2C,2023-10-31,49.0,49.0,retained_flat
U01505,B2C,B2C,2023-11-30,49.0,49.0,retained_flat
U01505,B2C,B2C,2023-12-31,49.0,49.0,retained_flat
U01505,B2C,B2C,2024-01-31,49.0,49.0,retained_flat
U01505,B2C,B2C,2024-02-29,49.0,49.0,retained_flat
U01505,B2C,B2C,2024-03-31,49.0,49.0,retained_flat
U01505,B2C,B2C,2024-04-30,49.0,49.0,retained_flat
U01512,B2C,B2C,2023-05-31,33.25,,new
U01512,B2C,B2C,2023-06-30,33.25,33.25,retained_flat
U01512,B2C,B2C,2023-07-31,33.25,33.25,retained_flat
U01512,B2C,B2C,2023-08-31,33.25,33.25,retained_flat
U01512,B2C,B2C,2023-09-30,33.25,33.25,retained_flat
U01512,B2C,B2C,2023-10-31,33.25,33.25,retained_flat
U01512,B2C,B2C,2023-11-30,33.25,33.25,retained_flat
U01512,B2C,B2C,2023-12-31,33.25,33.25,retained_flat
U01512,B2C,B2C,2024-01-31,33.25,33.25,retained_flat
U01512,B2C,B2C,2024-02-29,33.25,33.25,retained_flat
U01512,B2C,B2C,2024-03-31,33.25,33.25,retained_flat
U01512,B2C,B2C,2024-04-30,33.25,33.25,retained_flat
U01570,SMB,B2B,2023-05-31,199.0,,new
U01570,SMB,B2B,2023-06-30,199.0,199.0,retained_flat
U01570,SMB,B2B,2023-07-31,199.0,199.0,retained_flat
U01570,SMB,B2B,2023-08-31,199.0,199.0,retained_flat
U01570,SMB,B2B,2023-09-30,199.0,199.0,retained_flat
U01570,SMB,B2B,2023-10-31,199.0,199.0,retained_flat
U01570,SMB,B2B,2023-11-30,199.0,199.0,retained_flat
U01570,SMB,B2B,2023-12-31,199.0,199.0,retained_flat
U01570,SMB,B2B,2024-01-31,199.0,199.0,retained_flat
U01570,SMB,B2B,2024-02-29,199.0,199.0,retained_flat
U01570,SMB,B2B,2024-03-31,199.0,199.0,retained_flat
U01570,SMB,B2B,2024-04-30,199.0,199.0,retained_flat
U01595,B2C,B2C,2023-06-30,49.0,,new
U01595,B2C,B2C,2023-07-31,49.0,49.0,retained_flat
U01595,B2C,B2C,2023-08-31,49.0,49.0,retained_flat
U01595,B2C,B2C,2023-09-30,49.0,49.0,retained_flat
U01595,B2C,B2C,2023-10-31,49.0,49.0,retained_flat
U01595,B2C,B2C,2023-11-30,49.0,49.0,retained_flat
U01595,B2C,B2C,2023-12-31,49.0,49.0,retained_flat
U01595,B2C,B2C,2024-01-31,49.0,49.0,retained_flat
U01595,B2C,B2C,2024-02-29,49.0,49.0,retained_flat
U01595,B2C,B2C,2024-03-31,49.0,49.0,retained_flat
U01595,B2C,B2C,2024-04-30,49.0,49.0,retained_flat
U01608,B2C,B2C,2023-06-30,49.0,,new
U01608,B2C,B2C,2023-07-31,0.0,49.0,churn
U01608,B2C,B2C,2023-08-31,0.0,0.0,inactive
U01608,B2C,B2C,2023-09-30,0.0,0.0,inactive
U01608,B2C,B2C,2023-10-31,0.0,0.0,inactive
U01608,B2C,B2C,2023-11-30,0.0,0.0,inactive
U01608,B2C,B2C,2023-12-31,0.0,0.0,inactive
U01608,B2C,B2C,2024-01-31,0.0,0.0,inactive
U01608,B2C,B2C,2024-02-29,0.0,0.0,inactive
U01608,B2C,B2C,2024-03-31,0.0,0.0,inactive
U01608,B2C,B2C,2024-04-30,0.0,0.0,inactive
U01636,B2C,B2C,2023-06-30,49.0,,new
U01636,B2C,B2C,2023-07-31,0.0,49.0,churn
U01636,B2C,B2C,2023-08-31,0.0,0.0,inactive
U01636,B2C,B2C,2023-09-30,0.0,0.0,inactive
U01636,B2C,B2C,2023-10-31,0.0,0.0,inactive
U01636,B2C,B2C,2023-11-30,0.0,0.0,inactive
U01636,B2C,B2C,2023-12-31,0.0,0.0,inactive
U01636,B2C,B2C,2024-01-31,0.0,0.0,inactive
U01636,B2C,B2C,2024-02-29,0.0,0.0,inactive
U01636,B2C,B2C,2024-03-31,0.0,0.0,inactive
U01636,B2C,B2C,2024-04-30,0.0,0.0,inactive
U01688,B2C,B2C,2023-06-30,49.0,,new
U01688,B2C,B2C,2023-07-31,49.0,49.0,retained_flat
U01688,B2C,B2C,2023-08-31,0.0,49.0,churn
U01688,B2C,B2C,2023-09-30,0.0,0.0,inactive
U01688,B2C,B2C,2023-10-31,0.0,0.0,inactive
U01688,B2C,B2C,2023-11-30,0.0,0.0,inactive
U01688,B2C,B2C,2023-12-31,0.0,0.0,inactive
U01688,B2C,B2C,2024-01-31,0.0,0.0,inactive
U01688,B2C,B2C,2024-02-29,0.0,0.0,inactive
U01688,B2C,B2C,2024-03-31,0.0,0.0,inactive
U01688,B2C,B2C,2024-04-30,0.0,0.0,inactive
U01699,B2C,B2C,2023-06-30,49.0,,new
U01699,B2C,B2C,2023-07-31,49.0,49.0,retained_flat
U01699,B2C,B2C,2023-08-31,49.0,49.0,retained_flat
U01699,B2C,B2C,2023-09-30,49.0,49.0,retained_flat
U01699,B2C,B2C,2023-10-31,49.0,49.0,retained_flat
U01699,B2C,B2C,2023-11-30,49.0,49.0,retained_flat
U01699,B2C,B2C,2023-12-31,49.0,49.0,retained_flat
U01699,B2C,B2C,2024-01-31,0.0,49.0,churn
U01699,B2C,B2C,2024-02-29,0.0,0.0,inactive
U01699,B2C,B2C,2024-03-31,0.0,0.0,inactive
U01699,B2C,B2C,2024-04-30,0.0,0.0,inactive
U01708,B2C,B2C,2023-06-30,49.0,,new
U01708,B2C,B2C,2023-07-31,49.0,49.0,retained_flat
U01708,B2C,B2C,2023-08-31,49.0,49.0,retained_flat
U01708,B2C,B2C,2023-09-30,49.0,49.0,retained_flat
U01708,B2C,B2C,2023-10-31,49.0,49.0,retained_flat
U01708,B2C,B2C,2023-11-30,0.0,49.0,churn
U01708,B2C,B2C,2023-12-31,0.0,0.0,inactive
U01708,B2C,B2C,2024-01-31,0.0,0.0,inactive
U01708,B2C,B2C,2024-02-29,0.0,0.0,inactive
U01708,B2C,B2C,2024-03-31,0.0,0.0,inactive
U01708,B2C,B2C,2024-04-30,0.0,0.0,inactive
U01711,SMB,B2B,2023-06-30,149.92,,new
U01711,SMB,B2B,2023-07-31,149.92,149.92,retained_flat
U01711,SMB,B2B,2023-08-31,149.92,149.92,retained_flat
U01711,SMB,B2B,2023-09-30,149.92,149.92,retained_flat
U01711,SMB,B2B,2023-10-31,149.92,149.92,retained_flat
U01711,SMB,B2B,2023-11-30,149.92,149.92,retained_flat
U01711,SMB,B2B,2023-12-31,149.92,149.92,retained_flat
U01711,SMB,B2B,2024-01-31,149.92,149.92,retained_flat
U01711,SMB,B2B,2024-02-29,149.92,149.92,retained_flat
U01711,SMB,B2B,2024-03-31,149.92,149.92,retained_flat
U01711,SMB,B2B,2024-04-30,149.92,149.92,retained_flat
U01717,SMB,B2B,2023-06-30,149.92,,new
U01717,SMB,B2B,2023-07-31,149.92,149.92,retained_flat
U01717,SMB,B2B,2023-08-31,149.92,149.92,retained_flat
U01717,SMB,B2B,2023-09-30,149.92,149.92,retained_flat
U01717,SMB,B2B,2023-10-31,149.92,149.92,retained_flat
U01717,SMB,B2B,2023-11-30,149.92,149.92,retained_flat
U01717,SMB,B2B,2023-12-31,149.92,149.92,retained_flat
U01717,SMB,B2B,2024-01-31,149.92,149.92,retained_flat
U01717,SMB,B2B,2024-02-29,149.92,149.92,retained_flat
U01717,SMB,B2B,2024-03-31,149.92,149.92,retained_flat
U01717,SMB,B2B,2024-04-30,149.92,149.92,retained_flat
U01718,SMB,B2B,2023-06-30,149.92,,new
U01718,SMB,B2B,2023-07-31,149.92,149.92,retained_flat
U01718,SMB,B2B,2023-08-31,149.92,149.92,retained_flat
U01718,SMB,B2B,2023-09-30,149.92,149.92,retained_flat
U01718,SMB,B2B,2023-10-31,149.92,149.92,retained_flat
U01718,SMB,B2B,2023-11-30,149.92,149.92,retained_flat
U01718,SMB,B2B,2023-12-31,149.92,149.92,retained_flat
U01718,SMB,B2B,2024-01-31,149.92,149.92,retained_flat
U01718,SMB,B2B,2024-02-29,149.92,149.92,retained_flat
U01718,SMB,B2B,2024-03-31,149.92,149.92,retained_flat
U01718,SMB,B2B,2024-04-30,149.92,149.92,retained_flat
U01724,SMB,B2B,2023-06-30,199.0,,new
U01724,SMB,B2B,2023-07-31,199.0,199.0,retained_flat
U01724,SMB,B2B,2023-08-31,199.0,199.0,retained_flat
U01724,SMB,B2B,2023-09-30,220.94,199.0,expansion
U01724,SMB,B2B,2023-10-31,220.94,220.94,retained_flat
U01724,SMB,B2B,2023-11-30,220.94,220.94,retained_flat
U01724,SMB,B2B,2023-12-31,220.94,220.94,retained_flat
U01724,SMB,B2B,2024-01-31,270.0,220.94,expansion
U01724,SMB,B2B,2024-02-29,0.0,270.0,churn
U01724,SMB,B2B,2024-03-31,0.0,0.0,inactive
U01724,SMB,B2B,2024-04-30,0.0,0.0,inactive
U01727,SMB,B2B,2023-06-30,149.92,,new
U01727,SMB,B2B,2023-07-31,149.92,149.92,retained_flat
U01727,SMB,B2B,2023-08-31,149.92,149.92,retained_flat
U01727,SMB,B2B,2023-09-30,149.92,149.92,retained_flat
U01727,SMB,B2B,2023-10-31,149.92,149.92,retained_flat
U01727,SMB,B2B,2023-11-30,149.92,149.92,retained_flat
U01727,SMB,B2B,2023-12-31,149.92,149.92,retained_flat
U01727,SMB,B2B,2024-01-31,149.92,149.92,retained_flat
U01727,SMB,B2B,2024-02-29,149.92,149.92,retained_flat
U01727,SMB,B2B,2024-03-31,149.92,149.92,retained_flat
U01727,SMB,B2B,2024-04-30,149.92,149.92,retained_flat
U01737,B2C,B2C,2023-07-31,49.0,,new
U01737,B2C,B2C,2023-08-31,49.0,49.0,retained_flat
U01737,B2C,B2C,2023-09-30,49.0,49.0,retained_flat
U01737,B2C,B2C,2023-10-31,49.0,49.0,retained_flat
U01737,B2C,B2C,2023-11-30,49.0,49.0,retained_flat
U01737,B2C,B2C,2023-12-31,49.0,49.0,retained_flat
U01737,B2C,B2C,2024-01-31,49.0,49.0,retained_flat
U01737,B2C,B2C,2024-02-29,49.0,49.0,retained_flat
U01737,B2C,B2C,2024-03-31,49.0,49.0,retained_flat
U01737,B2C,B2C,2024-04-30,49.0,49.0,retained_flat
U01738,B2C,B2C,2023-07-31,49.0,,new
U01738,B2C,B2C,2023-08-31,49.0,49.0,retained_flat
U01738,B2C,B2C,2023-09-30,49.0,49.0,retained_flat
U01738,B2C,B2C,2023-10-31,49.0,49.0,retained_flat
U01738,B2C,B2C,2023-11-30,49.0,49.0,retained_flat
U01738,B2C,B2C,2023-12-31,49.0,49.0,retained_flat
U01738,B2C,B2C,2024-01-31,49.0,49.0,retained_flat
U01738,B2C,B2C,2024-02-29,49.0,49.0,retained_flat
U01738,B2C,B2C,2024-03-31,49.0,49.0,retained_flat
U01738,B2C,B2C,2024-04-30,49.0,49.0,retained_flat
U01762,B2C,B2C,2023-07-31,49.0,,new
U01762,B2C,B2C,2023-08-31,49.0,49.0,retained_flat
U01762,B2C,B2C,2023-09-30,49.0,49.0,retained_flat
U01762,B2C,B2C,2023-10-31,49.0,49.0,retained_flat
U01762,B2C,B2C,2023-11-30,49.0,49.0,retained_flat
U01762,B2C,B2C,2023-12-31,49.0,49.0,retained_flat
U01762,B2C,B2C,2024-01-31,49.0,49.0,retained_flat
U01762,B2C,B2C,2024-02-29,49.0,49.0,retained_flat
U01762,B2C,B2C,2024-03-31,49.0,49.0,retained_flat
U01762,B2C,B2C,2024-04-30,49.0,49.0,retained_flat
U01773,B2C,B2C,2023-07-31,33.25,,new
U01773,B2C,B2C,2023-08-31,33.25,33.25,retained_flat
U01773,B2C,B2C,2023-09-30,33.25,33.25,retained_flat
U01773,B2C,B2C,2023-10-31,33.25,33.25,retained_flat
U01773,B2C,B2C,2023-11-30,33.25,33.25,retained_flat
U01773,B2C,B2C,2023-12-31,33.25,33.25,retained_flat
U01773,B2C,B2C,2024-01-31,33.25,33.25,retained_flat
U01773,B2C,B2C,2024-02-29,33.25,33.25,retained_flat
U01773,B2C,B2C,2024-03-31,33.25,33.25,retained_flat
U01773,B2C,B2C,2024-04-30,33.25,33.25,retained_flat
U01788,B2C,B2C,2023-07-31,49.0,,new
U01788,B2C,B2C,2023-08-31,49.0,49.0,retained_flat
U01788,B2C,B2C,2023-09-30,0.0,49.0,churn
U01788,B2C,B2C,2023-10-31,0.0,0.0,inactive
U01788,B2C,B2C,2023-11-30,0.0,0.0,inactive
U01788,B2C,B2C,2023-12-31,0.0,0.0,inactive
U01788,B2C,B2C,2024-01-31,0.0,0.0,inactive
U01788,B2C,B2C,2024-02-29,0.0,0.0,inactive
U01788,B2C,B2C,2024-03-31,0.0,0.0,inactive
U01788,B2C,B2C,2024-04-30,0.0,0.0,inactive
U01802,B2C,B2C,2023-07-31,49.0,,new
U01802,B2C,B2C,2023-08-31,49.0,49.0,retained_flat
U01802,B2C,B2C,2023-09-30,49.0,49.0,retained_flat
U01802,B2C,B2C,2023-10-31,0.0,49.0,churn
U01802,B2C,B2C,2023-11-30,0.0,0.0,inactive
U01802,B2C,B2C,2023-12-31,0.0,0.0,inactive
U01802,B2C,B2C,2024-01-31,0.0,0.0,inactive
U01802,B2C,B2C,2024-02-29,0.0,0.0,inactive
U01802,B2C,B2C,2024-03-31,0.0,0.0,inactive
U01802,B2C,B2C,2024-04-30,0.0,0.0,inactive
U01807,B2C,B2C,2023-07-31,33.25,,new
U01807,B2C,B2C,2023-08-31,33.25,33.25,retained_flat
U01807,B2C,B2C,2023-09-30,33.25,33.25,retained_flat
U01807,B2C,B2C,2023-10-31,33.25,33.25,retained_flat
U01807,B2C,B2C,2023-11-30,33.25,33.25,retained_flat
U01807,B2C,B2C,2023-12-31,33.25,33.25,retained_flat
U01807,B2C,B2C,2024-01-31,33.25,33.25,retained_flat
U01807,B2C,B2C,2024-02-29,33.25,33.25,retained_flat
U01807,B2C,B2C,2024-03-31,33.25,33.25,retained_flat
U01807,B2C,B2C,2024-04-30,33.25,33.25,retained_flat
U01810,B2C,B2C,2023-07-31,49.0,,new
U01810,B2C,B2C,2023-08-31,49.0,49.0,retained_flat
U01810,B2C,B2C,2023-09-30,49.0,49.0,retained_flat
U01810,B2C,B2C,2023-10-31,49.0,49.0,retained_flat
U01810,B2C,B2C,2023-11-30,49.0,49.0,retained_flat
U01810,B2C,B2C,2023-12-31,49.0,49.0,retained_flat
U01810,B2C,B2C,2024-01-31,49.0,49.0,retained_flat
U01810,B2C,B2C,2024-02-29,49.0,49.0,retained_flat
U01810,B2C,B2C,2024-03-31,49.0,49.0,retained_flat
U01810,B2C,B2C,2024-04-30,49.0,49.0,retained_flat
U01813,B2C,B2C,2023-07-31,49.0,,new
U01813,B2C,B2C,2023-08-31,49.0,49.0,retained_flat
U01813,B2C,B2C,2023-09-30,49.0,49.0,retained_flat
U01813,B2C,B2C,2023-10-31,49.0,49.0,retained_flat
U01813,B2C,B2C,2023-11-30,49.0,49.0,retained_flat
U01813,B2C,B2C,2023-12-31,49.0,49.0,retained_flat
U01813,B2C,B2C,2024-01-31,49.0,49.0,retained_flat
U01813,B2C,B2C,2024-02-29,49.0,49.0,retained_flat
U01813,B2C,B2C,2024-03-31,49.0,49.0,retained_flat
U01813,B2C,B2C,2024-04-30,49.0,49.0,retained_flat
U01815,B2C,B2C,2023-07-31,33.25,,new
U01815,B2C,B2C,2023-08-31,33.25,33.25,retained_flat
U01815,B2C,B2C,2023-09-30,33.25,33.25,retained_flat
U01815,B2C,B2C,2023-10-31,33.25,33.25,retained_flat
U01815,B2C,B2C,2023-11-30,33.25,33.25,retained_flat
U01815,B2C,B2C,2023-12-31,33.25,33.25,retained_flat
U01815,B2C,B2C,2024-01-31,33.25,33.25,retained_flat
U01815,B2C,B2C,2024-02-29,33.25,33.25,retained_flat
U01815,B2C,B2C,2024-03-31,33.25,33.25,retained_flat
U01815,B2C,B2C,2024-04-30,33.25,33.25,retained_flat
U01856,SMB,B2B,2023-07-31,199.0,,new
U01856,SMB,B2B,2023-08-31,0.0,199.0,churn
U01856,SMB,B2B,2023-09-30,0.0,0.0,inactive
U01856,SMB,B2B,2023-10-31,0.0,0.0,inactive
U01856,SMB,B2B,2023-11-30,0.0,0.0,inactive
U01856,SMB,B2B,2023-12-31,0.0,0.0,inactive
U01856,SMB,B2B,2024-01-31,0.0,0.0,inactive
U01856,SMB,B2B,2024-02-29,0.0,0.0,inactive
U01856,SMB,B2B,2024-03-31,0.0,0.0,inactive
U01856,SMB,B2B,2024-04-30,0.0,0.0,inactive
U01890,B2C,B2C,2023-08-31,49.0,,new
U01890,B2C,B2C,2023-09-30,0.0,49.0,churn
U01890,B2C,B2C,2023-10-31,0.0,0.0,inactive
U01890,B2C,B2C,2023-11-30,0.0,0.0,inactive
U01890,B2C,B2C,2023-12-31,0.0,0.0,inactive
U01890,B2C,B2C,2024-01-31,0.0,0.0,inactive
U01890,B2C,B2C,2024-02-29,0.0,0.0,inactive
U01890,B2C,B2C,2024-03-31,0.0,0.0,inactive
U01890,B2C,B2C,2024-04-30,0.0,0.0,inactive
U01892,B2C,B2C,2023-08-31,49.0,,new
U01892,B2C,B2C,2023-09-30,0.0,49.0,churn
U01892,B2C,B2C,2023-10-31,0.0,0.0,inactive
U01892,B2C,B2C,2023-11-30,0.0,0.0,inactive
U01892,B2C,B2C,2023-12-31,0.0,0.0,inactive
U01892,B2C,B2C,2024-01-31,0.0,0.0,inactive
U01892,B2C,B2C,2024-02-29,0.0,0.0,inactive
U01892,B2C,B2C,2024-03-31,0.0,0.0,inactive
U01892,B2C,B2C,2024-04-30,0.0,0.0,inactive
U01901,B2C,B2C,2023-08-31,49.0,,new
U01901,B2C,B2C,2023-09-30,49.0,49.0,retained_flat
U01901,B2C,B2C,2023-10-31,49.0,49.0,retained_flat
U01901,B2C,B2C,2023-11-30,49.0,49.0,retained_flat
U01901,B2C,B2C,2023-12-31,49.0,49.0,retained_flat
U01901,B2C,B2C,2024-01-31,49.0,49.0,retained_flat
U01901,B2C,B2C,2024-02-29,0.0,49.0,churn
U01901,B2C,B2C,2024-03-31,0.0,0.0,inactive
U01901,B2C,B2C,2024-04-30,0.0,0.0,inactive
U01915,B2C,B2C,2023-08-31,49.0,,new
U01915,B2C,B2C,2023-09-30,49.0,49.0,retained_flat
U01915,B2C,B2C,2023-10-31,49.0,49.0,retained_flat
U01915,B2C,B2C,2023-11-30,49.0,49.0,retained_flat
U01915,B2C,B2C,2023-12-31,49.0,49.0,retained_flat
U01915,B2C,B2C,2024-01-31,49.0,49.0,retained_flat
U01915,B2C,B2C,2024-02-29,49.0,49.0,retained_flat
U01915,B2C,B2C,2024-03-31,49.0,49.0,retained_flat
U01915,B2C,B2C,2024-04-30,49.0,49.0,retained_flat
U01919,B2C,B2C,2023-08-31,33.25,,new
U01919,B2C,B2C,2023-09-30,33.25,33.25,retained_flat
U01919,B2C,B2C,2023-10-31,33.25,33.25,retained_flat
U01919,B2C,B2C,2023-11-30,33.25,33.25,retained_flat
U01919,B2C,B2C,2023-12-31,33.25,33.25,retained_flat
U01919,B2C,B2C,2024-01-31,33.25,33.25,retained_flat
U01919,B2C,B2C,2024-02-29,33.25,33.25,retained_flat
U01919,B2C,B2C,2024-03-31,33.25,33.25,retained_flat
U01919,B2C,B2C,2024-04-30,33.25,33.25,retained_flat
U01927,B2C,B2C,2023-08-31,49.0,,new
U01927,B2C,B2C,2023-09-30,49.0,49.0,retained_flat
U01927,B2C,B2C,2023-10-31,49.0,49.0,retained_flat
U01927,B2C,B2C,2023-11-30,49.0,49.0,retained_flat
U01927,B2C,B2C,2023-12-31,49.0,49.0,retained_flat
U01927,B2C,B2C,2024-01-31,49.0,49.0,retained_flat
U01927,B2C,B2C,2024-02-29,49.0,49.0,retained_flat
U01927,B2C,B2C,2024-03-31,49.0,49.0,retained_flat
U01927,B2C,B2C,2024-04-30,0.0,49.0,churn
U01933,B2C,B2C,2023-08-31,49.0,,new
U01933,B2C,B2C,2023-09-30,49.0,49.0,retained_flat
U01933,B2C,B2C,2023-10-31,49.0,49.0,retained_flat
U01933,B2C,B2C,2023-11-30,49.0,49.0,retained_flat
U01933,B2C,B2C,2023-12-31,49.0,49.0,retained_flat
U01933,B2C,B2C,2024-01-31,49.0,49.0,retained_flat
U01933,B2C,B2C,2024-02-29,49.0,49.0,retained_flat
U01933,B2C,B2C,2024-03-31,49.0,49.0,retained_flat
U01933,B2C,B2C,2024-04-30,49.0,49.0,retained_flat
U01938,B2C,B2C,2023-08-31,49.0,,new
U01938,B2C,B2C,2023-09-30,49.0,49.0,retained_flat
U01938,B2C,B2C,2023-10-31,49.0,49.0,retained_flat
U01938,B2C,B2C,2023-11-30,49.0,49.0,retained_flat
U01938,B2C,B2C,2023-12-31,49.0,49.0,retained_flat
U01938,B2C,B2C,2024-01-31,0.0,49.0,churn
U01938,B2C,B2C,2024-02-29,0.0,0.0,inactive
U01938,B2C,B2C,2024-03-31,0.0,0.0,inactive
U01938,B2C,B2C,2024-04-30,0.0,0.0,inactive
U01972,B2C,B2C,2023-08-31,49.0,,new
U01972,B2C,B2C,2023-09-30,49.0,49.0,retained_flat
U01972,B2C,B2C,2023-10-31,49.0,49.0,retained_flat
U01972,B2C,B2C,2023-11-30,49.0,49.0,retained_flat
U01972,B2C,B2C,2023-12-31,49.0,49.0,retained_flat
U01972,B2C,B2C,2024-01-31,49.0,49.0,retained_flat
U01972,B2C,B2C,2024-02-29,49.0,49.0,retained_flat
U01972,B2C,B2C,2024-03-31,49.0,49.0,retained_flat
U01972,B2C,B2C,2024-04-30,49.0,49.0,retained_flat
U02007,B2C,B2C,2023-08-31,49.0,,new
U02007,B2C,B2C,2023-09-30,0.0,49.0,churn
U02007,B2C,B2C,2023-10-31,0.0,0.0,inactive
U02007,B2C,B2C,2023-11-30,0.0,0.0,inactive
U02007,B2C,B2C,2023-12-31,0.0,0.0,inactive
U02007,B2C,B2C,2024-01-31,0.0,0.0,inactive
U02007,B2C,B2C,2024-02-29,0.0,0.0,inactive
U02007,B2C,B2C,2024-03-31,0.0,0.0,inactive
U02007,B2C,B2C,2024-04-30,0.0,0.0,inactive
U02036,B2C,B2C,2023-09-30,49.0,,new
U02036,B2C,B2C,2023-10-31,49.0,49.0,retained_flat
U02036,B2C,B2C,2023-11-30,49.0,49.0,retained_flat
U02036,B2C,B2C,2023-12-31,49.0,49.0,retained_flat
U02036,B2C,B2C,2024-01-31,49.0,49.0,retained_flat
U02036,B2C,B2C,2024-02-29,49.0,49.0,retained_flat
U02036,B2C,B2C,2024-03-31,49.0,49.0,retained_flat
U02036,B2C,B2C,2024-04-30,49.0,49.0,retained_flat
U02064,B2C,B2C,2023-09-30,49.0,,new
U02064,B2C,B2C,2023-10-31,49.0,49.0,retained_flat
U02064,B2C,B2C,2023-11-30,49.0,49.0,retained_flat
U02064,B2C,B2C,2023-12-31,49.0,49.0,retained_flat
U02064,B2C,B2C,2024-01-31,49.0,49.0,retained_flat
U02064,B2C,B2C,2024-02-29,49.0,49.0,retained_flat
U02064,B2C,B2C,2024-03-31,49.0,49.0,retained_flat
U02064,B2C,B2C,2024-04-30,49.0,49.0,retained_flat
U02085,B2C,B2C,2023-09-30,33.25,,new
U02085,B2C,B2C,2023-10-31,33.25,33.25,retained_flat
U02085,B2C,B2C,2023-11-30,33.25,33.25,retained_flat
U02085,B2C,B2C,2023-12-31,33.25,33.25,retained_flat
U02085,B2C,B2C,2024-01-31,33.25,33.25,retained_flat
U02085,B2C,B2C,2024-02-29,33.25,33.25,retained_flat
U02085,B2C,B2C,2024-03-31,33.25,33.25,retained_flat
U02085,B2C,B2C,2024-04-30,33.25,33.25,retained_flat
U02095,B2C,B2C,2023-09-30,33.25,,new
U02095,B2C,B2C,2023-10-31,33.25,33.25,retained_flat
U02095,B2C,B2C,2023-11-30,33.25,33.25,retained_flat
U02095,B2C,B2C,2023-12-31,33.25,33.25,retained_flat
U02095,B2C,B2C,2024-01-31,33.25,33.25,retained_flat
U02095,B2C,B2C,2024-02-29,33.25,33.25,retained_flat
U02095,B2C,B2C,2024-03-31,33.25,33.25,retained_flat
U02095,B2C,B2C,2024-04-30,33.25,33.25,retained_flat
U02106,B2C,B2C,2023-09-30,33.25,,new
U02106,B2C,B2C,2023-10-31,33.25,33.25,retained_flat
U02106,B2C,B2C,2023-11-30,33.25,33.25,retained_flat
U02106,B2C,B2C,2023-12-31,33.25,33.25,retained_flat
U02106,B2C,B2C,2024-01-31,33.25,33.25,retained_flat
U02106,B2C,B2C,2024-02-29,33.25,33.25,retained_flat
U02106,B2C,B2C,2024-03-31,33.25,33.25,retained_flat
U02106,B2C,B2C,2024-04-30,33.25,33.25,retained_flat
U02122,B2C,B2C,2023-09-30,33.25,,new
U02122,B2C,B2C,2023-10-31,33.25,33.25,retained_flat
U02122,B2C,B2C,2023-11-30,33.25,33.25,retained_flat
U02122,B2C,B2C,2023-12-31,33.25,33.25,retained_flat
U02122,B2C,B2C,2024-01-31,33.25,33.25,retained_flat
U02122,B2C,B2C,2024-02-29,33.25,33.25,retained_flat
U02122,B2C,B2C,2024-03-31,33.25,33.25,retained_flat
U02122,B2C,B2C,2024-04-30,33.25,33.25,retained_flat
U02169,B2C,B2C,2023-09-30,49.0,,new
U02169,B2C,B2C,2023-10-31,49.0,49.0,retained_flat
U02169,B2C,B2C,2023-11-30,49.0,49.0,retained_flat
U02169,B2C,B2C,2023-12-31,49.0,49.0,retained_flat
U02169,B2C,B2C,2024-01-31,49.0,49.0,retained_flat
U02169,B2C,B2C,2024-02-29,49.0,49.0,retained_flat
U02169,B2C,B2C,2024-03-31,49.0,49.0,retained_flat
U02169,B2C,B2C,2024-04-30,49.0,49.0,retained_flat
U02176,B2C,B2C,2023-09-30,33.25,,new
U02176,B2C,B2C,2023-10-31,33.25,33.25,retained_flat
U02176,B2C,B2C,2023-11-30,33.25,33.25,retained_flat
U02176,B2C,B2C,2023-12-31,33.25,33.25,retained_flat
U02176,B2C,B2C,2024-01-31,33.25,33.25,retained_flat
U02176,B2C,B2C,2024-02-29,33.25,33.25,retained_flat
U02176,B2C,B2C,2024-03-31,33.25,33.25,retained_flat
U02176,B2C,B2C,2024-04-30,33.25,33.25,retained_flat
U02189,SMB,B2B,2023-09-30,199.0,,new
U02189,SMB,B2B,2023-10-31,240.55,199.0,expansion
U02189,SMB,B2B,2023-11-30,240.55,240.55,retained_flat
U02189,SMB,B2B,2023-12-31,240.55,240.55,retained_flat
U02189,SMB,B2B,2024-01-31,240.55,240.55,retained_flat
U02189,SMB,B2B,2024-02-29,219.14,240.55,contraction
U02189,SMB,B2B,2024-03-31,219.14,219.14,retained_flat
U02189,SMB,B2B,2024-04-30,249.88,219.14,expansion
U02201,SMB,B2B,2023-09-30,149.92,,new
U02201,SMB,B2B,2023-10-31,149.92,149.92,retained_flat
U02201,SMB,B2B,2023-11-30,149.92,149.92,retained_flat
U02201,SMB,B2B,2023-12-31,149.92,149.92,retained_flat
U02201,SMB,B2B,2024-01-31,149.92,149.92,retained_flat
U02201,SMB,B2B,2024-02-29,149.92,149.92,retained_flat
U02201,SMB,B2B,2024-03-31,149.92,149.92,retained_flat
U02201,SMB,B2B,2024-04-30,149.92,149.92,retained_flat
U02204,Enterprise,B2B,2023-09-30,825.0,,new
U02204,Enterprise,B2B,2023-10-31,825.0,825.0,retained_flat
U02204,Enterprise,B2B,2023-11-30,825.0,825.0,retained_flat
U02204,Enterprise,B2B,2023-12-31,825.0,825.0,retained_flat
U02204,Enterprise,B2B,2024-01-31,825.0,825.0,retained_flat
U02204,Enterprise,B2B,2024-02-29,825.0,825.0,retained_flat
U02204,Enterprise,B2B,2024-03-31,825.0,825.0,retained_flat
U02204,Enterprise,B2B,2024-04-30,825.0,825.0,retained_flat
U02208,Enterprise,B2B,2023-09-30,825.0,,new
U02208,Enterprise,B2B,2023-10-31,825.0,825.0,retained_flat
U02208,Enterprise,B2B,2023-11-30,825.0,825.0,retained_flat
U02208,Enterprise,B2B,2023-12-31,825.0,825.0,retained_flat
U02208,Enterprise,B2B,2024-01-31,825.0,825.0,retained_flat
U02208,Enterprise,B2B,2024-02-29,825.0,825.0,retained_flat
U02208,Enterprise,B2B,2024-03-31,825.0,825.0,retained_flat
U02208,Enterprise,B2B,2024-04-30,825.0,825.0,retained_flat
U02240,B2C,B2C,2023-10-31,49.0,,new
U02240,B2C,B2C,2023-11-30,49.0,49.0,retained_flat
U02240,B2C,B2C,2023-12-31,49.0,49.0,retained_flat
U02240,B2C,B2C,2024-01-31,0.0,49.0,churn
U02240,B2C,B2C,2024-02-29,0.0,0.0,inactive
U02240,B2C,B2C,2024-03-31,0.0,0.0,inactive
U02240,B2C,B2C,2024-04-30,0.0,0.0,inactive
U02248,B2C,B2C,2023-10-31,33.25,,new
U02248,B2C,B2C,2023-11-30,33.25,33.25,retained_flat
U02248,B2C,B2C,2023-12-31,33.25,33.25,retained_flat
U02248,B2C,B2C,2024-01-31,33.25,33.25,retained_flat
U02248,B2C,B2C,2024-02-29,33.25,33.25,retained_flat
U02248,B2C,B2C,2024-03-31,33.25,33.25,retained_flat
U02248,B2C,B2C,2024-04-30,33.25,33.25,retained_flat
U02249,B2C,B2C,2023-10-31,49.0,,new
U02249,B2C,B2C,2023-11-30,49.0,49.0,retained_flat
U02249,B2C,B2C,2023-12-31,49.0,49.0,retained_flat
U02249,B2C,B2C,2024-01-31,49.0,49.0,retained_flat
U02249,B2C,B2C,2024-02-29,0.0,49.0,churn
U02249,B2C,B2C,2024-03-31,0.0,0.0,inactive
U02249,B2C,B2C,2024-04-30,0.0,0.0,inactive
U02264,B2C,B2C,2023-10-31,49.0,,new
U02264,B2C,B2C,2023-11-30,49.0,49.0,retained_flat
U02264,B2C,B2C,2023-12-31,49.0,49.0,retained_flat
U02264,B2C,B2C,2024-01-31,49.0,49.0,retained_flat
U02264,B2C,B2C,2024-02-29,49.0,49.0,retained_flat
U02264,B2C,B2C,2024-03-31,0.0,49.0,churn
U02264,B2C,B2C,2024-04-30,0.0,0.0,inactive
U02275,B2C,B2C,2023-10-31,33.25,,new
U02275,B2C,B2C,2023-11-30,33.25,33.25,retained_flat
U02275,B2C,B2C,2023-12-31,33.25,33.25,retained_flat
U02275,B2C,B2C,2024-01-31,33.25,33.25,retained_flat
U02275,B2C,B2C,2024-02-29,33.25,33.25,retained_flat
U02275,B2C,B2C,2024-03-31,33.25,33.25,retained_flat
U02275,B2C,B2C,2024-04-30,33.25,33.25,retained_flat
U02277,B2C,B2C,2023-10-31,49.0,,new
U02277,B2C,B2C,2023-11-30,49.0,49.0,retained_flat
U02277,B2C,B2C,2023-12-31,49.0,49.0,retained_flat
U02277,B2C,B2C,2024-01-31,49.0,49.0,retained_flat
U02277,B2C,B2C,2024-02-29,49.0,49.0,retained_flat
U02277,B2C,B2C,2024-03-31,49.0,49.0,retained_flat
U02277,B2C,B2C,2024-04-30,49.0,49.0,retained_flat
U02283,B2C,B2C,2023-10-31,33.25,,new
U02283,B2C,B2C,2023-11-30,33.25,33.25,retained_flat
U02283,B2C,B2C,2023-12-31,33.25,33.25,retained_flat
U02283,B2C,B2C,2024-01-31,33.25,33.25,retained_flat
U02283,B2C,B2C,2024-02-29,33.25,33.25,retained_flat
U02283,B2C,B2C,2024-03-31,33.25,33.25,retained_flat
U02283,B2C,B2C,2024-04-30,33.25,33.25,retained_flat
U02291,B2C,B2C,2023-10-31,49.0,,new
U02291,B2C,B2C,2023-11-30,49.0,49.0,retained_flat
U02291,B2C,B2C,2023-12-31,49.0,49.0,retained_flat
U02291,B2C,B2C,2024-01-31,49.0,49.0,retained_flat
U02291,B2C,B2C,2024-02-29,49.0,49.0,retained_flat
U02291,B2C,B2C,2024-03-31,49.0,49.0,retained_flat
U02291,B2C,B2C,2024-04-30,49.0,49.0,retained_flat
U02292,B2C,B2C,2023-10-31,33.25,,new
U02292,B2C,B2C,2023-11-30,33.25,33.25,retained_flat
U02292,B2C,B2C,2023-12-31,33.25,33.25,retained_flat
U02292,B2C,B2C,2024-01-31,33.25,33.25,retained_flat
U02292,B2C,B2C,2024-02-29,33.25,33.25,retained_flat
U02292,B2C,B2C,2024-03-31,33.25,33.25,retained_flat
U02292,B2C,B2C,2024-04-30,33.25,33.25,retained_flat
U02298,B2C,B2C,2023-10-31,49.0,,new
U02298,B2C,B2C,2023-11-30,49.0,49.0,retained_flat
U02298,B2C,B2C,2023-12-31,49.0,49.0,retained_flat
U02298,B2C,B2C,2024-01-31,49.0,49.0,retained_flat
U02298,B2C,B2C,2024-02-29,49.0,49.0,retained_flat
U02298,B2C,B2C,2024-03-31,49.0,49.0,retained_flat
U02298,B2C,B2C,2024-04-30,49.0,49.0,retained_flat
U02305,B2C,B2C,2023-10-31,33.25,,new
U02305,B2C,B2C,2023-11-30,33.25,33.25,retained_flat
U02305,B2C,B2C,2023-12-31,33.25,33.25,retained_flat
U02305,B2C,B2C,2024-01-31,33.25,33.25,retained_flat
U02305,B2C,B2C,2024-02-29,33.25,33.25,retained_flat
U02305,B2C,B2C,2024-03-31,33.25,33.25,retained_flat
U02305,B2C,B2C,2024-04-30,33.25,33.25,retained_flat
U02321,B2C,B2C,2023-10-31,33.25,,new
U02321,B2C,B2C,2023-11-30,33.25,33.25,retained_flat
U02321,B2C,B2C,2023-12-31,33.25,33.25,retained_flat
U02321,B2C,B2C,2024-01-31,33.25,33.25,retained_flat
U02321,B2C,B2C,2024-02-29,33.25,33.25,retained_flat
U02321,B2C,B2C,2024-03-31,33.25,33.25,retained_flat
U02321,B2C,B2C,2024-04-30,33.25,33.25,retained_flat
U02327,B2C,B2C,2023-10-31,33.25,,new
U02327,B2C,B2C,2023-11-30,33.25,33.25,retained_flat
U02327,B2C,B2C,2023-12-31,33.25,33.25,retained_flat
U02327,B2C,B2C,2024-01-31,33.25,33.25,retained_flat
U02327,B2C,B2C,2024-02-29,33.25,33.25,retained_flat
U02327,B2C,B2C,2024-03-31,33.25,33.25,retained_flat
U02327,B2C,B2C,2024-04-30,33.25,33.25,retained_flat
U02367,B2C,B2C,2023-10-31,49.0,,new
U02367,B2C,B2C,2023-11-30,49.0,49.0,retained_flat
U02367,B2C,B2C,2023-12-31,49.0,49.0,retained_flat
U02367,B2C,B2C,2024-01-31,49.0,49.0,retained_flat
U02367,B2C,B2C,2024-02-29,49.0,49.0,retained_flat
U02367,B2C,B2C,2024-03-31,49.0,49.0,retained_flat
U02367,B2C,B2C,2024-04-30,49.0,49.0,retained_flat
U02374,SMB,B2B,2023-10-31,149.92,,new
U02374,SMB,B2B,2023-11-30,149.92,149.92,retained_flat
U02374,SMB,B2B,2023-12-31,149.92,149.92,retained_flat
U02374,SMB,B2B,2024-01-31,149.92,149.92,retained_flat
U02374,SMB,B2B,2024-02-29,149.92,149.92,retained_flat
U02374,SMB,B2B,2024-03-31,149.92,149.92,retained_flat
U02374,SMB,B2B,2024-04-30,149.92,149.92,retained_flat
U02393,SMB,B2B,2023-10-31,199.0,,new
U02393,SMB,B2B,2023-11-30,199.0,199.0,retained_flat
U02393,SMB,B2B,2023-12-31,199.0,199.0,retained_flat
U02393,SMB,B2B,2024-01-31,0.0,199.0,churn
U02393,SMB,B2B,2024-02-29,0.0,0.0,inactive
U02393,SMB,B2B,2024-03-31,0.0,0.0,inactive
U02393,SMB,B2B,2024-04-30,0.0,0.0,inactive
U02419,B2C,B2C,2023-11-30,49.0,,new
U02419,B2C,B2C,2023-12-31,49.0,49.0,retained_flat
U02419,B2C,B2C,2024-01-31,49.0,49.0,retained_flat
U02419,B2C,B2C,2024-02-29,49.0,49.0,retained_flat
U02419,B2C,B2C,2024-03-31,49.0,49.0,retained_flat
U02419,B2C,B2C,2024-04-30,0.0,49.0,churn
U02425,B2C,B2C,2023-11-30,49.0,,new
U02425,B2C,B2C,2023-12-31,49.0,49.0,retained_flat
U02425,B2C,B2C,2024-01-31,49.0,49.0,retained_flat
U02425,B2C,B2C,2024-02-29,0.0,49.0,churn
U02425,B2C,B2C,2024-03-31,0.0,0.0,inactive
U02425,B2C,B2C,2024-04-30,0.0,0.0,inactive
U02487,B2C,B2C,2023-11-30,49.0,,new
U02487,B2C,B2C,2023-12-31,49.0,49.0,retained_flat
U02487,B2C,B2C,2024-01-31,49.0,49.0,retained_flat
U02487,B2C,B2C,2024-02-29,49.0,49.0,retained_flat
U02487,B2C,B2C,2024-03-31,49.0,49.0,retained_flat
U02487,B2C,B2C,2024-04-30,0.0,49.0,churn
U02511,B2C,B2C,2023-11-30,49.0,,new
U02511,B2C,B2C,2023-12-31,49.0,49.0,retained_flat
U02511,B2C,B2C,2024-01-31,49.0,49.0,retained_flat
U02511,B2C,B2C,2024-02-29,49.0,49.0,retained_flat
U02511,B2C,B2C,2024-03-31,49.0,49.0,retained_flat
U02511,B2C,B2C,2024-04-30,49.0,49.0,retained_flat
U02524,B2C,B2C,2023-11-30,33.25,,new
U02524,B2C,B2C,2023-12-31,33.25,33.25,retained_flat
U02524,B2C,B2C,2024-01-31,33.25,33.25,retained_flat
U02524,B2C,B2C,2024-02-29,33.25,33.25,retained_flat
U02524,B2C,B2C,2024-03-31,33.25,33.25,retained_flat
U02524,B2C,B2C,2024-04-30,33.25,33.25,retained_flat
U02541,B2C,B2C,2023-11-30,49.0,,new
U02541,B2C,B2C,2023-12-31,49.0,49.0,retained_flat
U02541,B2C,B2C,2024-01-31,49.0,49.0,retained_flat
U02541,B2C,B2C,2024-02-29,49.0,49.0,retained_flat
U02541,B2C,B2C,2024-03-31,49.0,49.0,retained_flat
U02541,B2C,B2C,2024-04-30,49.0,49.0,retained_flat
U02553,B2C,B2C,2023-11-30,49.0,,new
U02553,B2C,B2C,2023-12-31,49.0,49.0,retained_flat
U02553,B2C,B2C,2024-01-31,49.0,49.0,retained_flat
U02553,B2C,B2C,2024-02-29,0.0,49.0,churn
U02553,B2C,B2C,2024-03-31,0.0,0.0,inactive
U02553,B2C,B2C,2024-04-30,0.0,0.0,inactive
U02556,SMB,B2B,2023-11-30,149.92,,new
U02556,SMB,B2B,2023-12-31,149.92,149.92,retained_flat
U02556,SMB,B2B,2024-01-31,149.92,149.92,retained_flat
U02556,SMB,B2B,2024-02-29,149.92,149.92,retained_flat
U02556,SMB,B2B,2024-03-31,149.92,149.92,retained_flat
U02556,SMB,B2B,2024-04-30,149.92,149.92,retained_flat
U02566,SMB,B2B,2023-11-30,199.0,,new
U02566,SMB,B2B,2023-12-31,199.0,199.0,retained_flat
U02566,SMB,B2B,2024-01-31,229.62,199.0,expansion
U02566,SMB,B2B,2024-02-29,229.62,229.62,retained_flat
U02566,SMB,B2B,2024-03-31,229.62,229.62,retained_flat
U02566,SMB,B2B,2024-04-30,271.15,229.62,expansion
U02567,SMB,B2B,2023-11-30,199.0,,new
U02567,SMB,B2B,2023-12-31,199.0,199.0,retained_flat
U02567,SMB,B2B,2024-01-31,0.0,199.0,churn
U02567,SMB,B2B,2024-02-29,0.0,0.0,inactive
U02567,SMB,B2B,2024-03-31,0.0,0.0,inactive
U02567,SMB,B2B,2024-04-30,0.0,0.0,inactive
U02600,B2C,B2C,2023-12-31,49.0,,new
U02600,B2C,B2C,2024-01-31,0.0,49.0,churn
U02600,B2C,B2C,2024-02-29,0.0,0.0,inactive
U02600,B2C,B2C,2024-03-31,0.0,0.0,inactive
U02600,B2C,B2C,2024-04-30,0.0,0.0,inactive
U02635,B2C,B2C,2023-12-31,49.0,,new
U02635,B2C,B2C,2024-01-31,49.0,49.0,retained_flat
U02635,B2C,B2C,2024-02-29,49.0,49.0,retained_flat
U02635,B2C,B2C,2024-03-31,49.0,49.0,retained_flat
U02635,B2C,B2C,2024-04-30,49.0,49.0,retained_flat
U02638,B2C,B2C,2023-12-31,33.25,,new
U02638,B2C,B2C,2024-01-31,33.25,33.25,retained_flat
U02638,B2C,B2C,2024-02-29,33.25,33.25,retained_flat
U02638,B2C,B2C,2024-03-31,33.25,33.25,retained_flat
U02638,B2C,B2C,2024-04-30,33.25,33.25,retained_flat
U02671,B2C,B2C,2023-12-31,33.25,,new
U02671,B2C,B2C,2024-01-31,33.25,33.25,retained_flat
U02671,B2C,B2C,2024-02-29,33.25,33.25,retained_flat
U02671,B2C,B2C,2024-03-31,33.25,33.25,retained_flat
U02671,B2C,B2C,2024-04-30,33.25,33.25,retained_flat
U02674,B2C,B2C,2023-12-31,33.25,,new
U02674,B2C,B2C,2024-01-31,33.25,33.25,retained_flat
U02674,B2C,B2C,2024-02-29,33.25,33.25,retained_flat
U02674,B2C,B2C,2024-03-31,33.25,33.25,retained_flat
U02674,B2C,B2C,2024-04-30,33.25,33.25,retained_flat
U02681,B2C,B2C,2023-12-31,49.0,,new
U02681,B2C,B2C,2024-01-31,49.0,49.0,retained_flat
U02681,B2C,B2C,2024-02-29,49.0,49.0,retained_flat
U02681,B2C,B2C,2024-03-31,49.0,49.0,retained_flat
U02681,B2C,B2C,2024-04-30,49.0,49.0,retained_flat
U02689,B2C,B2C,2023-12-31,49.0,,new
U02689,B2C,B2C,2024-01-31,49.0,49.0,retained_flat
U02689,B2C,B2C,2024-02-29,0.0,49.0,churn
U02689,B2C,B2C,2024-03-31,0.0,0.0,inactive
U02689,B2C,B2C,2024-04-30,0.0,0.0,inactive
U02690,B2C,B2C,2023-12-31,49.0,,new
U02690,B2C,B2C,2024-01-31,49.0,49.0,retained_flat
U02690,B2C,B2C,2024-02-29,49.0,49.0,retained_flat
U02690,B2C,B2C,2024-03-31,49.0,49.0,retained_flat
U02690,B2C,B2C,2024-04-30,49.0,49.0,retained_flat
U02736,B2C,B2C,2023-12-31,49.0,,new
U02736,B2C,B2C,2024-01-31,49.0,49.0,retained_flat
U02736,B2C,B2C,2024-02-29,49.0,49.0,retained_flat
U02736,B2C,B2C,2024-03-31,49.0,49.0,retained_flat
U02736,B2C,B2C,2024-04-30,49.0,49.0,retained_flat
U02738,B2C,B2C,2023-12-31,49.0,,new
U02738,B2C,B2C,2024-01-31,49.0,49.0,retained_flat
U02738,B2C,B2C,2024-02-29,0.0,49.0,churn
U02738,B2C,B2C,2024-03-31,0.0,0.0,inactive
U02738,B2C,B2C,2024-04-30,0.0,0.0,inactive
U02756,SMB,B2B,2023-12-31,199.0,,new
U02756,SMB,B2B,2024-01-31,221.78,199.0,expansion
U02756,SMB,B2B,2024-02-29,221.78,221.78,retained_flat
U02756,SMB,B2B,2024-03-31,269.21,221.78,expansion
U02756,SMB,B2B,2024-04-30,269.21,269.21,retained_flat
U02772,SMB,B2B,2023-12-31,199.0,,new
U02772,SMB,B2B,2024-01-31,217.11,199.0,expansion
U02772,SMB,B2B,2024-02-29,217.11,217.11,retained_flat
U02772,SMB,B2B,2024-03-31,217.11,217.11,retained_flat
U02772,SMB,B2B,2024-04-30,0.0,217.11,churn
U02795,B2C,B2C,2024-01-31,49.0,,new
U02795,B2C,B2C,2024-02-29,49.0,49.0,retained_flat
U02795,B2C,B2C,2024-03-31,49.0,49.0,retained_flat
U02795,B2C,B2C,2024-04-30,49.0,49.0,retained_flat
U02807,B2C,B2C,2024-01-31,49.0,,new
U02807,B2C,B2C,2024-02-29,49.0,49.0,retained_flat
U02807,B2C,B2C,2024-03-31,49.0,49.0,retained_flat
U02807,B2C,B2C,2024-04-30,0.0,49.0,churn
U02857,B2C,B2C,2024-01-31,49.0,,new
U02857,B2C,B2C,2024-02-29,49.0,49.0,retained_flat
U02857,B2C,B2C,2024-03-31,49.0,49.0,retained_flat
U02857,B2C,B2C,2024-04-30,0.0,49.0,churn
U02864,B2C,B2C,2024-01-31,49.0,,new
U02864,B2C,B2C,2024-02-29,49.0,49.0,retained_flat
U02864,B2C,B2C,2024-03-31,49.0,49.0,retained_flat
U02864,B2C,B2C,2024-04-30,49.0,49.0,retained_flat
U02868,B2C,B2C,2024-01-31,33.25,,new
U02868,B2C,B2C,2024-02-29,33.25,33.25,retained_flat
U02868,B2C,B2C,2024-03-31,33.25,33.25,retained_flat
U02868,B2C,B2C,2024-04-30,33.25,33.25,retained_flat
U02870,B2C,B2C,2024-01-31,49.0,,new
U02870,B2C,B2C,2024-02-29,0.0,49.0,churn
U02870,B2C,B2C,2024-03-31,0.0,0.0,inactive
U02870,B2C,B2C,2024-04-30,0.0,0.0,inactive
U02885,B2C,B2C,2024-01-31,33.25,,new
U02885,B2C,B2C,2024-02-29,33.25,33.25,retained_flat
U02885,B2C,B2C,2024-03-31,33.25,33.25,retained_flat
U02885,B2C,B2C,2024-04-30,33.25,33.25,retained_flat
U02917,B2C,B2C,2024-01-31,33.25,,new
U02917,B2C,B2C,2024-02-29,33.25,33.25,retained_flat
U02917,B2C,B2C,2024-03-31,33.25,33.25,retained_flat
U02917,B2C,B2C,2024-04-30,33.25,33.25,retained_flat
U02941,B2C,B2C,2024-01-31,33.25,,new
U02941,B2C,B2C,2024-02-29,33.25,33.25,retained_flat
U02941,B2C,B2C,2024-03-31,33.25,33.25,retained_flat
U02941,B2C,B2C,2024-04-30,33.25,33.25,retained_flat
U02953,B2C,B2C,2024-01-31,49.0,,new
U02953,B2C,B2C,2024-02-29,49.0,49.0,retained_flat
U02953,B2C,B2C,2024-03-31,49.0,49.0,retained_flat
U02953,B2C,B2C,2024-04-30,0.0,49.0,churn
U02960,SMB,B2B,2024-01-31,149.92,,new
U02960,SMB,B2B,2024-02-29,149.92,149.92,retained_flat
U02960,SMB,B2B,2024-03-31,149.92,149.92,retained_flat
U02960,SMB,B2B,2024-04-30,149.92,149.92,retained_flat
U02967,SMB,B2B,2024-01-31,149.92,,new
U02967,SMB,B2B,2024-02-29,149.92,149.92,retained_flat
U02967,SMB,B2B,2024-03-31,149.92,149.92,retained_flat
U02967,SMB,B2B,2024-04-30,149.92,149.92,retained_flat
U02970,SMB,B2B,2024-01-31,199.0,,new
U02970,SMB,B2B,2024-02-29,199.0,199.0,retained_flat
U02970,SMB,B2B,2024-03-31,223.83,199.0,expansion
U02970,SMB,B2B,2024-04-30,223.83,223.83,retained_flat
U02972,SMB,B2B,2024-01-31,199.0,,new
U02972,SMB,B2B,2024-02-29,199.0,199.0,retained_flat
U02972,SMB,B2B,2024-03-31,199.0,199.0,retained_flat
U02972,SMB,B2B,2024-04-30,199.0,199.0,retained_flat
U02975,SMB,B2B,2024-01-31,199.0,,new
U02975,SMB,B2B,2024-02-29,213.07,199.0,expansion
U02975,SMB,B2B,2024-03-31,213.07,213.07,retained_flat
U02975,SMB,B2B,2024-04-30,213.07,213.07,retained_flat
U02981,SMB,B2B,2024-01-31,149.92,,new
U02981,SMB,B2B,2024-02-29,149.92,149.92,retained_flat
U02981,SMB,B2B,2024-03-31,149.92,149.92,retained_flat
U02981,SMB,B2B,2024-04-30,149.92,149.92,retained_flat
U02988,Enterprise,B2B,2024-01-31,825.0,,new
U02988,Enterprise,B2B,2024-02-29,825.0,825.0,retained_flat
U02988,Enterprise,B2B,2024-03-31,825.0,825.0,retained_flat
U02988,Enterprise,B2B,2024-04-30,825.0,825.0,retained_flat
U02999,B2C,B2C,2024-02-29,49.0,,new
U02999,B2C,B2C,2024-03-31,49.0,49.0,retained_flat
U02999,B2C,B2C,2024-04-30,49.0,49.0,retained_flat
U03020,B2C,B2C,2024-02-29,49.0,,new
U03020,B2C,B2C,2024-03-31,49.0,49.0,retained_flat
U03020,B2C,B2C,2024-04-30,49.0,49.0,retained_flat
U03042,B2C,B2C,2024-02-29,49.0,,new
U03042,B2C,B2C,2024-03-31,49.0,49.0,retained_flat
U03042,B2C,B2C,2024-04-30,49.0,49.0,retained_flat
U03052,B2C,B2C,2024-02-29,49.0,,new
U03052,B2C,B2C,2024-03-31,49.0,49.0,retained_flat
U03052,B2C,B2C,2024-04-30,49.0,49.0,retained_flat
U03088,B2C,B2C,2024-02-29,33.25,,new
U03088,B2C,B2C,2024-03-31,33.25,33.25,retained_flat
U03088,B2C,B2C,2024-04-30,33.25,33.25,retained_flat
U03092,B2C,B2C,2024-02-29,33.25,,new
U03092,B2C,B2C,2024-03-31,33.25,33.25,retained_flat
U03092,B2C,B2C,2024-04-30,33.25,33.25,retained_flat
U03093,B2C,B2C,2024-02-29,33.25,,new
U03093,B2C,B2C,2024-03-31,33.25,33.25,retained_flat
U03093,B2C,B2C,2024-04-30,33.25,33.25,retained_flat
U03130,B2C,B2C,2024-02-29,49.0,,new
U03130,B2C,B2C,2024-03-31,49.0,49.0,retained_flat
U03130,B2C,B2C,2024-04-30,0.0,49.0,churn
U03150,B2C,B2C,2024-02-29,49.0,,new
U03150,B2C,B2C,2024-03-31,49.0,49.0,retained_flat
U03150,B2C,B2C,2024-04-30,49.0,49.0,retained_flat
U03186,SMB,B2B,2024-02-29,149.92,,new
U03186,SMB,B2B,2024-03-31,149.92,149.92,retained_flat
U03186,SMB,B2B,2024-04-30,149.92,149.92,retained_flat
U03188,SMB,B2B,2024-02-29,149.92,,new
U03188,SMB,B2B,2024-03-31,149.92,149.92,retained_flat
U03188,SMB,B2B,2024-04-30,149.92,149.92,retained_flat
U03193,SMB,B2B,2024-02-29,149.92,,new
U03193,SMB,B2B,2024-03-31,149.92,149.92,retained_flat
U03193,SMB,B2B,2024-04-30,149.92,149.92,retained_flat
U03236,B2C,B2C,2024-03-31,49.0,,new
U03236,B2C,B2C,2024-04-30,49.0,49.0,retained_flat
U03240,B2C,B2C,2024-03-31,49.0,,new
U03240,B2C,B2C,2024-04-30,49.0,49.0,retained_flat
U03246,B2C,B2C,2024-03-31,49.0,,new
U03246,B2C,B2C,2024-04-30,49.0,49.0,retained_flat
U03299,B2C,B2C,2024-03-31,33.25,,new
U03299,B2C,B2C,2024-04-30,33.25,33.25,retained_flat
U03332,B2C,B2C,2024-03-31,49.0,,new
U03332,B2C,B2C,2024-04-30,49.0,49.0,retained_flat
U03356,B2C,B2C,2024-03-31,33.25,,new
U03356,B2C,B2C,2024-04-30,33.25,33.25,retained_flat
U03418,SMB,B2B,2024-03-31,199.0,,new
U03418,SMB,B2B,2024-04-30,199.0,199.0,retained_flat
U03423,SMB,B2B,2024-03-31,149.92,,new
U03423,SMB,B2B,2024-04-30,149.92,149.92,retained_flat
U03439,SMB,B2B,2024-03-31,149.92,,new
U03439,SMB,B2B,2024-04-30,149.92,149.92,retained_flat
U03442,SMB,B2B,2024-03-31,149.92,,new
U03442,SMB,B2B,2024-04-30,149.92,149.92,retained_flat
U03449,Enterprise,B2B,2024-03-31,825.0,,new
U03449,Enterprise,B2B,2024-04-30,825.0,825.0,retained_flat
U03470,B2C,B2C,2024-04-30,33.25,,new
U03522,B2C,B2C,2024-04-30,49.0,,new
U03524,B2C,B2C,2024-04-30,49.0,,new
U03534,B2C,B2C,2024-04-30,49.0,,new
U03542,B2C,B2C,2024-04-30,49.0,,new
U03569,B2C,B2C,2024-04-30,49.0,,new
U03590,B2C,B2C,2024-04-30,33.25,,new
U03611,B2C,B2C,2024-04-30,49.0,,new
U03618,B2C,B2C,2024-04-30,49.0,,new
U03623,B2C,B2C,2024-04-30,49.0,,new
U03627,B2C,B2C,2024-04-30,49.0,,new
U03636,B2C,B2C,2024-04-30,49.0,,new
U03638,B2C,B2C,2024-04-30,33.25,,new
U03663,SMB,B2B,2024-04-30,149.92,,new
U03673,SMB,B2B,2024-04-30,149.92,,new
U03677,SMB,B2B,2024-04-30,149.92,,new
U01003,B2C,B2C,2023-01-31,49.0,,new
U01003,B2C,B2C,2023-02-28,49.0,49.0,retained_flat
U01003,B2C,B2C,2023-03-31,49.0,49.0,retained_flat
U01003,B2C,B2C,2023-04-30,49.0,49.0,retained_flat
U01003,B2C,B2C,2023-05-31,49.0,49.0,retained_flat
U01003,B2C,B2C,2023-06-30,49.0,49.0,retained_flat
U01003,B2C,B2C,2023-07-31,0.0,49.0,churn
U01003,B2C,B2C,2023-08-31,0.0,0.0,inactive
U01003,B2C,B2C,2023-09-30,0.0,0.0,inactive
U01003,B2C,B2C,2023-10-31,0.0,0.0,inactive
U01003,B2C,B2C,2023-11-30,0.0,0.0,inactive
U01003,B2C,B2C,2023-12-31,0.0,0.0,inactive
U01003,B2C,B2C,2024-01-31,0.0,0.0,inactive
U01003,B2C,B2C,2024-02-29,0.0,0.0,inactive
U01003,B2C,B2C,2024-03-31,0.0,0.0,inactive
U01003,B2C,B2C,2024-04-30,0.0,0.0,inactive
U01004,B2C,B2C,2023-01-31,33.25,,new
U01004,B2C,B2C,2023-02-28,33.25,33.25,retained_flat
U01004,B2C,B2C,2023-03-31,33.25,33.25,retained_flat
U01004,B2C,B2C,2023-04-30,33.25,33.25,retained_flat
U01004,B2C,B2C,2023-05-31,33.25,33.25,retained_flat
U01004,B2C,B2C,2023-06-30,33.25,33.25,retained_flat
U01004,B2C,B2C,2023-07-31,33.25,33.25,retained_flat
U01004,B2C,B2C,2023-08-31,33.25,33.25,retained_flat
U01004,B2C,B2C,2023-09-30,33.25,33.25,retained_flat
U01004,B2C,B2C,2023-10-31,33.25,33.25,retained_flat
U01004,B2C,B2C,2023-11-30,33.25,33.25,retained_flat
U01004,B2C,B2C,2023-12-31,33.25,33.25,retained_flat
U01004,B2C,B2C,2024-01-31,33.25,33.25,retained_flat
U01004,B2C,B2C,2024-02-29,33.25,33.25,retained_flat
U01004,B2C,B2C,2024-03-31,33.25,33.25,retained_flat
U01004,B2C,B2C,2024-04-30,33.25,33.25,retained_flat
U01005,B2C,B2C,2023-01-31,49.0,,new
U01005,B2C,B2C,2023-02-28,49.0,49.0,retained_flat
U01005,B2C,B2C,2023-03-31,49.0,49.0,retained_flat
U01005,B2C,B2C,2023-04-30,49.0,49.0,retained_flat
U01005,B2C,B2C,2023-05-31,49.0,49.0,retained_flat
U01005,B2C,B2C,2023-06-30,49.0,49.0,retained_flat
U01005,B2C,B2C,2023-07-31,49.0,49.0,retained_flat
U01005,B2C,B2C,2023-08-31,49.0,49.0,retained_flat
U01005,B2C,B2C,2023-09-30,49.0,49.0,retained_flat
U01005,B2C,B2C,2023-10-31,49.0,49.0,retained_flat
U01005,B2C,B2C,2023-11-30,49.0,49.0,retained_flat
U01005,B2C,B2C,2023-12-31,49.0,49.0,retained_flat
U01005,B2C,B2C,2024-01-31,49.0,49.0,retained_flat
U01005,B2C,B2C,2024-02-29,49.0,49.0,retained_flat
U01005,B2C,B2C,2024-03-31,49.0,49.0,retained_flat
U01005,B2C,B2C,2024-04-30,49.0,49.0,retained_flat
U01031,B2C,B2C,2023-01-31,33.25,,new
U01031,B2C,B2C,2023-02-28,33.25,33.25,retained_flat
U01031,B2C,B2C,2023-03-31,33.25,33.25,retained_flat
U01031,B2C,B2C,2023-04-30,33.25,33.25,retained_flat
U01031,B2C,B2C,2023-05-31,33.25,33.25,retained_flat
U01031,B2C,B2C,2023-06-30,33.25,33.25,retained_flat
U01031,B2C,B2C,2023-07-31,33.25,33.25,retained_flat
U01031,B2C,B2C,2023-08-31,33.25,33.25,retained_flat
U01031,B2C,B2C,2023-09-30,33.25,33.25,retained_flat
U01031,B2C,B2C,2023-10-31,33.25,33.25,retained_flat
U01031,B2C,B2C,2023-11-30,33.25,33.25,retained_flat
U01031,B2C,B2C,2023-12-31,33.25,33.25,retained_flat
U01031,B2C,B2C,2024-01-31,33.25,33.25,retained_flat
U01031,B2C,B2C,2024-02-29,33.25,33.25,retained_flat
U01031,B2C,B2C,2024-03-31,33.25,33.25,retained_flat
U01031,B2C,B2C,2024-04-30,33.25,33.25,retained_flat
U01056,B2C,B2C,2023-01-31,49.0,,new
U01056,B2C,B2C,2023-02-28,49.0,49.0,retained_flat
U01056,B2C,B2C,2023-03-31,49.0,49.0,retained_flat
U01056,B2C,B2C,2023-04-30,49.0,49.0,retained_flat
U01056,B2C,B2C,2023-05-31,49.0,49.0,retained_flat
U01056,B2C,B2C,2023-06-30,49.0,49.0,retained_flat
U01056,B2C,B2C,2023-07-31,49.0,49.0,retained_flat
U01056,B2C,B2C,2023-08-31,49.0,49.0,retained_flat
U01056,B2C,B2C,2023-09-30,49.0,49.0,retained_flat
U01056,B2C,B2C,2023-10-31,49.0,49.0,retained_flat
U01056,B2C,B2C,2023-11-30,0.0,49.0,churn
U01056,B2C,B2C,2023-12-31,0.0,0.0,inactive
U01056,B2C,B2C,2024-01-31,0.0,0.0,inactive
U01056,B2C,B2C,2024-02-29,0.0,0.0,inactive
U01056,B2C,B2C,2024-03-31,0.0,0.0,inactive
U01056,B2C,B2C,2024-04-30,0.0,0.0,inactive
U01076,B2C,B2C,2023-01-31,33.25,,new
U01076,B2C,B2C,2023-02-28,33.25,33.25,retained_flat
U01076,B2C,B2C,2023-03-31,33.25,33.25,retained_flat
U01076,B2C,B2C,2023-04-30,33.25,33.25,retained_flat
U01076,B2C,B2C,2023-05-31,33.25,33.25,retained_flat
U01076,B2C,B2C,2023-06-30,33.25,33.25,retained_flat
U01076,B2C,B2C,2023-07-31,33.25,33.25,retained_flat
U01076,B2C,B2C,2023-08-31,33.25,33.25,retained_flat
U01076,B2C,B2C,2023-09-30,33.25,33.25,retained_flat
U01076,B2C,B2C,2023-10-31,33.25,33.25,retained_flat
U01076,B2C,B2C,2023-11-30,33.25,33.25,retained_flat
U01076,B2C,B2C,2023-12-31,33.25,33.25,retained_flat
U01076,B2C,B2C,2024-01-31,33.25,33.25,retained_flat
U01076,B2C,B2C,2024-02-29,33.25,33.25,retained_flat
U01076,B2C,B2C,2024-03-31,33.25,33.25,retained_flat
U01076,B2C,B2C,2024-04-30,33.25,33.25,retained_flat
U01169,B2C,B2C,2023-02-28,49.0,,new
U01169,B2C,B2C,2023-03-31,49.0,49.0,retained_flat
U01169,B2C,B2C,2023-04-30,49.0,49.0,retained_flat
U01169,B2C,B2C,2023-05-31,49.0,49.0,retained_flat
U01169,B2C,B2C,2023-06-30,49.0,49.0,retained_flat
U01169,B2C,B2C,2023-07-31,49.0,49.0,retained_flat
U01169,B2C,B2C,2023-08-31,49.0,49.0,retained_flat
U01169,B2C,B2C,2023-09-30,49.0,49.0,retained_flat
U01169,B2C,B2C,2023-10-31,49.0,49.0,retained_flat
U01169,B2C,B2C,2023-11-30,49.0,49.0,retained_flat
U01169,B2C,B2C,2023-12-31,49.0,49.0,retained_flat
U01169,B2C,B2C,2024-01-31,0.0,49.0,churn
U01169,B2C,B2C,2024-02-29,0.0,0.0,inactive
U01169,B2C,B2C,2024-03-31,0.0,0.0,inactive
U01169,B2C,B2C,2024-04-30,0.0,0.0,inactive
U01193,SMB,B2B,2023-02-28,199.0,,new
U01193,SMB,B2B,2023-03-31,199.0,199.0,retained_flat
U01193,SMB,B2B,2023-04-30,199.0,199.0,retained_flat
U01193,SMB,B2B,2023-05-31,199.0,199.0,retained_flat
U01193,SMB,B2B,2023-06-30,0.0,199.0,churn
U01193,SMB,B2B,2023-07-31,0.0,0.0,inactive
U01193,SMB,B2B,2023-08-31,0.0,0.0,inactive
U01193,SMB,B2B,2023-09-30,0.0,0.0,inactive
U01193,SMB,B2B,2023-10-31,0.0,0.0,inactive
U01193,SMB,B2B,2023-11-30,0.0,0.0,inactive
U01193,SMB,B2B,2023-12-31,0.0,0.0,inactive
U01193,SMB,B2B,2024-01-31,0.0,0.0,inactive
U01193,SMB,B2B,2024-02-29,0.0,0.0,inactive
U01193,SMB,B2B,2024-03-31,0.0,0.0,inactive
U01193,SMB,B2B,2024-04-30,0.0,0.0,inactive
U01228,B2C,B2C,2023-03-31,49.0,,new
U01228,B2C,B2C,2023-04-30,49.0,49.0,retained_flat
U01228,B2C,B2C,2023-05-31,49.0,49.0,retained_flat
U01228,B2C,B2C,2023-06-30,0.0,49.0,churn
U01228,B2C,B2C,2023-07-31,0.0,0.0,inactive
U01228,B2C,B2C,2023-08-31,0.0,0.0,inactive
U01228,B2C,B2C,2023-09-30,0.0,0.0,inactive
U01228,B2C,B2C,2023-10-31,0.0,0.0,inactive
U01228,B2C,B2C,2023-11-30,0.0,0.0,inactive
U01228,B2C,B2C,2023-12-31,0.0,0.0,inactive
U01228,B2C,B2C,2024-01-31,0.0,0.0,inactive
U01228,B2C,B2C,2024-02-29,0.0,0.0,inactive
U01228,B2C,B2C,2024-03-31,0.0,0.0,inactive
U01228,B2C,B2C,2024-04-30,0.0,0.0,inactive
U01257,B2C,B2C,2023-03-31,49.0,,new
U01257,B2C,B2C,2023-04-30,49.0,49.0,retained_flat
U01257,B2C,B2C,2023-05-31,49.0,49.0,retained_flat
U01257,B2C,B2C,2023-06-30,49.0,49.0,retained_flat
U01257,B2C,B2C,2023-07-31,49.0,49.0,retained_flat
U01257,B2C,B2C,2023-08-31,49.0,49.0,retained_flat
U01257,B2C,B2C,2023-09-30,49.0,49.0,retained_flat
U01257,B2C,B2C,2023-10-31,49.0,49.0,retained_flat
U01257,B2C,B2C,2023-11-30,49.0,49.0,retained_flat
U01257,B2C,B2C,2023-12-31,49.0,49.0,retained_flat
U01257,B2C,B2C,2024-01-31,49.0,49.0,retained_flat
U01257,B2C,B2C,2024-02-29,49.0,49.0,retained_flat
U01257,B2C,B2C,2024-03-31,49.0,49.0,retained_flat
U01257,B2C,B2C,2024-04-30,49.0,49.0,retained_flat
U01278,B2C,B2C,2023-03-31,49.0,,new
U01278,B2C,B2C,2023-04-30,49.0,49.0,retained_flat
U01278,B2C,B2C,2023-05-31,49.0,49.0,retained_flat
U01278,B2C,B2C,2023-06-30,49.0,49.0,retained_flat
U01278,B2C,B2C,2023-07-31,49.0,49.0,retained_flat
U01278,B2C,B2C,2023-08-31,49.0,49.0,retained_flat
U01278,B2C,B2C,2023-09-30,49.0,49.0,retained_flat
U01278,B2C,B2C,2023-10-31,49.0,49.0,retained_flat
U01278,B2C,B2C,2023-11-30,49.0,49.0,retained_flat
U01278,B2C,B2C,2023-12-31,49.0,49.0,retained_flat
U01278,B2C,B2C,2024-01-31,49.0,49.0,retained_flat
U01278,B2C,B2C,2024-02-29,0.0,49.0,churn
U01278,B2C,B2C,2024-03-31,0.0,0.0,inactive
U01278,B2C,B2C,2024-04-30,0.0,0.0,inactive
U01282,B2C,B2C,2023-03-31,49.0,,new
U01282,B2C,B2C,2023-04-30,49.0,49.0,retained_flat
U01282,B2C,B2C,2023-05-31,49.0,49.0,retained_flat
U01282,B2C,B2C,2023-06-30,49.0,49.0,retained_flat
U01282,B2C,B2C,2023-07-31,49.0,49.0,retained_flat
U01282,B2C,B2C,2023-08-31,49.0,49.0,retained_flat
U01282,B2C,B2C,2023-09-30,49.0,49.0,retained_flat
U01282,B2C,B2C,2023-10-31,49.0,49.0,retained_flat
U01282,B2C,B2C,2023-11-30,49.0,49.0,retained_flat
U01282,B2C,B2C,2023-12-31,49.0,49.0,retained_flat
U01282,B2C,B2C,2024-01-31,49.0,49.0,retained_flat
U01282,B2C,B2C,2024-02-29,49.0,49.0,retained_flat
U01282,B2C,B2C,2024-03-31,49.0,49.0,retained_flat
U01282,B2C,B2C,2024-04-30,49.0,49.0,retained_flat
U01289,B2C,B2C,2023-03-31,33.25,,new
U01289,B2C,B2C,2023-04-30,33.25,33.25,retained_flat
U01289,B2C,B2C,2023-05-31,33.25,33.25,retained_flat
U01289,B2C,B2C,2023-06-30,33.25,33.25,retained_flat
U01289,B2C,B2C,2023-07-31,33.25,33.25,retained_flat
U01289,B2C,B2C,2023-08-31,33.25,33.25,retained_flat
U01289,B2C,B2C,2023-09-30,33.25,33.25,retained_flat
U01289,B2C,B2C,2023-10-31,33.25,33.25,retained_flat
U01289,B2C,B2C,2023-11-30,33.25,33.25,retained_flat
U01289,B2C,B2C,2023-12-31,33.25,33.25,retained_flat
U01289,B2C,B2C,2024-01-31,33.25,33.25,retained_flat
U01289,B2C,B2C,2024-02-29,33.25,33.25,retained_flat
U01289,B2C,B2C,2024-03-31,0.0,33.25,churn
U01289,B2C,B2C,2024-04-30,0.0,0.0,inactive
U01330,B2C,B2C,2023-04-30,49.0,,new
U01330,B2C,B2C,2023-05-31,49.0,49.0,retained_flat
U01330,B2C,B2C,2023-06-30,49.0,49.0,retained_flat
U01330,B2C,B2C,2023-07-31,49.0,49.0,retained_flat
U01330,B2C,B2C,2023-08-31,49.0,49.0,retained_flat
U01330,B2C,B2C,2023-09-30,49.0,49.0,retained_flat
U01330,B2C,B2C,2023-10-31,0.0,49.0,churn
U01330,B2C,B2C,2023-11-30,0.0,0.0,inactive
U01330,B2C,B2C,2023-12-31,0.0,0.0,inactive
U01330,B2C,B2C,2024-01-31,0.0,0.0,inactive
U01330,B2C,B2C,2024-02-29,0.0,0.0,inactive
U01330,B2C,B2C,2024-03-31,0.0,0.0,inactive
U01330,B2C,B2C,2024-04-30,0.0,0.0,inactive
U01353,B2C,B2C,2023-04-30,49.0,,new
U01353,B2C,B2C,2023-05-31,49.0,49.0,retained_flat
U01353,B2C,B2C,2023-06-30,49.0,49.0,retained_flat
U01353,B2C,B2C,2023-07-31,49.0,49.0,retained_flat
U01353,B2C,B2C,2023-08-31,49.0,49.0,retained_flat
U01353,B2C,B2C,2023-09-30,49.0,49.0,retained_flat
U01353,B2C,B2C,2023-10-31,49.0,49.0,retained_flat
U01353,B2C,B2C,2023-11-30,49.0,49.0,retained_flat
U01353,B2C,B2C,2023-12-31,49.0,49.0,retained_flat
U01353,B2C,B2C,2024-01-31,0.0,49.0,churn
U01353,B2C,B2C,2024-02-29,0.0,0.0,inactive
U01353,B2C,B2C,2024-03-31,0.0,0.0,inactive
U01353,B2C,B2C,2024-04-30,0.0,0.0,inactive
U01355,B2C,B2C,2023-04-30,49.0,,new
U01355,B2C,B2C,2023-05-31,49.0,49.0,retained_flat
U01355,B2C,B2C,2023-06-30,49.0,49.0,retained_flat
U01355,B2C,B2C,2023-07-31,49.0,49.0,retained_flat
U01355,B2C,B2C,2023-08-31,49.0,49.0,retained_flat
U01355,B2C,B2C,2023-09-30,49.0,49.0,retained_flat
U01355,B2C,B2C,2023-10-31,49.0,49.0,retained_flat
U01355,B2C,B2C,2023-11-30,49.0,49.0,retained_flat
U01355,B2C,B2C,2023-12-31,49.0,49.0,retained_flat
U01355,B2C,B2C,2024-01-31,49.0,49.0,retained_flat
U01355,B2C,B2C,2024-02-29,0.0,49.0,churn
U01355,B2C,B2C,2024-03-31,0.0,0.0,inactive
U01355,B2C,B2C,2024-04-30,0.0,0.0,inactive
U01384,B2C,B2C,2023-04-30,33.25,,new
U01384,B2C,B2C,2023-05-31,33.25,33.25,retained_flat
U01384,B2C,B2C,2023-06-30,33.25,33.25,retained_flat
U01384,B2C,B2C,2023-07-31,33.25,33.25,retained_flat
U01384,B2C,B2C,2023-08-31,33.25,33.25,retained_flat
U01384,B2C,B2C,2023-09-30,33.25,33.25,retained_flat
U01384,B2C,B2C,2023-10-31,33.25,33.25,retained_flat
U01384,B2C,B2C,2023-11-30,33.25,33.25,retained_flat
U01384,B2C,B2C,2023-12-31,33.25,33.25,retained_flat
U01384,B2C,B2C,2024-01-31,33.25,33.25,retained_flat
U01384,B2C,B2C,2024-02-29,33.25,33.25,retained_flat
U01384,B2C,B2C,2024-03-31,33.25,33.25,retained_flat
U01384,B2C,B2C,2024-04-30,33.25,33.25,retained_flat
U01391,B2C,B2C,2023-04-30,49.0,,new
U01391,B2C,B2C,2023-05-31,49.0,49.0,retained_flat
U01391,B2C,B2C,2023-06-30,49.0,49.0,retained_flat
U01391,B2C,B2C,2023-07-31,49.0,49.0,retained_flat
U01391,B2C,B2C,2023-08-31,49.0,49.0,retained_flat
U01391,B2C,B2C,2023-09-30,49.0,49.0,retained_flat
U01391,B2C,B2C,2023-10-31,49.0,49.0,retained_flat
U01391,B2C,B2C,2023-11-30,49.0,49.0,retained_flat
U01391,B2C,B2C,2023-12-31,49.0,49.0,retained_flat
U01391,B2C,B2C,2024-01-31,49.0,49.0,retained_flat
U01391,B2C,B2C,2024-02-29,49.0,49.0,retained_flat
U01391,B2C,B2C,2024-03-31,49.0,49.0,retained_flat
U01391,B2C,B2C,2024-04-30,49.0,49.0,retained_flat
U01413,B2C,B2C,2023-04-30,33.25,,new
U01413,B2C,B2C,2023-05-31,33.25,33.25,retained_flat
U01413,B2C,B2C,2023-06-30,33.25,33.25,retained_flat
U01413,B2C,B2C,2023-07-31,33.25,33.25,retained_flat
U01413,B2C,B2C,2023-08-31,33.25,33.25,retained_flat
U01413,B2C,B2C,2023-09-30,33.25,33.25,retained_flat
U01413,B2C,B2C,2023-10-31,33.25,33.25,retained_flat
U01413,B2C,B2C,2023-11-30,33.25,33.25,retained_flat
U01413,B2C,B2C,2023-12-31,33.25,33.25,retained_flat
U01413,B2C,B2C,2024-01-31,33.25,33.25,retained_flat
U01413,B2C,B2C,2024-02-29,33.25,33.25,retained_flat
U01413,B2C,B2C,2024-03-31,33.25,33.25,retained_flat
U01413,B2C,B2C,2024-04-30,33.25,33.25,retained_flat
U01417,B2C,B2C,2023-04-30,49.0,,new
U01417,B2C,B2C,2023-05-31,49.0,49.0,retained_flat
U01417,B2C,B2C,2023-06-30,49.0,49.0,retained_flat
U01417,B2C,B2C,2023-07-31,49.0,49.0,retained_flat
U01417,B2C,B2C,2023-08-31,49.0,49.0,retained_flat
U01417,B2C,B2C,2023-09-30,0.0,49.0,churn
U01417,B2C,B2C,2023-10-31,0.0,0.0,inactive
U01417,B2C,B2C,2023-11-30,0.0,0.0,inactive
U01417,B2C,B2C,2023-12-31,0.0,0.0,inactive
U01417,B2C,B2C,2024-01-31,0.0,0.0,inactive
U01417,B2C,B2C,2024-02-29,0.0,0.0,inactive
U01417,B2C,B2C,2024-03-31,0.0,0.0,inactive
U01417,B2C,B2C,2024-04-30,0.0,0.0,inactive
U01419,B2C,B2C,2023-04-30,33.25,,new
U01419,B2C,B2C,2023-05-31,33.25,33.25,retained_flat
U01419,B2C,B2C,2023-06-30,33.25,33.25,retained_flat
U01419,B2C,B2C,2023-07-31,33.25,33.25,retained_flat
U01419,B2C,B2C,2023-08-31,33.25,33.25,retained_flat
U01419,B2C,B2C,2023-09-30,33.25,33.25,retained_flat
U01419,B2C,B2C,2023-10-31,33.25,33.25,retained_flat
U01419,B2C,B2C,2023-11-30,33.25,33.25,retained_flat
U01419,B2C,B2C,2023-12-31,33.25,33.25,retained_flat
U01419,B2C,B2C,2024-01-31,33.25,33.25,retained_flat
U01419,B2C,B2C,2024-02-29,33.25,33.25,retained_flat
U01419,B2C,B2C,2024-03-31,33.25,33.25,retained_flat
U01419,B2C,B2C,2024-04-30,33.25,33.25,retained_flat
U01428,B2C,B2C,2023-04-30,49.0,,new
U01428,B2C,B2C,2023-05-31,49.0,49.0,retained_flat
U01428,B2C,B2C,2023-06-30,49.0,49.0,retained_flat
U01428,B2C,B2C,2023-07-31,49.0,49.0,retained_flat
U01428,B2C,B2C,2023-08-31,49.0,49.0,retained_flat
U01428,B2C,B2C,2023-09-30,49.0,49.0,retained_flat
U01428,B2C,B2C,2023-10-31,0.0,49.0,churn
U01428,B2C,B2C,2023-11-30,0.0,0.0,inactive
U01428,B2C,B2C,2023-12-31,0.0,0.0,inactive
U01428,B2C,B2C,2024-01-31,0.0,0.0,inactive
U01428,B2C,B2C,2024-02-29,0.0,0.0,inactive
U01428,B2C,B2C,2024-03-31,0.0,0.0,inactive
U01428,B2C,B2C,2024-04-30,0.0,0.0,inactive
U01436,SMB,B2B,2023-04-30,199.0,,new
U01436,SMB,B2B,2023-05-31,199.0,199.0,retained_flat
U01436,SMB,B2B,2023-06-30,199.0,199.0,retained_flat
U01436,SMB,B2B,2023-07-31,199.0,199.0,retained_flat
U01436,SMB,B2B,2023-08-31,0.0,199.0,churn
U01436,SMB,B2B,2023-09-30,0.0,0.0,inactive
U01436,SMB,B2B,2023-10-31,0.0,0.0,inactive
U01436,SMB,B2B,2023-11-30,0.0,0.0,inactive
U01436,SMB,B2B,2023-12-31,0.0,0.0,inactive
U01436,SMB,B2B,2024-01-31,0.0,0.0,inactive
U01436,SMB,B2B,2024-02-29,0.0,0.0,inactive
U01436,SMB,B2B,2024-03-31,0.0,0.0,inactive
U01436,SMB,B2B,2024-04-30,0.0,0.0,inactive
U01440,SMB,B2B,2023-04-30,199.0,,new
U01440,SMB,B2B,2023-05-31,199.0,199.0,retained_flat
U01440,SMB,B2B,2023-06-30,199.0,199.0,retained_flat
U01440,SMB,B2B,2023-07-31,199.0,199.0,retained_flat
U01440,SMB,B2B,2023-08-31,199.0,199.0,retained_flat
U01440,SMB,B2B,2023-09-30,199.0,199.0,retained_flat
U01440,SMB,B2B,2023-10-31,0.0,199.0,churn
U01440,SMB,B2B,2023-11-30,0.0,0.0,inactive
U01440,SMB,B2B,2023-12-31,0.0,0.0,inactive
U01440,SMB,B2B,2024-01-31,0.0,0.0,inactive
U01440,SMB,B2B,2024-02-29,0.0,0.0,inactive
U01440,SMB,B2B,2024-03-31,0.0,0.0,inactive
U01440,SMB,B2B,2024-04-30,0.0,0.0,inactive
U01442,SMB,B2B,2023-04-30,199.0,,new
U01442,SMB,B2B,2023-05-31,227.54,199.0,expansion
U01442,SMB,B2B,2023-06-30,227.54,227.54,retained_flat
U01442,SMB,B2B,2023-07-31,227.54,227.54,retained_flat
U01442,SMB,B2B,2023-08-31,239.45,227.54,expansion
U01442,SMB,B2B,2023-09-30,239.45,239.45,retained_flat
U01442,SMB,B2B,2023-10-31,239.45,239.45,retained_flat
U01442,SMB,B2B,2023-11-30,239.45,239.45,retained_flat
U01442,SMB,B2B,2023-12-31,284.42,239.45,expansion
U01442,SMB,B2B,2024-01-31,346.54,284.42,expansion
U01442,SMB,B2B,2024-02-29,346.54,346.54,retained_flat
U01442,SMB,B2B,2024-03-31,346.54,346.54,retained_flat
U01442,SMB,B2B,2024-04-30,346.54,346.54,retained_flat
U01459,B2C,B2C,2023-05-31,49.0,,new
U01459,B2C,B2C,2023-06-30,49.0,49.0,retained_flat
U01459,B2C,B2C,2023-07-31,0.0,49.0,churn
U01459,B2C,B2C,2023-08-31,0.0,0.0,inactive
U01459,B2C,B2C,2023-09-30,0.0,0.0,inactive
U01459,B2C,B2C,2023-10-31,0.0,0.0,inactive
U01459,B2C,B2C,2023-11-30,0.0,0.0,inactive
U01459,B2C,B2C,2023-12-31,0.0,0.0,inactive
U01459,B2C,B2C,2024-01-31,0.0,0.0,inactive
U01459,B2C,B2C,2024-02-29,0.0,0.0,inactive
U01459,B2C,B2C,2024-03-31,0.0,0.0,inactive
U01459,B2C,B2C,2024-04-30,0.0,0.0,inactive
U01474,B2C,B2C,2023-05-31,49.0,,new
U01474,B2C,B2C,2023-06-30,49.0,49.0,retained_flat
U01474,B2C,B2C,2023-07-31,49.0,49.0,retained_flat
U01474,B2C,B2C,2023-08-31,49.0,49.0,retained_flat
U01474,B2C,B2C,2023-09-30,49.0,49.0,retained_flat
U01474,B2C,B2C,2023-10-31,49.0,49.0,retained_flat
U01474,B2C,B2C,2023-11-30,0.0,49.0,churn
U01474,B2C,B2C,2023-12-31,0.0,0.0,inactive
U01474,B2C,B2C,2024-01-31,0.0,0.0,inactive
U01474,B2C,B2C,2024-02-29,0.0,0.0,inactive
U01474,B2C,B2C,2024-03-31,0.0,0.0,inactive
U01474,B2C,B2C,2024-04-30,0.0,0.0,inactive
U01481,B2C,B2C,2023-05-31,49.0,,new
U01481,B2C,B2C,2023-06-30,49.0,49.0,retained_flat
U01481,B2C,B2C,2023-07-31,49.0,49.0,retained_flat
U01481,B2C,B2C,2023-08-31,49.0,49.0,retained_flat
U01481,B2C,B2C,2023-09-30,49.0,49.0,retained_flat
U01481,B2C,B2C,2023-10-31,49.0,49.0,retained_flat
U01481,B2C,B2C,2023-11-30,49.0,49.0,retained_flat
U01481,B2C,B2C,2023-12-31,49.0,49.0,retained_flat
U01481,B2C,B2C,2024-01-31,49.0,49.0,retained_flat
U01481,B2C,B2C,2024-02-29,49.0,49.0,retained_flat
U01481,B2C,B2C,2024-03-31,49.0,49.0,retained_flat
U01481,B2C,B2C,2024-04-30,49.0,49.0,retained_flat
U01497,B2C,B2C,2023-05-31,33.25,,new
U01497,B2C,B2C,2023-06-30,33.25,33.25,retained_flat
U01497,B2C,B2C,2023-07-31,33.25,33.25,retained_flat
U01497,B2C,B2C,2023-08-31,33.25,33.25,retained_flat
U01497,B2C,B2C,2023-09-30,33.25,33.25,retained_flat
U01497,B2C,B2C,2023-10-31,33.25,33.25,retained_flat
U01497,B2C,B2C,2023-11-30,33.25,33.25,retained_flat
U01497,B2C,B2C,2023-12-31,33.25,33.25,retained_flat
U01497,B2C,B2C,2024-01-31,33.25,33.25,retained_flat
U01497,B2C,B2C,2024-02-29,33.25,33.25,retained_flat
U01497,B2C,B2C,2024-03-31,33.25,33.25,retained_flat
U01497,B2C,B2C,2024-04-30,33.25,33.25,retained_flat
U01500,B2C,B2C,2023-05-31,33.25,,new
U01500,B2C,B2C,2023-06-30,33.25,33.25,retained_flat
U01500,B2C,B2C,2023-07-31,33.25,33.25,retained_flat
U01500,B2C,B2C,2023-08-31,33.25,33.25,retained_flat
U01500,B2C,B2C,2023-09-30,33.25,33.25,retained_flat
U01500,B2C,B2C,2023-10-31,33.25,33.25,retained_flat
U01500,B2C,B2C,2023-11-30,33.25,33.25,retained_flat
U01500,B2C,B2C,2023-12-31,33.25,33.25,retained_flat
U01500,B2C,B2C,2024-01-31,33.25,33.25,retained_flat
U01500,B2C,B2C,2024-02-29,33.25,33.25,retained_flat
U01500,B2C,B2C,2024-03-31,33.25,33.25,retained_flat
U01500,B2C,B2C,2024-04-30,33.25,33.25,retained_flat
U01524,B2C,B2C,2023-05-31,33.25,,new
U01524,B2C,B2C,2023-06-30,33.25,33.25,retained_flat
U01524,B2C,B2C,2023-07-31,33.25,33.25,retained_flat
U01524,B2C,B2C,2023-08-31,33.25,33.25,retained_flat
U01524,B2C,B2C,2023-09-30,33.25,33.25,retained_flat
U01524,B2C,B2C,2023-10-31,33.25,33.25,retained_flat
U01524,B2C,B2C,2023-11-30,33.25,33.25,retained_flat
U01524,B2C,B2C,2023-12-31,33.25,33.25,retained_flat
U01524,B2C,B2C,2024-01-31,33.25,33.25,retained_flat
U01524,B2C,B2C,2024-02-29,33.25,33.25,retained_flat
U01524,B2C,B2C,2024-03-31,33.25,33.25,retained_flat
U01524,B2C,B2C,2024-04-30,33.25,33.25,retained_flat
U01558,SMB,B2B,2023-05-31,149.92,,new
U01558,SMB,B2B,2023-06-30,149.92,149.92,retained_flat
U01558,SMB,B2B,2023-07-31,149.92,149.92,retained_flat
U01558,SMB,B2B,2023-08-31,149.92,149.92,retained_flat
U01558,SMB,B2B,2023-09-30,149.92,149.92,retained_flat
U01558,SMB,B2B,2023-10-31,149.92,149.92,retained_flat
U01558,SMB,B2B,2023-11-30,149.92,149.92,retained_flat
U01558,SMB,B2B,2023-12-31,149.92,149.92,retained_flat
U01558,SMB,B2B,2024-01-31,149.92,149.92,retained_flat
U01558,SMB,B2B,2024-02-29,149.92,149.92,retained_flat
U01558,SMB,B2B,2024-03-31,149.92,149.92,retained_flat
U01558,SMB,B2B,2024-04-30,149.92,149.92,retained_flat
U01590,B2C,B2C,2023-06-30,33.25,,new
U01590,B2C,B2C,2023-07-31,33.25,33.25,retained_flat
U01590,B2C,B2C,2023-08-31,33.25,33.25,retained_flat
U01590,B2C,B2C,2023-09-30,33.25,33.25,retained_flat
U01590,B2C,B2C,2023-10-31,33.25,33.25,retained_flat
U01590,B2C,B2C,2023-11-30,33.25,33.25,retained_flat
U01590,B2C,B2C,2023-12-31,33.25,33.25,retained_flat
U01590,B2C,B2C,2024-01-31,33.25,33.25,retained_flat
U01590,B2C,B2C,2024-02-29,33.25,33.25,retained_flat
U01590,B2C,B2C,2024-03-31,33.25,33.25,retained_flat
U01590,B2C,B2C,2024-04-30,33.25,33.25,retained_flat
U01594,B2C,B2C,2023-06-30,33.25,,new
U01594,B2C,B2C,2023-07-31,33.25,33.25,retained_flat
U01594,B2C,B2C,2023-08-31,33.25,33.25,retained_flat
U01594,B2C,B2C,2023-09-30,33.25,33.25,retained_flat
U01594,B2C,B2C,2023-10-31,33.25,33.25,retained_flat
U01594,B2C,B2C,2023-11-30,33.25,33.25,retained_flat
U01594,B2C,B2C,2023-12-31,33.25,33.25,retained_flat
U01594,B2C,B2C,2024-01-31,33.25,33.25,retained_flat
U01594,B2C,B2C,2024-02-29,33.25,33.25,retained_flat
U01594,B2C,B2C,2024-03-31,33.25,33.25,retained_flat
U01594,B2C,B2C,2024-04-30,33.25,33.25,retained_flat
U01617,B2C,B2C,2023-06-30,49.0,,new
U01617,B2C,B2C,2023-07-31,49.0,49.0,retained_flat
U01617,B2C,B2C,2023-08-31,49.0,49.0,retained_flat
U01617,B2C,B2C,2023-09-30,49.0,49.0,retained_flat
U01617,B2C,B2C,2023-10-31,49.0,49.0,retained_flat
U01617,B2C,B2C,2023-11-30,49.0,49.0,retained_flat
U01617,B2C,B2C,2023-12-31,49.0,49.0,retained_flat
U01617,B2C,B2C,2024-01-31,49.0,49.0,retained_flat
U01617,B2C,B2C,2024-02-29,49.0,49.0,retained_flat
U01617,B2C,B2C,2024-03-31,49.0,49.0,retained_flat
U01617,B2C,B2C,2024-04-30,49.0,49.0,retained_flat
U01624,B2C,B2C,2023-06-30,49.0,,new
U01624,B2C,B2C,2023-07-31,49.0,49.0,retained_flat
U01624,B2C,B2C,2023-08-31,49.0,49.0,retained_flat
U01624,B2C,B2C,2023-09-30,0.0,49.0,churn
U01624,B2C,B2C,2023-10-31,0.0,0.0,inactive
U01624,B2C,B2C,2023-11-30,0.0,0.0,inactive
U01624,B2C,B2C,2023-12-31,0.0,0.0,inactive
U01624,B2C,B2C,2024-01-31,0.0,0.0,inactive
U01624,B2C,B2C,2024-02-29,0.0,0.0,inactive
U01624,B2C,B2C,2024-03-31,0.0,0.0,inactive
U01624,B2C,B2C,2024-04-30,0.0,0.0,inactive
U01632,B2C,B2C,2023-06-30,49.0,,new
U01632,B2C,B2C,2023-07-31,49.0,49.0,retained_flat
U01632,B2C,B2C,2023-08-31,49.0,49.0,retained_flat
U01632,B2C,B2C,2023-09-30,49.0,49.0,retained_flat
U01632,B2C,B2C,2023-10-31,49.0,49.0,retained_flat
U01632,B2C,B2C,2023-11-30,49.0,49.0,retained_flat
U01632,B2C,B2C,2023-12-31,49.0,49.0,retained_flat
U01632,B2C,B2C,2024-01-31,49.0,49.0,retained_flat
U01632,B2C,B2C,2024-02-29,49.0,49.0,retained_flat
U01632,B2C,B2C,2024-03-31,49.0,49.0,retained_flat
U01632,B2C,B2C,2024-04-30,49.0,49.0,retained_flat
U01664,B2C,B2C,2023-06-30,49.0,,new
U01664,B2C,B2C,2023-07-31,49.0,49.0,retained_flat
U01664,B2C,B2C,2023-08-31,49.0,49.0,retained_flat
U01664,B2C,B2C,2023-09-30,49.0,49.0,retained_flat
U01664,B2C,B2C,2023-10-31,49.0,49.0,retained_flat
U01664,B2C,B2C,2023-11-30,49.0,49.0,retained_flat
U01664,B2C,B2C,2023-12-31,49.0,49.0,retained_flat
U01664,B2C,B2C,2024-01-31,49.0,49.0,retained_flat
U01664,B2C,B2C,2024-02-29,49.0,49.0,retained_flat
U01664,B2C,B2C,2024-03-31,49.0,49.0,retained_flat
U01664,B2C,B2C,2024-04-30,49.0,49.0,retained_flat
U01669,B2C,B2C,2023-06-30,49.0,,new
U01669,B2C,B2C,2023-07-31,49.0,49.0,retained_flat
U01669,B2C,B2C,2023-08-31,49.0,49.0,retained_flat
U01669,B2C,B2C,2023-09-30,49.0,49.0,retained_flat
U01669,B2C,B2C,2023-10-31,49.0,49.0,retained_flat
U01669,B2C,B2C,2023-11-30,49.0,49.0,retained_flat
U01669,B2C,B2C,2023-12-31,49.0,49.0,retained_flat
U01669,B2C,B2C,2024-01-31,49.0,49.0,retained_flat
U01669,B2C,B2C,2024-02-29,49.0,49.0,retained_flat
U01669,B2C,B2C,2024-03-31,49.0,49.0,retained_flat
U01669,B2C,B2C,2024-04-30,49.0,49.0,retained_flat
U01671,B2C,B2C,2023-06-30,33.25,,new
U01671,B2C,B2C,2023-07-31,33.25,33.25,retained_flat
U01671,B2C,B2C,2023-08-31,33.25,33.25,retained_flat
U01671,B2C,B2C,2023-09-30,33.25,33.25,retained_flat
U01671,B2C,B2C,2023-10-31,33.25,33.25,retained_flat
U01671,B2C,B2C,2023-11-30,33.25,33.25,retained_flat
U01671,B2C,B2C,2023-12-31,33.25,33.25,retained_flat
U01671,B2C,B2C,2024-01-31,33.25,33.25,retained_flat
U01671,B2C,B2C,2024-02-29,33.25,33.25,retained_flat
U01671,B2C,B2C,2024-03-31,33.25,33.25,retained_flat
U01671,B2C,B2C,2024-04-30,33.25,33.25,retained_flat
U01700,B2C,B2C,2023-06-30,49.0,,new
U01700,B2C,B2C,2023-07-31,49.0,49.0,retained_flat
U01700,B2C,B2C,2023-08-31,49.0,49.0,retained_flat
U01700,B2C,B2C,2023-09-30,49.0,49.0,retained_flat
U01700,B2C,B2C,2023-10-31,49.0,49.0,retained_flat
U01700,B2C,B2C,2023-11-30,49.0,49.0,retained_flat
U01700,B2C,B2C,2023-12-31,49.0,49.0,retained_flat
U01700,B2C,B2C,2024-01-31,49.0,49.0,retained_flat
U01700,B2C,B2C,2024-02-29,49.0,49.0,retained_flat
U01700,B2C,B2C,2024-03-31,49.0,49.0,retained_flat
U01700,B2C,B2C,2024-04-30,49.0,49.0,retained_flat
U01714,SMB,B2B,2023-06-30,199.0,,new
U01714,SMB,B2B,2023-07-31,199.0,199.0,retained_flat
U01714,SMB,B2B,2023-08-31,199.0,199.0,retained_flat
U01714,SMB,B2B,2023-09-30,199.0,199.0,retained_flat
U01714,SMB,B2B,2023-10-31,199.0,199.0,retained_flat
U01714,SMB,B2B,2023-11-30,166.49,199.0,contraction
U01714,SMB,B2B,2023-12-31,166.49,166.49,retained_flat
U01714,SMB,B2B,2024-01-31,166.49,166.49,retained_flat
U01714,SMB,B2B,2024-02-29,166.49,166.49,retained_flat
U01714,SMB,B2B,2024-03-31,166.49,166.49,retained_flat
U01714,SMB,B2B,2024-04-30,187.07,166.49,expansion
U01728,Enterprise,B2B,2023-06-30,990.0,,new
U01728,Enterprise,B2B,2023-07-31,990.0,990.0,retained_flat
U01728,Enterprise,B2B,2023-08-31,1071.57,990.0,expansion
U01728,Enterprise,B2B,2023-09-30,1071.57,1071.57,retained_flat
U01728,Enterprise,B2B,2023-10-31,1071.57,1071.57,retained_flat
U01728,Enterprise,B2B,2023-11-30,1071.57,1071.57,retained_flat
U01728,Enterprise,B2B,2023-12-31,0.0,1071.57,churn
U01728,Enterprise,B2B,2024-01-31,0.0,0.0,inactive
U01728,Enterprise,B2B,2024-02-29,0.0,0.0,inactive
U01728,Enterprise,B2B,2024-03-31,0.0,0.0,inactive
U01728,Enterprise,B2B,2024-04-30,0.0,0.0,inactive
U01743,B2C,B2C,2023-07-31,49.0,,new
U01743,B2C,B2C,2023-08-31,49.0,49.0,retained_flat
U01743,B2C,B2C,2023-09-30,49.0,49.0,retained_flat
U01743,B2C,B2C,2023-10-31,49.0,49.0,retained_flat
U01743,B2C,B2C,2023-11-30,49.0,49.0,retained_flat
U01743,B2C,B2C,2023-12-31,49.0,49.0,retained_flat
U01743,B2C,B2C,2024-01-31,49.0,49.0,retained_flat
U01743,B2C,B2C,2024-02-29,49.0,49.0,retained_flat
U01743,B2C,B2C,2024-03-31,49.0,49.0,retained_flat
U01743,B2C,B2C,2024-04-30,49.0,49.0,retained_flat
U01744,B2C,B2C,2023-07-31,49.0,,new
U01744,B2C,B2C,2023-08-31,49.0,49.0,retained_flat
U01744,B2C,B2C,2023-09-30,49.0,49.0,retained_flat
U01744,B2C,B2C,2023-10-31,0.0,49.0,churn
U01744,B2C,B2C,2023-11-30,0.0,0.0,inactive
U01744,B2C,B2C,2023-12-31,0.0,0.0,inactive
U01744,B2C,B2C,2024-01-31,0.0,0.0,inactive
U01744,B2C,B2C,2024-02-29,0.0,0.0,inactive
U01744,B2C,B2C,2024-03-31,0.0,0.0,inactive
U01744,B2C,B2C,2024-04-30,0.0,0.0,inactive
U01754,B2C,B2C,2023-07-31,49.0,,new
U01754,B2C,B2C,2023-08-31,49.0,49.0,retained_flat
U01754,B2C,B2C,2023-09-30,49.0,49.0,retained_flat
U01754,B2C,B2C,2023-10-31,0.0,49.0,churn
U01754,B2C,B2C,2023-11-30,0.0,0.0,inactive
U01754,B2C,B2C,2023-12-31,0.0,0.0,inactive
U01754,B2C,B2C,2024-01-31,0.0,0.0,inactive
U01754,B2C,B2C,2024-02-29,0.0,0.0,inactive
U01754,B2C,B2C,2024-03-31,0.0,0.0,inactive
U01754,B2C,B2C,2024-04-30,0.0,0.0,inactive
U01777,B2C,B2C,2023-07-31,49.0,,new
U01777,B2C,B2C,2023-08-31,49.0,49.0,retained_flat
U01777,B2C,B2C,2023-09-30,49.0,49.0,retained_flat
U01777,B2C,B2C,2023-10-31,49.0,49.0,retained_flat
U01777,B2C,B2C,2023-11-30,0.0,49.0,churn
U01777,B2C,B2C,2023-12-31,0.0,0.0,inactive
U01777,B2C,B2C,2024-01-31,0.0,0.0,inactive
U01777,B2C,B2C,2024-02-29,0.0,0.0,inactive
U01777,B2C,B2C,2024-03-31,0.0,0.0,inactive
U01777,B2C,B2C,2024-04-30,0.0,0.0,inactive
U01781,B2C,B2C,2023-07-31,33.25,,new
U01781,B2C,B2C,2023-08-31,33.25,33.25,retained_flat
U01781,B2C,B2C,2023-09-30,33.25,33.25,retained_flat
U01781,B2C,B2C,2023-10-31,33.25,33.25,retained_flat
U01781,B2C,B2C,2023-11-30,33.25,33.25,retained_flat
U01781,B2C,B2C,2023-12-31,33.25,33.25,retained_flat
U01781,B2C,B2C,2024-01-31,33.25,33.25,retained_flat
U01781,B2C,B2C,2024-02-29,33.25,33.25,retained_flat
U01781,B2C,B2C,2024-03-31,33.25,33.25,retained_flat
U01781,B2C,B2C,2024-04-30,33.25,33.25,retained_flat
U01786,B2C,B2C,2023-07-31,49.0,,new
U01786,B2C,B2C,2023-08-31,49.0,49.0,retained_flat
U01786,B2C,B2C,2023-09-30,49.0,49.0,retained_flat
U01786,B2C,B2C,2023-10-31,0.0,49.0,churn
U01786,B2C,B2C,2023-11-30,0.0,0.0,inactive
U01786,B2C,B2C,2023-12-31,0.0,0.0,inactive
U01786,B2C,B2C,2024-01-31,0.0,0.0,inactive
U01786,B2C,B2C,2024-02-29,0.0,0.0,inactive
U01786,B2C,B2C,2024-03-31,0.0,0.0,inactive
U01786,B2C,B2C,2024-04-30,0.0,0.0,inactive
U01817,B2C,B2C,2023-07-31,33.25,,new
U01817,B2C,B2C,2023-08-31,33.25,33.25,retained_flat
U01817,B2C,B2C,2023-09-30,33.25,33.25,retained_flat
U01817,B2C,B2C,2023-10-31,33.25,33.25,retained_flat
U01817,B2C,B2C,2023-11-30,33.25,33.25,retained_flat
U01817,B2C,B2C,2023-12-31,33.25,33.25,retained_flat
U01817,B2C,B2C,2024-01-31,33.25,33.25,retained_flat
U01817,B2C,B2C,2024-02-29,33.25,33.25,retained_flat
U01817,B2C,B2C,2024-03-31,33.25,33.25,retained_flat
U01817,B2C,B2C,2024-04-30,33.25,33.25,retained_flat
U01818,B2C,B2C,2023-07-31,49.0,,new
U01818,B2C,B2C,2023-08-31,49.0,49.0,retained_flat
U01818,B2C,B2C,2023-09-30,49.0,49.0,retained_flat
U01818,B2C,B2C,2023-10-31,49.0,49.0,retained_flat
U01818,B2C,B2C,2023-11-30,49.0,49.0,retained_flat
U01818,B2C,B2C,2023-12-31,49.0,49.0,retained_flat
U01818,B2C,B2C,2024-01-31,49.0,49.0,retained_flat
U01818,B2C,B2C,2024-02-29,49.0,49.0,retained_flat
U01818,B2C,B2C,2024-03-31,49.0,49.0,retained_flat
U01818,B2C,B2C,2024-04-30,49.0,49.0,retained_flat
U01821,B2C,B2C,2023-07-31,49.0,,new
U01821,B2C,B2C,2023-08-31,49.0,49.0,retained_flat
U01821,B2C,B2C,2023-09-30,0.0,49.0,churn
U01821,B2C,B2C,2023-10-31,0.0,0.0,inactive
U01821,B2C,B2C,2023-11-30,0.0,0.0,inactive
U01821,B2C,B2C,2023-12-31,0.0,0.0,inactive
U01821,B2C,B2C,2024-01-31,0.0,0.0,inactive
U01821,B2C,B2C,2024-02-29,0.0,0.0,inactive
U01821,B2C,B2C,2024-03-31,0.0,0.0,inactive
U01821,B2C,B2C,2024-04-30,0.0,0.0,inactive
U01829,B2C,B2C,2023-07-31,49.0,,new
U01829,B2C,B2C,2023-08-31,49.0,49.0,retained_flat
U01829,B2C,B2C,2023-09-30,49.0,49.0,retained_flat
U01829,B2C,B2C,2023-10-31,0.0,49.0,churn
U01829,B2C,B2C,2023-11-30,0.0,0.0,inactive
U01829,B2C,B2C,2023-12-31,0.0,0.0,inactive
U01829,B2C,B2C,2024-01-31,0.0,0.0,inactive
U01829,B2C,B2C,2024-02-29,0.0,0.0,inactive
U01829,B2C,B2C,2024-03-31,0.0,0.0,inactive
U01829,B2C,B2C,2024-04-30,0.0,0.0,inactive
U01831,B2C,B2C,2023-07-31,49.0,,new
U01831,B2C,B2C,2023-08-31,49.0,49.0,retained_flat
U01831,B2C,B2C,2023-09-30,49.0,49.0,retained_flat
U01831,B2C,B2C,2023-10-31,49.0,49.0,retained_flat
U01831,B2C,B2C,2023-11-30,49.0,49.0,retained_flat
U01831,B2C,B2C,2023-12-31,49.0,49.0,retained_flat
U01831,B2C,B2C,2024-01-31,49.0,49.0,retained_flat
U01831,B2C,B2C,2024-02-29,49.0,49.0,retained_flat
U01831,B2C,B2C,2024-03-31,49.0,49.0,retained_flat
U01831,B2C,B2C,2024-04-30,49.0,49.0,retained_flat
U01863,SMB,B2B,2023-07-31,199.0,,new
U01863,SMB,B2B,2023-08-31,199.0,199.0,retained_flat
U01863,SMB,B2B,2023-09-30,199.0,199.0,retained_flat
U01863,SMB,B2B,2023-10-31,199.0,199.0,retained_flat
U01863,SMB,B2B,2023-11-30,199.0,199.0,retained_flat
U01863,SMB,B2B,2023-12-31,199.0,199.0,retained_flat
U01863,SMB,B2B,2024-01-31,233.62,199.0,expansion
U01863,SMB,B2B,2024-02-29,233.62,233.62,retained_flat
U01863,SMB,B2B,2024-03-31,233.62,233.62,retained_flat
U01863,SMB,B2B,2024-04-30,233.62,233.62,retained_flat
U01872,Enterprise,B2B,2023-07-31,825.0,,new
U01872,Enterprise,B2B,2023-08-31,825.0,825.0,retained_flat
U01872,Enterprise,B2B,2023-09-30,825.0,825.0,retained_flat
U01872,Enterprise,B2B,2023-10-31,825.0,825.0,retained_flat
U01872,Enterprise,B2B,2023-11-30,825.0,825.0,retained_flat
U01872,Enterprise,B2B,2023-12-31,825.0,825.0,retained_flat
U01872,Enterprise,B2B,2024-01-31,825.0,825.0,retained_flat
U01872,Enterprise,B2B,2024-02-29,825.0,825.0,retained_flat
U01872,Enterprise,B2B,2024-03-31,825.0,825.0,retained_flat
U01872,Enterprise,B2B,2024-04-30,825.0,825.0,retained_flat
U01909,B2C,B2C,2023-08-31,49.0,,new
U01909,B2C,B2C,2023-09-30,49.0,49.0,retained_flat
U01909,B2C,B2C,2023-10-31,0.0,49.0,churn
U01909,B2C,B2C,2023-11-30,0.0,0.0,inactive
U01909,B2C,B2C,2023-12-31,0.0,0.0,inactive
U01909,B2C,B2C,2024-01-31,0.0,0.0,inactive
U01909,B2C,B2C,2024-02-29,0.0,0.0,inactive
U01909,B2C,B2C,2024-03-31,0.0,0.0,inactive
U01909,B2C,B2C,2024-04-30,0.0,0.0,inactive
U01948,B2C,B2C,2023-08-31,49.0,,new
U01948,B2C,B2C,2023-09-30,49.0,49.0,retained_flat
U01948,B2C,B2C,2023-10-31,49.0,49.0,retained_flat
U01948,B2C,B2C,2023-11-30,49.0,49.0,retained_flat
U01948,B2C,B2C,2023-12-31,49.0,49.0,retained_flat
U01948,B2C,B2C,2024-01-31,49.0,49.0,retained_flat
U01948,B2C,B2C,2024-02-29,49.0,49.0,retained_flat
U01948,B2C,B2C,2024-03-31,0.0,49.0,churn
U01948,B2C,B2C,2024-04-30,0.0,0.0,inactive
U01962,B2C,B2C,2023-08-31,33.25,,new
U01962,B2C,B2C,2023-09-30,33.25,33.25,retained_flat
U01962,B2C,B2C,2023-10-31,33.25,33.25,retained_flat
U01962,B2C,B2C,2023-11-30,33.25,33.25,retained_flat
U01962,B2C,B2C,2023-12-31,33.25,33.25,retained_flat
U01962,B2C,B2C,2024-01-31,33.25,33.25,retained_flat
U01962,B2C,B2C,2024-02-29,33.25,33.25,retained_flat
U01962,B2C,B2C,2024-03-31,33.25,33.25,retained_flat
U01962,B2C,B2C,2024-04-30,33.25,33.25,retained_flat
U02010,SMB,B2B,2023-08-31,149.92,,new
U02010,SMB,B2B,2023-09-30,149.92,149.92,retained_flat
U02010,SMB,B2B,2023-10-31,149.92,149.92,retained_flat
U02010,SMB,B2B,2023-11-30,149.92,149.92,retained_flat
U02010,SMB,B2B,2023-12-31,149.92,149.92,retained_flat
U02010,SMB,B2B,2024-01-31,149.92,149.92,retained_flat
U02010,SMB,B2B,2024-02-29,149.92,149.92,retained_flat
U02010,SMB,B2B,2024-03-31,149.92,149.92,retained_flat
U02010,SMB,B2B,2024-04-30,149.92,149.92,retained_flat
U02015,SMB,B2B,2023-08-31,149.92,,new
U02015,SMB,B2B,2023-09-30,149.92,149.92,retained_flat
U02015,SMB,B2B,2023-10-31,149.92,149.92,retained_flat
U02015,SMB,B2B,2023-11-30,149.92,149.92,retained_flat
U02015,SMB,B2B,2023-12-31,149.92,149.92,retained_flat
U02015,SMB,B2B,2024-01-31,149.92,149.92,retained_flat
U02015,SMB,B2B,2024-02-29,149.92,149.92,retained_flat
U02015,SMB,B2B,2024-03-31,149.92,149.92,retained_flat
U02015,SMB,B2B,2024-04-30,149.92,149.92,retained_flat
U02018,SMB,B2B,2023-08-31,199.0,,new
U02018,SMB,B2B,2023-09-30,230.51,199.0,expansion
U02018,SMB,B2B,2023-10-31,0.0,230.51,churn
U02018,SMB,B2B,2023-11-30,0.0,0.0,inactive
U02018,SMB,B2B,2023-12-31,0.0,0.0,inactive
U02018,SMB,B2B,2024-01-31,0.0,0.0,inactive
U02018,SMB,B2B,2024-02-29,0.0,0.0,inactive
U02018,SMB,B2B,2024-03-31,0.0,0.0,inactive
U02018,SMB,B2B,2024-04-30,0.0,0.0,inactive
U02049,B2C,B2C,2023-09-30,49.0,,new
U02049,B2C,B2C,2023-10-31,49.0,49.0,retained_flat
U02049,B2C,B2C,2023-11-30,49.0,49.0,retained_flat
U02049,B2C,B2C,2023-12-31,49.0,49.0,retained_flat
U02049,B2C,B2C,2024-01-31,49.0,49.0,retained_flat
U02049,B2C,B2C,2024-02-29,49.0,49.0,retained_flat
U02049,B2C,B2C,2024-03-31,49.0,49.0,retained_flat
U02049,B2C,B2C,2024-04-30,49.0,49.0,retained_flat
U02053,B2C,B2C,2023-09-30,49.0,,new
U02053,B2C,B2C,2023-10-31,49.0,49.0,retained_flat
U02053,B2C,B2C,2023-11-30,49.0,49.0,retained_flat
U02053,B2C,B2C,2023-12-31,49.0,49.0,retained_flat
U02053,B2C,B2C,2024-01-31,0.0,49.0,churn
U02053,B2C,B2C,2024-02-29,0.0,0.0,inactive
U02053,B2C,B2C,2024-03-31,0.0,0.0,inactive
U02053,B2C,B2C,2024-04-30,0.0,0.0,inactive
U02071,B2C,B2C,2023-09-30,49.0,,new
U02071,B2C,B2C,2023-10-31,49.0,49.0,retained_flat
U02071,B2C,B2C,2023-11-30,49.0,49.0,retained_flat
U02071,B2C,B2C,2023-12-31,49.0,49.0,retained_flat
U02071,B2C,B2C,2024-01-31,49.0,49.0,retained_flat
U02071,B2C,B2C,2024-02-29,49.0,49.0,retained_flat
U02071,B2C,B2C,2024-03-31,49.0,49.0,retained_flat
U02071,B2C,B2C,2024-04-30,49.0,49.0,retained_flat
U02096,B2C,B2C,2023-09-30,49.0,,new
U02096,B2C,B2C,2023-10-31,49.0,49.0,retained_flat
U02096,B2C,B2C,2023-11-30,49.0,49.0,retained_flat
U02096,B2C,B2C,2023-12-31,49.0,49.0,retained_flat
U02096,B2C,B2C,2024-01-31,49.0,49.0,retained_flat
U02096,B2C,B2C,2024-02-29,49.0,49.0,retained_flat
U02096,B2C,B2C,2024-03-31,49.0,49.0,retained_flat
U02096,B2C,B2C,2024-04-30,49.0,49.0,retained_flat
U02110,B2C,B2C,2023-09-30,33.25,,new
U02110,B2C,B2C,2023-10-31,33.25,33.25,retained_flat
U02110,B2C,B2C,2023-11-30,33.25,33.25,retained_flat
U02110,B2C,B2C,2023-12-31,33.25,33.25,retained_flat
U02110,B2C,B2C,2024-01-31,33.25,33.25,retained_flat
U02110,B2C,B2C,2024-02-29,33.25,33.25,retained_flat
U02110,B2C,B2C,2024-03-31,33.25,33.25,retained_flat
U02110,B2C,B2C,2024-04-30,33.25,33.25,retained_flat
U02116,B2C,B2C,2023-09-30,49.0,,new
U02116,B2C,B2C,2023-10-31,49.0,49.0,retained_flat
U02116,B2C,B2C,2023-11-30,49.0,49.0,retained_flat
U02116,B2C,B2C,2023-12-31,49.0,49.0,retained_flat
U02116,B2C,B2C,2024-01-31,49.0,49.0,retained_flat
U02116,B2C,B2C,2024-02-29,49.0,49.0,retained_flat
U02116,B2C,B2C,2024-03-31,49.0,49.0,retained_flat
U02116,B2C,B2C,2024-04-30,49.0,49.0,retained_flat
U02127,B2C,B2C,2023-09-30,49.0,,new
U02127,B2C,B2C,2023-10-31,49.0,49.0,retained_flat
U02127,B2C,B2C,2023-11-30,49.0,49.0,retained_flat
U02127,B2C,B2C,2023-12-31,49.0,49.0,retained_flat
U02127,B2C,B2C,2024-01-31,49.0,49.0,retained_flat
U02127,B2C,B2C,2024-02-29,49.0,49.0,retained_flat
U02127,B2C,B2C,2024-03-31,49.0,49.0,retained_flat
U02127,B2C,B2C,2024-04-30,49.0,49.0,retained_flat
U02145,B2C,B2C,2023-09-30,33.25,,new
U02145,B2C,B2C,2023-10-31,33.25,33.25,retained_flat
U02145,B2C,B2C,2023-11-30,33.25,33.25,retained_flat
U02145,B2C,B2C,2023-12-31,33.25,33.25,retained_flat
U02145,B2C,B2C,2024-01-31,33.25,33.25,retained_flat
U02145,B2C,B2C,2024-02-29,33.25,33.25,retained_flat
U02145,B2C,B2C,2024-03-31,33.25,33.25,retained_flat
U02145,B2C,B2C,2024-04-30,33.25,33.25,retained_flat
U02179,B2C,B2C,2023-09-30,49.0,,new
U02179,B2C,B2C,2023-10-31,49.0,49.0,retained_flat
U02179,B2C,B2C,2023-11-30,49.0,49.0,retained_flat
U02179,B2C,B2C,2023-12-31,49.0,49.0,retained_flat
U02179,B2C,B2C,2024-01-31,49.0,49.0,retained_flat
U02179,B2C,B2C,2024-02-29,0.0,49.0,churn
U02179,B2C,B2C,2024-03-31,0.0,0.0,inactive
U02179,B2C,B2C,2024-04-30,0.0,0.0,inactive
U02185,SMB,B2B,2023-09-30,149.92,,new
U02185,SMB,B2B,2023-10-31,149.92,149.92,retained_flat
U02185,SMB,B2B,2023-11-30,149.92,149.92,retained_flat
U02185,SMB,B2B,2023-12-31,149.92,149.92,retained_flat
U02185,SMB,B2B,2024-01-31,149.92,149.92,retained_flat
U02185,SMB,B2B,2024-02-29,149.92,149.92,retained_flat
U02185,SMB,B2B,2024-03-31,149.92,149.92,retained_flat
U02185,SMB,B2B,2024-04-30,149.92,149.92,retained_flat
U02186,SMB,B2B,2023-09-30,199.0,,new
U02186,SMB,B2B,2023-10-31,199.0,199.0,retained_flat
U02186,SMB,B2B,2023-11-30,199.0,199.0,retained_flat
U02186,SMB,B2B,2023-12-31,211.26,199.0,expansion
U02186,SMB,B2B,2024-01-31,0.0,211.26,churn
U02186,SMB,B2B,2024-02-29,0.0,0.0,inactive
U02186,SMB,B2B,2024-03-31,0.0,0.0,inactive
U02186,SMB,B2B,2024-04-30,0.0,0.0,inactive
U02199,SMB,B2B,2023-09-30,149.92,,new
U02199,SMB,B2B,2023-10-31,149.92,149.92,retained_flat
U02199,SMB,B2B,2023-11-30,149.92,149.92,retained_flat
U02199,SMB,B2B,2023-12-31,149.92,149.92,retained_flat
U02199,SMB,B2B,2024-01-31,149.92,149.92,retained_flat
U02199,SMB,B2B,2024-02-29,149.92,149.92,retained_flat
U02199,SMB,B2B,2024-03-31,149.92,149.92,retained_flat
U02199,SMB,B2B,2024-04-30,149.92,149.92,retained_flat
U02203,SMB,B2B,2023-09-30,199.0,,new
U02203,SMB,B2B,2023-10-31,199.0,199.0,retained_flat
U02203,SMB,B2B,2023-11-30,199.0,199.0,retained_flat
U02203,SMB,B2B,2023-12-31,199.0,199.0,retained_flat
U02203,SMB,B2B,2024-01-31,199.0,199.0,retained_flat
U02203,SMB,B2B,2024-02-29,199.0,199.0,retained_flat
U02203,SMB,B2B,2024-03-31,199.0,199.0,retained_flat
U02203,SMB,B2B,2024-04-30,199.0,199.0,retained_flat
U02223,B2C,B2C,2023-10-31,33.25,,new
U02223,B2C,B2C,2023-11-30,33.25,33.25,retained_flat
U02223,B2C,B2C,2023-12-31,33.25,33.25,retained_flat
U02223,B2C,B2C,2024-01-31,33.25,33.25,retained_flat
U02223,B2C,B2C,2024-02-29,33.25,33.25,retained_flat
U02223,B2C,B2C,2024-03-31,33.25,33.25,retained_flat
U02223,B2C,B2C,2024-04-30,33.25,33.25,retained_flat
U02225,B2C,B2C,2023-10-31,49.0,,new
U02225,B2C,B2C,2023-11-30,49.0,49.0,retained_flat
U02225,B2C,B2C,2023-12-31,49.0,49.0,retained_flat
U02225,B2C,B2C,2024-01-31,49.0,49.0,retained_flat
U02225,B2C,B2C,2024-02-29,49.0,49.0,retained_flat
U02225,B2C,B2C,2024-03-31,0.0,49.0,churn
U02225,B2C,B2C,2024-04-30,0.0,0.0,inactive
U02301,B2C,B2C,2023-10-31,49.0,,new
U02301,B2C,B2C,2023-11-30,49.0,49.0,retained_flat
U02301,B2C,B2C,2023-12-31,49.0,49.0,retained_flat
U02301,B2C,B2C,2024-01-31,49.0,49.0,retained_flat
U02301,B2C,B2C,2024-02-29,49.0,49.0,retained_flat
U02301,B2C,B2C,2024-03-31,49.0,49.0,retained_flat
U02301,B2C,B2C,2024-04-30,49.0,49.0,retained_flat
U02333,B2C,B2C,2023-10-31,49.0,,new
U02333,B2C,B2C,2023-11-30,0.0,49.0,churn
U02333,B2C,B2C,2023-12-31,0.0,0.0,inactive
U02333,B2C,B2C,2024-01-31,0.0,0.0,inactive
U02333,B2C,B2C,2024-02-29,0.0,0.0,inactive
U02333,B2C,B2C,2024-03-31,0.0,0.0,inactive
U02333,B2C,B2C,2024-04-30,0.0,0.0,inactive
U02336,B2C,B2C,2023-10-31,49.0,,new
U02336,B2C,B2C,2023-11-30,0.0,49.0,churn
U02336,B2C,B2C,2023-12-31,0.0,0.0,inactive
U02336,B2C,B2C,2024-01-31,0.0,0.0,inactive
U02336,B2C,B2C,2024-02-29,0.0,0.0,inactive
U02336,B2C,B2C,2024-03-31,0.0,0.0,inactive
U02336,B2C,B2C,2024-04-30,0.0,0.0,inactive
U02342,B2C,B2C,2023-10-31,33.25,,new
U02342,B2C,B2C,2023-11-30,33.25,33.25,retained_flat
U02342,B2C,B2C,2023-12-31,33.25,33.25,retained_flat
U02342,B2C,B2C,2024-01-31,33.25,33.25,retained_flat
U02342,B2C,B2C,2024-02-29,33.25,33.25,retained_flat
U02342,B2C,B2C,2024-03-31,33.25,33.25,retained_flat
U02342,B2C,B2C,2024-04-30,33.25,33.25,retained_flat
U02346,B2C,B2C,2023-10-31,33.25,,new
U02346,B2C,B2C,2023-11-30,33.25,33.25,retained_flat
U02346,B2C,B2C,2023-12-31,33.25,33.25,retained_flat
U02346,B2C,B2C,2024-01-31,33.25,33.25,retained_flat
U02346,B2C,B2C,2024-02-29,33.25,33.25,retained_flat
U02346,B2C,B2C,2024-03-31,33.25,33.25,retained_flat
U02346,B2C,B2C,2024-04-30,33.25,33.25,retained_flat
U02350,B2C,B2C,2023-10-31,49.0,,new
U02350,B2C,B2C,2023-11-30,49.0,49.0,retained_flat
U02350,B2C,B2C,2023-12-31,49.0,49.0,retained_flat
U02350,B2C,B2C,2024-01-31,49.0,49.0,retained_flat
U02350,B2C,B2C,2024-02-29,49.0,49.0,retained_flat
U02350,B2C,B2C,2024-03-31,49.0,49.0,retained_flat
U02350,B2C,B2C,2024-04-30,49.0,49.0,retained_flat
U02376,SMB,B2B,2023-10-31,149.92,,new
U02376,SMB,B2B,2023-11-30,149.92,149.92,retained_flat
U02376,SMB,B2B,2023-12-31,149.92,149.92,retained_flat
U02376,SMB,B2B,2024-01-31,149.92,149.92,retained_flat
U02376,SMB,B2B,2024-02-29,149.92,149.92,retained_flat
U02376,SMB,B2B,2024-03-31,149.92,149.92,retained_flat
U02376,SMB,B2B,2024-04-30,149.92,149.92,retained_flat
U02388,SMB,B2B,2023-10-31,149.92,,new
U02388,SMB,B2B,2023-11-30,149.92,149.92,retained_flat
U02388,SMB,B2B,2023-12-31,149.92,149.92,retained_flat
U02388,SMB,B2B,2024-01-31,149.92,149.92,retained_flat
U02388,SMB,B2B,2024-02-29,149.92,149.92,retained_flat
U02388,SMB,B2B,2024-03-31,149.92,149.92,retained_flat
U02388,SMB,B2B,2024-04-30,149.92,149.92,retained_flat
U02412,B2C,B2C,2023-11-30,33.25,,new
U02412,B2C,B2C,2023-12-31,33.25,33.25,retained_flat
U02412,B2C,B2C,2024-01-31,33.25,33.25,retained_flat
U02412,B2C,B2C,2024-02-29,33.25,33.25,retained_flat
U02412,B2C,B2C,2024-03-31,33.25,33.25,retained_flat
U02412,B2C,B2C,2024-04-30,33.25,33.25,retained_flat
U02423,B2C,B2C,2023-11-30,49.0,,new
U02423,B2C,B2C,2023-12-31,49.0,49.0,retained_flat
U02423,B2C,B2C,2024-01-31,0.0,49.0,churn
U02423,B2C,B2C,2024-02-29,0.0,0.0,inactive
U02423,B2C,B2C,2024-03-31,0.0,0.0,inactive
U02423,B2C,B2C,2024-04-30,0.0,0.0,inactive
U02431,B2C,B2C,2023-11-30,33.25,,new
U02431,B2C,B2C,2023-12-31,33.25,33.25,retained_flat
U02431,B2C,B2C,2024-01-31,33.25,33.25,retained_flat
U02431,B2C,B2C,2024-02-29,33.25,33.25,retained_flat
U02431,B2C,B2C,2024-03-31,33.25,33.25,retained_flat
U02431,B2C,B2C,2024-04-30,33.25,33.25,retained_flat
U02432,B2C,B2C,2023-11-30,49.0,,new
U02432,B2C,B2C,2023-12-31,49.0,49.0,retained_flat
U02432,B2C,B2C,2024-01-31,49.0,49.0,retained_flat
U02432,B2C,B2C,2024-02-29,49.0,49.0,retained_flat
U02432,B2C,B2C,2024-03-31,49.0,49.0,retained_flat
U02432,B2C,B2C,2024-04-30,49.0,49.0,retained_flat
U02465,B2C,B2C,2023-11-30,33.25,,new
U02465,B2C,B2C,2023-12-31,33.25,33.25,retained_flat
U02465,B2C,B2C,2024-01-31,33.25,33.25,retained_flat
U02465,B2C,B2C,2024-02-29,33.25,33.25,retained_flat
U02465,B2C,B2C,2024-03-31,33.25,33.25,retained_flat
U02465,B2C,B2C,2024-04-30,33.25,33.25,retained_flat
U02483,B2C,B2C,2023-11-30,49.0,,new
U02483,B2C,B2C,2023-12-31,49.0,49.0,retained_flat
U02483,B2C,B2C,2024-01-31,49.0,49.0,retained_flat
U02483,B2C,B2C,2024-02-29,49.0,49.0,retained_flat
U02483,B2C,B2C,2024-03-31,49.0,49.0,retained_flat
U02483,B2C,B2C,2024-04-30,49.0,49.0,retained_flat
U02503,B2C,B2C,2023-11-30,49.0,,new
U02503,B2C,B2C,2023-12-31,49.0,49.0,retained_flat
U02503,B2C,B2C,2024-01-31,49.0,49.0,retained_flat
U02503,B2C,B2C,2024-02-29,49.0,49.0,retained_flat
U02503,B2C,B2C,2024-03-31,49.0,49.0,retained_flat
U02503,B2C,B2C,2024-04-30,0.0,49.0,churn
U02514,B2C,B2C,2023-11-30,33.25,,new
U02514,B2C,B2C,2023-12-31,33.25,33.25,retained_flat
U02514,B2C,B2C,2024-01-31,33.25,33.25,retained_flat
U02514,B2C,B2C,2024-02-29,33.25,33.25,retained_flat
U02514,B2C,B2C,2024-03-31,33.25,33.25,retained_flat
U02514,B2C,B2C,2024-04-30,33.25,33.25,retained_flat
U02522,B2C,B2C,2023-11-30,49.0,,new
U02522,B2C,B2C,2023-12-31,49.0,49.0,retained_flat
U02522,B2C,B2C,2024-01-31,49.0,49.0,retained_flat
U02522,B2C,B2C,2024-02-29,49.0,49.0,retained_flat
U02522,B2C,B2C,2024-03-31,49.0,49.0,retained_flat
U02522,B2C,B2C,2024-04-30,49.0,49.0,retained_flat
U02527,B2C,B2C,2023-11-30,49.0,,new
U02527,B2C,B2C,2023-12-31,49.0,49.0,retained_flat
U02527,B2C,B2C,2024-01-31,49.0,49.0,retained_flat
U02527,B2C,B2C,2024-02-29,49.0,49.0,retained_flat
U02527,B2C,B2C,2024-03-31,49.0,49.0,retained_flat
U02527,B2C,B2C,2024-04-30,49.0,49.0,retained_flat
U02538,B2C,B2C,2023-11-30,49.0,,new
U02538,B2C,B2C,2023-12-31,49.0,49.0,retained_flat
U02538,B2C,B2C,2024-01-31,49.0,49.0,retained_flat
U02538,B2C,B2C,2024-02-29,49.0,49.0,retained_flat
U02538,B2C,B2C,2024-03-31,49.0,49.0,retained_flat
U02538,B2C,B2C,2024-04-30,49.0,49.0,retained_flat
U02548,B2C,B2C,2023-11-30,49.0,,new
U02548,B2C,B2C,2023-12-31,49.0,49.0,retained_flat
U02548,B2C,B2C,2024-01-31,49.0,49.0,retained_flat
U02548,B2C,B2C,2024-02-29,49.0,49.0,retained_flat
U02548,B2C,B2C,2024-03-31,49.0,49.0,retained_flat
U02548,B2C,B2C,2024-04-30,0.0,49.0,churn
U02555,SMB,B2B,2023-11-30,149.92,,new
U02555,SMB,B2B,2023-12-31,149.92,149.92,retained_flat
U02555,SMB,B2B,2024-01-31,149.92,149.92,retained_flat
U02555,SMB,B2B,2024-02-29,149.92,149.92,retained_flat
U02555,SMB,B2B,2024-03-31,149.92,149.92,retained_flat
U02555,SMB,B2B,2024-04-30,149.92,149.92,retained_flat
U02558,SMB,B2B,2023-11-30,199.0,,new
U02558,SMB,B2B,2023-12-31,0.0,199.0,churn
U02558,SMB,B2B,2024-01-31,0.0,0.0,inactive
U02558,SMB,B2B,2024-02-29,0.0,0.0,inactive
U02558,SMB,B2B,2024-03-31,0.0,0.0,inactive
U02558,SMB,B2B,2024-04-30,0.0,0.0,inactive
U02608,B2C,B2C,2023-12-31,49.0,,new
U02608,B2C,B2C,2024-01-31,0.0,49.0,churn
U02608,B2C,B2C,2024-02-29,0.0,0.0,inactive
U02608,B2C,B2C,2024-03-31,0.0,0.0,inactive
U02608,B2C,B2C,2024-04-30,0.0,0.0,inactive
U02609,B2C,B2C,2023-12-31,49.0,,new
U02609,B2C,B2C,2024-01-31,49.0,49.0,retained_flat
U02609,B2C,B2C,2024-02-29,49.0,49.0,retained_flat
U02609,B2C,B2C,2024-03-31,49.0,49.0,retained_flat
U02609,B2C,B2C,2024-04-30,49.0,49.0,retained_flat
U02615,B2C,B2C,2023-12-31,49.0,,new
U02615,B2C,B2C,2024-01-31,0.0,49.0,churn
U02615,B2C,B2C,2024-02-29,0.0,0.0,inactive
U02615,B2C,B2C,2024-03-31,0.0,0.0,inactive
U02615,B2C,B2C,2024-04-30,0.0,0.0,inactive
U02643,B2C,B2C,2023-12-31,49.0,,new
U02643,B2C,B2C,2024-01-31,49.0,49.0,retained_flat
U02643,B2C,B2C,2024-02-29,49.0,49.0,retained_flat
U02643,B2C,B2C,2024-03-31,49.0,49.0,retained_flat
U02643,B2C,B2C,2024-04-30,49.0,49.0,retained_flat
U02663,B2C,B2C,2023-12-31,49.0,,new
U02663,B2C,B2C,2024-01-31,49.0,49.0,retained_flat
U02663,B2C,B2C,2024-02-29,49.0,49.0,retained_flat
U02663,B2C,B2C,2024-03-31,49.0,49.0,retained_flat
U02663,B2C,B2C,2024-04-30,49.0,49.0,retained_flat
U02686,B2C,B2C,2023-12-31,49.0,,new
U02686,B2C,B2C,2024-01-31,49.0,49.0,retained_flat
U02686,B2C,B2C,2024-02-29,49.0,49.0,retained_flat
U02686,B2C,B2C,2024-03-31,49.0,49.0,retained_flat
U02686,B2C,B2C,2024-04-30,0.0,49.0,churn
U02687,B2C,B2C,2023-12-31,49.0,,new
U02687,B2C,B2C,2024-01-31,0.0,49.0,churn
U02687,B2C,B2C,2024-02-29,0.0,0.0,inactive
U02687,B2C,B2C,2024-03-31,0.0,0.0,inactive
U02687,B2C,B2C,2024-04-30,0.0,0.0,inactive
U02720,B2C,B2C,2023-12-31,49.0,,new
U02720,B2C,B2C,2024-01-31,49.0,49.0,retained_flat
U02720,B2C,B2C,2024-02-29,49.0,49.0,retained_flat
U02720,B2C,B2C,2024-03-31,49.0,49.0,retained_flat
U02720,B2C,B2C,2024-04-30,49.0,49.0,retained_flat
U02762,SMB,B2B,2023-12-31,199.0,,new
U02762,SMB,B2B,2024-01-31,199.0,199.0,retained_flat
U02762,SMB,B2B,2024-02-29,199.0,199.0,retained_flat
U02762,SMB,B2B,2024-03-31,199.0,199.0,retained_flat
U02762,SMB,B2B,2024-04-30,199.0,199.0,retained_flat
U02765,SMB,B2B,2023-12-31,149.92,,new
U02765,SMB,B2B,2024-01-31,149.92,149.92,retained_flat
U02765,SMB,B2B,2024-02-29,149.92,149.92,retained_flat
U02765,SMB,B2B,2024-03-31,149.92,149.92,retained_flat
U02765,SMB,B2B,2024-04-30,149.92,149.92,retained_flat
U02793,B2C,B2C,2024-01-31,49.0,,new
U02793,B2C,B2C,2024-02-29,49.0,49.0,retained_flat
U02793,B2C,B2C,2024-03-31,49.0,49.0,retained_flat
U02793,B2C,B2C,2024-04-30,49.0,49.0,retained_flat
U02797,B2C,B2C,2024-01-31,49.0,,new
U02797,B2C,B2C,2024-02-29,49.0,49.0,retained_flat
U02797,B2C,B2C,2024-03-31,49.0,49.0,retained_flat
U02797,B2C,B2C,2024-04-30,49.0,49.0,retained_flat
U02803,B2C,B2C,2024-01-31,49.0,,new
U02803,B2C,B2C,2024-02-29,49.0,49.0,retained_flat
U02803,B2C,B2C,2024-03-31,49.0,49.0,retained_flat
U02803,B2C,B2C,2024-04-30,49.0,49.0,retained_flat
U02809,B2C,B2C,2024-01-31,33.25,,new
U02809,B2C,B2C,2024-02-29,33.25,33.25,retained_flat
U02809,B2C,B2C,2024-03-31,33.25,33.25,retained_flat
U02809,B2C,B2C,2024-04-30,33.25,33.25,retained_flat
U02810,B2C,B2C,2024-01-31,33.25,,new
U02810,B2C,B2C,2024-02-29,33.25,33.25,retained_flat
U02810,B2C,B2C,2024-03-31,33.25,33.25,retained_flat
U02810,B2C,B2C,2024-04-30,33.25,33.25,retained_flat
U02816,B2C,B2C,2024-01-31,49.0,,new
U02816,B2C,B2C,2024-02-29,49.0,49.0,retained_flat
U02816,B2C,B2C,2024-03-31,49.0,49.0,retained_flat
U02816,B2C,B2C,2024-04-30,49.0,49.0,retained_flat
U02829,B2C,B2C,2024-01-31,33.25,,new
U02829,B2C,B2C,2024-02-29,33.25,33.25,retained_flat
U02829,B2C,B2C,2024-03-31,33.25,33.25,retained_flat
U02829,B2C,B2C,2024-04-30,33.25,33.25,retained_flat
U02831,B2C,B2C,2024-01-31,49.0,,new
U02831,B2C,B2C,2024-02-29,49.0,49.0,retained_flat
U02831,B2C,B2C,2024-03-31,0.0,49.0,churn
U02831,B2C,B2C,2024-04-30,0.0,0.0,inactive
U02843,B2C,B2C,2024-01-31,49.0,,new
U02843,B2C,B2C,2024-02-29,49.0,49.0,retained_flat
U02843,B2C,B2C,2024-03-31,49.0,49.0,retained_flat
U02843,B2C,B2C,2024-04-30,0.0,49.0,churn
U02862,B2C,B2C,2024-01-31,49.0,,new
U02862,B2C,B2C,2024-02-29,49.0,49.0,retained_flat
U02862,B2C,B2C,2024-03-31,49.0,49.0,retained_flat
U02862,B2C,B2C,2024-04-30,49.0,49.0,retained_flat
U02874,B2C,B2C,2024-01-31,49.0,,new
U02874,B2C,B2C,2024-02-29,49.0,49.0,retained_flat
U02874,B2C,B2C,2024-03-31,49.0,49.0,retained_flat
U02874,B2C,B2C,2024-04-30,49.0,49.0,retained_flat
U02875,B2C,B2C,2024-01-31,49.0,,new
U02875,B2C,B2C,2024-02-29,49.0,49.0,retained_flat
U02875,B2C,B2C,2024-03-31,49.0,49.0,retained_flat
U02875,B2C,B2C,2024-04-30,49.0,49.0,retained_flat
U02886,B2C,B2C,2024-01-31,49.0,,new
U02886,B2C,B2C,2024-02-29,49.0,49.0,retained_flat
U02886,B2C,B2C,2024-03-31,49.0,49.0,retained_flat
U02886,B2C,B2C,2024-04-30,49.0,49.0,retained_flat
U02899,B2C,B2C,2024-01-31,49.0,,new
U02899,B2C,B2C,2024-02-29,49.0,49.0,retained_flat
U02899,B2C,B2C,2024-03-31,49.0,49.0,retained_flat
U02899,B2C,B2C,2024-04-30,49.0,49.0,retained_flat
U02926,B2C,B2C,2024-01-31,49.0,,new
U02926,B2C,B2C,2024-02-29,49.0,49.0,retained_flat
U02926,B2C,B2C,2024-03-31,49.0,49.0,retained_flat
U02926,B2C,B2C,2024-04-30,49.0,49.0,retained_flat
U02927,B2C,B2C,2024-01-31,49.0,,new
U02927,B2C,B2C,2024-02-29,49.0,49.0,retained_flat
U02927,B2C,B2C,2024-03-31,49.0,49.0,retained_flat
U02927,B2C,B2C,2024-04-30,0.0,49.0,churn
U02928,B2C,B2C,2024-01-31,49.0,,new
U02928,B2C,B2C,2024-02-29,49.0,49.0,retained_flat
U02928,B2C,B2C,2024-03-31,49.0,49.0,retained_flat
U02928,B2C,B2C,2024-04-30,49.0,49.0,retained_flat
U02931,B2C,B2C,2024-01-31,49.0,,new
U02931,B2C,B2C,2024-02-29,49.0,49.0,retained_flat
U02931,B2C,B2C,2024-03-31,0.0,49.0,churn
U02931,B2C,B2C,2024-04-30,0.0,0.0,inactive
U02933,B2C,B2C,2024-01-31,33.25,,new
U02933,B2C,B2C,2024-02-29,33.25,33.25,retained_flat
U02933,B2C,B2C,2024-03-31,33.25,33.25,retained_flat
U02933,B2C,B2C,2024-04-30,33.25,33.25,retained_flat
U02946,B2C,B2C,2024-01-31,33.25,,new
U02946,B2C,B2C,2024-02-29,33.25,33.25,retained_flat
U02946,B2C,B2C,2024-03-31,33.25,33.25,retained_flat
U02946,B2C,B2C,2024-04-30,33.25,33.25,retained_flat
U02977,SMB,B2B,2024-01-31,199.0,,new
U02977,SMB,B2B,2024-02-29,199.0,199.0,retained_flat
U02977,SMB,B2B,2024-03-31,199.0,199.0,retained_flat
U02977,SMB,B2B,2024-04-30,219.57,199.0,expansion
U03047,B2C,B2C,2024-02-29,49.0,,new
U03047,B2C,B2C,2024-03-31,49.0,49.0,retained_flat
U03047,B2C,B2C,2024-04-30,49.0,49.0,retained_flat
U03060,B2C,B2C,2024-02-29,49.0,,new
U03060,B2C,B2C,2024-03-31,49.0,49.0,retained_flat
U03060,B2C,B2C,2024-04-30,49.0,49.0,retained_flat
U03063,B2C,B2C,2024-02-29,49.0,,new
U03063,B2C,B2C,2024-03-31,49.0,49.0,retained_flat
U03063,B2C,B2C,2024-04-30,49.0,49.0,retained_flat
U03074,B2C,B2C,2024-02-29,49.0,,new
U03074,B2C,B2C,2024-03-31,49.0,49.0,retained_flat
U03074,B2C,B2C,2024-04-30,49.0,49.0,retained_flat
U03077,B2C,B2C,2024-02-29,49.0,,new
U03077,B2C,B2C,2024-03-31,49.0,49.0,retained_flat
U03077,B2C,B2C,2024-04-30,49.0,49.0,retained_flat
U03078,B2C,B2C,2024-02-29,33.25,,new
U03078,B2C,B2C,2024-03-31,33.25,33.25,retained_flat
U03078,B2C,B2C,2024-04-30,33.25,33.25,retained_flat
U03095,B2C,B2C,2024-02-29,49.0,,new
U03095,B2C,B2C,2024-03-31,49.0,49.0,retained_flat
U03095,B2C,B2C,2024-04-30,49.0,49.0,retained_flat
U03114,B2C,B2C,2024-02-29,49.0,,new
U03114,B2C,B2C,2024-03-31,49.0,49.0,retained_flat
U03114,B2C,B2C,2024-04-30,49.0,49.0,retained_flat
U03128,B2C,B2C,2024-02-29,49.0,,new
U03128,B2C,B2C,2024-03-31,49.0,49.0,retained_flat
U03128,B2C,B2C,2024-04-30,49.0,49.0,retained_flat
U03132,B2C,B2C,2024-02-29,33.25,,new
U03132,B2C,B2C,2024-03-31,33.25,33.25,retained_flat
U03132,B2C,B2C,2024-04-30,33.25,33.25,retained_flat
U03155,B2C,B2C,2024-02-29,49.0,,new
U03155,B2C,B2C,2024-03-31,49.0,49.0,retained_flat
U03155,B2C,B2C,2024-04-30,49.0,49.0,retained_flat
U03157,B2C,B2C,2024-02-29,49.0,,new
U03157,B2C,B2C,2024-03-31,49.0,49.0,retained_flat
U03157,B2C,B2C,2024-04-30,49.0,49.0,retained_flat
U03161,B2C,B2C,2024-02-29,49.0,,new
U03161,B2C,B2C,2024-03-31,49.0,49.0,retained_flat
U03161,B2C,B2C,2024-04-30,49.0,49.0,retained_flat
U03162,B2C,B2C,2024-02-29,49.0,,new
U03162,B2C,B2C,2024-03-31,49.0,49.0,retained_flat
U03162,B2C,B2C,2024-04-30,49.0,49.0,retained_flat
U03175,B2C,B2C,2024-02-29,33.25,,new
U03175,B2C,B2C,2024-03-31,33.25,33.25,retained_flat
U03175,B2C,B2C,2024-04-30,33.25,33.25,retained_flat
U03212,SMB,B2B,2024-02-29,199.0,,new
U03212,SMB,B2B,2024-03-31,199.0,199.0,retained_flat
U03212,SMB,B2B,2024-04-30,199.0,199.0,retained_flat
U03241,B2C,B2C,2024-03-31,49.0,,new
U03241,B2C,B2C,2024-04-30,49.0,49.0,retained_flat
U03248,B2C,B2C,2024-03-31,33.25,,new
U03248,B2C,B2C,2024-04-30,33.25,33.25,retained_flat
U03259,B2C,B2C,2024-03-31,49.0,,new
U03259,B2C,B2C,2024-04-30,49.0,49.0,retained_flat
U03267,B2C,B2C,2024-03-31,49.0,,new
U03267,B2C,B2C,2024-04-30,49.0,49.0,retained_flat
U03281,B2C,B2C,2024-03-31,49.0,,new
U03281,B2C,B2C,2024-04-30,49.0,49.0,retained_flat
U03289,B2C,B2C,2024-03-31,49.0,,new
U03289,B2C,B2C,2024-04-30,0.0,49.0,churn
U03335,B2C,B2C,2024-03-31,33.25,,new
U03335,B2C,B2C,2024-04-30,33.25,33.25,retained_flat
U03358,B2C,B2C,2024-03-31,49.0,,new
U03358,B2C,B2C,2024-04-30,49.0,49.0,retained_flat
U03377,B2C,B2C,2024-03-31,49.0,,new
U03377,B2C,B2C,2024-04-30,49.0,49.0,retained_flat
U03389,B2C,B2C,2024-03-31,49.0,,new
U03389,B2C,B2C,2024-04-30,49.0,49.0,retained_flat
U03416,SMB,B2B,2024-03-31,149.92,,new
U03416,SMB,B2B,2024-04-30,149.92,149.92,retained_flat
U03444,SMB,B2B,2024-03-31,149.92,,new
U03444,SMB,B2B,2024-04-30,149.92,149.92,retained_flat
U03445,SMB,B2B,2024-03-31,149.92,,new
U03445,SMB,B2B,2024-04-30,149.92,149.92,retained_flat
U03461,B2C,B2C,2024-04-30,49.0,,new
U03489,B2C,B2C,2024-04-30,33.25,,new
U03528,B2C,B2C,2024-04-30,33.25,,new
U03571,B2C,B2C,2024-04-30,49.0,,new
U03591,B2C,B2C,2024-04-30,49.0,,new
U03592,B2C,B2C,2024-04-30,49.0,,new
U03598,B2C,B2C,2024-04-30,49.0,,new
U03632,B2C,B2C,2024-04-30,49.0,,new
U03643,B2C,B2C,2024-04-30,33.25,,new
U03653,SMB,B2B,2024-04-30,149.92,,new
U01010,B2C,B2C,2023-01-31,49.0,,new
U01010,B2C,B2C,2023-02-28,49.0,49.0,retained_flat
U01010,B2C,B2C,2023-03-31,0.0,49.0,churn
U01010,B2C,B2C,2023-04-30,0.0,0.0,inactive
U01010,B2C,B2C,2023-05-31,0.0,0.0,inactive
U01010,B2C,B2C,2023-06-30,0.0,0.0,inactive
U01010,B2C,B2C,2023-07-31,0.0,0.0,inactive
U01010,B2C,B2C,2023-08-31,0.0,0.0,inactive
U01010,B2C,B2C,2023-09-30,0.0,0.0,inactive
U01010,B2C,B2C,2023-10-31,0.0,0.0,inactive
U01010,B2C,B2C,2023-11-30,0.0,0.0,inactive
U01010,B2C,B2C,2023-12-31,0.0,0.0,inactive
U01010,B2C,B2C,2024-01-31,0.0,0.0,inactive
U01010,B2C,B2C,2024-02-29,0.0,0.0,inactive
U01010,B2C,B2C,2024-03-31,0.0,0.0,inactive
U01010,B2C,B2C,2024-04-30,0.0,0.0,inactive
U01025,B2C,B2C,2023-01-31,49.0,,new
U01025,B2C,B2C,2023-02-28,49.0,49.0,retained_flat
U01025,B2C,B2C,2023-03-31,49.0,49.0,retained_flat
U01025,B2C,B2C,2023-04-30,49.0,49.0,retained_flat
U01025,B2C,B2C,2023-05-31,49.0,49.0,retained_flat
U01025,B2C,B2C,2023-06-30,49.0,49.0,retained_flat
U01025,B2C,B2C,2023-07-31,49.0,49.0,retained_flat
U01025,B2C,B2C,2023-08-31,0.0,49.0,churn
U01025,B2C,B2C,2023-09-30,0.0,0.0,inactive
U01025,B2C,B2C,2023-10-31,0.0,0.0,inactive
U01025,B2C,B2C,2023-11-30,0.0,0.0,inactive
U01025,B2C,B2C,2023-12-31,0.0,0.0,inactive
U01025,B2C,B2C,2024-01-31,0.0,0.0,inactive
U01025,B2C,B2C,2024-02-29,0.0,0.0,inactive
U01025,B2C,B2C,2024-03-31,0.0,0.0,inactive
U01025,B2C,B2C,2024-04-30,0.0,0.0,inactive
U01029,B2C,B2C,2023-01-31,49.0,,new
U01029,B2C,B2C,2023-02-28,49.0,49.0,retained_flat
U01029,B2C,B2C,2023-03-31,49.0,49.0,retained_flat
U01029,B2C,B2C,2023-04-30,49.0,49.0,retained_flat
U01029,B2C,B2C,2023-05-31,49.0,49.0,retained_flat
U01029,B2C,B2C,2023-06-30,49.0,49.0,retained_flat
U01029,B2C,B2C,2023-07-31,0.0,49.0,churn
U01029,B2C,B2C,2023-08-31,0.0,0.0,inactive
U01029,B2C,B2C,2023-09-30,0.0,0.0,inactive
U01029,B2C,B2C,2023-10-31,0.0,0.0,inactive
U01029,B2C,B2C,2023-11-30,0.0,0.0,inactive
U01029,B2C,B2C,2023-12-31,0.0,0.0,inactive
U01029,B2C,B2C,2024-01-31,0.0,0.0,inactive
U01029,B2C,B2C,2024-02-29,0.0,0.0,inactive
U01029,B2C,B2C,2024-03-31,0.0,0.0,inactive
U01029,B2C,B2C,2024-04-30,0.0,0.0,inactive
U01070,B2C,B2C,2023-01-31,49.0,,new
U01070,B2C,B2C,2023-02-28,49.0,49.0,retained_flat
U01070,B2C,B2C,2023-03-31,49.0,49.0,retained_flat
U01070,B2C,B2C,2023-04-30,49.0,49.0,retained_flat
U01070,B2C,B2C,2023-05-31,49.0,49.0,retained_flat
U01070,B2C,B2C,2023-06-30,49.0,49.0,retained_flat
U01070,B2C,B2C,2023-07-31,49.0,49.0,retained_flat
U01070,B2C,B2C,2023-08-31,0.0,49.0,churn
U01070,B2C,B2C,2023-09-30,0.0,0.0,inactive
U01070,B2C,B2C,2023-10-31,0.0,0.0,inactive
U01070,B2C,B2C,2023-11-30,0.0,0.0,inactive
U01070,B2C,B2C,2023-12-31,0.0,0.0,inactive
U01070,B2C,B2C,2024-01-31,0.0,0.0,inactive
U01070,B2C,B2C,2024-02-29,0.0,0.0,inactive
U01070,B2C,B2C,2024-03-31,0.0,0.0,inactive
U01070,B2C,B2C,2024-04-30,0.0,0.0,inactive
U01086,B2C,B2C,2023-01-31,49.0,,new
U01086,B2C,B2C,2023-02-28,49.0,49.0,retained_flat
U01086,B2C,B2C,2023-03-31,49.0,49.0,retained_flat
U01086,B2C,B2C,2023-04-30,49.0,49.0,retained_flat
U01086,B2C,B2C,2023-05-31,49.0,49.0,retained_flat
U01086,B2C,B2C,2023-06-30,49.0,49.0,retained_flat
U01086,B2C,B2C,2023-07-31,49.0,49.0,retained_flat
U01086,B2C,B2C,2023-08-31,49.0,49.0,retained_flat
U01086,B2C,B2C,2023-09-30,49.0,49.0,retained_flat
U01086,B2C,B2C,2023-10-31,49.0,49.0,retained_flat
U01086,B2C,B2C,2023-11-30,49.0,49.0,retained_flat
U01086,B2C,B2C,2023-12-31,49.0,49.0,retained_flat
U01086,B2C,B2C,2024-01-31,49.0,49.0,retained_flat
U01086,B2C,B2C,2024-02-29,49.0,49.0,retained_flat
U01086,B2C,B2C,2024-03-31,49.0,49.0,retained_flat
U01086,B2C,B2C,2024-04-30,49.0,49.0,retained_flat
U01109,B2C,B2C,2023-02-28,49.0,,new
U01109,B2C,B2C,2023-03-31,49.0,49.0,retained_flat
U01109,B2C,B2C,2023-04-30,49.0,49.0,retained_flat
U01109,B2C,B2C,2023-05-31,0.0,49.0,churn
U01109,B2C,B2C,2023-06-30,0.0,0.0,inactive
U01109,B2C,B2C,2023-07-31,0.0,0.0,inactive
U01109,B2C,B2C,2023-08-31,0.0,0.0,inactive
U01109,B2C,B2C,2023-09-30,0.0,0.0,inactive
U01109,B2C,B2C,2023-10-31,0.0,0.0,inactive
U01109,B2C,B2C,2023-11-30,0.0,0.0,inactive
U01109,B2C,B2C,2023-12-31,0.0,0.0,inactive
U01109,B2C,B2C,2024-01-31,0.0,0.0,inactive
U01109,B2C,B2C,2024-02-29,0.0,0.0,inactive
U01109,B2C,B2C,2024-03-31,0.0,0.0,inactive
U01109,B2C,B2C,2024-04-30,0.0,0.0,inactive
U01110,B2C,B2C,2023-02-28,49.0,,new
U01110,B2C,B2C,2023-03-31,49.0,49.0,retained_flat
U01110,B2C,B2C,2023-04-30,49.0,49.0,retained_flat
U01110,B2C,B2C,2023-05-31,49.0,49.0,retained_flat
U01110,B2C,B2C,2023-06-30,49.0,49.0,retained_flat
U01110,B2C,B2C,2023-07-31,49.0,49.0,retained_flat
U01110,B2C,B2C,2023-08-31,49.0,49.0,retained_flat
U01110,B2C,B2C,2023-09-30,49.0,49.0,retained_flat
U01110,B2C,B2C,2023-10-31,49.0,49.0,retained_flat
U01110,B2C,B2C,2023-11-30,49.0,49.0,retained_flat
U01110,B2C,B2C,2023-12-31,49.0,49.0,retained_flat
U01110,B2C,B2C,2024-01-31,0.0,49.0,churn
U01110,B2C,B2C,2024-02-29,0.0,0.0,inactive
U01110,B2C,B2C,2024-03-31,0.0,0.0,inactive
U01110,B2C,B2C,2024-04-30,0.0,0.0,inactive
U01128,B2C,B2C,2023-02-28,49.0,,new
U01128,B2C,B2C,2023-03-31,49.0,49.0,retained_flat
U01128,B2C,B2C,2023-04-30,49.0,49.0,retained_flat
U01128,B2C,B2C,2023-05-31,49.0,49.0,retained_flat
U01128,B2C,B2C,2023-06-30,49.0,49.0,retained_flat
U01128,B2C,B2C,2023-07-31,49.0,49.0,retained_flat
U01128,B2C,B2C,2023-08-31,49.0,49.0,retained_flat
U01128,B2C,B2C,2023-09-30,49.0,49.0,retained_flat
U01128,B2C,B2C,2023-10-31,0.0,49.0,churn
U01128,B2C,B2C,2023-11-30,0.0,0.0,inactive
U01128,B2C,B2C,2023-12-31,0.0,0.0,inactive
U01128,B2C,B2C,2024-01-31,0.0,0.0,inactive
U01128,B2C,B2C,2024-02-29,0.0,0.0,inactive
U01128,B2C,B2C,2024-03-31,0.0,0.0,inactive
U01128,B2C,B2C,2024-04-30,0.0,0.0,inactive
U01142,B2C,B2C,2023-02-28,49.0,,new
U01142,B2C,B2C,2023-03-31,49.0,49.0,retained_flat
U01142,B2C,B2C,2023-04-30,49.0,49.0,retained_flat
U01142,B2C,B2C,2023-05-31,0.0,49.0,churn
U01142,B2C,B2C,2023-06-30,0.0,0.0,inactive
U01142,B2C,B2C,2023-07-31,0.0,0.0,inactive
U01142,B2C,B2C,2023-08-31,0.0,0.0,inactive
U01142,B2C,B2C,2023-09-30,0.0,0.0,inactive
U01142,B2C,B2C,2023-10-31,0.0,0.0,inactive
U01142,B2C,B2C,2023-11-30,0.0,0.0,inactive
U01142,B2C,B2C,2023-12-31,0.0,0.0,inactive
U01142,B2C,B2C,2024-01-31,0.0,0.0,inactive
U01142,B2C,B2C,2024-02-29,0.0,0.0,inactive
U01142,B2C,B2C,2024-03-31,0.0,0.0,inactive
U01142,B2C,B2C,2024-04-30,0.0,0.0,inactive
U01143,B2C,B2C,2023-02-28,33.25,,new
U01143,B2C,B2C,2023-03-31,33.25,33.25,retained_flat
U01143,B2C,B2C,2023-04-30,33.25,33.25,retained_flat
U01143,B2C,B2C,2023-05-31,33.25,33.25,retained_flat
U01143,B2C,B2C,2023-06-30,33.25,33.25,retained_flat
U01143,B2C,B2C,2023-07-31,33.25,33.25,retained_flat
U01143,B2C,B2C,2023-08-31,33.25,33.25,retained_flat
U01143,B2C,B2C,2023-09-30,33.25,33.25,retained_flat
U01143,B2C,B2C,2023-10-31,33.25,33.25,retained_flat
U01143,B2C,B2C,2023-11-30,33.25,33.25,retained_flat
U01143,B2C,B2C,2023-12-31,33.25,33.25,retained_flat
U01143,B2C,B2C,2024-01-31,33.25,33.25,retained_flat
U01143,B2C,B2C,2024-02-29,33.25,33.25,retained_flat
U01143,B2C,B2C,2024-03-31,33.25,33.25,retained_flat
U01143,B2C,B2C,2024-04-30,33.25,33.25,retained_flat
U01149,B2C,B2C,2023-02-28,49.0,,new
U01149,B2C,B2C,2023-03-31,49.0,49.0,retained_flat
U01149,B2C,B2C,2023-04-30,0.0,49.0,churn
U01149,B2C,B2C,2023-05-31,0.0,0.0,inactive
U01149,B2C,B2C,2023-06-30,0.0,0.0,inactive
U01149,B2C,B2C,2023-07-31,0.0,0.0,inactive
U01149,B2C,B2C,2023-08-31,0.0,0.0,inactive
U01149,B2C,B2C,2023-09-30,0.0,0.0,inactive
U01149,B2C,B2C,2023-10-31,0.0,0.0,inactive
U01149,B2C,B2C,2023-11-30,0.0,0.0,inactive
U01149,B2C,B2C,2023-12-31,0.0,0.0,inactive
U01149,B2C,B2C,2024-01-31,0.0,0.0,inactive
U01149,B2C,B2C,2024-02-29,0.0,0.0,inactive
U01149,B2C,B2C,2024-03-31,0.0,0.0,inactive
U01149,B2C,B2C,2024-04-30,0.0,0.0,inactive
U01163,B2C,B2C,2023-02-28,33.25,,new
U01163,B2C,B2C,2023-03-31,33.25,33.25,retained_flat
U01163,B2C,B2C,2023-04-30,33.25,33.25,retained_flat
U01163,B2C,B2C,2023-05-31,33.25,33.25,retained_flat
U01163,B2C,B2C,2023-06-30,33.25,33.25,retained_flat
U01163,B2C,B2C,2023-07-31,33.25,33.25,retained_flat
U01163,B2C,B2C,2023-08-31,33.25,33.25,retained_flat
U01163,B2C,B2C,2023-09-30,33.25,33.25,retained_flat
U01163,B2C,B2C,2023-10-31,33.25,33.25,retained_flat
U01163,B2C,B2C,2023-11-30,33.25,33.25,retained_flat
U01163,B2C,B2C,2023-12-31,33.25,33.25,retained_flat
U01163,B2C,B2C,2024-01-31,33.25,33.25,retained_flat
U01163,B2C,B2C,2024-02-29,33.25,33.25,retained_flat
U01163,B2C,B2C,2024-03-31,33.25,33.25,retained_flat
U01163,B2C,B2C,2024-04-30,33.25,33.25,retained_flat
U01187,SMB,B2B,2023-02-28,149.92,,new
U01187,SMB,B2B,2023-03-31,149.92,149.92,retained_flat
U01187,SMB,B2B,2023-04-30,149.92,149.92,retained_flat
U01187,SMB,B2B,2023-05-31,149.92,149.92,retained_flat
U01187,SMB,B2B,2023-06-30,149.92,149.92,retained_flat
U01187,SMB,B2B,2023-07-31,149.92,149.92,retained_flat
U01187,SMB,B2B,2023-08-31,149.92,149.92,retained_flat
U01187,SMB,B2B,2023-09-30,149.92,149.92,retained_flat
U01187,SMB,B2B,2023-10-31,149.92,149.92,retained_flat
U01187,SMB,B2B,2023-11-30,149.92,149.92,retained_flat
U01187,SMB,B2B,2023-12-31,149.92,149.92,retained_flat
U01187,SMB,B2B,2024-01-31,149.92,149.92,retained_flat
U01187,SMB,B2B,2024-02-29,149.92,149.92,retained_flat
U01187,SMB,B2B,2024-03-31,149.92,149.92,retained_flat
U01187,SMB,B2B,2024-04-30,149.92,149.92,retained_flat
U01196,SMB,B2B,2023-02-28,199.0,,new
U01196,SMB,B2B,2023-03-31,199.0,199.0,retained_flat
U01196,SMB,B2B,2023-04-30,199.0,199.0,retained_flat
U01196,SMB,B2B,2023-05-31,199.0,199.0,retained_flat
U01196,SMB,B2B,2023-06-30,199.0,199.0,retained_flat
U01196,SMB,B2B,2023-07-31,199.0,199.0,retained_flat
U01196,SMB,B2B,2023-08-31,186.93,199.0,contraction
U01196,SMB,B2B,2023-09-30,186.93,186.93,retained_flat
U01196,SMB,B2B,2023-10-31,186.93,186.93,retained_flat
U01196,SMB,B2B,2023-11-30,186.93,186.93,retained_flat
U01196,SMB,B2B,2023-12-31,186.93,186.93,retained_flat
U01196,SMB,B2B,2024-01-31,186.93,186.93,retained_flat
U01196,SMB,B2B,2024-02-29,209.22,186.93,expansion
U01196,SMB,B2B,2024-03-31,209.22,209.22,retained_flat
U01196,SMB,B2B,2024-04-30,209.22,209.22,retained_flat
U01215,B2C,B2C,2023-03-31,49.0,,new
U01215,B2C,B2C,2023-04-30,49.0,49.0,retained_flat
U01215,B2C,B2C,2023-05-31,49.0,49.0,retained_flat
U01215,B2C,B2C,2023-06-30,49.0,49.0,retained_flat
U01215,B2C,B2C,2023-07-31,49.0,49.0,retained_flat
U01215,B2C,B2C,2023-08-31,49.0,49.0,retained_flat
U01215,B2C,B2C,2023-09-30,0.0,49.0,churn
U01215,B2C,B2C,2023-10-31,0.0,0.0,inactive
U01215,B2C,B2C,2023-11-30,0.0,0.0,inactive
U01215,B2C,B2C,2023-12-31,0.0,0.0,inactive
U01215,B2C,B2C,2024-01-31,0.0,0.0,inactive
U01215,B2C,B2C,2024-02-29,0.0,0.0,inactive
U01215,B2C,B2C,2024-03-31,0.0,0.0,inactive
U01215,B2C,B2C,2024-04-30,0.0,0.0,inactive
U01218,B2C,B2C,2023-03-31,33.25,,new
U01218,B2C,B2C,2023-04-30,33.25,33.25,retained_flat
U01218,B2C,B2C,2023-05-31,33.25,33.25,retained_flat
U01218,B2C,B2C,2023-06-30,33.25,33.25,retained_flat
U01218,B2C,B2C,2023-07-31,33.25,33.25,retained_flat
U01218,B2C,B2C,2023-08-31,33.25,33.25,retained_flat
U01218,B2C,B2C,2023-09-30,33.25,33.25,retained_flat
U01218,B2C,B2C,2023-10-31,33.25,33.25,retained_flat
U01218,B2C,B2C,2023-11-30,33.25,33.25,retained_flat
U01218,B2C,B2C,2023-12-31,33.25,33.25,retained_flat
U01218,B2C,B2C,2024-01-31,33.25,33.25,retained_flat
U01218,B2C,B2C,2024-02-29,33.25,33.25,retained_flat
U01218,B2C,B2C,2024-03-31,33.25,33.25,retained_flat
U01218,B2C,B2C,2024-04-30,33.25,33.25,retained_flat
U01245,B2C,B2C,2023-03-31,49.0,,new
U01245,B2C,B2C,2023-04-30,49.0,49.0,retained_flat
U01245,B2C,B2C,2023-05-31,49.0,49.0,retained_flat
U01245,B2C,B2C,2023-06-30,49.0,49.0,retained_flat
U01245,B2C,B2C,2023-07-31,49.0,49.0,retained_flat
U01245,B2C,B2C,2023-08-31,0.0,49.0,churn
U01245,B2C,B2C,2023-09-30,0.0,0.0,inactive
U01245,B2C,B2C,2023-10-31,0.0,0.0,inactive
U01245,B2C,B2C,2023-11-30,0.0,0.0,inactive
U01245,B2C,B2C,2023-12-31,0.0,0.0,inactive
U01245,B2C,B2C,2024-01-31,0.0,0.0,inactive
U01245,B2C,B2C,2024-02-29,0.0,0.0,inactive
U01245,B2C,B2C,2024-03-31,0.0,0.0,inactive
U01245,B2C,B2C,2024-04-30,0.0,0.0,inactive
U01269,B2C,B2C,2023-03-31,33.25,,new
U01269,B2C,B2C,2023-04-30,33.25,33.25,retained_flat
U01269,B2C,B2C,2023-05-31,33.25,33.25,retained_flat
U01269,B2C,B2C,2023-06-30,33.25,33.25,retained_flat
U01269,B2C,B2C,2023-07-31,33.25,33.25,retained_flat
U01269,B2C,B2C,2023-08-31,33.25,33.25,retained_flat
U01269,B2C,B2C,2023-09-30,33.25,33.25,retained_flat
U01269,B2C,B2C,2023-10-31,33.25,33.25,retained_flat
U01269,B2C,B2C,2023-11-30,33.25,33.25,retained_flat
U01269,B2C,B2C,2023-12-31,33.25,33.25,retained_flat
U01269,B2C,B2C,2024-01-31,33.25,33.25,retained_flat
U01269,B2C,B2C,2024-02-29,33.25,33.25,retained_flat
U01269,B2C,B2C,2024-03-31,33.25,33.25,retained_flat
U01269,B2C,B2C,2024-04-30,33.25,33.25,retained_flat
U01288,B2C,B2C,2023-03-31,49.0,,new
U01288,B2C,B2C,2023-04-30,0.0,49.0,churn
U01288,B2C,B2C,2023-05-31,0.0,0.0,inactive
U01288,B2C,B2C,2023-06-30,0.0,0.0,inactive
U01288,B2C,B2C,2023-07-31,0.0,0.0,inactive
U01288,B2C,B2C,2023-08-31,0.0,0.0,inactive
U01288,B2C,B2C,2023-09-30,0.0,0.0,inactive
U01288,B2C,B2C,2023-10-31,0.0,0.0,inactive
U01288,B2C,B2C,2023-11-30,0.0,0.0,inactive
U01288,B2C,B2C,2023-12-31,0.0,0.0,inactive
U01288,B2C,B2C,2024-01-31,0.0,0.0,inactive
U01288,B2C,B2C,2024-02-29,0.0,0.0,inactive
U01288,B2C,B2C,2024-03-31,0.0,0.0,inactive
U01288,B2C,B2C,2024-04-30,0.0,0.0,inactive
U01298,B2C,B2C,2023-03-31,49.0,,new
U01298,B2C,B2C,2023-04-30,49.0,49.0,retained_flat
U01298,B2C,B2C,2023-05-31,49.0,49.0,retained_flat
U01298,B2C,B2C,2023-06-30,49.0,49.0,retained_flat
U01298,B2C,B2C,2023-07-31,49.0,49.0,retained_flat
U01298,B2C,B2C,2023-08-31,49.0,49.0,retained_flat
U01298,B2C,B2C,2023-09-30,49.0,49.0,retained_flat
U01298,B2C,B2C,2023-10-31,49.0,49.0,retained_flat
U01298,B2C,B2C,2023-11-30,49.0,49.0,retained_flat
U01298,B2C,B2C,2023-12-31,49.0,49.0,retained_flat
U01298,B2C,B2C,2024-01-31,49.0,49.0,retained_flat
U01298,B2C,B2C,2024-02-29,49.0,49.0,retained_flat
U01298,B2C,B2C,2024-03-31,49.0,49.0,retained_flat
U01298,B2C,B2C,2024-04-30,49.0,49.0,retained_flat
U01327,B2C,B2C,2023-04-30,49.0,,new
U01327,B2C,B2C,2023-05-31,49.0,49.0,retained_flat
U01327,B2C,B2C,2023-06-30,49.0,49.0,retained_flat
U01327,B2C,B2C,2023-07-31,49.0,49.0,retained_flat
U01327,B2C,B2C,2023-08-31,49.0,49.0,retained_flat
U01327,B2C,B2C,2023-09-30,49.0,49.0,retained_flat
U01327,B2C,B2C,2023-10-31,49.0,49.0,retained_flat
U01327,B2C,B2C,2023-11-30,0.0,49.0,churn
U01327,B2C,B2C,2023-12-31,0.0,0.0,inactive
U01327,B2C,B2C,2024-01-31,0.0,0.0,inactive
U01327,B2C,B2C,2024-02-29,0.0,0.0,inactive
U01327,B2C,B2C,2024-03-31,0.0,0.0,inactive
U01327,B2C,B2C,2024-04-30,0.0,0.0,inactive
U01335,B2C,B2C,2023-04-30,49.0,,new
U01335,B2C,B2C,2023-05-31,49.0,49.0,retained_flat
U01335,B2C,B2C,2023-06-30,49.0,49.0,retained_flat
U01335,B2C,B2C,2023-07-31,49.0,49.0,retained_flat
U01335,B2C,B2C,2023-08-31,49.0,49.0,retained_flat
U01335,B2C,B2C,2023-09-30,49.0,49.0,retained_flat
U01335,B2C,B2C,2023-10-31,49.0,49.0,retained_flat
U01335,B2C,B2C,2023-11-30,49.0,49.0,retained_flat
U01335,B2C,B2C,2023-12-31,49.0,49.0,retained_flat
U01335,B2C,B2C,2024-01-31,49.0,49.0,retained_flat
U01335,B2C,B2C,2024-02-29,0.0,49.0,churn
U01335,B2C,B2C,2024-03-31,0.0,0.0,inactive
U01335,B2C,B2C,2024-04-30,0.0,0.0,inactive
U01340,B2C,B2C,2023-04-30,49.0,,new
U01340,B2C,B2C,2023-05-31,49.0,49.0,retained_flat
U01340,B2C,B2C,2023-06-30,0.0,49.0,churn
U01340,B2C,B2C,2023-07-31,0.0,0.0,inactive
U01340,B2C,B2C,2023-08-31,0.0,0.0,inactive
U01340,B2C,B2C,2023-09-30,0.0,0.0,inactive
U01340,B2C,B2C,2023-10-31,0.0,0.0,inactive
U01340,B2C,B2C,2023-11-30,0.0,0.0,inactive
U01340,B2C,B2C,2023-12-31,0.0,0.0,inactive
U01340,B2C,B2C,2024-01-31,0.0,0.0,inactive
U01340,B2C,B2C,2024-02-29,0.0,0.0,inactive
U01340,B2C,B2C,2024-03-31,0.0,0.0,inactive
U01340,B2C,B2C,2024-04-30,0.0,0.0,inactive
U01343,B2C,B2C,2023-04-30,49.0,,new
U01343,B2C,B2C,2023-05-31,49.0,49.0,retained_flat
U01343,B2C,B2C,2023-06-30,49.0,49.0,retained_flat
U01343,B2C,B2C,2023-07-31,49.0,49.0,retained_flat
U01343,B2C,B2C,2023-08-31,49.0,49.0,retained_flat
U01343,B2C,B2C,2023-09-30,0.0,49.0,churn
U01343,B2C,B2C,2023-10-31,0.0,0.0,inactive
U01343,B2C,B2C,2023-11-30,0.0,0.0,inactive
U01343,B2C,B2C,2023-12-31,0.0,0.0,inactive
U01343,B2C,B2C,2024-01-31,0.0,0.0,inactive
U01343,B2C,B2C,2024-02-29,0.0,0.0,inactive
U01343,B2C,B2C,2024-03-31,0.0,0.0,inactive
U01343,B2C,B2C,2024-04-30,0.0,0.0,inactive
U01347,B2C,B2C,2023-04-30,49.0,,new
U01347,B2C,B2C,2023-05-31,49.0,49.0,retained_flat
U01347,B2C,B2C,2023-06-30,49.0,49.0,retained_flat
U01347,B2C,B2C,2023-07-31,49.0,49.0,retained_flat
U01347,B2C,B2C,2023-08-31,49.0,49.0,retained_flat
U01347,B2C,B2C,2023-09-30,49.0,49.0,retained_flat
U01347,B2C,B2C,2023-10-31,49.0,49.0,retained_flat
U01347,B2C,B2C,2023-11-30,49.0,49.0,retained_flat
U01347,B2C,B2C,2023-12-31,49.0,49.0,retained_flat
U01347,B2C,B2C,2024-01-31,49.0,49.0,retained_flat
U01347,B2C,B2C,2024-02-29,0.0,49.0,churn
U01347,B2C,B2C,2024-03-31,0.0,0.0,inactive
U01347,B2C,B2C,2024-04-30,0.0,0.0,inactive
U01400,B2C,B2C,2023-04-30,49.0,,new
U01400,B2C,B2C,2023-05-31,49.0,49.0,retained_flat
U01400,B2C,B2C,2023-06-30,0.0,49.0,churn
U01400,B2C,B2C,2023-07-31,0.0,0.0,inactive
U01400,B2C,B2C,2023-08-31,0.0,0.0,inactive
U01400,B2C,B2C,2023-09-30,0.0,0.0,inactive
U01400,B2C,B2C,2023-10-31,0.0,0.0,inactive
U01400,B2C,B2C,2023-11-30,0.0,0.0,inactive
U01400,B2C,B2C,2023-12-31,0.0,0.0,inactive
U01400,B2C,B2C,2024-01-31,0.0,0.0,inactive
U01400,B2C,B2C,2024-02-29,0.0,0.0,inactive
U01400,B2C,B2C,2024-03-31,0.0,0.0,inactive
U01400,B2C,B2C,2024-04-30,0.0,0.0,inactive
U01409,B2C,B2C,2023-04-30,33.25,,new
U01409,B2C,B2C,2023-05-31,33.25,33.25,retained_flat
U01409,B2C,B2C,2023-06-30,33.25,33.25,retained_flat
U01409,B2C,B2C,2023-07-31,33.25,33.25,retained_flat
U01409,B2C,B2C,2023-08-31,33.25,33.25,retained_flat
U01409,B2C,B2C,2023-09-30,33.25,33.25,retained_flat
U01409,B2C,B2C,2023-10-31,33.25,33.25,retained_flat
U01409,B2C,B2C,2023-11-30,33.25,33.25,retained_flat
U01409,B2C,B2C,2023-12-31,33.25,33.25,retained_flat
U01409,B2C,B2C,2024-01-31,33.25,33.25,retained_flat
U01409,B2C,B2C,2024-02-29,33.25,33.25,retained_flat
U01409,B2C,B2C,2024-03-31,33.25,33.25,retained_flat
U01409,B2C,B2C,2024-04-30,33.25,33.25,retained_flat
U01410,B2C,B2C,2023-04-30,33.25,,new
U01410,B2C,B2C,2023-05-31,33.25,33.25,retained_flat
U01410,B2C,B2C,2023-06-30,33.25,33.25,retained_flat
U01410,B2C,B2C,2023-07-31,33.25,33.25,retained_flat
U01410,B2C,B2C,2023-08-31,33.25,33.25,retained_flat
U01410,B2C,B2C,2023-09-30,33.25,33.25,retained_flat
U01410,B2C,B2C,2023-10-31,33.25,33.25,retained_flat
U01410,B2C,B2C,2023-11-30,33.25,33.25,retained_flat
U01410,B2C,B2C,2023-12-31,33.25,33.25,retained_flat
U01410,B2C,B2C,2024-01-31,33.25,33.25,retained_flat
U01410,B2C,B2C,2024-02-29,33.25,33.25,retained_flat
U01410,B2C,B2C,2024-03-31,33.25,33.25,retained_flat
U01410,B2C,B2C,2024-04-30,33.25,33.25,retained_flat
U01434,SMB,B2B,2023-04-30,199.0,,new
U01434,SMB,B2B,2023-05-31,199.0,199.0,retained_flat
U01434,SMB,B2B,2023-06-30,199.0,199.0,retained_flat
U01434,SMB,B2B,2023-07-31,199.0,199.0,retained_flat
U01434,SMB,B2B,2023-08-31,199.0,199.0,retained_flat
U01434,SMB,B2B,2023-09-30,209.06,199.0,expansion
U01434,SMB,B2B,2023-10-31,209.06,209.06,retained_flat
U01434,SMB,B2B,2023-11-30,246.61,209.06,expansion
U01434,SMB,B2B,2023-12-31,246.61,246.61,retained_flat
U01434,SMB,B2B,2024-01-31,246.61,246.61,retained_flat
U01434,SMB,B2B,2024-02-29,246.61,246.61,retained_flat
U01434,SMB,B2B,2024-03-31,246.61,246.61,retained_flat
U01434,SMB,B2B,2024-04-30,302.78,246.61,expansion
U01453,B2C,B2C,2023-05-31,49.0,,new
U01453,B2C,B2C,2023-06-30,49.0,49.0,retained_flat
U01453,B2C,B2C,2023-07-31,49.0,49.0,retained_flat
U01453,B2C,B2C,2023-08-31,49.0,49.0,retained_flat
U01453,B2C,B2C,2023-09-30,49.0,49.0,retained_flat
U01453,B2C,B2C,2023-10-31,49.0,49.0,retained_flat
U01453,B2C,B2C,2023-11-30,49.0,49.0,retained_flat
U01453,B2C,B2C,2023-12-31,49.0,49.0,retained_flat
U01453,B2C,B2C,2024-01-31,49.0,49.0,retained_flat
U01453,B2C,B2C,2024-02-29,49.0,49.0,retained_flat
U01453,B2C,B2C,2024-03-31,49.0,49.0,retained_flat
U01453,B2C,B2C,2024-04-30,49.0,49.0,retained_flat
U01473,B2C,B2C,2023-05-31,49.0,,new
U01473,B2C,B2C,2023-06-30,49.0,49.0,retained_flat
U01473,B2C,B2C,2023-07-31,49.0,49.0,retained_flat
U01473,B2C,B2C,2023-08-31,49.0,49.0,retained_flat
U01473,B2C,B2C,2023-09-30,49.0,49.0,retained_flat
U01473,B2C,B2C,2023-10-31,49.0,49.0,retained_flat
U01473,B2C,B2C,2023-11-30,49.0,49.0,retained_flat
U01473,B2C,B2C,2023-12-31,49.0,49.0,retained_flat
U01473,B2C,B2C,2024-01-31,49.0,49.0,retained_flat
U01473,B2C,B2C,2024-02-29,49.0,49.0,retained_flat
U01473,B2C,B2C,2024-03-31,49.0,49.0,retained_flat
U01473,B2C,B2C,2024-04-30,0.0,49.0,churn
U01478,B2C,B2C,2023-05-31,33.25,,new
U01478,B2C,B2C,2023-06-30,33.25,33.25,retained_flat
U01478,B2C,B2C,2023-07-31,33.25,33.25,retained_flat
U01478,B2C,B2C,2023-08-31,33.25,33.25,retained_flat
U01478,B2C,B2C,2023-09-30,33.25,33.25,retained_flat
U01478,B2C,B2C,2023-10-31,33.25,33.25,retained_flat
U01478,B2C,B2C,2023-11-30,33.25,33.25,retained_flat
U01478,B2C,B2C,2023-12-31,33.25,33.25,retained_flat
U01478,B2C,B2C,2024-01-31,33.25,33.25,retained_flat
U01478,B2C,B2C,2024-02-29,33.25,33.25,retained_flat
U01478,B2C,B2C,2024-03-31,33.25,33.25,retained_flat
U01478,B2C,B2C,2024-04-30,33.25,33.25,retained_flat
U01489,B2C,B2C,2023-05-31,49.0,,new
U01489,B2C,B2C,2023-06-30,49.0,49.0,retained_flat
U01489,B2C,B2C,2023-07-31,49.0,49.0,retained_flat
U01489,B2C,B2C,2023-08-31,49.0,49.0,retained_flat
U01489,B2C,B2C,2023-09-30,49.0,49.0,retained_flat
U01489,B2C,B2C,2023-10-31,49.0,49.0,retained_flat
U01489,B2C,B2C,2023-11-30,49.0,49.0,retained_flat
U01489,B2C,B2C,2023-12-31,49.0,49.0,retained_flat
U01489,B2C,B2C,2024-01-31,49.0,49.0,retained_flat
U01489,B2C,B2C,2024-02-29,49.0,49.0,retained_flat
U01489,B2C,B2C,2024-03-31,49.0,49.0,retained_flat
U01489,B2C,B2C,2024-04-30,49.0,49.0,retained_flat
U01520,B2C,B2C,2023-05-31,49.0,,new
U01520,B2C,B2C,2023-06-30,49.0,49.0,retained_flat
U01520,B2C,B2C,2023-07-31,49.0,49.0,retained_flat
U01520,B2C,B2C,2023-08-31,49.0,49.0,retained_flat
U01520,B2C,B2C,2023-09-30,49.0,49.0,retained_flat
U01520,B2C,B2C,2023-10-31,49.0,49.0,retained_flat
U01520,B2C,B2C,2023-11-30,49.0,49.0,retained_flat
U01520,B2C,B2C,2023-12-31,49.0,49.0,retained_flat
U01520,B2C,B2C,2024-01-31,49.0,49.0,retained_flat
U01520,B2C,B2C,2024-02-29,49.0,49.0,retained_flat
U01520,B2C,B2C,2024-03-31,49.0,49.0,retained_flat
U01520,B2C,B2C,2024-04-30,49.0,49.0,retained_flat
U01527,B2C,B2C,2023-05-31,49.0,,new
U01527,B2C,B2C,2023-06-30,49.0,49.0,retained_flat
U01527,B2C,B2C,2023-07-31,49.0,49.0,retained_flat
U01527,B2C,B2C,2023-08-31,49.0,49.0,retained_flat
U01527,B2C,B2C,2023-09-30,49.0,49.0,retained_flat
U01527,B2C,B2C,2023-10-31,0.0,49.0,churn
U01527,B2C,B2C,2023-11-30,0.0,0.0,inactive
U01527,B2C,B2C,2023-12-31,0.0,0.0,inactive
U01527,B2C,B2C,2024-01-31,0.0,0.0,inactive
U01527,B2C,B2C,2024-02-29,0.0,0.0,inactive
U01527,B2C,B2C,2024-03-31,0.0,0.0,inactive
U01527,B2C,B2C,2024-04-30,0.0,0.0,inactive
U01562,SMB,B2B,2023-05-31,149.92,,new
U01562,SMB,B2B,2023-06-30,149.92,149.92,retained_flat
U01562,SMB,B2B,2023-07-31,149.92,149.92,retained_flat
U01562,SMB,B2B,2023-08-31,149.92,149.92,retained_flat
U01562,SMB,B2B,2023-09-30,149.92,149.92,retained_flat
U01562,SMB,B2B,2023-10-31,149.92,149.92,retained_flat
U01562,SMB,B2B,2023-11-30,149.92,149.92,retained_flat
U01562,SMB,B2B,2023-12-31,149.92,149.92,retained_flat
U01562,SMB,B2B,2024-01-31,149.92,149.92,retained_flat
U01562,SMB,B2B,2024-02-29,149.92,149.92,retained_flat
U01562,SMB,B2B,2024-03-31,149.92,149.92,retained_flat
U01562,SMB,B2B,2024-04-30,149.92,149.92,retained_flat
U01576,SMB,B2B,2023-05-31,149.92,,new
U01576,SMB,B2B,2023-06-30,149.92,149.92,retained_flat
U01576,SMB,B2B,2023-07-31,149.92,149.92,retained_flat
U01576,SMB,B2B,2023-08-31,149.92,149.92,retained_flat
U01576,SMB,B2B,2023-09-30,149.92,149.92,retained_flat
U01576,SMB,B2B,2023-10-31,149.92,149.92,retained_flat
U01576,SMB,B2B,2023-11-30,149.92,149.92,retained_flat
U01576,SMB,B2B,2023-12-31,149.92,149.92,retained_flat
U01576,SMB,B2B,2024-01-31,149.92,149.92,retained_flat
U01576,SMB,B2B,2024-02-29,149.92,149.92,retained_flat
U01576,SMB,B2B,2024-03-31,149.92,149.92,retained_flat
U01576,SMB,B2B,2024-04-30,149.92,149.92,retained_flat
U01613,B2C,B2C,2023-06-30,49.0,,new
U01613,B2C,B2C,2023-07-31,49.0,49.0,retained_flat
U01613,B2C,B2C,2023-08-31,49.0,49.0,retained_flat
U01613,B2C,B2C,2023-09-30,49.0,49.0,retained_flat
U01613,B2C,B2C,2023-10-31,49.0,49.0,retained_flat
U01613,B2C,B2C,2023-11-30,49.0,49.0,retained_flat
U01613,B2C,B2C,2023-12-31,49.0,49.0,retained_flat
U01613,B2C,B2C,2024-01-31,0.0,49.0,churn
U01613,B2C,B2C,2024-02-29,0.0,0.0,inactive
U01613,B2C,B2C,2024-03-31,0.0,0.0,inactive
U01613,B2C,B2C,2024-04-30,0.0,0.0,inactive
U01620,B2C,B2C,2023-06-30,49.0,,new
U01620,B2C,B2C,2023-07-31,49.0,49.0,retained_flat
U01620,B2C,B2C,2023-08-31,49.0,49.0,retained_flat
U01620,B2C,B2C,2023-09-30,49.0,49.0,retained_flat
U01620,B2C,B2C,2023-10-31,49.0,49.0,retained_flat
U01620,B2C,B2C,2023-11-30,49.0,49.0,retained_flat
U01620,B2C,B2C,2023-12-31,49.0,49.0,retained_flat
U01620,B2C,B2C,2024-01-31,49.0,49.0,retained_flat
U01620,B2C,B2C,2024-02-29,49.0,49.0,retained_flat
U01620,B2C,B2C,2024-03-31,49.0,49.0,retained_flat
U01620,B2C,B2C,2024-04-30,49.0,49.0,retained_flat
U01637,B2C,B2C,2023-06-30,33.25,,new
U01637,B2C,B2C,2023-07-31,33.25,33.25,retained_flat
U01637,B2C,B2C,2023-08-31,33.25,33.25,retained_flat
U01637,B2C,B2C,2023-09-30,33.25,33.25,retained_flat
U01637,B2C,B2C,2023-10-31,33.25,33.25,retained_flat
U01637,B2C,B2C,2023-11-30,33.25,33.25,retained_flat
U01637,B2C,B2C,2023-12-31,33.25,33.25,retained_flat
U01637,B2C,B2C,2024-01-31,33.25,33.25,retained_flat
U01637,B2C,B2C,2024-02-29,33.25,33.25,retained_flat
U01637,B2C,B2C,2024-03-31,33.25,33.25,retained_flat
U01637,B2C,B2C,2024-04-30,33.25,33.25,retained_flat
U01639,B2C,B2C,2023-06-30,33.25,,new
U01639,B2C,B2C,2023-07-31,33.25,33.25,retained_flat
U01639,B2C,B2C,2023-08-31,33.25,33.25,retained_flat
U01639,B2C,B2C,2023-09-30,33.25,33.25,retained_flat
U01639,B2C,B2C,2023-10-31,33.25,33.25,retained_flat
U01639,B2C,B2C,2023-11-30,33.25,33.25,retained_flat
U01639,B2C,B2C,2023-12-31,33.25,33.25,retained_flat
U01639,B2C,B2C,2024-01-31,33.25,33.25,retained_flat
U01639,B2C,B2C,2024-02-29,33.25,33.25,retained_flat
U01639,B2C,B2C,2024-03-31,33.25,33.25,retained_flat
U01639,B2C,B2C,2024-04-30,33.25,33.25,retained_flat
U01691,B2C,B2C,2023-06-30,49.0,,new
U01691,B2C,B2C,2023-07-31,49.0,49.0,retained_flat
U01691,B2C,B2C,2023-08-31,49.0,49.0,retained_flat
U01691,B2C,B2C,2023-09-30,0.0,49.0,churn
U01691,B2C,B2C,2023-10-31,0.0,0.0,inactive
U01691,B2C,B2C,2023-11-30,0.0,0.0,inactive
U01691,B2C,B2C,2023-12-31,0.0,0.0,inactive
U01691,B2C,B2C,2024-01-31,0.0,0.0,inactive
U01691,B2C,B2C,2024-02-29,0.0,0.0,inactive
U01691,B2C,B2C,2024-03-31,0.0,0.0,inactive
U01691,B2C,B2C,2024-04-30,0.0,0.0,inactive
U01694,B2C,B2C,2023-06-30,49.0,,new
U01694,B2C,B2C,2023-07-31,49.0,49.0,retained_flat
U01694,B2C,B2C,2023-08-31,49.0,49.0,retained_flat
U01694,B2C,B2C,2023-09-30,49.0,49.0,retained_flat
U01694,B2C,B2C,2023-10-31,49.0,49.0,retained_flat
U01694,B2C,B2C,2023-11-30,49.0,49.0,retained_flat
U01694,B2C,B2C,2023-12-31,49.0,49.0,retained_flat
U01694,B2C,B2C,2024-01-31,49.0,49.0,retained_flat
U01694,B2C,B2C,2024-02-29,49.0,49.0,retained_flat
U01694,B2C,B2C,2024-03-31,0.0,49.0,churn
U01694,B2C,B2C,2024-04-30,0.0,0.0,inactive
U01701,B2C,B2C,2023-06-30,49.0,,new
U01701,B2C,B2C,2023-07-31,49.0,49.0,retained_flat
U01701,B2C,B2C,2023-08-31,49.0,49.0,retained_flat
U01701,B2C,B2C,2023-09-30,49.0,49.0,retained_flat
U01701,B2C,B2C,2023-10-31,49.0,49.0,retained_flat
U01701,B2C,B2C,2023-11-30,49.0,49.0,retained_flat
U01701,B2C,B2C,2023-12-31,49.0,49.0,retained_flat
U01701,B2C,B2C,2024-01-31,49.0,49.0,retained_flat
U01701,B2C,B2C,2024-02-29,49.0,49.0,retained_flat
U01701,B2C,B2C,2024-03-31,49.0,49.0,retained_flat
U01701,B2C,B2C,2024-04-30,49.0,49.0,retained_flat
U01732,Enterprise,B2B,2023-06-30,825.0,,new
U01732,Enterprise,B2B,2023-07-31,825.0,825.0,retained_flat
U01732,Enterprise,B2B,2023-08-31,825.0,825.0,retained_flat
U01732,Enterprise,B2B,2023-09-30,825.0,825.0,retained_flat
U01732,Enterprise,B2B,2023-10-31,825.0,825.0,retained_flat
U01732,Enterprise,B2B,2023-11-30,825.0,825.0,retained_flat
U01732,Enterprise,B2B,2023-12-31,825.0,825.0,retained_flat
U01732,Enterprise,B2B,2024-01-31,825.0,825.0,retained_flat
U01732,Enterprise,B2B,2024-02-29,825.0,825.0,retained_flat
U01732,Enterprise,B2B,2024-03-31,825.0,825.0,retained_flat
U01732,Enterprise,B2B,2024-04-30,825.0,825.0,retained_flat
U01740,B2C,B2C,2023-07-31,49.0,,new
U01740,B2C,B2C,2023-08-31,49.0,49.0,retained_flat
U01740,B2C,B2C,2023-09-30,49.0,49.0,retained_flat
U01740,B2C,B2C,2023-10-31,49.0,49.0,retained_flat
U01740,B2C,B2C,2023-11-30,49.0,49.0,retained_flat
U01740,B2C,B2C,2023-12-31,49.0,49.0,retained_flat
U01740,B2C,B2C,2024-01-31,49.0,49.0,retained_flat
U01740,B2C,B2C,2024-02-29,49.0,49.0,retained_flat
U01740,B2C,B2C,2024-03-31,49.0,49.0,retained_flat
U01740,B2C,B2C,2024-04-30,49.0,49.0,retained_flat
U01778,B2C,B2C,2023-07-31,49.0,,new
U01778,B2C,B2C,2023-08-31,49.0,49.0,retained_flat
U01778,B2C,B2C,2023-09-30,49.0,49.0,retained_flat
U01778,B2C,B2C,2023-10-31,0.0,49.0,churn
U01778,B2C,B2C,2023-11-30,0.0,0.0,inactive
U01778,B2C,B2C,2023-12-31,0.0,0.0,inactive
U01778,B2C,B2C,2024-01-31,0.0,0.0,inactive
U01778,B2C,B2C,2024-02-29,0.0,0.0,inactive
U01778,B2C,B2C,2024-03-31,0.0,0.0,inactive
U01778,B2C,B2C,2024-04-30,0.0,0.0,inactive
U01794,B2C,B2C,2023-07-31,49.0,,new
U01794,B2C,B2C,2023-08-31,49.0,49.0,retained_flat
U01794,B2C,B2C,2023-09-30,49.0,49.0,retained_flat
U01794,B2C,B2C,2023-10-31,49.0,49.0,retained_flat
U01794,B2C,B2C,2023-11-30,49.0,49.0,retained_flat
U01794,B2C,B2C,2023-12-31,49.0,49.0,retained_flat
U01794,B2C,B2C,2024-01-31,49.0,49.0,retained_flat
U01794,B2C,B2C,2024-02-29,49.0,49.0,retained_flat
U01794,B2C,B2C,2024-03-31,49.0,49.0,retained_flat
U01794,B2C,B2C,2024-04-30,49.0,49.0,retained_flat
U01804,B2C,B2C,2023-07-31,49.0,,new
U01804,B2C,B2C,2023-08-31,49.0,49.0,retained_flat
U01804,B2C,B2C,2023-09-30,49.0,49.0,retained_flat
U01804,B2C,B2C,2023-10-31,49.0,49.0,retained_flat
U01804,B2C,B2C,2023-11-30,49.0,49.0,retained_flat
U01804,B2C,B2C,2023-12-31,0.0,49.0,churn
U01804,B2C,B2C,2024-01-31,0.0,0.0,inactive
U01804,B2C,B2C,2024-02-29,0.0,0.0,inactive
U01804,B2C,B2C,2024-03-31,0.0,0.0,inactive
U01804,B2C,B2C,2024-04-30,0.0,0.0,inactive
U01816,B2C,B2C,2023-07-31,49.0,,new
U01816,B2C,B2C,2023-08-31,49.0,49.0,retained_flat
U01816,B2C,B2C,2023-09-30,49.0,49.0,retained_flat
U01816,B2C,B2C,2023-10-31,49.0,49.0,retained_flat
U01816,B2C,B2C,2023-11-30,0.0,49.0,churn
U01816,B2C,B2C,2023-12-31,0.0,0.0,inactive
U01816,B2C,B2C,2024-01-31,0.0,0.0,inactive
U01816,B2C,B2C,2024-02-29,0.0,0.0,inactive
U01816,B2C,B2C,2024-03-31,0.0,0.0,inactive
U01816,B2C,B2C,2024-04-30,0.0,0.0,inactive
U01823,B2C,B2C,2023-07-31,49.0,,new
U01823,B2C,B2C,2023-08-31,49.0,49.0,retained_flat
U01823,B2C,B2C,2023-09-30,49.0,49.0,retained_flat
U01823,B2C,B2C,2023-10-31,49.0,49.0,retained_flat
U01823,B2C,B2C,2023-11-30,49.0,49.0,retained_flat
U01823,B2C,B2C,2023-12-31,49.0,49.0,retained_flat
U01823,B2C,B2C,2024-01-31,49.0,49.0,retained_flat
U01823,B2C,B2C,2024-02-29,49.0,49.0,retained_flat
U01823,B2C,B2C,2024-03-31,0.0,49.0,churn
U01823,B2C,B2C,2024-04-30,0.0,0.0,inactive
U01835,B2C,B2C,2023-07-31,49.0,,new
U01835,B2C,B2C,2023-08-31,49.0,49.0,retained_flat
U01835,B2C,B2C,2023-09-30,49.0,49.0,retained_flat
U01835,B2C,B2C,2023-10-31,49.0,49.0,retained_flat
U01835,B2C,B2C,2023-11-30,49.0,49.0,retained_flat
U01835,B2C,B2C,2023-12-31,49.0,49.0,retained_flat
U01835,B2C,B2C,2024-01-31,49.0,49.0,retained_flat
U01835,B2C,B2C,2024-02-29,0.0,49.0,churn
U01835,B2C,B2C,2024-03-31,0.0,0.0,inactive
U01835,B2C,B2C,2024-04-30,0.0,0.0,inactive
U01837,B2C,B2C,2023-07-31,49.0,,new
U01837,B2C,B2C,2023-08-31,49.0,49.0,retained_flat
U01837,B2C,B2C,2023-09-30,49.0,49.0,retained_flat
U01837,B2C,B2C,2023-10-31,49.0,49.0,retained_flat
U01837,B2C,B2C,2023-11-30,49.0,49.0,retained_flat
U01837,B2C,B2C,2023-12-31,0.0,49.0,churn
U01837,B2C,B2C,2024-01-31,0.0,0.0,inactive
U01837,B2C,B2C,2024-02-29,0.0,0.0,inactive
U01837,B2C,B2C,2024-03-31,0.0,0.0,inactive
U01837,B2C,B2C,2024-04-30,0.0,0.0,inactive
U01844,B2C,B2C,2023-07-31,49.0,,new
U01844,B2C,B2C,2023-08-31,49.0,49.0,retained_flat
U01844,B2C,B2C,2023-09-30,49.0,49.0,retained_flat
U01844,B2C,B2C,2023-10-31,49.0,49.0,retained_flat
U01844,B2C,B2C,2023-11-30,0.0,49.0,churn
U01844,B2C,B2C,2023-12-31,0.0,0.0,inactive
U01844,B2C,B2C,2024-01-31,0.0,0.0,inactive
U01844,B2C,B2C,2024-02-29,0.0,0.0,inactive
U01844,B2C,B2C,2024-03-31,0.0,0.0,inactive
U01844,B2C,B2C,2024-04-30,0.0,0.0,inactive
U01853,SMB,B2B,2023-07-31,149.92,,new
U01853,SMB,B2B,2023-08-31,149.92,149.92,retained_flat
U01853,SMB,B2B,2023-09-30,149.92,149.92,retained_flat
U01853,SMB,B2B,2023-10-31,149.92,149.92,retained_flat
U01853,SMB,B2B,2023-11-30,149.92,149.92,retained_flat
U01853,SMB,B2B,2023-12-31,149.92,149.92,retained_flat
U01853,SMB,B2B,2024-01-31,149.92,149.92,retained_flat
U01853,SMB,B2B,2024-02-29,149.92,149.92,retained_flat
U01853,SMB,B2B,2024-03-31,149.92,149.92,retained_flat
U01853,SMB,B2B,2024-04-30,149.92,149.92,retained_flat
U01864,SMB,B2B,2023-07-31,149.92,,new
U01864,SMB,B2B,2023-08-31,149.92,149.92,retained_flat
U01864,SMB,B2B,2023-09-30,149.92,149.92,retained_flat
U01864,SMB,B2B,2023-10-31,149.92,149.92,retained_flat
U01864,SMB,B2B,2023-11-30,149.92,149.92,retained_flat
U01864,SMB,B2B,2023-12-31,149.92,149.92,retained_flat
U01864,SMB,B2B,2024-01-31,149.92,149.92,retained_flat
U01864,SMB,B2B,2024-02-29,149.92,149.92,retained_flat
U01864,SMB,B2B,2024-03-31,149.92,149.92,retained_flat
U01864,SMB,B2B,2024-04-30,149.92,149.92,retained_flat
U01902,B2C,B2C,2023-08-31,33.25,,new
U01902,B2C,B2C,2023-09-30,33.25,33.25,retained_flat
U01902,B2C,B2C,2023-10-31,33.25,33.25,retained_flat
U01902,B2C,B2C,2023-11-30,33.25,33.25,retained_flat
U01902,B2C,B2C,2023-12-31,33.25,33.25,retained_flat
U01902,B2C,B2C,2024-01-31,33.25,33.25,retained_flat
U01902,B2C,B2C,2024-02-29,33.25,33.25,retained_flat
U01902,B2C,B2C,2024-03-31,33.25,33.25,retained_flat
U01902,B2C,B2C,2024-04-30,33.25,33.25,retained_flat
U01911,B2C,B2C,2023-08-31,49.0,,new
U01911,B2C,B2C,2023-09-30,0.0,49.0,churn
U01911,B2C,B2C,2023-10-31,0.0,0.0,inactive
U01911,B2C,B2C,2023-11-30,0.0,0.0,inactive
U01911,B2C,B2C,2023-12-31,0.0,0.0,inactive
U01911,B2C,B2C,2024-01-31,0.0,0.0,inactive
U01911,B2C,B2C,2024-02-29,0.0,0.0,inactive
U01911,B2C,B2C,2024-03-31,0.0,0.0,inactive
U01911,B2C,B2C,2024-04-30,0.0,0.0,inactive
U01937,B2C,B2C,2023-08-31,33.25,,new
U01937,B2C,B2C,2023-09-30,33.25,33.25,retained_flat
U01937,B2C,B2C,2023-10-31,33.25,33.25,retained_flat
U01937,B2C,B2C,2023-11-30,33.25,33.25,retained_flat
U01937,B2C,B2C,2023-12-31,33.25,33.25,retained_flat
U01937,B2C,B2C,2024-01-31,33.25,33.25,retained_flat
U01937,B2C,B2C,2024-02-29,33.25,33.25,retained_flat
U01937,B2C,B2C,2024-03-31,33.25,33.25,retained_flat
U01937,B2C,B2C,2024-04-30,33.25,33.25,retained_flat
U01939,B2C,B2C,2023-08-31,33.25,,new
U01939,B2C,B2C,2023-09-30,33.25,33.25,retained_flat
U01939,B2C,B2C,2023-10-31,33.25,33.25,retained_flat
U01939,B2C,B2C,2023-11-30,33.25,33.25,retained_flat
U01939,B2C,B2C,2023-12-31,33.25,33.25,retained_flat
U01939,B2C,B2C,2024-01-31,33.25,33.25,retained_flat
U01939,B2C,B2C,2024-02-29,33.25,33.25,retained_flat
U01939,B2C,B2C,2024-03-31,33.25,33.25,retained_flat
U01939,B2C,B2C,2024-04-30,33.25,33.25,retained_flat
U01952,B2C,B2C,2023-08-31,33.25,,new
U01952,B2C,B2C,2023-09-30,33.25,33.25,retained_flat
U01952,B2C,B2C,2023-10-31,33.25,33.25,retained_flat
U01952,B2C,B2C,2023-11-30,33.25,33.25,retained_flat
U01952,B2C,B2C,2023-12-31,33.25,33.25,retained_flat
U01952,B2C,B2C,2024-01-31,33.25,33.25,retained_flat
U01952,B2C,B2C,2024-02-29,33.25,33.25,retained_flat
U01952,B2C,B2C,2024-03-31,33.25,33.25,retained_flat
U01952,B2C,B2C,2024-04-30,33.25,33.25,retained_flat
U01961,B2C,B2C,2023-08-31,49.0,,new
U01961,B2C,B2C,2023-09-30,49.0,49.0,retained_flat
U01961,B2C,B2C,2023-10-31,49.0,49.0,retained_flat
U01961,B2C,B2C,2023-11-30,49.0,49.0,retained_flat
U01961,B2C,B2C,2023-12-31,0.0,49.0,churn
U01961,B2C,B2C,2024-01-31,0.0,0.0,inactive
U01961,B2C,B2C,2024-02-29,0.0,0.0,inactive
U01961,B2C,B2C,2024-03-31,0.0,0.0,inactive
U01961,B2C,B2C,2024-04-30,0.0,0.0,inactive
U01974,B2C,B2C,2023-08-31,49.0,,new
U01974,B2C,B2C,2023-09-30,49.0,49.0,retained_flat
U01974,B2C,B2C,2023-10-31,49.0,49.0,retained_flat
U01974,B2C,B2C,2023-11-30,49.0,49.0,retained_flat
U01974,B2C,B2C,2023-12-31,49.0,49.0,retained_flat
U01974,B2C,B2C,2024-01-31,49.0,49.0,retained_flat
U01974,B2C,B2C,2024-02-29,49.0,49.0,retained_flat
U01974,B2C,B2C,2024-03-31,49.0,49.0,retained_flat
U01974,B2C,B2C,2024-04-30,0.0,49.0,churn
U01997,B2C,B2C,2023-08-31,49.0,,new
U01997,B2C,B2C,2023-09-30,49.0,49.0,retained_flat
U01997,B2C,B2C,2023-10-31,49.0,49.0,retained_flat
U01997,B2C,B2C,2023-11-30,49.0,49.0,retained_flat
U01997,B2C,B2C,2023-12-31,49.0,49.0,retained_flat
U01997,B2C,B2C,2024-01-31,49.0,49.0,retained_flat
U01997,B2C,B2C,2024-02-29,49.0,49.0,retained_flat
U01997,B2C,B2C,2024-03-31,49.0,49.0,retained_flat
U01997,B2C,B2C,2024-04-30,49.0,49.0,retained_flat
U02009,B2C,B2C,2023-08-31,49.0,,new
U02009,B2C,B2C,2023-09-30,49.0,49.0,retained_flat
U02009,B2C,B2C,2023-10-31,49.0,49.0,retained_flat
U02009,B2C,B2C,2023-11-30,49.0,49.0,retained_flat
U02009,B2C,B2C,2023-12-31,0.0,49.0,churn
U02009,B2C,B2C,2024-01-31,0.0,0.0,inactive
U02009,B2C,B2C,2024-02-29,0.0,0.0,inactive
U02009,B2C,B2C,2024-03-31,0.0,0.0,inactive
U02009,B2C,B2C,2024-04-30,0.0,0.0,inactive
U02013,SMB,B2B,2023-08-31,199.0,,new
U02013,SMB,B2B,2023-09-30,199.0,199.0,retained_flat
U02013,SMB,B2B,2023-10-31,0.0,199.0,churn
U02013,SMB,B2B,2023-11-30,0.0,0.0,inactive
U02013,SMB,B2B,2023-12-31,0.0,0.0,inactive
U02013,SMB,B2B,2024-01-31,0.0,0.0,inactive
U02013,SMB,B2B,2024-02-29,0.0,0.0,inactive
U02013,SMB,B2B,2024-03-31,0.0,0.0,inactive
U02013,SMB,B2B,2024-04-30,0.0,0.0,inactive
U02020,SMB,B2B,2023-08-31,199.0,,new
U02020,SMB,B2B,2023-09-30,199.0,199.0,retained_flat
U02020,SMB,B2B,2023-10-31,199.0,199.0,retained_flat
U02020,SMB,B2B,2023-11-30,199.0,199.0,retained_flat
U02020,SMB,B2B,2023-12-31,199.0,199.0,retained_flat
U02020,SMB,B2B,2024-01-31,199.0,199.0,retained_flat
U02020,SMB,B2B,2024-02-29,199.0,199.0,retained_flat
U02020,SMB,B2B,2024-03-31,199.0,199.0,retained_flat
U02020,SMB,B2B,2024-04-30,199.0,199.0,retained_flat
U02072,B2C,B2C,2023-09-30,49.0,,new
U02072,B2C,B2C,2023-10-31,0.0,49.0,churn
U02072,B2C,B2C,2023-11-30,0.0,0.0,inactive
U02072,B2C,B2C,2023-12-31,0.0,0.0,inactive
U02072,B2C,B2C,2024-01-31,0.0,0.0,inactive
U02072,B2C,B2C,2024-02-29,0.0,0.0,inactive
U02072,B2C,B2C,2024-03-31,0.0,0.0,inactive
U02072,B2C,B2C,2024-04-30,0.0,0.0,inactive
U02078,B2C,B2C,2023-09-30,49.0,,new
U02078,B2C,B2C,2023-10-31,49.0,49.0,retained_flat
U02078,B2C,B2C,2023-11-30,49.0,49.0,retained_flat
U02078,B2C,B2C,2023-12-31,49.0,49.0,retained_flat
U02078,B2C,B2C,2024-01-31,49.0,49.0,retained_flat
U02078,B2C,B2C,2024-02-29,49.0,49.0,retained_flat
U02078,B2C,B2C,2024-03-31,0.0,49.0,churn
U02078,B2C,B2C,2024-04-30,0.0,0.0,inactive
U02094,B2C,B2C,2023-09-30,49.0,,new
U02094,B2C,B2C,2023-10-31,49.0,49.0,retained_flat
U02094,B2C,B2C,2023-11-30,49.0,49.0,retained_flat
U02094,B2C,B2C,2023-12-31,49.0,49.0,retained_flat
U02094,B2C,B2C,2024-01-31,49.0,49.0,retained_flat
U02094,B2C,B2C,2024-02-29,49.0,49.0,retained_flat
U02094,B2C,B2C,2024-03-31,49.0,49.0,retained_flat
U02094,B2C,B2C,2024-04-30,49.0,49.0,retained_flat
U02113,B2C,B2C,2023-09-30,49.0,,new
U02113,B2C,B2C,2023-10-31,49.0,49.0,retained_flat
U02113,B2C,B2C,2023-11-30,0.0,49.0,churn
U02113,B2C,B2C,2023-12-31,0.0,0.0,inactive
U02113,B2C,B2C,2024-01-31,0.0,0.0,inactive
U02113,B2C,B2C,2024-02-29,0.0,0.0,inactive
U02113,B2C,B2C,2024-03-31,0.0,0.0,inactive
U02113,B2C,B2C,2024-04-30,0.0,0.0,inactive
U02131,B2C,B2C,2023-09-30,49.0,,new
U02131,B2C,B2C,2023-10-31,49.0,49.0,retained_flat
U02131,B2C,B2C,2023-11-30,49.0,49.0,retained_flat
U02131,B2C,B2C,2023-12-31,49.0,49.0,retained_flat
U02131,B2C,B2C,2024-01-31,49.0,49.0,retained_flat
U02131,B2C,B2C,2024-02-29,0.0,49.0,churn
U02131,B2C,B2C,2024-03-31,0.0,0.0,inactive
U02131,B2C,B2C,2024-04-30,0.0,0.0,inactive
U02138,B2C,B2C,2023-09-30,49.0,,new
U02138,B2C,B2C,2023-10-31,49.0,49.0,retained_flat
U02138,B2C,B2C,2023-11-30,0.0,49.0,churn
U02138,B2C,B2C,2023-12-31,0.0,0.0,inactive
U02138,B2C,B2C,2024-01-31,0.0,0.0,inactive
U02138,B2C,B2C,2024-02-29,0.0,0.0,inactive
U02138,B2C,B2C,2024-03-31,0.0,0.0,inactive
U02138,B2C,B2C,2024-04-30,0.0,0.0,inactive
U02155,B2C,B2C,2023-09-30,49.0,,new
U02155,B2C,B2C,2023-10-31,49.0,49.0,retained_flat
U02155,B2C,B2C,2023-11-30,49.0,49.0,retained_flat
U02155,B2C,B2C,2023-12-31,49.0,49.0,retained_flat
U02155,B2C,B2C,2024-01-31,49.0,49.0,retained_flat
U02155,B2C,B2C,2024-02-29,0.0,49.0,churn
U02155,B2C,B2C,2024-03-31,0.0,0.0,inactive
U02155,B2C,B2C,2024-04-30,0.0,0.0,inactive
U02165,B2C,B2C,2023-09-30,49.0,,new
U02165,B2C,B2C,2023-10-31,49.0,49.0,retained_flat
U02165,B2C,B2C,2023-11-30,49.0,49.0,retained_flat
U02165,B2C,B2C,2023-12-31,49.0,49.0,retained_flat
U02165,B2C,B2C,2024-01-31,49.0,49.0,retained_flat
U02165,B2C,B2C,2024-02-29,49.0,49.0,retained_flat
U02165,B2C,B2C,2024-03-31,49.0,49.0,retained_flat
U02165,B2C,B2C,2024-04-30,49.0,49.0,retained_flat
U02170,B2C,B2C,2023-09-30,49.0,,new
U02170,B2C,B2C,2023-10-31,0.0,49.0,churn
U02170,B2C,B2C,2023-11-30,0.0,0.0,inactive
U02170,B2C,B2C,2023-12-31,0.0,0.0,inactive
U02170,B2C,B2C,2024-01-31,0.0,0.0,inactive
U02170,B2C,B2C,2024-02-29,0.0,0.0,inactive
U02170,B2C,B2C,2024-03-31,0.0,0.0,inactive
U02170,B2C,B2C,2024-04-30,0.0,0.0,inactive
U02184,SMB,B2B,2023-09-30,199.0,,new
U02184,SMB,B2B,2023-10-31,199.0,199.0,retained_flat
U02184,SMB,B2B,2023-11-30,199.0,199.0,retained_flat
U02184,SMB,B2B,2023-12-31,0.0,199.0,churn
U02184,SMB,B2B,2024-01-31,0.0,0.0,inactive
U02184,SMB,B2B,2024-02-29,0.0,0.0,inactive
U02184,SMB,B2B,2024-03-31,0.0,0.0,inactive
U02184,SMB,B2B,2024-04-30,0.0,0.0,inactive
U02212,B2C,B2C,2023-10-31,49.0,,new
U02212,B2C,B2C,2023-11-30,49.0,49.0,retained_flat
U02212,B2C,B2C,2023-12-31,49.0,49.0,retained_flat
U02212,B2C,B2C,2024-01-31,49.0,49.0,retained_flat
U02212,B2C,B2C,2024-02-29,49.0,49.0,retained_flat
U02212,B2C,B2C,2024-03-31,49.0,49.0,retained_flat
U02212,B2C,B2C,2024-04-30,49.0,49.0,retained_flat
U02216,B2C,B2C,2023-10-31,49.0,,new
U02216,B2C,B2C,2023-11-30,49.0,49.0,retained_flat
U02216,B2C,B2C,2023-12-31,0.0,49.0,churn
U02216,B2C,B2C,2024-01-31,0.0,0.0,inactive
U02216,B2C,B2C,2024-02-29,0.0,0.0,inactive
U02216,B2C,B2C,2024-03-31,0.0,0.0,inactive
U02216,B2C,B2C,2024-04-30,0.0,0.0,inactive
U02227,B2C,B2C,2023-10-31,49.0,,new
U02227,B2C,B2C,2023-11-30,49.0,49.0,retained_flat
U02227,B2C,B2C,2023-12-31,49.0,49.0,retained_flat
U02227,B2C,B2C,2024-01-31,49.0,49.0,retained_flat
U02227,B2C,B2C,2024-02-29,49.0,49.0,retained_flat
U02227,B2C,B2C,2024-03-31,49.0,49.0,retained_flat
U02227,B2C,B2C,2024-04-30,49.0,49.0,retained_flat
U02229,B2C,B2C,2023-10-31,49.0,,new
U02229,B2C,B2C,2023-11-30,49.0,49.0,retained_flat
U02229,B2C,B2C,2023-12-31,49.0,49.0,retained_flat
U02229,B2C,B2C,2024-01-31,49.0,49.0,retained_flat
U02229,B2C,B2C,2024-02-29,49.0,49.0,retained_flat
U02229,B2C,B2C,2024-03-31,49.0,49.0,retained_flat
U02229,B2C,B2C,2024-04-30,0.0,49.0,churn
U02254,B2C,B2C,2023-10-31,49.0,,new
U02254,B2C,B2C,2023-11-30,49.0,49.0,retained_flat
U02254,B2C,B2C,2023-12-31,49.0,49.0,retained_flat
U02254,B2C,B2C,2024-01-31,49.0,49.0,retained_flat
U02254,B2C,B2C,2024-02-29,49.0,49.0,retained_flat
U02254,B2C,B2C,2024-03-31,49.0,49.0,retained_flat
U02254,B2C,B2C,2024-04-30,49.0,49.0,retained_flat
U02268,B2C,B2C,2023-10-31,33.25,,new
U02268,B2C,B2C,2023-11-30,33.25,33.25,retained_flat
U02268,B2C,B2C,2023-12-31,33.25,33.25,retained_flat
U02268,B2C,B2C,2024-01-31,33.25,33.25,retained_flat
U02268,B2C,B2C,2024-02-29,33.25,33.25,retained_flat
U02268,B2C,B2C,2024-03-31,33.25,33.25,retained_flat
U02268,B2C,B2C,2024-04-30,33.25,33.25,retained_flat
U02273,B2C,B2C,2023-10-31,33.25,,new
U02273,B2C,B2C,2023-11-30,33.25,33.25,retained_flat
U02273,B2C,B2C,2023-12-31,33.25,33.25,retained_flat
U02273,B2C,B2C,2024-01-31,33.25,33.25,retained_flat
U02273,B2C,B2C,2024-02-29,33.25,33.25,retained_flat
U02273,B2C,B2C,2024-03-31,33.25,33.25,retained_flat
U02273,B2C,B2C,2024-04-30,33.25,33.25,retained_flat
U02282,B2C,B2C,2023-10-31,49.0,,new
U02282,B2C,B2C,2023-11-30,49.0,49.0,retained_flat
U02282,B2C,B2C,2023-12-31,49.0,49.0,retained_flat
U02282,B2C,B2C,2024-01-31,49.0,49.0,retained_flat
U02282,B2C,B2C,2024-02-29,49.0,49.0,retained_flat
U02282,B2C,B2C,2024-03-31,49.0,49.0,retained_flat
U02282,B2C,B2C,2024-04-30,0.0,49.0,churn
U02294,B2C,B2C,2023-10-31,49.0,,new
U02294,B2C,B2C,2023-11-30,49.0,49.0,retained_flat
U02294,B2C,B2C,2023-12-31,49.0,49.0,retained_flat
U02294,B2C,B2C,2024-01-31,49.0,49.0,retained_flat
U02294,B2C,B2C,2024-02-29,49.0,49.0,retained_flat
U02294,B2C,B2C,2024-03-31,49.0,49.0,retained_flat
U02294,B2C,B2C,2024-04-30,49.0,49.0,retained_flat
U02296,B2C,B2C,2023-10-31,33.25,,new
U02296,B2C,B2C,2023-11-30,33.25,33.25,retained_flat
U02296,B2C,B2C,2023-12-31,33.25,33.25,retained_flat
U02296,B2C,B2C,2024-01-31,33.25,33.25,retained_flat
U02296,B2C,B2C,2024-02-29,33.25,33.25,retained_flat
U02296,B2C,B2C,2024-03-31,33.25,33.25,retained_flat
U02296,B2C,B2C,2024-04-30,33.25,33.25,retained_flat
U02303,B2C,B2C,2023-10-31,49.0,,new
U02303,B2C,B2C,2023-11-30,49.0,49.0,retained_flat
U02303,B2C,B2C,2023-12-31,49.0,49.0,retained_flat
U02303,B2C,B2C,2024-01-31,49.0,49.0,retained_flat
U02303,B2C,B2C,2024-02-29,49.0,49.0,retained_flat
U02303,B2C,B2C,2024-03-31,49.0,49.0,retained_flat
U02303,B2C,B2C,2024-04-30,49.0,49.0,retained_flat
U02308,B2C,B2C,2023-10-31,49.0,,new
U02308,B2C,B2C,2023-11-30,49.0,49.0,retained_flat
U02308,B2C,B2C,2023-12-31,49.0,49.0,retained_flat
U02308,B2C,B2C,2024-01-31,0.0,49.0,churn
U02308,B2C,B2C,2024-02-29,0.0,0.0,inactive
U02308,B2C,B2C,2024-03-31,0.0,0.0,inactive
U02308,B2C,B2C,2024-04-30,0.0,0.0,inactive
U02315,B2C,B2C,2023-10-31,33.25,,new
U02315,B2C,B2C,2023-11-30,33.25,33.25,retained_flat
U02315,B2C,B2C,2023-12-31,33.25,33.25,retained_flat
U02315,B2C,B2C,2024-01-31,33.25,33.25,retained_flat
U02315,B2C,B2C,2024-02-29,33.25,33.25,retained_flat
U02315,B2C,B2C,2024-03-31,33.25,33.25,retained_flat
U02315,B2C,B2C,2024-04-30,33.25,33.25,retained_flat
U02335,B2C,B2C,2023-10-31,49.0,,new
U02335,B2C,B2C,2023-11-30,49.0,49.0,retained_flat
U02335,B2C,B2C,2023-12-31,49.0,49.0,retained_flat
U02335,B2C,B2C,2024-01-31,49.0,49.0,retained_flat
U02335,B2C,B2C,2024-02-29,49.0,49.0,retained_flat
U02335,B2C,B2C,2024-03-31,49.0,49.0,retained_flat
U02335,B2C,B2C,2024-04-30,49.0,49.0,retained_flat
U02348,B2C,B2C,2023-10-31,49.0,,new
U02348,B2C,B2C,2023-11-30,49.0,49.0,retained_flat
U02348,B2C,B2C,2023-12-31,49.0,49.0,retained_flat
U02348,B2C,B2C,2024-01-31,49.0,49.0,retained_flat
U02348,B2C,B2C,2024-02-29,49.0,49.0,retained_flat
U02348,B2C,B2C,2024-03-31,49.0,49.0,retained_flat
U02348,B2C,B2C,2024-04-30,49.0,49.0,retained_flat
U02365,B2C,B2C,2023-10-31,33.25,,new
U02365,B2C,B2C,2023-11-30,33.25,33.25,retained_flat
U02365,B2C,B2C,2023-12-31,33.25,33.25,retained_flat
U02365,B2C,B2C,2024-01-31,33.25,33.25,retained_flat
U02365,B2C,B2C,2024-02-29,33.25,33.25,retained_flat
U02365,B2C,B2C,2024-03-31,33.25,33.25,retained_flat
U02365,B2C,B2C,2024-04-30,33.25,33.25,retained_flat
U02369,B2C,B2C,2023-10-31,49.0,,new
U02369,B2C,B2C,2023-11-30,49.0,49.0,retained_flat
U02369,B2C,B2C,2023-12-31,49.0,49.0,retained_flat
U02369,B2C,B2C,2024-01-31,49.0,49.0,retained_flat
U02369,B2C,B2C,2024-02-29,49.0,49.0,retained_flat
U02369,B2C,B2C,2024-03-31,49.0,49.0,retained_flat
U02369,B2C,B2C,2024-04-30,49.0,49.0,retained_flat
U02384,SMB,B2B,2023-10-31,149.92,,new
U02384,SMB,B2B,2023-11-30,149.92,149.92,retained_flat
U02384,SMB,B2B,2023-12-31,149.92,149.92,retained_flat
U02384,SMB,B2B,2024-01-31,149.92,149.92,retained_flat
U02384,SMB,B2B,2024-02-29,149.92,149.92,retained_flat
U02384,SMB,B2B,2024-03-31,149.92,149.92,retained_flat
U02384,SMB,B2B,2024-04-30,149.92,149.92,retained_flat
U02411,B2C,B2C,2023-11-30,33.25,,new
U02411,B2C,B2C,2023-12-31,33.25,33.25,retained_flat
U02411,B2C,B2C,2024-01-31,33.25,33.25,retained_flat
U02411,B2C,B2C,2024-02-29,33.25,33.25,retained_flat
U02411,B2C,B2C,2024-03-31,33.25,33.25,retained_flat
U02411,B2C,B2C,2024-04-30,33.25,33.25,retained_flat
U02445,B2C,B2C,2023-11-30,49.0,,new
U02445,B2C,B2C,2023-12-31,0.0,49.0,churn
U02445,B2C,B2C,2024-01-31,0.0,0.0,inactive
U02445,B2C,B2C,2024-02-29,0.0,0.0,inactive
U02445,B2C,B2C,2024-03-31,0.0,0.0,inactive
U02445,B2C,B2C,2024-04-30,0.0,0.0,inactive
U02452,B2C,B2C,2023-11-30,33.25,,new
U02452,B2C,B2C,2023-12-31,33.25,33.25,retained_flat
U02452,B2C,B2C,2024-01-31,33.25,33.25,retained_flat
U02452,B2C,B2C,2024-02-29,33.25,33.25,retained_flat
U02452,B2C,B2C,2024-03-31,33.25,33.25,retained_flat
U02452,B2C,B2C,2024-04-30,33.25,33.25,retained_flat
U02458,B2C,B2C,2023-11-30,49.0,,new
U02458,B2C,B2C,2023-12-31,49.0,49.0,retained_flat
U02458,B2C,B2C,2024-01-31,49.0,49.0,retained_flat
U02458,B2C,B2C,2024-02-29,49.0,49.0,retained_flat
U02458,B2C,B2C,2024-03-31,49.0,49.0,retained_flat
U02458,B2C,B2C,2024-04-30,0.0,49.0,churn
U02472,B2C,B2C,2023-11-30,49.0,,new
U02472,B2C,B2C,2023-12-31,49.0,49.0,retained_flat
U02472,B2C,B2C,2024-01-31,0.0,49.0,churn
U02472,B2C,B2C,2024-02-29,0.0,0.0,inactive
U02472,B2C,B2C,2024-03-31,0.0,0.0,inactive
U02472,B2C,B2C,2024-04-30,0.0,0.0,inactive
U02506,B2C,B2C,2023-11-30,49.0,,new
U02506,B2C,B2C,2023-12-31,49.0,49.0,retained_flat
U02506,B2C,B2C,2024-01-31,49.0,49.0,retained_flat
U02506,B2C,B2C,2024-02-29,49.0,49.0,retained_flat
U02506,B2C,B2C,2024-03-31,49.0,49.0,retained_flat
U02506,B2C,B2C,2024-04-30,49.0,49.0,retained_flat
U02507,B2C,B2C,2023-11-30,33.25,,new
U02507,B2C,B2C,2023-12-31,33.25,33.25,retained_flat
U02507,B2C,B2C,2024-01-31,33.25,33.25,retained_flat
U02507,B2C,B2C,2024-02-29,33.25,33.25,retained_flat
U02507,B2C,B2C,2024-03-31,33.25,33.25,retained_flat
U02507,B2C,B2C,2024-04-30,33.25,33.25,retained_flat
U02508,B2C,B2C,2023-11-30,49.0,,new
U02508,B2C,B2C,2023-12-31,49.0,49.0,retained_flat
U02508,B2C,B2C,2024-01-31,0.0,49.0,churn
U02508,B2C,B2C,2024-02-29,0.0,0.0,inactive
U02508,B2C,B2C,2024-03-31,0.0,0.0,inactive
U02508,B2C,B2C,2024-04-30,0.0,0.0,inactive
U02516,B2C,B2C,2023-11-30,49.0,,new
U02516,B2C,B2C,2023-12-31,49.0,49.0,retained_flat
U02516,B2C,B2C,2024-01-31,49.0,49.0,retained_flat
U02516,B2C,B2C,2024-02-29,49.0,49.0,retained_flat
U02516,B2C,B2C,2024-03-31,49.0,49.0,retained_flat
U02516,B2C,B2C,2024-04-30,49.0,49.0,retained_flat
U02545,B2C,B2C,2023-11-30,49.0,,new
U02545,B2C,B2C,2023-12-31,49.0,49.0,retained_flat
U02545,B2C,B2C,2024-01-31,0.0,49.0,churn
U02545,B2C,B2C,2024-02-29,0.0,0.0,inactive
U02545,B2C,B2C,2024-03-31,0.0,0.0,inactive
U02545,B2C,B2C,2024-04-30,0.0,0.0,inactive
U02582,Enterprise,B2B,2023-11-30,825.0,,new
U02582,Enterprise,B2B,2023-12-31,825.0,825.0,retained_flat
U02582,Enterprise,B2B,2024-01-31,825.0,825.0,retained_flat
U02582,Enterprise,B2B,2024-02-29,825.0,825.0,retained_flat
U02582,Enterprise,B2B,2024-03-31,825.0,825.0,retained_flat
U02582,Enterprise,B2B,2024-04-30,825.0,825.0,retained_flat
U02605,B2C,B2C,2023-12-31,33.25,,new
U02605,B2C,B2C,2024-01-31,33.25,33.25,retained_flat
U02605,B2C,B2C,2024-02-29,33.25,33.25,retained_flat
U02605,B2C,B2C,2024-03-31,33.25,33.25,retained_flat
U02605,B2C,B2C,2024-04-30,33.25,33.25,retained_flat
U02639,B2C,B2C,2023-12-31,33.25,,new
U02639,B2C,B2C,2024-01-31,33.25,33.25,retained_flat
U02639,B2C,B2C,2024-02-29,33.25,33.25,retained_flat
U02639,B2C,B2C,2024-03-31,33.25,33.25,retained_flat
U02639,B2C,B2C,2024-04-30,33.25,33.25,retained_flat
U02651,B2C,B2C,2023-12-31,49.0,,new
U02651,B2C,B2C,2024-01-31,49.0,49.0,retained_flat
U02651,B2C,B2C,2024-02-29,49.0,49.0,retained_flat
U02651,B2C,B2C,2024-03-31,49.0,49.0,retained_flat
U02651,B2C,B2C,2024-04-30,49.0,49.0,retained_flat
U02668,B2C,B2C,2023-12-31,49.0,,new
U02668,B2C,B2C,2024-01-31,49.0,49.0,retained_flat
U02668,B2C,B2C,2024-02-29,49.0,49.0,retained_flat
U02668,B2C,B2C,2024-03-31,0.0,49.0,churn
U02668,B2C,B2C,2024-04-30,0.0,0.0,inactive
U02669,B2C,B2C,2023-12-31,49.0,,new
U02669,B2C,B2C,2024-01-31,49.0,49.0,retained_flat
U02669,B2C,B2C,2024-02-29,49.0,49.0,retained_flat
U02669,B2C,B2C,2024-03-31,49.0,49.0,retained_flat
U02669,B2C,B2C,2024-04-30,49.0,49.0,retained_flat
U02712,B2C,B2C,2023-12-31,49.0,,new
U02712,B2C,B2C,2024-01-31,49.0,49.0,retained_flat
U02712,B2C,B2C,2024-02-29,49.0,49.0,retained_flat
U02712,B2C,B2C,2024-03-31,49.0,49.0,retained_flat
U02712,B2C,B2C,2024-04-30,49.0,49.0,retained_flat
U02737,B2C,B2C,2023-12-31,49.0,,new
U02737,B2C,B2C,2024-01-31,49.0,49.0,retained_flat
U02737,B2C,B2C,2024-02-29,49.0,49.0,retained_flat
U02737,B2C,B2C,2024-03-31,49.0,49.0,retained_flat
U02737,B2C,B2C,2024-04-30,49.0,49.0,retained_flat
U02743,B2C,B2C,2023-12-31,49.0,,new
U02743,B2C,B2C,2024-01-31,49.0,49.0,retained_flat
U02743,B2C,B2C,2024-02-29,49.0,49.0,retained_flat
U02743,B2C,B2C,2024-03-31,49.0,49.0,retained_flat
U02743,B2C,B2C,2024-04-30,49.0,49.0,retained_flat
U02748,B2C,B2C,2023-12-31,49.0,,new
U02748,B2C,B2C,2024-01-31,49.0,49.0,retained_flat
U02748,B2C,B2C,2024-02-29,49.0,49.0,retained_flat
U02748,B2C,B2C,2024-03-31,49.0,49.0,retained_flat
U02748,B2C,B2C,2024-04-30,0.0,49.0,churn
U02758,SMB,B2B,2023-12-31,149.92,,new
U02758,SMB,B2B,2024-01-31,149.92,149.92,retained_flat
U02758,SMB,B2B,2024-02-29,149.92,149.92,retained_flat
U02758,SMB,B2B,2024-03-31,149.92,149.92,retained_flat
U02758,SMB,B2B,2024-04-30,149.92,149.92,retained_flat
U02783,Enterprise,B2B,2023-12-31,825.0,,new
U02783,Enterprise,B2B,2024-01-31,825.0,825.0,retained_flat
U02783,Enterprise,B2B,2024-02-29,825.0,825.0,retained_flat
U02783,Enterprise,B2B,2024-03-31,825.0,825.0,retained_flat
U02783,Enterprise,B2B,2024-04-30,825.0,825.0,retained_flat
U02811,B2C,B2C,2024-01-31,49.0,,new
U02811,B2C,B2C,2024-02-29,49.0,49.0,retained_flat
U02811,B2C,B2C,2024-03-31,49.0,49.0,retained_flat
U02811,B2C,B2C,2024-04-30,49.0,49.0,retained_flat
U02832,B2C,B2C,2024-01-31,49.0,,new
U02832,B2C,B2C,2024-02-29,49.0,49.0,retained_flat
U02832,B2C,B2C,2024-03-31,49.0,49.0,retained_flat
U02832,B2C,B2C,2024-04-30,49.0,49.0,retained_flat
U02847,B2C,B2C,2024-01-31,49.0,,new
U02847,B2C,B2C,2024-02-29,49.0,49.0,retained_flat
U02847,B2C,B2C,2024-03-31,49.0,49.0,retained_flat
U02847,B2C,B2C,2024-04-30,49.0,49.0,retained_flat
U02851,B2C,B2C,2024-01-31,49.0,,new
U02851,B2C,B2C,2024-02-29,49.0,49.0,retained_flat
U02851,B2C,B2C,2024-03-31,49.0,49.0,retained_flat
U02851,B2C,B2C,2024-04-30,49.0,49.0,retained_flat
U02854,B2C,B2C,2024-01-31,49.0,,new
U02854,B2C,B2C,2024-02-29,49.0,49.0,retained_flat
U02854,B2C,B2C,2024-03-31,49.0,49.0,retained_flat
U02854,B2C,B2C,2024-04-30,49.0,49.0,retained_flat
U02882,B2C,B2C,2024-01-31,49.0,,new
U02882,B2C,B2C,2024-02-29,49.0,49.0,retained_flat
U02882,B2C,B2C,2024-03-31,49.0,49.0,retained_flat
U02882,B2C,B2C,2024-04-30,49.0,49.0,retained_flat
U02907,B2C,B2C,2024-01-31,49.0,,new
U02907,B2C,B2C,2024-02-29,49.0,49.0,retained_flat
U02907,B2C,B2C,2024-03-31,49.0,49.0,retained_flat
U02907,B2C,B2C,2024-04-30,0.0,49.0,churn
U02914,B2C,B2C,2024-01-31,33.25,,new
U02914,B2C,B2C,2024-02-29,33.25,33.25,retained_flat
U02914,B2C,B2C,2024-03-31,33.25,33.25,retained_flat
U02914,B2C,B2C,2024-04-30,33.25,33.25,retained_flat
U02923,B2C,B2C,2024-01-31,49.0,,new
U02923,B2C,B2C,2024-02-29,49.0,49.0,retained_flat
U02923,B2C,B2C,2024-03-31,0.0,49.0,churn
U02923,B2C,B2C,2024-04-30,0.0,0.0,inactive
U02924,B2C,B2C,2024-01-31,33.25,,new
U02924,B2C,B2C,2024-02-29,33.25,33.25,retained_flat
U02924,B2C,B2C,2024-03-31,33.25,33.25,retained_flat
U02924,B2C,B2C,2024-04-30,33.25,33.25,retained_flat
U02925,B2C,B2C,2024-01-31,33.25,,new
U02925,B2C,B2C,2024-02-29,33.25,33.25,retained_flat
U02925,B2C,B2C,2024-03-31,33.25,33.25,retained_flat
U02925,B2C,B2C,2024-04-30,33.25,33.25,retained_flat
U02951,B2C,B2C,2024-01-31,49.0,,new
U02951,B2C,B2C,2024-02-29,49.0,49.0,retained_flat
U02951,B2C,B2C,2024-03-31,49.0,49.0,retained_flat
U02951,B2C,B2C,2024-04-30,49.0,49.0,retained_flat
U02961,SMB,B2B,2024-01-31,199.0,,new
U02961,SMB,B2B,2024-02-29,199.0,199.0,retained_flat
U02961,SMB,B2B,2024-03-31,199.0,199.0,retained_flat
U02961,SMB,B2B,2024-04-30,199.0,199.0,retained_flat
U03043,B2C,B2C,2024-02-29,49.0,,new
U03043,B2C,B2C,2024-03-31,0.0,49.0,churn
U03043,B2C,B2C,2024-04-30,0.0,0.0,inactive
U03084,B2C,B2C,2024-02-29,49.0,,new
U03084,B2C,B2C,2024-03-31,49.0,49.0,retained_flat
U03084,B2C,B2C,2024-04-30,49.0,49.0,retained_flat
U03107,B2C,B2C,2024-02-29,49.0,,new
U03107,B2C,B2C,2024-03-31,0.0,49.0,churn
U03107,B2C,B2C,2024-04-30,0.0,0.0,inactive
U03117,B2C,B2C,2024-02-29,33.25,,new
U03117,B2C,B2C,2024-03-31,33.25,33.25,retained_flat
U03117,B2C,B2C,2024-04-30,33.25,33.25,retained_flat
U03121,B2C,B2C,2024-02-29,33.25,,new
U03121,B2C,B2C,2024-03-31,33.25,33.25,retained_flat
U03121,B2C,B2C,2024-04-30,33.25,33.25,retained_flat
U03126,B2C,B2C,2024-02-29,33.25,,new
U03126,B2C,B2C,2024-03-31,33.25,33.25,retained_flat
U03126,B2C,B2C,2024-04-30,33.25,33.25,retained_flat
U03127,B2C,B2C,2024-02-29,33.25,,new
U03127,B2C,B2C,2024-03-31,33.25,33.25,retained_flat
U03127,B2C,B2C,2024-04-30,33.25,33.25,retained_flat
U03153,B2C,B2C,2024-02-29,49.0,,new
U03153,B2C,B2C,2024-03-31,49.0,49.0,retained_flat
U03153,B2C,B2C,2024-04-30,49.0,49.0,retained_flat
U03159,B2C,B2C,2024-02-29,49.0,,new
U03159,B2C,B2C,2024-03-31,49.0,49.0,retained_flat
U03159,B2C,B2C,2024-04-30,49.0,49.0,retained_flat
U03181,B2C,B2C,2024-02-29,49.0,,new
U03181,B2C,B2C,2024-03-31,49.0,49.0,retained_flat
U03181,B2C,B2C,2024-04-30,49.0,49.0,retained_flat
U03208,SMB,B2B,2024-02-29,149.92,,new
U03208,SMB,B2B,2024-03-31,149.92,149.92,retained_flat
U03208,SMB,B2B,2024-04-30,149.92,149.92,retained_flat
U03237,B2C,B2C,2024-03-31,33.25,,new
U03237,B2C,B2C,2024-04-30,33.25,33.25,retained_flat
U03238,B2C,B2C,2024-03-31,49.0,,new
U03238,B2C,B2C,2024-04-30,49.0,49.0,retained_flat
U03260,B2C,B2C,2024-03-31,33.25,,new
U03260,B2C,B2C,2024-04-30,33.25,33.25,retained_flat
U03286,B2C,B2C,2024-03-31,49.0,,new
U03286,B2C,B2C,2024-04-30,49.0,49.0,retained_flat
U03287,B2C,B2C,2024-03-31,49.0,,new
U03287,B2C,B2C,2024-04-30,49.0,49.0,retained_flat
U03306,B2C,B2C,2024-03-31,49.0,,new
U03306,B2C,B2C,2024-04-30,49.0,49.0,retained_flat
U03317,B2C,B2C,2024-03-31,49.0,,new
U03317,B2C,B2C,2024-04-30,49.0,49.0,retained_flat
U03336,B2C,B2C,2024-03-31,49.0,,new
U03336,B2C,B2C,2024-04-30,49.0,49.0,retained_flat
U03368,B2C,B2C,2024-03-31,49.0,,new
U03368,B2C,B2C,2024-04-30,49.0,49.0,retained_flat
U03376,B2C,B2C,2024-03-31,49.0,,new
U03376,B2C,B2C,2024-04-30,49.0,49.0,retained_flat
U03401,B2C,B2C,2024-03-31,49.0,,new
U03401,B2C,B2C,2024-04-30,49.0,49.0,retained_flat
U03411,B2C,B2C,2024-03-31,49.0,,new
U03411,B2C,B2C,2024-04-30,49.0,49.0,retained_flat
U03426,SMB,B2B,2024-03-31,149.92,,new
U03426,SMB,B2B,2024-04-30,149.92,149.92,retained_flat
U03483,B2C,B2C,2024-04-30,33.25,,new
U03492,B2C,B2C,2024-04-30,49.0,,new
U03493,B2C,B2C,2024-04-30,49.0,,new
U03510,B2C,B2C,2024-04-30,33.25,,new
U03533,B2C,B2C,2024-04-30,49.0,,new
U03580,B2C,B2C,2024-04-30,33.25,,new
U03593,B2C,B2C,2024-04-30,49.0,,new
U03612,B2C,B2C,2024-04-30,49.0,,new
U03615,B2C,B2C,2024-04-30,49.0,,new
U03622,B2C,B2C,2024-04-30,49.0,,new
U03641,B2C,B2C,2024-04-30,49.0,,new
U03642,B2C,B2C,2024-04-30,49.0,,new
U03651,B2C,B2C,2024-04-30,33.25,,new
U03660,SMB,B2B,2024-04-30,149.92,,new
U03661,SMB,B2B,2024-04-30,149.92,,new
U03666,SMB,B2B,2024-04-30,149.92,,new
U03668,SMB,B2B,2024-04-30,149.92,,new
U03676,SMB,B2B,2024-04-30,199.0,,new
U03682,SMB,B2B,2024-04-30,199.0,,new
U01012,B2C,B2C,2023-01-31,49.0,,new
U01012,B2C,B2C,2023-02-28,49.0,49.0,retained_flat
U01012,B2C,B2C,2023-03-31,49.0,49.0,retained_flat
U01012,B2C,B2C,2023-04-30,49.0,49.0,retained_flat
U01012,B2C,B2C,2023-05-31,49.0,49.0,retained_flat
U01012,B2C,B2C,2023-06-30,0.0,49.0,churn
U01012,B2C,B2C,2023-07-31,0.0,0.0,inactive
U01012,B2C,B2C,2023-08-31,0.0,0.0,inactive
U01012,B2C,B2C,2023-09-30,0.0,0.0,inactive
U01012,B2C,B2C,2023-10-31,0.0,0.0,inactive
U01012,B2C,B2C,2023-11-30,0.0,0.0,inactive
U01012,B2C,B2C,2023-12-31,0.0,0.0,inactive
U01012,B2C,B2C,2024-01-31,0.0,0.0,inactive
U01012,B2C,B2C,2024-02-29,0.0,0.0,inactive
U01012,B2C,B2C,2024-03-31,0.0,0.0,inactive
U01012,B2C,B2C,2024-04-30,0.0,0.0,inactive
U01048,B2C,B2C,2023-01-31,49.0,,new
U01048,B2C,B2C,2023-02-28,49.0,49.0,retained_flat
U01048,B2C,B2C,2023-03-31,49.0,49.0,retained_flat
U01048,B2C,B2C,2023-04-30,49.0,49.0,retained_flat
U01048,B2C,B2C,2023-05-31,49.0,49.0,retained_flat
U01048,B2C,B2C,2023-06-30,49.0,49.0,retained_flat
U01048,B2C,B2C,2023-07-31,49.0,49.0,retained_flat
U01048,B2C,B2C,2023-08-31,49.0,49.0,retained_flat
U01048,B2C,B2C,2023-09-30,49.0,49.0,retained_flat
U01048,B2C,B2C,2023-10-31,49.0,49.0,retained_flat
U01048,B2C,B2C,2023-11-30,0.0,49.0,churn
U01048,B2C,B2C,2023-12-31,0.0,0.0,inactive
U01048,B2C,B2C,2024-01-31,0.0,0.0,inactive
U01048,B2C,B2C,2024-02-29,0.0,0.0,inactive
U01048,B2C,B2C,2024-03-31,0.0,0.0,inactive
U01048,B2C,B2C,2024-04-30,0.0,0.0,inactive
U01052,B2C,B2C,2023-01-31,33.25,,new
U01052,B2C,B2C,2023-02-28,33.25,33.25,retained_flat
U01052,B2C,B2C,2023-03-31,33.25,33.25,retained_flat
U01052,B2C,B2C,2023-04-30,33.25,33.25,retained_flat
U01052,B2C,B2C,2023-05-31,33.25,33.25,retained_flat
U01052,B2C,B2C,2023-06-30,33.25,33.25,retained_flat
U01052,B2C,B2C,2023-07-31,33.25,33.25,retained_flat
U01052,B2C,B2C,2023-08-31,33.25,33.25,retained_flat
U01052,B2C,B2C,2023-09-30,33.25,33.25,retained_flat
U01052,B2C,B2C,2023-10-31,33.25,33.25,retained_flat
U01052,B2C,B2C,2023-11-30,33.25,33.25,retained_flat
U01052,B2C,B2C,2023-12-31,33.25,33.25,retained_flat
U01052,B2C,B2C,2024-01-31,33.25,33.25,retained_flat
U01052,B2C,B2C,2024-02-29,33.25,33.25,retained_flat
U01052,B2C,B2C,2024-03-31,33.25,33.25,retained_flat
U01052,B2C,B2C,2024-04-30,33.25,33.25,retained_flat
U01064,B2C,B2C,2023-01-31,33.25,,new
U01064,B2C,B2C,2023-02-28,33.25,33.25,retained_flat
U01064,B2C,B2C,2023-03-31,33.25,33.25,retained_flat
U01064,B2C,B2C,2023-04-30,33.25,33.25,retained_flat
U01064,B2C,B2C,2023-05-31,33.25,33.25,retained_flat
U01064,B2C,B2C,2023-06-30,33.25,33.25,retained_flat
U01064,B2C,B2C,2023-07-31,33.25,33.25,retained_flat
U01064,B2C,B2C,2023-08-31,33.25,33.25,retained_flat
U01064,B2C,B2C,2023-09-30,33.25,33.25,retained_flat
U01064,B2C,B2C,2023-10-31,33.25,33.25,retained_flat
U01064,B2C,B2C,2023-11-30,33.25,33.25,retained_flat
U01064,B2C,B2C,2023-12-31,33.25,33.25,retained_flat
U01064,B2C,B2C,2024-01-31,33.25,33.25,retained_flat
U01064,B2C,B2C,2024-02-29,33.25,33.25,retained_flat
U01064,B2C,B2C,2024-03-31,33.25,33.25,retained_flat
U01064,B2C,B2C,2024-04-30,33.25,33.25,retained_flat
U01071,B2C,B2C,2023-01-31,33.25,,new
U01071,B2C,B2C,2023-02-28,33.25,33.25,retained_flat
U01071,B2C,B2C,2023-03-31,33.25,33.25,retained_flat
U01071,B2C,B2C,2023-04-30,33.25,33.25,retained_flat
U01071,B2C,B2C,2023-05-31,33.25,33.25,retained_flat
U01071,B2C,B2C,2023-06-30,33.25,33.25,retained_flat
U01071,B2C,B2C,2023-07-31,33.25,33.25,retained_flat
U01071,B2C,B2C,2023-08-31,33.25,33.25,retained_flat
U01071,B2C,B2C,2023-09-30,33.25,33.25,retained_flat
U01071,B2C,B2C,2023-10-31,33.25,33.25,retained_flat
U01071,B2C,B2C,2023-11-30,33.25,33.25,retained_flat
U01071,B2C,B2C,2023-12-31,33.25,33.25,retained_flat
U01071,B2C,B2C,2024-01-31,33.25,33.25,retained_flat
U01071,B2C,B2C,2024-02-29,33.25,33.25,retained_flat
U01071,B2C,B2C,2024-03-31,33.25,33.25,retained_flat
U01071,B2C,B2C,2024-04-30,33.25,33.25,retained_flat
U01092,SMB,B2B,2023-01-31,149.92,,new
U01092,SMB,B2B,2023-02-28,149.92,149.92,retained_flat
U01092,SMB,B2B,2023-03-31,149.92,149.92,retained_flat
U01092,SMB,B2B,2023-04-30,149.92,149.92,retained_flat
U01092,SMB,B2B,2023-05-31,149.92,149.92,retained_flat
U01092,SMB,B2B,2023-06-30,149.92,149.92,retained_flat
U01092,SMB,B2B,2023-07-31,149.92,149.92,retained_flat
U01092,SMB,B2B,2023-08-31,149.92,149.92,retained_flat
U01092,SMB,B2B,2023-09-30,149.92,149.92,retained_flat
U01092,SMB,B2B,2023-10-31,149.92,149.92,retained_flat
U01092,SMB,B2B,2023-11-30,149.92,149.92,retained_flat
U01092,SMB,B2B,2023-12-31,149.92,149.92,retained_flat
U01092,SMB,B2B,2024-01-31,178.05,149.92,expansion
U01092,SMB,B2B,2024-02-29,178.05,178.05,retained_flat
U01092,SMB,B2B,2024-03-31,178.05,178.05,retained_flat
U01092,SMB,B2B,2024-04-30,178.05,178.05,retained_flat
U01097,SMB,B2B,2023-01-31,149.92,,new
U01097,SMB,B2B,2023-02-28,149.92,149.92,retained_flat
U01097,SMB,B2B,2023-03-31,149.92,149.92,retained_flat
U01097,SMB,B2B,2023-04-30,149.92,149.92,retained_flat
U01097,SMB,B2B,2023-05-31,149.92,149.92,retained_flat
U01097,SMB,B2B,2023-06-30,149.92,149.92,retained_flat
U01097,SMB,B2B,2023-07-31,149.92,149.92,retained_flat
U01097,SMB,B2B,2023-08-31,149.92,149.92,retained_flat
U01097,SMB,B2B,2023-09-30,149.92,149.92,retained_flat
U01097,SMB,B2B,2023-10-31,149.92,149.92,retained_flat
U01097,SMB,B2B,2023-11-30,149.92,149.92,retained_flat
U01097,SMB,B2B,2023-12-31,149.92,149.92,retained_flat
U01097,SMB,B2B,2024-01-31,149.92,149.92,retained_flat
U01097,SMB,B2B,2024-02-29,149.92,149.92,retained_flat
U01097,SMB,B2B,2024-03-31,149.92,149.92,retained_flat
U01097,SMB,B2B,2024-04-30,149.92,149.92,retained_flat
U01106,B2C,B2C,2023-02-28,49.0,,new
U01106,B2C,B2C,2023-03-31,49.0,49.0,retained_flat
U01106,B2C,B2C,2023-04-30,49.0,49.0,retained_flat
U01106,B2C,B2C,2023-05-31,49.0,49.0,retained_flat
U01106,B2C,B2C,2023-06-30,49.0,49.0,retained_flat
U01106,B2C,B2C,2023-07-31,49.0,49.0,retained_flat
U01106,B2C,B2C,2023-08-31,0.0,49.0,churn
U01106,B2C,B2C,2023-09-30,0.0,0.0,inactive
U01106,B2C,B2C,2023-10-31,0.0,0.0,inactive
U01106,B2C,B2C,2023-11-30,0.0,0.0,inactive
U01106,B2C,B2C,2023-12-31,0.0,0.0,inactive
U01106,B2C,B2C,2024-01-31,0.0,0.0,inactive
U01106,B2C,B2C,2024-02-29,0.0,0.0,inactive
U01106,B2C,B2C,2024-03-31,0.0,0.0,inactive
U01106,B2C,B2C,2024-04-30,0.0,0.0,inactive
U01107,B2C,B2C,2023-02-28,49.0,,new
U01107,B2C,B2C,2023-03-31,49.0,49.0,retained_flat
U01107,B2C,B2C,2023-04-30,49.0,49.0,retained_flat
U01107,B2C,B2C,2023-05-31,49.0,49.0,retained_flat
U01107,B2C,B2C,2023-06-30,0.0,49.0,churn
U01107,B2C,B2C,2023-07-31,0.0,0.0,inactive
U01107,B2C,B2C,2023-08-31,0.0,0.0,inactive
U01107,B2C,B2C,2023-09-30,0.0,0.0,inactive
U01107,B2C,B2C,2023-10-31,0.0,0.0,inactive
U01107,B2C,B2C,2023-11-30,0.0,0.0,inactive
U01107,B2C,B2C,2023-12-31,0.0,0.0,inactive
U01107,B2C,B2C,2024-01-31,0.0,0.0,inactive
U01107,B2C,B2C,2024-02-29,0.0,0.0,inactive
U01107,B2C,B2C,2024-03-31,0.0,0.0,inactive
U01107,B2C,B2C,2024-04-30,0.0,0.0,inactive
U01111,B2C,B2C,2023-02-28,49.0,,new
U01111,B2C,B2C,2023-03-31,49.0,49.0,retained_flat
U01111,B2C,B2C,2023-04-30,49.0,49.0,retained_flat
U01111,B2C,B2C,2023-05-31,0.0,49.0,churn
U01111,B2C,B2C,2023-06-30,0.0,0.0,inactive
U01111,B2C,B2C,2023-07-31,0.0,0.0,inactive
U01111,B2C,B2C,2023-08-31,0.0,0.0,inactive
U01111,B2C,B2C,2023-09-30,0.0,0.0,inactive
U01111,B2C,B2C,2023-10-31,0.0,0.0,inactive
U01111,B2C,B2C,2023-11-30,0.0,0.0,inactive
U01111,B2C,B2C,2023-12-31,0.0,0.0,inactive
U01111,B2C,B2C,2024-01-31,0.0,0.0,inactive
U01111,B2C,B2C,2024-02-29,0.0,0.0,inactive
U01111,B2C,B2C,2024-03-31,0.0,0.0,inactive
U01111,B2C,B2C,2024-04-30,0.0,0.0,inactive
U01130,B2C,B2C,2023-02-28,49.0,,new
U01130,B2C,B2C,2023-03-31,49.0,49.0,retained_flat
U01130,B2C,B2C,2023-04-30,49.0,49.0,retained_flat
U01130,B2C,B2C,2023-05-31,49.0,49.0,retained_flat
U01130,B2C,B2C,2023-06-30,49.0,49.0,retained_flat
U01130,B2C,B2C,2023-07-31,49.0,49.0,retained_flat
U01130,B2C,B2C,2023-08-31,49.0,49.0,retained_flat
U01130,B2C,B2C,2023-09-30,49.0,49.0,retained_flat
U01130,B2C,B2C,2023-10-31,0.0,49.0,churn
U01130,B2C,B2C,2023-11-30,0.0,0.0,inactive
U01130,B2C,B2C,2023-12-31,0.0,0.0,inactive
U01130,B2C,B2C,2024-01-31,0.0,0.0,inactive
U01130,B2C,B2C,2024-02-29,0.0,0.0,inactive
U01130,B2C,B2C,2024-03-31,0.0,0.0,inactive
U01130,B2C,B2C,2024-04-30,0.0,0.0,inactive
U01131,B2C,B2C,2023-02-28,49.0,,new
U01131,B2C,B2C,2023-03-31,49.0,49.0,retained_flat
U01131,B2C,B2C,2023-04-30,0.0,49.0,churn
U01131,B2C,B2C,2023-05-31,0.0,0.0,inactive
U01131,B2C,B2C,2023-06-30,0.0,0.0,inactive
U01131,B2C,B2C,2023-07-31,0.0,0.0,inactive
U01131,B2C,B2C,2023-08-31,0.0,0.0,inactive
U01131,B2C,B2C,2023-09-30,0.0,0.0,inactive
U01131,B2C,B2C,2023-10-31,0.0,0.0,inactive
U01131,B2C,B2C,2023-11-30,0.0,0.0,inactive
U01131,B2C,B2C,2023-12-31,0.0,0.0,inactive
U01131,B2C,B2C,2024-01-31,0.0,0.0,inactive
U01131,B2C,B2C,2024-02-29,0.0,0.0,inactive
U01131,B2C,B2C,2024-03-31,0.0,0.0,inactive
U01131,B2C,B2C,2024-04-30,0.0,0.0,inactive
U01168,B2C,B2C,2023-02-28,49.0,,new
U01168,B2C,B2C,2023-03-31,49.0,49.0,retained_flat
U01168,B2C,B2C,2023-04-30,49.0,49.0,retained_flat
U01168,B2C,B2C,2023-05-31,49.0,49.0,retained_flat
U01168,B2C,B2C,2023-06-30,49.0,49.0,retained_flat
U01168,B2C,B2C,2023-07-31,49.0,49.0,retained_flat
U01168,B2C,B2C,2023-08-31,0.0,49.0,churn
U01168,B2C,B2C,2023-09-30,0.0,0.0,inactive
U01168,B2C,B2C,2023-10-31,0.0,0.0,inactive
U01168,B2C,B2C,2023-11-30,0.0,0.0,inactive
U01168,B2C,B2C,2023-12-31,0.0,0.0,inactive
U01168,B2C,B2C,2024-01-31,0.0,0.0,inactive
U01168,B2C,B2C,2024-02-29,0.0,0.0,inactive
U01168,B2C,B2C,2024-03-31,0.0,0.0,inactive
U01168,B2C,B2C,2024-04-30,0.0,0.0,inactive
U01174,B2C,B2C,2023-02-28,49.0,,new
U01174,B2C,B2C,2023-03-31,49.0,49.0,retained_flat
U01174,B2C,B2C,2023-04-30,49.0,49.0,retained_flat
U01174,B2C,B2C,2023-05-31,0.0,49.0,churn
U01174,B2C,B2C,2023-06-30,0.0,0.0,inactive
U01174,B2C,B2C,2023-07-31,0.0,0.0,inactive
U01174,B2C,B2C,2023-08-31,0.0,0.0,inactive
U01174,B2C,B2C,2023-09-30,0.0,0.0,inactive
U01174,B2C,B2C,2023-10-31,0.0,0.0,inactive
U01174,B2C,B2C,2023-11-30,0.0,0.0,inactive
U01174,B2C,B2C,2023-12-31,0.0,0.0,inactive
U01174,B2C,B2C,2024-01-31,0.0,0.0,inactive
U01174,B2C,B2C,2024-02-29,0.0,0.0,inactive
U01174,B2C,B2C,2024-03-31,0.0,0.0,inactive
U01174,B2C,B2C,2024-04-30,0.0,0.0,inactive
U01175,B2C,B2C,2023-02-28,49.0,,new
U01175,B2C,B2C,2023-03-31,49.0,49.0,retained_flat
U01175,B2C,B2C,2023-04-30,0.0,49.0,churn
U01175,B2C,B2C,2023-05-31,0.0,0.0,inactive
U01175,B2C,B2C,2023-06-30,0.0,0.0,inactive
U01175,B2C,B2C,2023-07-31,0.0,0.0,inactive
U01175,B2C,B2C,2023-08-31,0.0,0.0,inactive
U01175,B2C,B2C,2023-09-30,0.0,0.0,inactive
U01175,B2C,B2C,2023-10-31,0.0,0.0,inactive
U01175,B2C,B2C,2023-11-30,0.0,0.0,inactive
U01175,B2C,B2C,2023-12-31,0.0,0.0,inactive
U01175,B2C,B2C,2024-01-31,0.0,0.0,inactive
U01175,B2C,B2C,2024-02-29,0.0,0.0,inactive
U01175,B2C,B2C,2024-03-31,0.0,0.0,inactive
U01175,B2C,B2C,2024-04-30,0.0,0.0,inactive
U01201,Enterprise,B2B,2023-02-28,990.0,,new
U01201,Enterprise,B2B,2023-03-31,990.0,990.0,retained_flat
U01201,Enterprise,B2B,2023-04-30,0.0,990.0,churn
U01201,Enterprise,B2B,2023-05-31,0.0,0.0,inactive
U01201,Enterprise,B2B,2023-06-30,0.0,0.0,inactive
U01201,Enterprise,B2B,2023-07-31,0.0,0.0,inactive
U01201,Enterprise,B2B,2023-08-31,0.0,0.0,inactive
U01201,Enterprise,B2B,2023-09-30,0.0,0.0,inactive
U01201,Enterprise,B2B,2023-10-31,0.0,0.0,inactive
U01201,Enterprise,B2B,2023-11-30,0.0,0.0,inactive
U01201,Enterprise,B2B,2023-12-31,0.0,0.0,inactive
U01201,Enterprise,B2B,2024-01-31,0.0,0.0,inactive
U01201,Enterprise,B2B,2024-02-29,0.0,0.0,inactive
U01201,Enterprise,B2B,2024-03-31,0.0,0.0,inactive
U01201,Enterprise,B2B,2024-04-30,0.0,0.0,inactive
U01206,B2C,B2C,2023-03-31,49.0,,new
U01206,B2C,B2C,2023-04-30,49.0,49.0,retained_flat
U01206,B2C,B2C,2023-05-31,49.0,49.0,retained_flat
U01206,B2C,B2C,2023-06-30,49.0,49.0,retained_flat
U01206,B2C,B2C,2023-07-31,49.0,49.0,retained_flat
U01206,B2C,B2C,2023-08-31,0.0,49.0,churn
U01206,B2C,B2C,2023-09-30,0.0,0.0,inactive
U01206,B2C,B2C,2023-10-31,0.0,0.0,inactive
U01206,B2C,B2C,2023-11-30,0.0,0.0,inactive
U01206,B2C,B2C,2023-12-31,0.0,0.0,inactive
U01206,B2C,B2C,2024-01-31,0.0,0.0,inactive
U01206,B2C,B2C,2024-02-29,0.0,0.0,inactive
U01206,B2C,B2C,2024-03-31,0.0,0.0,inactive
U01206,B2C,B2C,2024-04-30,0.0,0.0,inactive
U01217,B2C,B2C,2023-03-31,49.0,,new
U01217,B2C,B2C,2023-04-30,49.0,49.0,retained_flat
U01217,B2C,B2C,2023-05-31,49.0,49.0,retained_flat
U01217,B2C,B2C,2023-06-30,49.0,49.0,retained_flat
U01217,B2C,B2C,2023-07-31,49.0,49.0,retained_flat
U01217,B2C,B2C,2023-08-31,49.0,49.0,retained_flat
U01217,B2C,B2C,2023-09-30,49.0,49.0,retained_flat
U01217,B2C,B2C,2023-10-31,0.0,49.0,churn
U01217,B2C,B2C,2023-11-30,0.0,0.0,inactive
U01217,B2C,B2C,2023-12-31,0.0,0.0,inactive
U01217,B2C,B2C,2024-01-31,0.0,0.0,inactive
U01217,B2C,B2C,2024-02-29,0.0,0.0,inactive
U01217,B2C,B2C,2024-03-31,0.0,0.0,inactive
U01217,B2C,B2C,2024-04-30,0.0,0.0,inactive
U01362,B2C,B2C,2023-04-30,49.0,,new
U01362,B2C,B2C,2023-05-31,49.0,49.0,retained_flat
U01362,B2C,B2C,2023-06-30,49.0,49.0,retained_flat
U01362,B2C,B2C,2023-07-31,49.0,49.0,retained_flat
U01362,B2C,B2C,2023-08-31,49.0,49.0,retained_flat
U01362,B2C,B2C,2023-09-30,49.0,49.0,retained_flat
U01362,B2C,B2C,2023-10-31,49.0,49.0,retained_flat
U01362,B2C,B2C,2023-11-30,49.0,49.0,retained_flat
U01362,B2C,B2C,2023-12-31,49.0,49.0,retained_flat
U01362,B2C,B2C,2024-01-31,49.0,49.0,retained_flat
U01362,B2C,B2C,2024-02-29,49.0,49.0,retained_flat
U01362,B2C,B2C,2024-03-31,0.0,49.0,churn
U01362,B2C,B2C,2024-04-30,0.0,0.0,inactive
U01396,B2C,B2C,2023-04-30,49.0,,new
U01396,B2C,B2C,2023-05-31,49.0,49.0,retained_flat
U01396,B2C,B2C,2023-06-30,49.0,49.0,retained_flat
U01396,B2C,B2C,2023-07-31,49.0,49.0,retained_flat
U01396,B2C,B2C,2023-08-31,49.0,49.0,retained_flat
U01396,B2C,B2C,2023-09-30,0.0,49.0,churn
U01396,B2C,B2C,2023-10-31,0.0,0.0,inactive
U01396,B2C,B2C,2023-11-30,0.0,0.0,inactive
U01396,B2C,B2C,2023-12-31,0.0,0.0,inactive
U01396,B2C,B2C,2024-01-31,0.0,0.0,inactive
U01396,B2C,B2C,2024-02-29,0.0,0.0,inactive
U01396,B2C,B2C,2024-03-31,0.0,0.0,inactive
U01396,B2C,B2C,2024-04-30,0.0,0.0,inactive
U01418,B2C,B2C,2023-04-30,49.0,,new
U01418,B2C,B2C,2023-05-31,49.0,49.0,retained_flat
U01418,B2C,B2C,2023-06-30,0.0,49.0,churn
U01418,B2C,B2C,2023-07-31,0.0,0.0,inactive
U01418,B2C,B2C,2023-08-31,0.0,0.0,inactive
U01418,B2C,B2C,2023-09-30,0.0,0.0,inactive
U01418,B2C,B2C,2023-10-31,0.0,0.0,inactive
U01418,B2C,B2C,2023-11-30,0.0,0.0,inactive
U01418,B2C,B2C,2023-12-31,0.0,0.0,inactive
U01418,B2C,B2C,2024-01-31,0.0,0.0,inactive
U01418,B2C,B2C,2024-02-29,0.0,0.0,inactive
U01418,B2C,B2C,2024-03-31,0.0,0.0,inactive
U01418,B2C,B2C,2024-04-30,0.0,0.0,inactive
U01420,B2C,B2C,2023-04-30,49.0,,new
U01420,B2C,B2C,2023-05-31,49.0,49.0,retained_flat
U01420,B2C,B2C,2023-06-30,49.0,49.0,retained_flat
U01420,B2C,B2C,2023-07-31,49.0,49.0,retained_flat
U01420,B2C,B2C,2023-08-31,49.0,49.0,retained_flat
U01420,B2C,B2C,2023-09-30,49.0,49.0,retained_flat
U01420,B2C,B2C,2023-10-31,49.0,49.0,retained_flat
U01420,B2C,B2C,2023-11-30,49.0,49.0,retained_flat
U01420,B2C,B2C,2023-12-31,0.0,49.0,churn
U01420,B2C,B2C,2024-01-31,0.0,0.0,inactive
U01420,B2C,B2C,2024-02-29,0.0,0.0,inactive
U01420,B2C,B2C,2024-03-31,0.0,0.0,inactive
U01420,B2C,B2C,2024-04-30,0.0,0.0,inactive
U01468,B2C,B2C,2023-05-31,33.25,,new
U01468,B2C,B2C,2023-06-30,33.25,33.25,retained_flat
U01468,B2C,B2C,2023-07-31,33.25,33.25,retained_flat
U01468,B2C,B2C,2023-08-31,33.25,33.25,retained_flat
U01468,B2C,B2C,2023-09-30,33.25,33.25,retained_flat
U01468,B2C,B2C,2023-10-31,33.25,33.25,retained_flat
U01468,B2C,B2C,2023-11-30,33.25,33.25,retained_flat
U01468,B2C,B2C,2023-12-31,33.25,33.25,retained_flat
U01468,B2C,B2C,2024-01-31,33.25,33.25,retained_flat
U01468,B2C,B2C,2024-02-29,33.25,33.25,retained_flat
U01468,B2C,B2C,2024-03-31,33.25,33.25,retained_flat
U01468,B2C,B2C,2024-04-30,33.25,33.25,retained_flat
U01480,B2C,B2C,2023-05-31,49.0,,new
U01480,B2C,B2C,2023-06-30,49.0,49.0,retained_flat
U01480,B2C,B2C,2023-07-31,49.0,49.0,retained_flat
U01480,B2C,B2C,2023-08-31,49.0,49.0,retained_flat
U01480,B2C,B2C,2023-09-30,49.0,49.0,retained_flat
U01480,B2C,B2C,2023-10-31,49.0,49.0,retained_flat
U01480,B2C,B2C,2023-11-30,49.0,49.0,retained_flat
U01480,B2C,B2C,2023-12-31,49.0,49.0,retained_flat
U01480,B2C,B2C,2024-01-31,49.0,49.0,retained_flat
U01480,B2C,B2C,2024-02-29,49.0,49.0,retained_flat
U01480,B2C,B2C,2024-03-31,49.0,49.0,retained_flat
U01480,B2C,B2C,2024-04-30,49.0,49.0,retained_flat
U01483,B2C,B2C,2023-05-31,49.0,,new
U01483,B2C,B2C,2023-06-30,49.0,49.0,retained_flat
U01483,B2C,B2C,2023-07-31,49.0,49.0,retained_flat
U01483,B2C,B2C,2023-08-31,49.0,49.0,retained_flat
U01483,B2C,B2C,2023-09-30,49.0,49.0,retained_flat
U01483,B2C,B2C,2023-10-31,49.0,49.0,retained_flat
U01483,B2C,B2C,2023-11-30,49.0,49.0,retained_flat
U01483,B2C,B2C,2023-12-31,49.0,49.0,retained_flat
U01483,B2C,B2C,2024-01-31,49.0,49.0,retained_flat
U01483,B2C,B2C,2024-02-29,49.0,49.0,retained_flat
U01483,B2C,B2C,2024-03-31,0.0,49.0,churn
U01483,B2C,B2C,2024-04-30,0.0,0.0,inactive
U01492,B2C,B2C,2023-05-31,49.0,,new
U01492,B2C,B2C,2023-06-30,49.0,49.0,retained_flat
U01492,B2C,B2C,2023-07-31,49.0,49.0,retained_flat
U01492,B2C,B2C,2023-08-31,49.0,49.0,retained_flat
U01492,B2C,B2C,2023-09-30,49.0,49.0,retained_flat
U01492,B2C,B2C,2023-10-31,0.0,49.0,churn
U01492,B2C,B2C,2023-11-30,0.0,0.0,inactive
U01492,B2C,B2C,2023-12-31,0.0,0.0,inactive
U01492,B2C,B2C,2024-01-31,0.0,0.0,inactive
U01492,B2C,B2C,2024-02-29,0.0,0.0,inactive
U01492,B2C,B2C,2024-03-31,0.0,0.0,inactive
U01492,B2C,B2C,2024-04-30,0.0,0.0,inactive
U01508,B2C,B2C,2023-05-31,33.25,,new
U01508,B2C,B2C,2023-06-30,33.25,33.25,retained_flat
U01508,B2C,B2C,2023-07-31,33.25,33.25,retained_flat
U01508,B2C,B2C,2023-08-31,33.25,33.25,retained_flat
U01508,B2C,B2C,2023-09-30,33.25,33.25,retained_flat
U01508,B2C,B2C,2023-10-31,33.25,33.25,retained_flat
U01508,B2C,B2C,2023-11-30,33.25,33.25,retained_flat
U01508,B2C,B2C,2023-12-31,33.25,33.25,retained_flat
U01508,B2C,B2C,2024-01-31,33.25,33.25,retained_flat
U01508,B2C,B2C,2024-02-29,33.25,33.25,retained_flat
U01508,B2C,B2C,2024-03-31,33.25,33.25,retained_flat
U01508,B2C,B2C,2024-04-30,33.25,33.25,retained_flat
U01513,B2C,B2C,2023-05-31,49.0,,new
U01513,B2C,B2C,2023-06-30,49.0,49.0,retained_flat
U01513,B2C,B2C,2023-07-31,49.0,49.0,retained_flat
U01513,B2C,B2C,2023-08-31,49.0,49.0,retained_flat
U01513,B2C,B2C,2023-09-30,49.0,49.0,retained_flat
U01513,B2C,B2C,2023-10-31,49.0,49.0,retained_flat
U01513,B2C,B2C,2023-11-30,49.0,49.0,retained_flat
U01513,B2C,B2C,2023-12-31,49.0,49.0,retained_flat
U01513,B2C,B2C,2024-01-31,49.0,49.0,retained_flat
U01513,B2C,B2C,2024-02-29,49.0,49.0,retained_flat
U01513,B2C,B2C,2024-03-31,49.0,49.0,retained_flat
U01513,B2C,B2C,2024-04-30,49.0,49.0,retained_flat
U01540,B2C,B2C,2023-05-31,49.0,,new
U01540,B2C,B2C,2023-06-30,49.0,49.0,retained_flat
U01540,B2C,B2C,2023-07-31,49.0,49.0,retained_flat
U01540,B2C,B2C,2023-08-31,49.0,49.0,retained_flat
U01540,B2C,B2C,2023-09-30,0.0,49.0,churn
U01540,B2C,B2C,2023-10-31,0.0,0.0,inactive
U01540,B2C,B2C,2023-11-30,0.0,0.0,inactive
U01540,B2C,B2C,2023-12-31,0.0,0.0,inactive
U01540,B2C,B2C,2024-01-31,0.0,0.0,inactive
U01540,B2C,B2C,2024-02-29,0.0,0.0,inactive
U01540,B2C,B2C,2024-03-31,0.0,0.0,inactive
U01540,B2C,B2C,2024-04-30,0.0,0.0,inactive
U01543,B2C,B2C,2023-05-31,49.0,,new
U01543,B2C,B2C,2023-06-30,49.0,49.0,retained_flat
U01543,B2C,B2C,2023-07-31,49.0,49.0,retained_flat
U01543,B2C,B2C,2023-08-31,49.0,49.0,retained_flat
U01543,B2C,B2C,2023-09-30,49.0,49.0,retained_flat
U01543,B2C,B2C,2023-10-31,49.0,49.0,retained_flat
U01543,B2C,B2C,2023-11-30,49.0,49.0,retained_flat
U01543,B2C,B2C,2023-12-31,49.0,49.0,retained_flat
U01543,B2C,B2C,2024-01-31,49.0,49.0,retained_flat
U01543,B2C,B2C,2024-02-29,49.0,49.0,retained_flat
U01543,B2C,B2C,2024-03-31,49.0,49.0,retained_flat
U01543,B2C,B2C,2024-04-30,49.0,49.0,retained_flat
U01561,SMB,B2B,2023-05-31,149.92,,new
U01561,SMB,B2B,2023-06-30,149.92,149.92,retained_flat
U01561,SMB,B2B,2023-07-31,149.92,149.92,retained_flat
U01561,SMB,B2B,2023-08-31,149.92,149.92,retained_flat
U01561,SMB,B2B,2023-09-30,149.92,149.92,retained_flat
U01561,SMB,B2B,2023-10-31,149.92,149.92,retained_flat
U01561,SMB,B2B,2023-11-30,149.92,149.92,retained_flat
U01561,SMB,B2B,2023-12-31,149.92,149.92,retained_flat
U01561,SMB,B2B,2024-01-31,149.92,149.92,retained_flat
U01561,SMB,B2B,2024-02-29,149.92,149.92,retained_flat
U01561,SMB,B2B,2024-03-31,149.92,149.92,retained_flat
U01561,SMB,B2B,2024-04-30,149.92,149.92,retained_flat
U01575,SMB,B2B,2023-05-31,149.92,,new
U01575,SMB,B2B,2023-06-30,149.92,149.92,retained_flat
U01575,SMB,B2B,2023-07-31,149.92,149.92,retained_flat
U01575,SMB,B2B,2023-08-31,149.92,149.92,retained_flat
U01575,SMB,B2B,2023-09-30,149.92,149.92,retained_flat
U01575,SMB,B2B,2023-10-31,149.92,149.92,retained_flat
U01575,SMB,B2B,2023-11-30,149.92,149.92,retained_flat
U01575,SMB,B2B,2023-12-31,149.92,149.92,retained_flat
U01575,SMB,B2B,2024-01-31,149.92,149.92,retained_flat
U01575,SMB,B2B,2024-02-29,149.92,149.92,retained_flat
U01575,SMB,B2B,2024-03-31,149.92,149.92,retained_flat
U01575,SMB,B2B,2024-04-30,149.92,149.92,retained_flat
U01585,B2C,B2C,2023-06-30,49.0,,new
U01585,B2C,B2C,2023-07-31,49.0,49.0,retained_flat
U01585,B2C,B2C,2023-08-31,49.0,49.0,retained_flat
U01585,B2C,B2C,2023-09-30,49.0,49.0,retained_flat
U01585,B2C,B2C,2023-10-31,49.0,49.0,retained_flat
U01585,B2C,B2C,2023-11-30,49.0,49.0,retained_flat
U01585,B2C,B2C,2023-12-31,49.0,49.0,retained_flat
U01585,B2C,B2C,2024-01-31,49.0,49.0,retained_flat
U01585,B2C,B2C,2024-02-29,49.0,49.0,retained_flat
U01585,B2C,B2C,2024-03-31,49.0,49.0,retained_flat
U01585,B2C,B2C,2024-04-30,49.0,49.0,retained_flat
U01623,B2C,B2C,2023-06-30,33.25,,new
U01623,B2C,B2C,2023-07-31,33.25,33.25,retained_flat
U01623,B2C,B2C,2023-08-31,33.25,33.25,retained_flat
U01623,B2C,B2C,2023-09-30,33.25,33.25,retained_flat
U01623,B2C,B2C,2023-10-31,33.25,33.25,retained_flat
U01623,B2C,B2C,2023-11-30,33.25,33.25,retained_flat
U01623,B2C,B2C,2023-12-31,33.25,33.25,retained_flat
U01623,B2C,B2C,2024-01-31,33.25,33.25,retained_flat
U01623,B2C,B2C,2024-02-29,33.25,33.25,retained_flat
U01623,B2C,B2C,2024-03-31,33.25,33.25,retained_flat
U01623,B2C,B2C,2024-04-30,33.25,33.25,retained_flat
U01625,B2C,B2C,2023-06-30,49.0,,new
U01625,B2C,B2C,2023-07-31,49.0,49.0,retained_flat
U01625,B2C,B2C,2023-08-31,49.0,49.0,retained_flat
U01625,B2C,B2C,2023-09-30,49.0,49.0,retained_flat
U01625,B2C,B2C,2023-10-31,0.0,49.0,churn
U01625,B2C,B2C,2023-11-30,0.0,0.0,inactive
U01625,B2C,B2C,2023-12-31,0.0,0.0,inactive
U01625,B2C,B2C,2024-01-31,0.0,0.0,inactive
U01625,B2C,B2C,2024-02-29,0.0,0.0,inactive
U01625,B2C,B2C,2024-03-31,0.0,0.0,inactive
U01625,B2C,B2C,2024-04-30,0.0,0.0,inactive
U01628,B2C,B2C,2023-06-30,33.25,,new
U01628,B2C,B2C,2023-07-31,33.25,33.25,retained_flat
U01628,B2C,B2C,2023-08-31,33.25,33.25,retained_flat
U01628,B2C,B2C,2023-09-30,33.25,33.25,retained_flat
U01628,B2C,B2C,2023-10-31,33.25,33.25,retained_flat
U01628,B2C,B2C,2023-11-30,33.25,33.25,retained_flat
U01628,B2C,B2C,2023-12-31,33.25,33.25,retained_flat
U01628,B2C,B2C,2024-01-31,33.25,33.25,retained_flat
U01628,B2C,B2C,2024-02-29,33.25,33.25,retained_flat
U01628,B2C,B2C,2024-03-31,33.25,33.25,retained_flat
U01628,B2C,B2C,2024-04-30,33.25,33.25,retained_flat
U01635,B2C,B2C,2023-06-30,49.0,,new
U01635,B2C,B2C,2023-07-31,49.0,49.0,retained_flat
U01635,B2C,B2C,2023-08-31,49.0,49.0,retained_flat
U01635,B2C,B2C,2023-09-30,49.0,49.0,retained_flat
U01635,B2C,B2C,2023-10-31,49.0,49.0,retained_flat
U01635,B2C,B2C,2023-11-30,49.0,49.0,retained_flat
U01635,B2C,B2C,2023-12-31,49.0,49.0,retained_flat
U01635,B2C,B2C,2024-01-31,49.0,49.0,retained_flat
U01635,B2C,B2C,2024-02-29,49.0,49.0,retained_flat
U01635,B2C,B2C,2024-03-31,49.0,49.0,retained_flat
U01635,B2C,B2C,2024-04-30,49.0,49.0,retained_flat
U01675,B2C,B2C,2023-06-30,33.25,,new
U01675,B2C,B2C,2023-07-31,33.25,33.25,retained_flat
U01675,B2C,B2C,2023-08-31,33.25,33.25,retained_flat
U01675,B2C,B2C,2023-09-30,33.25,33.25,retained_flat
U01675,B2C,B2C,2023-10-31,33.25,33.25,retained_flat
U01675,B2C,B2C,2023-11-30,33.25,33.25,retained_flat
U01675,B2C,B2C,2023-12-31,33.25,33.25,retained_flat
U01675,B2C,B2C,2024-01-31,33.25,33.25,retained_flat
U01675,B2C,B2C,2024-02-29,33.25,33.25,retained_flat
U01675,B2C,B2C,2024-03-31,33.25,33.25,retained_flat
U01675,B2C,B2C,2024-04-30,33.25,33.25,retained_flat
U01719,SMB,B2B,2023-06-30,149.92,,new
U01719,SMB,B2B,2023-07-31,149.92,149.92,retained_flat
U01719,SMB,B2B,2023-08-31,149.92,149.92,retained_flat
U01719,SMB,B2B,2023-09-30,149.92,149.92,retained_flat
U01719,SMB,B2B,2023-10-31,149.92,149.92,retained_flat
U01719,SMB,B2B,2023-11-30,149.92,149.92,retained_flat
U01719,SMB,B2B,2023-12-31,149.92,149.92,retained_flat
U01719,SMB,B2B,2024-01-31,149.92,149.92,retained_flat
U01719,SMB,B2B,2024-02-29,149.92,149.92,retained_flat
U01719,SMB,B2B,2024-03-31,149.92,149.92,retained_flat
U01719,SMB,B2B,2024-04-30,149.92,149.92,retained_flat
U01734,B2C,B2C,2023-07-31,33.25,,new
U01734,B2C,B2C,2023-08-31,33.25,33.25,retained_flat
U01734,B2C,B2C,2023-09-30,33.25,33.25,retained_flat
U01734,B2C,B2C,2023-10-31,33.25,33.25,retained_flat
U01734,B2C,B2C,2023-11-30,33.25,33.25,retained_flat
U01734,B2C,B2C,2023-12-31,33.25,33.25,retained_flat
U01734,B2C,B2C,2024-01-31,33.25,33.25,retained_flat
U01734,B2C,B2C,2024-02-29,33.25,33.25,retained_flat
U01734,B2C,B2C,2024-03-31,33.25,33.25,retained_flat
U01734,B2C,B2C,2024-04-30,33.25,33.25,retained_flat
U01755,B2C,B2C,2023-07-31,49.0,,new
U01755,B2C,B2C,2023-08-31,49.0,49.0,retained_flat
U01755,B2C,B2C,2023-09-30,49.0,49.0,retained_flat
U01755,B2C,B2C,2023-10-31,49.0,49.0,retained_flat
U01755,B2C,B2C,2023-11-30,0.0,49.0,churn
U01755,B2C,B2C,2023-12-31,0.0,0.0,inactive
U01755,B2C,B2C,2024-01-31,0.0,0.0,inactive
U01755,B2C,B2C,2024-02-29,0.0,0.0,inactive
U01755,B2C,B2C,2024-03-31,0.0,0.0,inactive
U01755,B2C,B2C,2024-04-30,0.0,0.0,inactive
U01782,B2C,B2C,2023-07-31,49.0,,new
U01782,B2C,B2C,2023-08-31,49.0,49.0,retained_flat
U01782,B2C,B2C,2023-09-30,49.0,49.0,retained_flat
U01782,B2C,B2C,2023-10-31,49.0,49.0,retained_flat
U01782,B2C,B2C,2023-11-30,49.0,49.0,retained_flat
U01782,B2C,B2C,2023-12-31,49.0,49.0,retained_flat
U01782,B2C,B2C,2024-01-31,49.0,49.0,retained_flat
U01782,B2C,B2C,2024-02-29,49.0,49.0,retained_flat
U01782,B2C,B2C,2024-03-31,49.0,49.0,retained_flat
U01782,B2C,B2C,2024-04-30,49.0,49.0,retained_flat
U01790,B2C,B2C,2023-07-31,33.25,,new
U01790,B2C,B2C,2023-08-31,33.25,33.25,retained_flat
U01790,B2C,B2C,2023-09-30,33.25,33.25,retained_flat
U01790,B2C,B2C,2023-10-31,33.25,33.25,retained_flat
U01790,B2C,B2C,2023-11-30,33.25,33.25,retained_flat
U01790,B2C,B2C,2023-12-31,33.25,33.25,retained_flat
U01790,B2C,B2C,2024-01-31,33.25,33.25,retained_flat
U01790,B2C,B2C,2024-02-29,33.25,33.25,retained_flat
U01790,B2C,B2C,2024-03-31,33.25,33.25,retained_flat
U01790,B2C,B2C,2024-04-30,33.25,33.25,retained_flat
U01824,B2C,B2C,2023-07-31,33.25,,new
U01824,B2C,B2C,2023-08-31,33.25,33.25,retained_flat
U01824,B2C,B2C,2023-09-30,33.25,33.25,retained_flat
U01824,B2C,B2C,2023-10-31,33.25,33.25,retained_flat
U01824,B2C,B2C,2023-11-30,33.25,33.25,retained_flat
U01824,B2C,B2C,2023-12-31,33.25,33.25,retained_flat
U01824,B2C,B2C,2024-01-31,33.25,33.25,retained_flat
U01824,B2C,B2C,2024-02-29,33.25,33.25,retained_flat
U01824,B2C,B2C,2024-03-31,33.25,33.25,retained_flat
U01824,B2C,B2C,2024-04-30,33.25,33.25,retained_flat
U01841,B2C,B2C,2023-07-31,49.0,,new
U01841,B2C,B2C,2023-08-31,49.0,49.0,retained_flat
U01841,B2C,B2C,2023-09-30,49.0,49.0,retained_flat
U01841,B2C,B2C,2023-10-31,49.0,49.0,retained_flat
U01841,B2C,B2C,2023-11-30,49.0,49.0,retained_flat
U01841,B2C,B2C,2023-12-31,49.0,49.0,retained_flat
U01841,B2C,B2C,2024-01-31,49.0,49.0,retained_flat
U01841,B2C,B2C,2024-02-29,0.0,49.0,churn
U01841,B2C,B2C,2024-03-31,0.0,0.0,inactive
U01841,B2C,B2C,2024-04-30,0.0,0.0,inactive
U01845,B2C,B2C,2023-07-31,49.0,,new
U01845,B2C,B2C,2023-08-31,49.0,49.0,retained_flat
U01845,B2C,B2C,2023-09-30,0.0,49.0,churn
U01845,B2C,B2C,2023-10-31,0.0,0.0,inactive
U01845,B2C,B2C,2023-11-30,0.0,0.0,inactive
U01845,B2C,B2C,2023-12-31,0.0,0.0,inactive
U01845,B2C,B2C,2024-01-31,0.0,0.0,inactive
U01845,B2C,B2C,2024-02-29,0.0,0.0,inactive
U01845,B2C,B2C,2024-03-31,0.0,0.0,inactive
U01845,B2C,B2C,2024-04-30,0.0,0.0,inactive
U01873,Enterprise,B2B,2023-07-31,825.0,,new
U01873,Enterprise,B2B,2023-08-31,825.0,825.0,retained_flat
U01873,Enterprise,B2B,2023-09-30,825.0,825.0,retained_flat
U01873,Enterprise,B2B,2023-10-31,825.0,825.0,retained_flat
U01873,Enterprise,B2B,2023-11-30,825.0,825.0,retained_flat
U01873,Enterprise,B2B,2023-12-31,825.0,825.0,retained_flat
U01873,Enterprise,B2B,2024-01-31,825.0,825.0,retained_flat
U01873,Enterprise,B2B,2024-02-29,825.0,825.0,retained_flat
U01873,Enterprise,B2B,2024-03-31,825.0,825.0,retained_flat
U01873,Enterprise,B2B,2024-04-30,825.0,825.0,retained_flat
U01893,B2C,B2C,2023-08-31,49.0,,new
U01893,B2C,B2C,2023-09-30,49.0,49.0,retained_flat
U01893,B2C,B2C,2023-10-31,49.0,49.0,retained_flat
U01893,B2C,B2C,2023-11-30,49.0,49.0,retained_flat
U01893,B2C,B2C,2023-12-31,49.0,49.0,retained_flat
U01893,B2C,B2C,2024-01-31,49.0,49.0,retained_flat
U01893,B2C,B2C,2024-02-29,49.0,49.0,retained_flat
U01893,B2C,B2C,2024-03-31,49.0,49.0,retained_flat
U01893,B2C,B2C,2024-04-30,49.0,49.0,retained_flat
U01914,B2C,B2C,2023-08-31,33.25,,new
U01914,B2C,B2C,2023-09-30,33.25,33.25,retained_flat
U01914,B2C,B2C,2023-10-31,33.25,33.25,retained_flat
U01914,B2C,B2C,2023-11-30,33.25,33.25,retained_flat
U01914,B2C,B2C,2023-12-31,33.25,33.25,retained_flat
U01914,B2C,B2C,2024-01-31,33.25,33.25,retained_flat
U01914,B2C,B2C,2024-02-29,33.25,33.25,retained_flat
U01914,B2C,B2C,2024-03-31,33.25,33.25,retained_flat
U01914,B2C,B2C,2024-04-30,33.25,33.25,retained_flat
U01916,B2C,B2C,2023-08-31,49.0,,new
U01916,B2C,B2C,2023-09-30,49.0,49.0,retained_flat
U01916,B2C,B2C,2023-10-31,49.0,49.0,retained_flat
U01916,B2C,B2C,2023-11-30,49.0,49.0,retained_flat
U01916,B2C,B2C,2023-12-31,49.0,49.0,retained_flat
U01916,B2C,B2C,2024-01-31,49.0,49.0,retained_flat
U01916,B2C,B2C,2024-02-29,49.0,49.0,retained_flat
U01916,B2C,B2C,2024-03-31,49.0,49.0,retained_flat
U01916,B2C,B2C,2024-04-30,49.0,49.0,retained_flat
U01918,B2C,B2C,2023-08-31,49.0,,new
U01918,B2C,B2C,2023-09-30,49.0,49.0,retained_flat
U01918,B2C,B2C,2023-10-31,49.0,49.0,retained_flat
U01918,B2C,B2C,2023-11-30,49.0,49.0,retained_flat
U01918,B2C,B2C,2023-12-31,49.0,49.0,retained_flat
U01918,B2C,B2C,2024-01-31,49.0,49.0,retained_flat
U01918,B2C,B2C,2024-02-29,49.0,49.0,retained_flat
U01918,B2C,B2C,2024-03-31,0.0,49.0,churn
U01918,B2C,B2C,2024-04-30,0.0,0.0,inactive
U01929,B2C,B2C,2023-08-31,33.25,,new
U01929,B2C,B2C,2023-09-30,33.25,33.25,retained_flat
U01929,B2C,B2C,2023-10-31,33.25,33.25,retained_flat
U01929,B2C,B2C,2023-11-30,33.25,33.25,retained_flat
U01929,B2C,B2C,2023-12-31,33.25,33.25,retained_flat
U01929,B2C,B2C,2024-01-31,33.25,33.25,retained_flat
U01929,B2C,B2C,2024-02-29,33.25,33.25,retained_flat
U01929,B2C,B2C,2024-03-31,33.25,33.25,retained_flat
U01929,B2C,B2C,2024-04-30,33.25,33.25,retained_flat
U01941,B2C,B2C,2023-08-31,33.25,,new
U01941,B2C,B2C,2023-09-30,33.25,33.25,retained_flat
U01941,B2C,B2C,2023-10-31,33.25,33.25,retained_flat
U01941,B2C,B2C,2023-11-30,33.25,33.25,retained_flat
U01941,B2C,B2C,2023-12-31,33.25,33.25,retained_flat
U01941,B2C,B2C,2024-01-31,33.25,33.25,retained_flat
U01941,B2C,B2C,2024-02-29,33.25,33.25,retained_flat
U01941,B2C,B2C,2024-03-31,33.25,33.25,retained_flat
U01941,B2C,B2C,2024-04-30,33.25,33.25,retained_flat
U01981,B2C,B2C,2023-08-31,49.0,,new
U01981,B2C,B2C,2023-09-30,0.0,49.0,churn
U01981,B2C,B2C,2023-10-31,0.0,0.0,inactive
U01981,B2C,B2C,2023-11-30,0.0,0.0,inactive
U01981,B2C,B2C,2023-12-31,0.0,0.0,inactive
U01981,B2C,B2C,2024-01-31,0.0,0.0,inactive
U01981,B2C,B2C,2024-02-29,0.0,0.0,inactive
U01981,B2C,B2C,2024-03-31,0.0,0.0,inactive
U01981,B2C,B2C,2024-04-30,0.0,0.0,inactive
U01982,B2C,B2C,2023-08-31,49.0,,new
U01982,B2C,B2C,2023-09-30,49.0,49.0,retained_flat
U01982,B2C,B2C,2023-10-31,49.0,49.0,retained_flat
U01982,B2C,B2C,2023-11-30,49.0,49.0,retained_flat
U01982,B2C,B2C,2023-12-31,49.0,49.0,retained_flat
U01982,B2C,B2C,2024-01-31,49.0,49.0,retained_flat
U01982,B2C,B2C,2024-02-29,49.0,49.0,retained_flat
U01982,B2C,B2C,2024-03-31,49.0,49.0,retained_flat
U01982,B2C,B2C,2024-04-30,49.0,49.0,retained_flat
U02004,B2C,B2C,2023-08-31,49.0,,new
U02004,B2C,B2C,2023-09-30,49.0,49.0,retained_flat
U02004,B2C,B2C,2023-10-31,49.0,49.0,retained_flat
U02004,B2C,B2C,2023-11-30,49.0,49.0,retained_flat
U02004,B2C,B2C,2023-12-31,49.0,49.0,retained_flat
U02004,B2C,B2C,2024-01-31,49.0,49.0,retained_flat
U02004,B2C,B2C,2024-02-29,49.0,49.0,retained_flat
U02004,B2C,B2C,2024-03-31,0.0,49.0,churn
U02004,B2C,B2C,2024-04-30,0.0,0.0,inactive
U02026,SMB,B2B,2023-08-31,149.92,,new
U02026,SMB,B2B,2023-09-30,149.92,149.92,retained_flat
U02026,SMB,B2B,2023-10-31,149.92,149.92,retained_flat
U02026,SMB,B2B,2023-11-30,149.92,149.92,retained_flat
U02026,SMB,B2B,2023-12-31,149.92,149.92,retained_flat
U02026,SMB,B2B,2024-01-31,149.92,149.92,retained_flat
U02026,SMB,B2B,2024-02-29,149.92,149.92,retained_flat
U02026,SMB,B2B,2024-03-31,149.92,149.92,retained_flat
U02026,SMB,B2B,2024-04-30,149.92,149.92,retained_flat
U02033,Enterprise,B2B,2023-08-31,825.0,,new
U02033,Enterprise,B2B,2023-09-30,825.0,825.0,retained_flat
U02033,Enterprise,B2B,2023-10-31,825.0,825.0,retained_flat
U02033,Enterprise,B2B,2023-11-30,825.0,825.0,retained_flat
U02033,Enterprise,B2B,2023-12-31,825.0,825.0,retained_flat
U02033,Enterprise,B2B,2024-01-31,825.0,825.0,retained_flat
U02033,Enterprise,B2B,2024-02-29,825.0,825.0,retained_flat
U02033,Enterprise,B2B,2024-03-31,825.0,825.0,retained_flat
U02033,Enterprise,B2B,2024-04-30,825.0,825.0,retained_flat
U02035,Enterprise,B2B,2023-08-31,825.0,,new
U02035,Enterprise,B2B,2023-09-30,825.0,825.0,retained_flat
U02035,Enterprise,B2B,2023-10-31,825.0,825.0,retained_flat
U02035,Enterprise,B2B,2023-11-30,825.0,825.0,retained_flat
U02035,Enterprise,B2B,2023-12-31,825.0,825.0,retained_flat
U02035,Enterprise,B2B,2024-01-31,825.0,825.0,retained_flat
U02035,Enterprise,B2B,2024-02-29,825.0,825.0,retained_flat
U02035,Enterprise,B2B,2024-03-31,825.0,825.0,retained_flat
U02035,Enterprise,B2B,2024-04-30,825.0,825.0,retained_flat
U02042,B2C,B2C,2023-09-30,49.0,,new
U02042,B2C,B2C,2023-10-31,49.0,49.0,retained_flat
U02042,B2C,B2C,2023-11-30,49.0,49.0,retained_flat
U02042,B2C,B2C,2023-12-31,49.0,49.0,retained_flat
U02042,B2C,B2C,2024-01-31,49.0,49.0,retained_flat
U02042,B2C,B2C,2024-02-29,49.0,49.0,retained_flat
U02042,B2C,B2C,2024-03-31,49.0,49.0,retained_flat
U02042,B2C,B2C,2024-04-30,0.0,49.0,churn
U02044,B2C,B2C,2023-09-30,49.0,,new
U02044,B2C,B2C,2023-10-31,49.0,49.0,retained_flat
U02044,B2C,B2C,2023-11-30,49.0,49.0,retained_flat
U02044,B2C,B2C,2023-12-31,49.0,49.0,retained_flat
U02044,B2C,B2C,2024-01-31,49.0,49.0,retained_flat
U02044,B2C,B2C,2024-02-29,49.0,49.0,retained_flat
U02044,B2C,B2C,2024-03-31,49.0,49.0,retained_flat
U02044,B2C,B2C,2024-04-30,49.0,49.0,retained_flat
U02097,B2C,B2C,2023-09-30,49.0,,new
U02097,B2C,B2C,2023-10-31,49.0,49.0,retained_flat
U02097,B2C,B2C,2023-11-30,49.0,49.0,retained_flat
U02097,B2C,B2C,2023-12-31,49.0,49.0,retained_flat
U02097,B2C,B2C,2024-01-31,49.0,49.0,retained_flat
U02097,B2C,B2C,2024-02-29,49.0,49.0,retained_flat
U02097,B2C,B2C,2024-03-31,49.0,49.0,retained_flat
U02097,B2C,B2C,2024-04-30,49.0,49.0,retained_flat
U02109,B2C,B2C,2023-09-30,49.0,,new
U02109,B2C,B2C,2023-10-31,49.0,49.0,retained_flat
U02109,B2C,B2C,2023-11-30,49.0,49.0,retained_flat
U02109,B2C,B2C,2023-12-31,49.0,49.0,retained_flat
U02109,B2C,B2C,2024-01-31,49.0,49.0,retained_flat
U02109,B2C,B2C,2024-02-29,49.0,49.0,retained_flat
U02109,B2C,B2C,2024-03-31,0.0,49.0,churn
U02109,B2C,B2C,2024-04-30,0.0,0.0,inactive
U02112,B2C,B2C,2023-09-30,49.0,,new
U02112,B2C,B2C,2023-10-31,49.0,49.0,retained_flat
U02112,B2C,B2C,2023-11-30,49.0,49.0,retained_flat
U02112,B2C,B2C,2023-12-31,49.0,49.0,retained_flat
U02112,B2C,B2C,2024-01-31,49.0,49.0,retained_flat
U02112,B2C,B2C,2024-02-29,49.0,49.0,retained_flat
U02112,B2C,B2C,2024-03-31,49.0,49.0,retained_flat
U02112,B2C,B2C,2024-04-30,49.0,49.0,retained_flat
U02118,B2C,B2C,2023-09-30,49.0,,new
U02118,B2C,B2C,2023-10-31,49.0,49.0,retained_flat
U02118,B2C,B2C,2023-11-30,49.0,49.0,retained_flat
U02118,B2C,B2C,2023-12-31,49.0,49.0,retained_flat
U02118,B2C,B2C,2024-01-31,49.0,49.0,retained_flat
U02118,B2C,B2C,2024-02-29,49.0,49.0,retained_flat
U02118,B2C,B2C,2024-03-31,49.0,49.0,retained_flat
U02118,B2C,B2C,2024-04-30,49.0,49.0,retained_flat
U02161,B2C,B2C,2023-09-30,49.0,,new
U02161,B2C,B2C,2023-10-31,49.0,49.0,retained_flat
U02161,B2C,B2C,2023-11-30,49.0,49.0,retained_flat
U02161,B2C,B2C,2023-12-31,49.0,49.0,retained_flat
U02161,B2C,B2C,2024-01-31,49.0,49.0,retained_flat
U02161,B2C,B2C,2024-02-29,49.0,49.0,retained_flat
U02161,B2C,B2C,2024-03-31,49.0,49.0,retained_flat
U02161,B2C,B2C,2024-04-30,49.0,49.0,retained_flat
U02166,B2C,B2C,2023-09-30,49.0,,new
U02166,B2C,B2C,2023-10-31,0.0,49.0,churn
U02166,B2C,B2C,2023-11-30,0.0,0.0,inactive
U02166,B2C,B2C,2023-12-31,0.0,0.0,inactive
U02166,B2C,B2C,2024-01-31,0.0,0.0,inactive
U02166,B2C,B2C,2024-02-29,0.0,0.0,inactive
U02166,B2C,B2C,2024-03-31,0.0,0.0,inactive
U02166,B2C,B2C,2024-04-30,0.0,0.0,inactive
U02219,B2C,B2C,2023-10-31,33.25,,new
U02219,B2C,B2C,2023-11-30,33.25,33.25,retained_flat
U02219,B2C,B2C,2023-12-31,33.25,33.25,retained_flat
U02219,B2C,B2C,2024-01-31,33.25,33.25,retained_flat
U02219,B2C,B2C,2024-02-29,33.25,33.25,retained_flat
U02219,B2C,B2C,2024-03-31,33.25,33.25,retained_flat
U02219,B2C,B2C,2024-04-30,33.25,33.25,retained_flat
U02230,B2C,B2C,2023-10-31,33.25,,new
U02230,B2C,B2C,2023-11-30,33.25,33.25,retained_flat
U02230,B2C,B2C,2023-12-31,33.25,33.25,retained_flat
U02230,B2C,B2C,2024-01-31,33.25,33.25,retained_flat
U02230,B2C,B2C,2024-02-29,33.25,33.25,retained_flat
U02230,B2C,B2C,2024-03-31,33.25,33.25,retained_flat
U02230,B2C,B2C,2024-04-30,33.25,33.25,retained_flat
U02237,B2C,B2C,2023-10-31,49.0,,new
U02237,B2C,B2C,2023-11-30,0.0,49.0,churn
U02237,B2C,B2C,2023-12-31,0.0,0.0,inactive
U02237,B2C,B2C,2024-01-31,0.0,0.0,inactive
U02237,B2C,B2C,2024-02-29,0.0,0.0,inactive
U02237,B2C,B2C,2024-03-31,0.0,0.0,inactive
U02237,B2C,B2C,2024-04-30,0.0,0.0,inactive
U02238,B2C,B2C,2023-10-31,33.25,,new
U02238,B2C,B2C,2023-11-30,33.25,33.25,retained_flat
U02238,B2C,B2C,2023-12-31,33.25,33.25,retained_flat
U02238,B2C,B2C,2024-01-31,33.25,33.25,retained_flat
U02238,B2C,B2C,2024-02-29,33.25,33.25,retained_flat
U02238,B2C,B2C,2024-03-31,33.25,33.25,retained_flat
U02238,B2C,B2C,2024-04-30,33.25,33.25,retained_flat
U02261,B2C,B2C,2023-10-31,33.25,,new
U02261,B2C,B2C,2023-11-30,33.25,33.25,retained_flat
U02261,B2C,B2C,2023-12-31,33.25,33.25,retained_flat
U02261,B2C,B2C,2024-01-31,33.25,33.25,retained_flat
U02261,B2C,B2C,2024-02-29,33.25,33.25,retained_flat
U02261,B2C,B2C,2024-03-31,33.25,33.25,retained_flat
U02261,B2C,B2C,2024-04-30,33.25,33.25,retained_flat
U02319,B2C,B2C,2023-10-31,33.25,,new
U02319,B2C,B2C,2023-11-30,33.25,33.25,retained_flat
U02319,B2C,B2C,2023-12-31,33.25,33.25,retained_flat
U02319,B2C,B2C,2024-01-31,33.25,33.25,retained_flat
U02319,B2C,B2C,2024-02-29,33.25,33.25,retained_flat
U02319,B2C,B2C,2024-03-31,33.25,33.25,retained_flat
U02319,B2C,B2C,2024-04-30,33.25,33.25,retained_flat
U02323,B2C,B2C,2023-10-31,49.0,,new
U02323,B2C,B2C,2023-11-30,49.0,49.0,retained_flat
U02323,B2C,B2C,2023-12-31,49.0,49.0,retained_flat
U02323,B2C,B2C,2024-01-31,49.0,49.0,retained_flat
U02323,B2C,B2C,2024-02-29,49.0,49.0,retained_flat
U02323,B2C,B2C,2024-03-31,0.0,49.0,churn
U02323,B2C,B2C,2024-04-30,0.0,0.0,inactive
U02343,B2C,B2C,2023-10-31,49.0,,new
U02343,B2C,B2C,2023-11-30,49.0,49.0,retained_flat
U02343,B2C,B2C,2023-12-31,49.0,49.0,retained_flat
U02343,B2C,B2C,2024-01-31,49.0,49.0,retained_flat
U02343,B2C,B2C,2024-02-29,49.0,49.0,retained_flat
U02343,B2C,B2C,2024-03-31,49.0,49.0,retained_flat
U02343,B2C,B2C,2024-04-30,49.0,49.0,retained_flat
U02360,B2C,B2C,2023-10-31,49.0,,new
U02360,B2C,B2C,2023-11-30,49.0,49.0,retained_flat
U02360,B2C,B2C,2023-12-31,0.0,49.0,churn
U02360,B2C,B2C,2024-01-31,0.0,0.0,inactive
U02360,B2C,B2C,2024-02-29,0.0,0.0,inactive
U02360,B2C,B2C,2024-03-31,0.0,0.0,inactive
U02360,B2C,B2C,2024-04-30,0.0,0.0,inactive
U02363,B2C,B2C,2023-10-31,33.25,,new
U02363,B2C,B2C,2023-11-30,33.25,33.25,retained_flat
U02363,B2C,B2C,2023-12-31,33.25,33.25,retained_flat
U02363,B2C,B2C,2024-01-31,33.25,33.25,retained_flat
U02363,B2C,B2C,2024-02-29,33.25,33.25,retained_flat
U02363,B2C,B2C,2024-03-31,33.25,33.25,retained_flat
U02363,B2C,B2C,2024-04-30,33.25,33.25,retained_flat
U02368,B2C,B2C,2023-10-31,49.0,,new
U02368,B2C,B2C,2023-11-30,49.0,49.0,retained_flat
U02368,B2C,B2C,2023-12-31,49.0,49.0,retained_flat
U02368,B2C,B2C,2024-01-31,49.0,49.0,retained_flat
U02368,B2C,B2C,2024-02-29,49.0,49.0,retained_flat
U02368,B2C,B2C,2024-03-31,49.0,49.0,retained_flat
U02368,B2C,B2C,2024-04-30,49.0,49.0,retained_flat
U02373,SMB,B2B,2023-10-31,149.92,,new
U02373,SMB,B2B,2023-11-30,149.92,149.92,retained_flat
U02373,SMB,B2B,2023-12-31,149.92,149.92,retained_flat
U02373,SMB,B2B,2024-01-31,149.92,149.92,retained_flat
U02373,SMB,B2B,2024-02-29,149.92,149.92,retained_flat
U02373,SMB,B2B,2024-03-31,149.92,149.92,retained_flat
U02373,SMB,B2B,2024-04-30,149.92,149.92,retained_flat
U02390,SMB,B2B,2023-10-31,149.92,,new
U02390,SMB,B2B,2023-11-30,149.92,149.92,retained_flat
U02390,SMB,B2B,2023-12-31,149.92,149.92,retained_flat
U02390,SMB,B2B,2024-01-31,149.92,149.92,retained_flat
U02390,SMB,B2B,2024-02-29,149.92,149.92,retained_flat
U02390,SMB,B2B,2024-03-31,149.92,149.92,retained_flat
U02390,SMB,B2B,2024-04-30,149.92,149.92,retained_flat
U02416,B2C,B2C,2023-11-30,33.25,,new
U02416,B2C,B2C,2023-12-31,33.25,33.25,retained_flat
U02416,B2C,B2C,2024-01-31,33.25,33.25,retained_flat
U02416,B2C,B2C,2024-02-29,33.25,33.25,retained_flat
U02416,B2C,B2C,2024-03-31,33.25,33.25,retained_flat
U02416,B2C,B2C,2024-04-30,33.25,33.25,retained_flat
U02418,B2C,B2C,2023-11-30,33.25,,new
U02418,B2C,B2C,2023-12-31,33.25,33.25,retained_flat
U02418,B2C,B2C,2024-01-31,33.25,33.25,retained_flat
U02418,B2C,B2C,2024-02-29,33.25,33.25,retained_flat
U02418,B2C,B2C,2024-03-31,33.25,33.25,retained_flat
U02418,B2C,B2C,2024-04-30,33.25,33.25,retained_flat
U02427,B2C,B2C,2023-11-30,49.0,,new
U02427,B2C,B2C,2023-12-31,0.0,49.0,churn
U02427,B2C,B2C,2024-01-31,0.0,0.0,inactive
U02427,B2C,B2C,2024-02-29,0.0,0.0,inactive
U02427,B2C,B2C,2024-03-31,0.0,0.0,inactive
U02427,B2C,B2C,2024-04-30,0.0,0.0,inactive
U02429,B2C,B2C,2023-11-30,49.0,,new
U02429,B2C,B2C,2023-12-31,49.0,49.0,retained_flat
U02429,B2C,B2C,2024-01-31,49.0,49.0,retained_flat
U02429,B2C,B2C,2024-02-29,49.0,49.0,retained_flat
U02429,B2C,B2C,2024-03-31,49.0,49.0,retained_flat
U02429,B2C,B2C,2024-04-30,49.0,49.0,retained_flat
U02459,B2C,B2C,2023-11-30,49.0,,new
U02459,B2C,B2C,2023-12-31,49.0,49.0,retained_flat
U02459,B2C,B2C,2024-01-31,49.0,49.0,retained_flat
U02459,B2C,B2C,2024-02-29,49.0,49.0,retained_flat
U02459,B2C,B2C,2024-03-31,49.0,49.0,retained_flat
U02459,B2C,B2C,2024-04-30,49.0,49.0,retained_flat
U02464,B2C,B2C,2023-11-30,49.0,,new
U02464,B2C,B2C,2023-12-31,49.0,49.0,retained_flat
U02464,B2C,B2C,2024-01-31,0.0,49.0,churn
U02464,B2C,B2C,2024-02-29,0.0,0.0,inactive
U02464,B2C,B2C,2024-03-31,0.0,0.0,inactive
U02464,B2C,B2C,2024-04-30,0.0,0.0,inactive
U02466,B2C,B2C,2023-11-30,33.25,,new
U02466,B2C,B2C,2023-12-31,33.25,33.25,retained_flat
U02466,B2C,B2C,2024-01-31,33.25,33.25,retained_flat
U02466,B2C,B2C,2024-02-29,33.25,33.25,retained_flat
U02466,B2C,B2C,2024-03-31,33.25,33.25,retained_flat
U02466,B2C,B2C,2024-04-30,33.25,33.25,retained_flat
U02479,B2C,B2C,2023-11-30,33.25,,new
U02479,B2C,B2C,2023-12-31,33.25,33.25,retained_flat
U02479,B2C,B2C,2024-01-31,33.25,33.25,retained_flat
U02479,B2C,B2C,2024-02-29,33.25,33.25,retained_flat
U02479,B2C,B2C,2024-03-31,33.25,33.25,retained_flat
U02479,B2C,B2C,2024-04-30,33.25,33.25,retained_flat
U02491,B2C,B2C,2023-11-30,33.25,,new
U02491,B2C,B2C,2023-12-31,33.25,33.25,retained_flat
U02491,B2C,B2C,2024-01-31,33.25,33.25,retained_flat
U02491,B2C,B2C,2024-02-29,33.25,33.25,retained_flat
U02491,B2C,B2C,2024-03-31,33.25,33.25,retained_flat
U02491,B2C,B2C,2024-04-30,33.25,33.25,retained_flat
U02504,B2C,B2C,2023-11-30,33.25,,new
U02504,B2C,B2C,2023-12-31,33.25,33.25,retained_flat
U02504,B2C,B2C,2024-01-31,33.25,33.25,retained_flat
U02504,B2C,B2C,2024-02-29,33.25,33.25,retained_flat
U02504,B2C,B2C,2024-03-31,33.25,33.25,retained_flat
U02504,B2C,B2C,2024-04-30,33.25,33.25,retained_flat
U02517,B2C,B2C,2023-11-30,49.0,,new
U02517,B2C,B2C,2023-12-31,49.0,49.0,retained_flat
U02517,B2C,B2C,2024-01-31,49.0,49.0,retained_flat
U02517,B2C,B2C,2024-02-29,49.0,49.0,retained_flat
U02517,B2C,B2C,2024-03-31,49.0,49.0,retained_flat
U02517,B2C,B2C,2024-04-30,49.0,49.0,retained_flat
U02520,B2C,B2C,2023-11-30,49.0,,new
U02520,B2C,B2C,2023-12-31,49.0,49.0,retained_flat
U02520,B2C,B2C,2024-01-31,49.0,49.0,retained_flat
U02520,B2C,B2C,2024-02-29,49.0,49.0,retained_flat
U02520,B2C,B2C,2024-03-31,49.0,49.0,retained_flat
U02520,B2C,B2C,2024-04-30,49.0,49.0,retained_flat
U02606,B2C,B2C,2023-12-31,33.25,,new
U02606,B2C,B2C,2024-01-31,33.25,33.25,retained_flat
U02606,B2C,B2C,2024-02-29,33.25,33.25,retained_flat
U02606,B2C,B2C,2024-03-31,33.25,33.25,retained_flat
U02606,B2C,B2C,2024-04-30,33.25,33.25,retained_flat
U02618,B2C,B2C,2023-12-31,33.25,,new
U02618,B2C,B2C,2024-01-31,33.25,33.25,retained_flat
U02618,B2C,B2C,2024-02-29,33.25,33.25,retained_flat
U02618,B2C,B2C,2024-03-31,33.25,33.25,retained_flat
U02618,B2C,B2C,2024-04-30,33.25,33.25,retained_flat
U02632,B2C,B2C,2023-12-31,33.25,,new
U02632,B2C,B2C,2024-01-31,33.25,33.25,retained_flat
U02632,B2C,B2C,2024-02-29,33.25,33.25,retained_flat
U02632,B2C,B2C,2024-03-31,33.25,33.25,retained_flat
U02632,B2C,B2C,2024-04-30,33.25,33.25,retained_flat
U02660,B2C,B2C,2023-12-31,49.0,,new
U02660,B2C,B2C,2024-01-31,0.0,49.0,churn
U02660,B2C,B2C,2024-02-29,0.0,0.0,inactive
U02660,B2C,B2C,2024-03-31,0.0,0.0,inactive
U02660,B2C,B2C,2024-04-30,0.0,0.0,inactive
U02703,B2C,B2C,2023-12-31,33.25,,new
U02703,B2C,B2C,2024-01-31,33.25,33.25,retained_flat
U02703,B2C,B2C,2024-02-29,33.25,33.25,retained_flat
U02703,B2C,B2C,2024-03-31,33.25,33.25,retained_flat
U02703,B2C,B2C,2024-04-30,33.25,33.25,retained_flat
U02708,B2C,B2C,2023-12-31,49.0,,new
U02708,B2C,B2C,2024-01-31,49.0,49.0,retained_flat
U02708,B2C,B2C,2024-02-29,49.0,49.0,retained_flat
U02708,B2C,B2C,2024-03-31,49.0,49.0,retained_flat
U02708,B2C,B2C,2024-04-30,49.0,49.0,retained_flat
U02710,B2C,B2C,2023-12-31,33.25,,new
U02710,B2C,B2C,2024-01-31,33.25,33.25,retained_flat
U02710,B2C,B2C,2024-02-29,33.25,33.25,retained_flat
U02710,B2C,B2C,2024-03-31,33.25,33.25,retained_flat
U02710,B2C,B2C,2024-04-30,33.25,33.25,retained_flat
U02715,B2C,B2C,2023-12-31,33.25,,new
U02715,B2C,B2C,2024-01-31,33.25,33.25,retained_flat
U02715,B2C,B2C,2024-02-29,33.25,33.25,retained_flat
U02715,B2C,B2C,2024-03-31,33.25,33.25,retained_flat
U02715,B2C,B2C,2024-04-30,33.25,33.25,retained_flat
U02716,B2C,B2C,2023-12-31,49.0,,new
U02716,B2C,B2C,2024-01-31,49.0,49.0,retained_flat
U02716,B2C,B2C,2024-02-29,49.0,49.0,retained_flat
U02716,B2C,B2C,2024-03-31,49.0,49.0,retained_flat
U02716,B2C,B2C,2024-04-30,49.0,49.0,retained_flat
U02747,B2C,B2C,2023-12-31,33.25,,new
U02747,B2C,B2C,2024-01-31,33.25,33.25,retained_flat
U02747,B2C,B2C,2024-02-29,33.25,33.25,retained_flat
U02747,B2C,B2C,2024-03-31,33.25,33.25,retained_flat
U02747,B2C,B2C,2024-04-30,33.25,33.25,retained_flat
U02755,SMB,B2B,2023-12-31,199.0,,new
U02755,SMB,B2B,2024-01-31,199.0,199.0,retained_flat
U02755,SMB,B2B,2024-02-29,223.41,199.0,expansion
U02755,SMB,B2B,2024-03-31,223.41,223.41,retained_flat
U02755,SMB,B2B,2024-04-30,273.77,223.41,expansion
U02764,SMB,B2B,2023-12-31,199.0,,new
U02764,SMB,B2B,2024-01-31,199.0,199.0,retained_flat
U02764,SMB,B2B,2024-02-29,199.0,199.0,retained_flat
U02764,SMB,B2B,2024-03-31,199.0,199.0,retained_flat
U02764,SMB,B2B,2024-04-30,199.0,199.0,retained_flat
U02791,B2C,B2C,2024-01-31,49.0,,new
U02791,B2C,B2C,2024-02-29,49.0,49.0,retained_flat
U02791,B2C,B2C,2024-03-31,49.0,49.0,retained_flat
U02791,B2C,B2C,2024-04-30,49.0,49.0,retained_flat
U02852,B2C,B2C,2024-01-31,33.25,,new
U02852,B2C,B2C,2024-02-29,33.25,33.25,retained_flat
U02852,B2C,B2C,2024-03-31,33.25,33.25,retained_flat
U02852,B2C,B2C,2024-04-30,33.25,33.25,retained_flat
U02873,B2C,B2C,2024-01-31,49.0,,new
U02873,B2C,B2C,2024-02-29,49.0,49.0,retained_flat
U02873,B2C,B2C,2024-03-31,49.0,49.0,retained_flat
U02873,B2C,B2C,2024-04-30,49.0,49.0,retained_flat
U02884,B2C,B2C,2024-01-31,49.0,,new
U02884,B2C,B2C,2024-02-29,49.0,49.0,retained_flat
U02884,B2C,B2C,2024-03-31,49.0,49.0,retained_flat
U02884,B2C,B2C,2024-04-30,49.0,49.0,retained_flat
U02894,B2C,B2C,2024-01-31,49.0,,new
U02894,B2C,B2C,2024-02-29,49.0,49.0,retained_flat
U02894,B2C,B2C,2024-03-31,49.0,49.0,retained_flat
U02894,B2C,B2C,2024-04-30,49.0,49.0,retained_flat
U02895,B2C,B2C,2024-01-31,49.0,,new
U02895,B2C,B2C,2024-02-29,0.0,49.0,churn
U02895,B2C,B2C,2024-03-31,0.0,0.0,inactive
U02895,B2C,B2C,2024-04-30,0.0,0.0,inactive
U02904,B2C,B2C,2024-01-31,49.0,,new
U02904,B2C,B2C,2024-02-29,49.0,49.0,retained_flat
U02904,B2C,B2C,2024-03-31,49.0,49.0,retained_flat
U02904,B2C,B2C,2024-04-30,49.0,49.0,retained_flat
U02913,B2C,B2C,2024-01-31,49.0,,new
U02913,B2C,B2C,2024-02-29,49.0,49.0,retained_flat
U02913,B2C,B2C,2024-03-31,49.0,49.0,retained_flat
U02913,B2C,B2C,2024-04-30,49.0,49.0,retained_flat
U02954,B2C,B2C,2024-01-31,49.0,,new
U02954,B2C,B2C,2024-02-29,49.0,49.0,retained_flat
U02954,B2C,B2C,2024-03-31,49.0,49.0,retained_flat
U02954,B2C,B2C,2024-04-30,49.0,49.0,retained_flat
U02992,Enterprise,B2B,2024-01-31,825.0,,new
U02992,Enterprise,B2B,2024-02-29,825.0,825.0,retained_flat
U02992,Enterprise,B2B,2024-03-31,825.0,825.0,retained_flat
U02992,Enterprise,B2B,2024-04-30,825.0,825.0,retained_flat
U03048,B2C,B2C,2024-02-29,33.25,,new
U03048,B2C,B2C,2024-03-31,33.25,33.25,retained_flat
U03048,B2C,B2C,2024-04-30,33.25,33.25,retained_flat
U03087,B2C,B2C,2024-02-29,33.25,,new
U03087,B2C,B2C,2024-03-31,33.25,33.25,retained_flat
U03087,B2C,B2C,2024-04-30,33.25,33.25,retained_flat
U03102,B2C,B2C,2024-02-29,49.0,,new
U03102,B2C,B2C,2024-03-31,49.0,49.0,retained_flat
U03102,B2C,B2C,2024-04-30,49.0,49.0,retained_flat
U03109,B2C,B2C,2024-02-29,49.0,,new
U03109,B2C,B2C,2024-03-31,49.0,49.0,retained_flat
U03109,B2C,B2C,2024-04-30,49.0,49.0,retained_flat
U03125,B2C,B2C,2024-02-29,49.0,,new
U03125,B2C,B2C,2024-03-31,49.0,49.0,retained_flat
U03125,B2C,B2C,2024-04-30,0.0,49.0,churn
U03166,B2C,B2C,2024-02-29,49.0,,new
U03166,B2C,B2C,2024-03-31,49.0,49.0,retained_flat
U03166,B2C,B2C,2024-04-30,49.0,49.0,retained_flat
U03180,B2C,B2C,2024-02-29,49.0,,new
U03180,B2C,B2C,2024-03-31,49.0,49.0,retained_flat
U03180,B2C,B2C,2024-04-30,0.0,49.0,churn
U03182,B2C,B2C,2024-02-29,33.25,,new
U03182,B2C,B2C,2024-03-31,33.25,33.25,retained_flat
U03182,B2C,B2C,2024-04-30,33.25,33.25,retained_flat
U03196,SMB,B2B,2024-02-29,149.92,,new
U03196,SMB,B2B,2024-03-31,149.92,149.92,retained_flat
U03196,SMB,B2B,2024-04-30,149.92,149.92,retained_flat
U03242,B2C,B2C,2024-03-31,49.0,,new
U03242,B2C,B2C,2024-04-30,49.0,49.0,retained_flat
U03262,B2C,B2C,2024-03-31,49.0,,new
U03262,B2C,B2C,2024-04-30,49.0,49.0,retained_flat
U03279,B2C,B2C,2024-03-31,33.25,,new
U03279,B2C,B2C,2024-04-30,33.25,33.25,retained_flat
U03284,B2C,B2C,2024-03-31,49.0,,new
U03284,B2C,B2C,2024-04-30,49.0,49.0,retained_flat
U03296,B2C,B2C,2024-03-31,49.0,,new
U03296,B2C,B2C,2024-04-30,49.0,49.0,retained_flat
U03319,B2C,B2C,2024-03-31,49.0,,new
U03319,B2C,B2C,2024-04-30,49.0,49.0,retained_flat
U03331,B2C,B2C,2024-03-31,49.0,,new
U03331,B2C,B2C,2024-04-30,49.0,49.0,retained_flat
U03351,B2C,B2C,2024-03-31,49.0,,new
U03351,B2C,B2C,2024-04-30,49.0,49.0,retained_flat
U03397,B2C,B2C,2024-03-31,33.25,,new
U03397,B2C,B2C,2024-04-30,33.25,33.25,retained_flat
U03419,SMB,B2B,2024-03-31,199.0,,new
U03419,SMB,B2B,2024-04-30,218.88,199.0,expansion
U03437,SMB,B2B,2024-03-31,199.0,,new
U03437,SMB,B2B,2024-04-30,217.77,199.0,expansion
U03500,B2C,B2C,2024-04-30,33.25,,new
U03507,B2C,B2C,2024-04-30,49.0,,new
U03513,B2C,B2C,2024-04-30,49.0,,new
U03517,B2C,B2C,2024-04-30,49.0,,new
U03532,B2C,B2C,2024-04-30,33.25,,new
U03539,B2C,B2C,2024-04-30,49.0,,new
U03543,B2C,B2C,2024-04-30,49.0,,new
U03545,B2C,B2C,2024-04-30,49.0,,new
U03548,B2C,B2C,2024-04-30,49.0,,new
U03561,B2C,B2C,2024-04-30,49.0,,new
U03573,B2C,B2C,2024-04-30,33.25,,new
U03585,B2C,B2C,2024-04-30,49.0,,new
U03617,B2C,B2C,2024-04-30,49.0,,new
U03619,B2C,B2C,2024-04-30,33.25,,new
U03629,B2C,B2C,2024-04-30,49.0,,new
U03646,B2C,B2C,2024-04-30,49.0,,new
U03670,SMB,B2B,2024-04-30,149.92,,new
U01017,B2C,B2C,2023-01-31,49.0,,new
U01017,B2C,B2C,2023-02-28,0.0,49.0,churn
U01017,B2C,B2C,2023-03-31,0.0,0.0,inactive
U01017,B2C,B2C,2023-04-30,0.0,0.0,inactive
U01017,B2C,B2C,2023-05-31,0.0,0.0,inactive
U01017,B2C,B2C,2023-06-30,0.0,0.0,inactive
U01017,B2C,B2C,2023-07-31,0.0,0.0,inactive
U01017,B2C,B2C,2023-08-31,0.0,0.0,inactive
U01017,B2C,B2C,2023-09-30,0.0,0.0,inactive
U01017,B2C,B2C,2023-10-31,0.0,0.0,inactive
U01017,B2C,B2C,2023-11-30,0.0,0.0,inactive
U01017,B2C,B2C,2023-12-31,0.0,0.0,inactive
U01017,B2C,B2C,2024-01-31,0.0,0.0,inactive
U01017,B2C,B2C,2024-02-29,0.0,0.0,inactive
U01017,B2C,B2C,2024-03-31,0.0,0.0,inactive
U01017,B2C,B2C,2024-04-30,0.0,0.0,inactive
U01026,B2C,B2C,2023-01-31,49.0,,new
U01026,B2C,B2C,2023-02-28,0.0,49.0,churn
U01026,B2C,B2C,2023-03-31,0.0,0.0,inactive
U01026,B2C,B2C,2023-04-30,0.0,0.0,inactive
U01026,B2C,B2C,2023-05-31,0.0,0.0,inactive
U01026,B2C,B2C,2023-06-30,0.0,0.0,inactive
U01026,B2C,B2C,2023-07-31,0.0,0.0,inactive
U01026,B2C,B2C,2023-08-31,0.0,0.0,inactive
U01026,B2C,B2C,2023-09-30,0.0,0.0,inactive
U01026,B2C,B2C,2023-10-31,0.0,0.0,inactive
U01026,B2C,B2C,2023-11-30,0.0,0.0,inactive
U01026,B2C,B2C,2023-12-31,0.0,0.0,inactive
U01026,B2C,B2C,2024-01-31,0.0,0.0,inactive
U01026,B2C,B2C,2024-02-29,0.0,0.0,inactive
U01026,B2C,B2C,2024-03-31,0.0,0.0,inactive
U01026,B2C,B2C,2024-04-30,0.0,0.0,inactive
U01054,B2C,B2C,2023-01-31,49.0,,new
U01054,B2C,B2C,2023-02-28,49.0,49.0,retained_flat
U01054,B2C,B2C,2023-03-31,49.0,49.0,retained_flat
U01054,B2C,B2C,2023-04-30,49.0,49.0,retained_flat
U01054,B2C,B2C,2023-05-31,49.0,49.0,retained_flat
U01054,B2C,B2C,2023-06-30,49.0,49.0,retained_flat
U01054,B2C,B2C,2023-07-31,49.0,49.0,retained_flat
U01054,B2C,B2C,2023-08-31,49.0,49.0,retained_flat
U01054,B2C,B2C,2023-09-30,0.0,49.0,churn
U01054,B2C,B2C,2023-10-31,0.0,0.0,inactive
U01054,B2C,B2C,2023-11-30,0.0,0.0,inactive
U01054,B2C,B2C,2023-12-31,0.0,0.0,inactive
U01054,B2C,B2C,2024-01-31,0.0,0.0,inactive
U01054,B2C,B2C,2024-02-29,0.0,0.0,inactive
U01054,B2C,B2C,2024-03-31,0.0,0.0,inactive
U01054,B2C,B2C,2024-04-30,0.0,0.0,inactive
U01062,B2C,B2C,2023-01-31,33.25,,new
U01062,B2C,B2C,2023-02-28,33.25,33.25,retained_flat
U01062,B2C,B2C,2023-03-31,33.25,33.25,retained_flat
U01062,B2C,B2C,2023-04-30,33.25,33.25,retained_flat
U01062,B2C,B2C,2023-05-31,33.25,33.25,retained_flat
U01062,B2C,B2C,2023-06-30,33.25,33.25,retained_flat
U01062,B2C,B2C,2023-07-31,33.25,33.25,retained_flat
U01062,B2C,B2C,2023-08-31,33.25,33.25,retained_flat
U01062,B2C,B2C,2023-09-30,33.25,33.25,retained_flat
U01062,B2C,B2C,2023-10-31,33.25,33.25,retained_flat
U01062,B2C,B2C,2023-11-30,33.25,33.25,retained_flat
U01062,B2C,B2C,2023-12-31,33.25,33.25,retained_flat
U01062,B2C,B2C,2024-01-31,33.25,33.25,retained_flat
U01062,B2C,B2C,2024-02-29,33.25,33.25,retained_flat
U01062,B2C,B2C,2024-03-31,33.25,33.25,retained_flat
U01062,B2C,B2C,2024-04-30,33.25,33.25,retained_flat
U01073,B2C,B2C,2023-01-31,33.25,,new
U01073,B2C,B2C,2023-02-28,33.25,33.25,retained_flat
U01073,B2C,B2C,2023-03-31,33.25,33.25,retained_flat
U01073,B2C,B2C,2023-04-30,33.25,33.25,retained_flat
U01073,B2C,B2C,2023-05-31,33.25,33.25,retained_flat
U01073,B2C,B2C,2023-06-30,33.25,33.25,retained_flat
U01073,B2C,B2C,2023-07-31,33.25,33.25,retained_flat
U01073,B2C,B2C,2023-08-31,33.25,33.25,retained_flat
U01073,B2C,B2C,2023-09-30,33.25,33.25,retained_flat
U01073,B2C,B2C,2023-10-31,33.25,33.25,retained_flat
U01073,B2C,B2C,2023-11-30,33.25,33.25,retained_flat
U01073,B2C,B2C,2023-12-31,33.25,33.25,retained_flat
U01073,B2C,B2C,2024-01-31,33.25,33.25,retained_flat
U01073,B2C,B2C,2024-02-29,33.25,33.25,retained_flat
U01073,B2C,B2C,2024-03-31,33.25,33.25,retained_flat
U01073,B2C,B2C,2024-04-30,33.25,33.25,retained_flat
U01075,B2C,B2C,2023-01-31,49.0,,new
U01075,B2C,B2C,2023-02-28,0.0,49.0,churn
U01075,B2C,B2C,2023-03-31,0.0,0.0,inactive
U01075,B2C,B2C,2023-04-30,0.0,0.0,inactive
U01075,B2C,B2C,2023-05-31,0.0,0.0,inactive
U01075,B2C,B2C,2023-06-30,0.0,0.0,inactive
U01075,B2C,B2C,2023-07-31,0.0,0.0,inactive
U01075,B2C,B2C,2023-08-31,0.0,0.0,inactive
U01075,B2C,B2C,2023-09-30,0.0,0.0,inactive
U01075,B2C,B2C,2023-10-31,0.0,0.0,inactive
U01075,B2C,B2C,2023-11-30,0.0,0.0,inactive
U01075,B2C,B2C,2023-12-31,0.0,0.0,inactive
U01075,B2C,B2C,2024-01-31,0.0,0.0,inactive
U01075,B2C,B2C,2024-02-29,0.0,0.0,inactive
U01075,B2C,B2C,2024-03-31,0.0,0.0,inactive
U01075,B2C,B2C,2024-04-30,0.0,0.0,inactive
U01087,B2C,B2C,2023-01-31,49.0,,new
U01087,B2C,B2C,2023-02-28,49.0,49.0,retained_flat
U01087,B2C,B2C,2023-03-31,49.0,49.0,retained_flat
U01087,B2C,B2C,2023-04-30,49.0,49.0,retained_flat
U01087,B2C,B2C,2023-05-31,49.0,49.0,retained_flat
U01087,B2C,B2C,2023-06-30,49.0,49.0,retained_flat
U01087,B2C,B2C,2023-07-31,49.0,49.0,retained_flat
U01087,B2C,B2C,2023-08-31,49.0,49.0,retained_flat
U01087,B2C,B2C,2023-09-30,49.0,49.0,retained_flat
U01087,B2C,B2C,2023-10-31,49.0,49.0,retained_flat
U01087,B2C,B2C,2023-11-30,49.0,49.0,retained_flat
U01087,B2C,B2C,2023-12-31,0.0,49.0,churn
U01087,B2C,B2C,2024-01-31,0.0,0.0,inactive
U01087,B2C,B2C,2024-02-29,0.0,0.0,inactive
U01087,B2C,B2C,2024-03-31,0.0,0.0,inactive
U01087,B2C,B2C,2024-04-30,0.0,0.0,inactive
U01094,SMB,B2B,2023-01-31,199.0,,new
U01094,SMB,B2B,2023-02-28,221.66,199.0,expansion
U01094,SMB,B2B,2023-03-31,221.66,221.66,retained_flat
U01094,SMB,B2B,2023-04-30,221.66,221.66,retained_flat
U01094,SMB,B2B,2023-05-31,221.66,221.66,retained_flat
U01094,SMB,B2B,2023-06-30,221.66,221.66,retained_flat
U01094,SMB,B2B,2023-07-31,221.66,221.66,retained_flat
U01094,SMB,B2B,2023-08-31,254.67,221.66,expansion
U01094,SMB,B2B,2023-09-30,254.67,254.67,retained_flat
U01094,SMB,B2B,2023-10-31,254.67,254.67,retained_flat
U01094,SMB,B2B,2023-11-30,254.67,254.67,retained_flat
U01094,SMB,B2B,2023-12-31,274.03,254.67,expansion
U01094,SMB,B2B,2024-01-31,274.03,274.03,retained_flat
U01094,SMB,B2B,2024-02-29,310.92,274.03,expansion
U01094,SMB,B2B,2024-03-31,310.92,310.92,retained_flat
U01094,SMB,B2B,2024-04-30,327.5,310.92,expansion
U01125,B2C,B2C,2023-02-28,33.25,,new
U01125,B2C,B2C,2023-03-31,33.25,33.25,retained_flat
U01125,B2C,B2C,2023-04-30,33.25,33.25,retained_flat
U01125,B2C,B2C,2023-05-31,33.25,33.25,retained_flat
U01125,B2C,B2C,2023-06-30,33.25,33.25,retained_flat
U01125,B2C,B2C,2023-07-31,33.25,33.25,retained_flat
U01125,B2C,B2C,2023-08-31,33.25,33.25,retained_flat
U01125,B2C,B2C,2023-09-30,33.25,33.25,retained_flat
U01125,B2C,B2C,2023-10-31,33.25,33.25,retained_flat
U01125,B2C,B2C,2023-11-30,33.25,33.25,retained_flat
U01125,B2C,B2C,2023-12-31,33.25,33.25,retained_flat
U01125,B2C,B2C,2024-01-31,33.25,33.25,retained_flat
U01125,B2C,B2C,2024-02-29,33.25,33.25,retained_flat
U01125,B2C,B2C,2024-03-31,33.25,33.25,retained_flat
U01125,B2C,B2C,2024-04-30,33.25,33.25,retained_flat
U01166,B2C,B2C,2023-02-28,33.25,,new
U01166,B2C,B2C,2023-03-31,33.25,33.25,retained_flat
U01166,B2C,B2C,2023-04-30,33.25,33.25,retained_flat
U01166,B2C,B2C,2023-05-31,33.25,33.25,retained_flat
U01166,B2C,B2C,2023-06-30,33.25,33.25,retained_flat
U01166,B2C,B2C,2023-07-31,33.25,33.25,retained_flat
U01166,B2C,B2C,2023-08-31,33.25,33.25,retained_flat
U01166,B2C,B2C,2023-09-30,33.25,33.25,retained_flat
U01166,B2C,B2C,2023-10-31,33.25,33.25,retained_flat
U01166,B2C,B2C,2023-11-30,33.25,33.25,retained_flat
U01166,B2C,B2C,2023-12-31,33.25,33.25,retained_flat
U01166,B2C,B2C,2024-01-31,33.25,33.25,retained_flat
U01166,B2C,B2C,2024-02-29,33.25,33.25,retained_flat
U01166,B2C,B2C,2024-03-31,33.25,33.25,retained_flat
U01166,B2C,B2C,2024-04-30,33.25,33.25,retained_flat
U01194,SMB,B2B,2023-02-28,149.92,,new
U01194,SMB,B2B,2023-03-31,149.92,149.92,retained_flat
U01194,SMB,B2B,2023-04-30,149.92,149.92,retained_flat
U01194,SMB,B2B,2023-05-31,149.92,149.92,retained_flat
U01194,SMB,B2B,2023-06-30,149.92,149.92,retained_flat
U01194,SMB,B2B,2023-07-31,149.92,149.92,retained_flat
U01194,SMB,B2B,2023-08-31,149.92,149.92,retained_flat
U01194,SMB,B2B,2023-09-30,149.92,149.92,retained_flat
U01194,SMB,B2B,2023-10-31,149.92,149.92,retained_flat
U01194,SMB,B2B,2023-11-30,149.92,149.92,retained_flat
U01194,SMB,B2B,2023-12-31,149.92,149.92,retained_flat
U01194,SMB,B2B,2024-01-31,149.92,149.92,retained_flat
U01194,SMB,B2B,2024-02-29,166.94,149.92,expansion
U01194,SMB,B2B,2024-03-31,166.94,166.94,retained_flat
U01194,SMB,B2B,2024-04-30,166.94,166.94,retained_flat
U01204,B2C,B2C,2023-03-31,49.0,,new
U01204,B2C,B2C,2023-04-30,49.0,49.0,retained_flat
U01204,B2C,B2C,2023-05-31,49.0,49.0,retained_flat
U01204,B2C,B2C,2023-06-30,49.0,49.0,retained_flat
U01204,B2C,B2C,2023-07-31,49.0,49.0,retained_flat
U01204,B2C,B2C,2023-08-31,49.0,49.0,retained_flat
U01204,B2C,B2C,2023-09-30,49.0,49.0,retained_flat
U01204,B2C,B2C,2023-10-31,49.0,49.0,retained_flat
U01204,B2C,B2C,2023-11-30,49.0,49.0,retained_flat
U01204,B2C,B2C,2023-12-31,49.0,49.0,retained_flat
U01204,B2C,B2C,2024-01-31,49.0,49.0,retained_flat
U01204,B2C,B2C,2024-02-29,0.0,49.0,churn
U01204,B2C,B2C,2024-03-31,0.0,0.0,inactive
U01204,B2C,B2C,2024-04-30,0.0,0.0,inactive
U01212,B2C,B2C,2023-03-31,33.25,,new
U01212,B2C,B2C,2023-04-30,33.25,33.25,retained_flat
U01212,B2C,B2C,2023-05-31,33.25,33.25,retained_flat
U01212,B2C,B2C,2023-06-30,33.25,33.25,retained_flat
U01212,B2C,B2C,2023-07-31,33.25,33.25,retained_flat
U01212,B2C,B2C,2023-08-31,33.25,33.25,retained_flat
U01212,B2C,B2C,2023-09-30,33.25,33.25,retained_flat
U01212,B2C,B2C,2023-10-31,33.25,33.25,retained_flat
U01212,B2C,B2C,2023-11-30,33.25,33.25,retained_flat
U01212,B2C,B2C,2023-12-31,33.25,33.25,retained_flat
U01212,B2C,B2C,2024-01-31,33.25,33.25,retained_flat
U01212,B2C,B2C,2024-02-29,33.25,33.25,retained_flat
U01212,B2C,B2C,2024-03-31,33.25,33.25,retained_flat
U01212,B2C,B2C,2024-04-30,33.25,33.25,retained_flat
U01222,B2C,B2C,2023-03-31,33.25,,new
U01222,B2C,B2C,2023-04-30,33.25,33.25,retained_flat
U01222,B2C,B2C,2023-05-31,33.25,33.25,retained_flat
U01222,B2C,B2C,2023-06-30,33.25,33.25,retained_flat
U01222,B2C,B2C,2023-07-31,33.25,33.25,retained_flat
U01222,B2C,B2C,2023-08-31,33.25,33.25,retained_flat
U01222,B2C,B2C,2023-09-30,33.25,33.25,retained_flat
U01222,B2C,B2C,2023-10-31,33.25,33.25,retained_flat
U01222,B2C,B2C,2023-11-30,33.25,33.25,retained_flat
U01222,B2C,B2C,2023-12-31,33.25,33.25,retained_flat
U01222,B2C,B2C,2024-01-31,33.25,33.25,retained_flat
U01222,B2C,B2C,2024-02-29,33.25,33.25,retained_flat
U01222,B2C,B2C,2024-03-31,33.25,33.25,retained_flat
U01222,B2C,B2C,2024-04-30,33.25,33.25,retained_flat
U01226,B2C,B2C,2023-03-31,33.25,,new
U01226,B2C,B2C,2023-04-30,33.25,33.25,retained_flat
U01226,B2C,B2C,2023-05-31,33.25,33.25,retained_flat
U01226,B2C,B2C,2023-06-30,33.25,33.25,retained_flat
U01226,B2C,B2C,2023-07-31,33.25,33.25,retained_flat
U01226,B2C,B2C,2023-08-31,33.25,33.25,retained_flat
U01226,B2C,B2C,2023-09-30,33.25,33.25,retained_flat
U01226,B2C,B2C,2023-10-31,33.25,33.25,retained_flat
U01226,B2C,B2C,2023-11-30,33.25,33.25,retained_flat
U01226,B2C,B2C,2023-12-31,33.25,33.25,retained_flat
U01226,B2C,B2C,2024-01-31,33.25,33.25,retained_flat
U01226,B2C,B2C,2024-02-29,33.25,33.25,retained_flat
U01226,B2C,B2C,2024-03-31,33.25,33.25,retained_flat
U01226,B2C,B2C,2024-04-30,33.25,33.25,retained_flat
U01247,B2C,B2C,2023-03-31,33.25,,new
U01247,B2C,B2C,2023-04-30,33.25,33.25,retained_flat
U01247,B2C,B2C,2023-05-31,33.25,33.25,retained_flat
U01247,B2C,B2C,2023-06-30,33.25,33.25,retained_flat
U01247,B2C,B2C,2023-07-31,33.25,33.25,retained_flat
U01247,B2C,B2C,2023-08-31,33.25,33.25,retained_flat
U01247,B2C,B2C,2023-09-30,33.25,33.25,retained_flat
U01247,B2C,B2C,2023-10-31,33.25,33.25,retained_flat
U01247,B2C,B2C,2023-11-30,33.25,33.25,retained_flat
U01247,B2C,B2C,2023-12-31,33.25,33.25,retained_flat
U01247,B2C,B2C,2024-01-31,33.25,33.25,retained_flat
U01247,B2C,B2C,2024-02-29,33.25,33.25,retained_flat
U01247,B2C,B2C,2024-03-31,33.25,33.25,retained_flat
U01247,B2C,B2C,2024-04-30,33.25,33.25,retained_flat
U01262,B2C,B2C,2023-03-31,33.25,,new
U01262,B2C,B2C,2023-04-30,33.25,33.25,retained_flat
U01262,B2C,B2C,2023-05-31,33.25,33.25,retained_flat
U01262,B2C,B2C,2023-06-30,33.25,33.25,retained_flat
U01262,B2C,B2C,2023-07-31,33.25,33.25,retained_flat
U01262,B2C,B2C,2023-08-31,33.25,33.25,retained_flat
U01262,B2C,B2C,2023-09-30,33.25,33.25,retained_flat
U01262,B2C,B2C,2023-10-31,33.25,33.25,retained_flat
U01262,B2C,B2C,2023-11-30,33.25,33.25,retained_flat
U01262,B2C,B2C,2023-12-31,33.25,33.25,retained_flat
U01262,B2C,B2C,2024-01-31,33.25,33.25,retained_flat
U01262,B2C,B2C,2024-02-29,33.25,33.25,retained_flat
U01262,B2C,B2C,2024-03-31,33.25,33.25,retained_flat
U01262,B2C,B2C,2024-04-30,33.25,33.25,retained_flat
U01291,B2C,B2C,2023-03-31,49.0,,new
U01291,B2C,B2C,2023-04-30,49.0,49.0,retained_flat
U01291,B2C,B2C,2023-05-31,49.0,49.0,retained_flat
U01291,B2C,B2C,2023-06-30,49.0,49.0,retained_flat
U01291,B2C,B2C,2023-07-31,49.0,49.0,retained_flat
U01291,B2C,B2C,2023-08-31,49.0,49.0,retained_flat
U01291,B2C,B2C,2023-09-30,49.0,49.0,retained_flat
U01291,B2C,B2C,2023-10-31,0.0,49.0,churn
U01291,B2C,B2C,2023-11-30,0.0,0.0,inactive
U01291,B2C,B2C,2023-12-31,0.0,0.0,inactive
U01291,B2C,B2C,2024-01-31,0.0,0.0,inactive
U01291,B2C,B2C,2024-02-29,0.0,0.0,inactive
U01291,B2C,B2C,2024-03-31,0.0,0.0,inactive
U01291,B2C,B2C,2024-04-30,0.0,0.0,inactive
U01303,B2C,B2C,2023-03-31,49.0,,new
U01303,B2C,B2C,2023-04-30,49.0,49.0,retained_flat
U01303,B2C,B2C,2023-05-31,49.0,49.0,retained_flat
U01303,B2C,B2C,2023-06-30,49.0,49.0,retained_flat
U01303,B2C,B2C,2023-07-31,49.0,49.0,retained_flat
U01303,B2C,B2C,2023-08-31,49.0,49.0,retained_flat
U01303,B2C,B2C,2023-09-30,49.0,49.0,retained_flat
U01303,B2C,B2C,2023-10-31,49.0,49.0,retained_flat
U01303,B2C,B2C,2023-11-30,49.0,49.0,retained_flat
U01303,B2C,B2C,2023-12-31,49.0,49.0,retained_flat
U01303,B2C,B2C,2024-01-31,0.0,49.0,churn
U01303,B2C,B2C,2024-02-29,0.0,0.0,inactive
U01303,B2C,B2C,2024-03-31,0.0,0.0,inactive
U01303,B2C,B2C,2024-04-30,0.0,0.0,inactive
U01331,B2C,B2C,2023-04-30,49.0,,new
U01331,B2C,B2C,2023-05-31,49.0,49.0,retained_flat
U01331,B2C,B2C,2023-06-30,49.0,49.0,retained_flat
U01331,B2C,B2C,2023-07-31,49.0,49.0,retained_flat
U01331,B2C,B2C,2023-08-31,49.0,49.0,retained_flat
U01331,B2C,B2C,2023-09-30,49.0,49.0,retained_flat
U01331,B2C,B2C,2023-10-31,49.0,49.0,retained_flat
U01331,B2C,B2C,2023-11-30,49.0,49.0,retained_flat
U01331,B2C,B2C,2023-12-31,0.0,49.0,churn
U01331,B2C,B2C,2024-01-31,0.0,0.0,inactive
U01331,B2C,B2C,2024-02-29,0.0,0.0,inactive
U01331,B2C,B2C,2024-03-31,0.0,0.0,inactive
U01331,B2C,B2C,2024-04-30,0.0,0.0,inactive
U01395,B2C,B2C,2023-04-30,33.25,,new
U01395,B2C,B2C,2023-05-31,33.25,33.25,retained_flat
U01395,B2C,B2C,2023-06-30,33.25,33.25,retained_flat
U01395,B2C,B2C,2023-07-31,33.25,33.25,retained_flat
U01395,B2C,B2C,2023-08-31,33.25,33.25,retained_flat
U01395,B2C,B2C,2023-09-30,33.25,33.25,retained_flat
U01395,B2C,B2C,2023-10-31,33.25,33.25,retained_flat
U01395,B2C,B2C,2023-11-30,33.25,33.25,retained_flat
U01395,B2C,B2C,2023-12-31,33.25,33.25,retained_flat
U01395,B2C,B2C,2024-01-31,33.25,33.25,retained_flat
U01395,B2C,B2C,2024-02-29,33.25,33.25,retained_flat
U01395,B2C,B2C,2024-03-31,33.25,33.25,retained_flat
U01395,B2C,B2C,2024-04-30,33.25,33.25,retained_flat
U01401,B2C,B2C,2023-04-30,49.0,,new
U01401,B2C,B2C,2023-05-31,49.0,49.0,retained_flat
U01401,B2C,B2C,2023-06-30,49.0,49.0,retained_flat
U01401,B2C,B2C,2023-07-31,49.0,49.0,retained_flat
U01401,B2C,B2C,2023-08-31,49.0,49.0,retained_flat
U01401,B2C,B2C,2023-09-30,49.0,49.0,retained_flat
U01401,B2C,B2C,2023-10-31,49.0,49.0,retained_flat
U01401,B2C,B2C,2023-11-30,49.0,49.0,retained_flat
U01401,B2C,B2C,2023-12-31,49.0,49.0,retained_flat
U01401,B2C,B2C,2024-01-31,49.0,49.0,retained_flat
U01401,B2C,B2C,2024-02-29,0.0,49.0,churn
U01401,B2C,B2C,2024-03-31,0.0,0.0,inactive
U01401,B2C,B2C,2024-04-30,0.0,0.0,inactive
U01402,B2C,B2C,2023-04-30,33.25,,new
U01402,B2C,B2C,2023-05-31,33.25,33.25,retained_flat
U01402,B2C,B2C,2023-06-30,33.25,33.25,retained_flat
U01402,B2C,B2C,2023-07-31,33.25,33.25,retained_flat
U01402,B2C,B2C,2023-08-31,33.25,33.25,retained_flat
U01402,B2C,B2C,2023-09-30,33.25,33.25,retained_flat
U01402,B2C,B2C,2023-10-31,33.25,33.25,retained_flat
U01402,B2C,B2C,2023-11-30,33.25,33.25,retained_flat
U01402,B2C,B2C,2023-12-31,33.25,33.25,retained_flat
U01402,B2C,B2C,2024-01-31,33.25,33.25,retained_flat
U01402,B2C,B2C,2024-02-29,33.25,33.25,retained_flat
U01402,B2C,B2C,2024-03-31,33.25,33.25,retained_flat
U01402,B2C,B2C,2024-04-30,33.25,33.25,retained_flat
U01422,B2C,B2C,2023-04-30,49.0,,new
U01422,B2C,B2C,2023-05-31,0.0,49.0,churn
U01422,B2C,B2C,2023-06-30,0.0,0.0,inactive
U01422,B2C,B2C,2023-07-31,0.0,0.0,inactive
U01422,B2C,B2C,2023-08-31,0.0,0.0,inactive
U01422,B2C,B2C,2023-09-30,0.0,0.0,inactive
U01422,B2C,B2C,2023-10-31,0.0,0.0,inactive
U01422,B2C,B2C,2023-11-30,0.0,0.0,inactive
U01422,B2C,B2C,2023-12-31,0.0,0.0,inactive
U01422,B2C,B2C,2024-01-31,0.0,0.0,inactive
U01422,B2C,B2C,2024-02-29,0.0,0.0,inactive
U01422,B2C,B2C,2024-03-31,0.0,0.0,inactive
U01422,B2C,B2C,2024-04-30,0.0,0.0,inactive
U01433,B2C,B2C,2023-04-30,49.0,,new
U01433,B2C,B2C,2023-05-31,49.0,49.0,retained_flat
U01433,B2C,B2C,2023-06-30,49.0,49.0,retained_flat
U01433,B2C,B2C,2023-07-31,49.0,49.0,retained_flat
U01433,B2C,B2C,2023-08-31,49.0,49.0,retained_flat
U01433,B2C,B2C,2023-09-30,49.0,49.0,retained_flat
U01433,B2C,B2C,2023-10-31,49.0,49.0,retained_flat
U01433,B2C,B2C,2023-11-30,49.0,49.0,retained_flat
U01433,B2C,B2C,2023-12-31,49.0,49.0,retained_flat
U01433,B2C,B2C,2024-01-31,49.0,49.0,retained_flat
U01433,B2C,B2C,2024-02-29,49.0,49.0,retained_flat
U01433,B2C,B2C,2024-03-31,49.0,49.0,retained_flat
U01433,B2C,B2C,2024-04-30,49.0,49.0,retained_flat
U01455,B2C,B2C,2023-05-31,49.0,,new
U01455,B2C,B2C,2023-06-30,49.0,49.0,retained_flat
U01455,B2C,B2C,2023-07-31,49.0,49.0,retained_flat
U01455,B2C,B2C,2023-08-31,49.0,49.0,retained_flat
U01455,B2C,B2C,2023-09-30,49.0,49.0,retained_flat
U01455,B2C,B2C,2023-10-31,49.0,49.0,retained_flat
U01455,B2C,B2C,2023-11-30,49.0,49.0,retained_flat
U01455,B2C,B2C,2023-12-31,49.0,49.0,retained_flat
U01455,B2C,B2C,2024-01-31,49.0,49.0,retained_flat
U01455,B2C,B2C,2024-02-29,49.0,49.0,retained_flat
U01455,B2C,B2C,2024-03-31,49.0,49.0,retained_flat
U01455,B2C,B2C,2024-04-30,49.0,49.0,retained_flat
U01479,B2C,B2C,2023-05-31,49.0,,new
U01479,B2C,B2C,2023-06-30,49.0,49.0,retained_flat
U01479,B2C,B2C,2023-07-31,49.0,49.0,retained_flat
U01479,B2C,B2C,2023-08-31,0.0,49.0,churn
U01479,B2C,B2C,2023-09-30,0.0,0.0,inactive
U01479,B2C,B2C,2023-10-31,0.0,0.0,inactive
U01479,B2C,B2C,2023-11-30,0.0,0.0,inactive
U01479,B2C,B2C,2023-12-31,0.0,0.0,inactive
U01479,B2C,B2C,2024-01-31,0.0,0.0,inactive
U01479,B2C,B2C,2024-02-29,0.0,0.0,inactive
U01479,B2C,B2C,2024-03-31,0.0,0.0,inactive
U01479,B2C,B2C,2024-04-30,0.0,0.0,inactive
U01502,B2C,B2C,2023-05-31,33.25,,new
U01502,B2C,B2C,2023-06-30,33.25,33.25,retained_flat
U01502,B2C,B2C,2023-07-31,33.25,33.25,retained_flat
U01502,B2C,B2C,2023-08-31,33.25,33.25,retained_flat
U01502,B2C,B2C,2023-09-30,33.25,33.25,retained_flat
U01502,B2C,B2C,2023-10-31,33.25,33.25,retained_flat
U01502,B2C,B2C,2023-11-30,33.25,33.25,retained_flat
U01502,B2C,B2C,2023-12-31,33.25,33.25,retained_flat
U01502,B2C,B2C,2024-01-31,33.25,33.25,retained_flat
U01502,B2C,B2C,2024-02-29,33.25,33.25,retained_flat
U01502,B2C,B2C,2024-03-31,33.25,33.25,retained_flat
U01502,B2C,B2C,2024-04-30,33.25,33.25,retained_flat
U01517,B2C,B2C,2023-05-31,49.0,,new
U01517,B2C,B2C,2023-06-30,49.0,49.0,retained_flat
U01517,B2C,B2C,2023-07-31,0.0,49.0,churn
U01517,B2C,B2C,2023-08-31,0.0,0.0,inactive
U01517,B2C,B2C,2023-09-30,0.0,0.0,inactive
U01517,B2C,B2C,2023-10-31,0.0,0.0,inactive
U01517,B2C,B2C,2023-11-30,0.0,0.0,inactive
U01517,B2C,B2C,2023-12-31,0.0,0.0,inactive
U01517,B2C,B2C,2024-01-31,0.0,0.0,inactive
U01517,B2C,B2C,2024-02-29,0.0,0.0,inactive
U01517,B2C,B2C,2024-03-31,0.0,0.0,inactive
U01517,B2C,B2C,2024-04-30,0.0,0.0,inactive
U01530,B2C,B2C,2023-05-31,33.25,,new
U01530,B2C,B2C,2023-06-30,33.25,33.25,retained_flat
U01530,B2C,B2C,2023-07-31,33.25,33.25,retained_flat
U01530,B2C,B2C,2023-08-31,33.25,33.25,retained_flat
U01530,B2C,B2C,2023-09-30,33.25,33.25,retained_flat
U01530,B2C,B2C,2023-10-31,33.25,33.25,retained_flat
U01530,B2C,B2C,2023-11-30,33.25,33.25,retained_flat
U01530,B2C,B2C,2023-12-31,33.25,33.25,retained_flat
U01530,B2C,B2C,2024-01-31,33.25,33.25,retained_flat
U01530,B2C,B2C,2024-02-29,33.25,33.25,retained_flat
U01530,B2C,B2C,2024-03-31,33.25,33.25,retained_flat
U01530,B2C,B2C,2024-04-30,33.25,33.25,retained_flat
U01566,SMB,B2B,2023-05-31,149.92,,new
U01566,SMB,B2B,2023-06-30,149.92,149.92,retained_flat
U01566,SMB,B2B,2023-07-31,149.92,149.92,retained_flat
U01566,SMB,B2B,2023-08-31,149.92,149.92,retained_flat
U01566,SMB,B2B,2023-09-30,149.92,149.92,retained_flat
U01566,SMB,B2B,2023-10-31,149.92,149.92,retained_flat
U01566,SMB,B2B,2023-11-30,149.92,149.92,retained_flat
U01566,SMB,B2B,2023-12-31,149.92,149.92,retained_flat
U01566,SMB,B2B,2024-01-31,149.92,149.92,retained_flat
U01566,SMB,B2B,2024-02-29,149.92,149.92,retained_flat
U01566,SMB,B2B,2024-03-31,149.92,149.92,retained_flat
U01566,SMB,B2B,2024-04-30,149.92,149.92,retained_flat
U01581,Enterprise,B2B,2023-05-31,825.0,,new
U01581,Enterprise,B2B,2023-06-30,825.0,825.0,retained_flat
U01581,Enterprise,B2B,2023-07-31,825.0,825.0,retained_flat
U01581,Enterprise,B2B,2023-08-31,825.0,825.0,retained_flat
U01581,Enterprise,B2B,2023-09-30,825.0,825.0,retained_flat
U01581,Enterprise,B2B,2023-10-31,825.0,825.0,retained_flat
U01581,Enterprise,B2B,2023-11-30,825.0,825.0,retained_flat
U01581,Enterprise,B2B,2023-12-31,825.0,825.0,retained_flat
U01581,Enterprise,B2B,2024-01-31,825.0,825.0,retained_flat
U01581,Enterprise,B2B,2024-02-29,825.0,825.0,retained_flat
U01581,Enterprise,B2B,2024-03-31,825.0,825.0,retained_flat
U01581,Enterprise,B2B,2024-04-30,825.0,825.0,retained_flat
U01587,B2C,B2C,2023-06-30,49.0,,new
U01587,B2C,B2C,2023-07-31,49.0,49.0,retained_flat
U01587,B2C,B2C,2023-08-31,0.0,49.0,churn
U01587,B2C,B2C,2023-09-30,0.0,0.0,inactive
U01587,B2C,B2C,2023-10-31,0.0,0.0,inactive
U01587,B2C,B2C,2023-11-30,0.0,0.0,inactive
U01587,B2C,B2C,2023-12-31,0.0,0.0,inactive
U01587,B2C,B2C,2024-01-31,0.0,0.0,inactive
U01587,B2C,B2C,2024-02-29,0.0,0.0,inactive
U01587,B2C,B2C,2024-03-31,0.0,0.0,inactive
U01587,B2C,B2C,2024-04-30,0.0,0.0,inactive
U01614,B2C,B2C,2023-06-30,49.0,,new
U01614,B2C,B2C,2023-07-31,49.0,49.0,retained_flat
U01614,B2C,B2C,2023-08-31,0.0,49.0,churn
U01614,B2C,B2C,2023-09-30,0.0,0.0,inactive
U01614,B2C,B2C,2023-10-31,0.0,0.0,inactive
U01614,B2C,B2C,2023-11-30,0.0,0.0,inactive
U01614,B2C,B2C,2023-12-31,0.0,0.0,inactive
U01614,B2C,B2C,2024-01-31,0.0,0.0,inactive
U01614,B2C,B2C,2024-02-29,0.0,0.0,inactive
U01614,B2C,B2C,2024-03-31,0.0,0.0,inactive
U01614,B2C,B2C,2024-04-30,0.0,0.0,inactive
U01618,B2C,B2C,2023-06-30,49.0,,new
U01618,B2C,B2C,2023-07-31,49.0,49.0,retained_flat
U01618,B2C,B2C,2023-08-31,49.0,49.0,retained_flat
U01618,B2C,B2C,2023-09-30,49.0,49.0,retained_flat
U01618,B2C,B2C,2023-10-31,49.0,49.0,retained_flat
U01618,B2C,B2C,2023-11-30,49.0,49.0,retained_flat
U01618,B2C,B2C,2023-12-31,0.0,49.0,churn
U01618,B2C,B2C,2024-01-31,0.0,0.0,inactive
U01618,B2C,B2C,2024-02-29,0.0,0.0,inactive
U01618,B2C,B2C,2024-03-31,0.0,0.0,inactive
U01618,B2C,B2C,2024-04-30,0.0,0.0,inactive
U01693,B2C,B2C,2023-06-30,49.0,,new
U01693,B2C,B2C,2023-07-31,49.0,49.0,retained_flat
U01693,B2C,B2C,2023-08-31,49.0,49.0,retained_flat
U01693,B2C,B2C,2023-09-30,49.0,49.0,retained_flat
U01693,B2C,B2C,2023-10-31,49.0,49.0,retained_flat
U01693,B2C,B2C,2023-11-30,49.0,49.0,retained_flat
U01693,B2C,B2C,2023-12-31,49.0,49.0,retained_flat
U01693,B2C,B2C,2024-01-31,49.0,49.0,retained_flat
U01693,B2C,B2C,2024-02-29,49.0,49.0,retained_flat
U01693,B2C,B2C,2024-03-31,49.0,49.0,retained_flat
U01693,B2C,B2C,2024-04-30,49.0,49.0,retained_flat
U01705,B2C,B2C,2023-06-30,49.0,,new
U01705,B2C,B2C,2023-07-31,49.0,49.0,retained_flat
U01705,B2C,B2C,2023-08-31,49.0,49.0,retained_flat
U01705,B2C,B2C,2023-09-30,49.0,49.0,retained_flat
U01705,B2C,B2C,2023-10-31,49.0,49.0,retained_flat
U01705,B2C,B2C,2023-11-30,49.0,49.0,retained_flat
U01705,B2C,B2C,2023-12-31,49.0,49.0,retained_flat
U01705,B2C,B2C,2024-01-31,49.0,49.0,retained_flat
U01705,B2C,B2C,2024-02-29,0.0,49.0,churn
U01705,B2C,B2C,2024-03-31,0.0,0.0,inactive
U01705,B2C,B2C,2024-04-30,0.0,0.0,inactive
U01752,B2C,B2C,2023-07-31,49.0,,new
U01752,B2C,B2C,2023-08-31,0.0,49.0,churn
U01752,B2C,B2C,2023-09-30,0.0,0.0,inactive
U01752,B2C,B2C,2023-10-31,0.0,0.0,inactive
U01752,B2C,B2C,2023-11-30,0.0,0.0,inactive
U01752,B2C,B2C,2023-12-31,0.0,0.0,inactive
U01752,B2C,B2C,2024-01-31,0.0,0.0,inactive
U01752,B2C,B2C,2024-02-29,0.0,0.0,inactive
U01752,B2C,B2C,2024-03-31,0.0,0.0,inactive
U01752,B2C,B2C,2024-04-30,0.0,0.0,inactive
U01776,B2C,B2C,2023-07-31,33.25,,new
U01776,B2C,B2C,2023-08-31,33.25,33.25,retained_flat
U01776,B2C,B2C,2023-09-30,33.25,33.25,retained_flat
U01776,B2C,B2C,2023-10-31,33.25,33.25,retained_flat
U01776,B2C,B2C,2023-11-30,33.25,33.25,retained_flat
U01776,B2C,B2C,2023-12-31,33.25,33.25,retained_flat
U01776,B2C,B2C,2024-01-31,33.25,33.25,retained_flat
U01776,B2C,B2C,2024-02-29,33.25,33.25,retained_flat
U01776,B2C,B2C,2024-03-31,33.25,33.25,retained_flat
U01776,B2C,B2C,2024-04-30,33.25,33.25,retained_flat
U01787,B2C,B2C,2023-07-31,49.0,,new
U01787,B2C,B2C,2023-08-31,49.0,49.0,retained_flat
U01787,B2C,B2C,2023-09-30,49.0,49.0,retained_flat
U01787,B2C,B2C,2023-10-31,49.0,49.0,retained_flat
U01787,B2C,B2C,2023-11-30,49.0,49.0,retained_flat
U01787,B2C,B2C,2023-12-31,49.0,49.0,retained_flat
U01787,B2C,B2C,2024-01-31,49.0,49.0,retained_flat
U01787,B2C,B2C,2024-02-29,49.0,49.0,retained_flat
U01787,B2C,B2C,2024-03-31,0.0,49.0,churn
U01787,B2C,B2C,2024-04-30,0.0,0.0,inactive
U01797,B2C,B2C,2023-07-31,33.25,,new
U01797,B2C,B2C,2023-08-31,33.25,33.25,retained_flat
U01797,B2C,B2C,2023-09-30,33.25,33.25,retained_flat
U01797,B2C,B2C,2023-10-31,33.25,33.25,retained_flat
U01797,B2C,B2C,2023-11-30,33.25,33.25,retained_flat
U01797,B2C,B2C,2023-12-31,33.25,33.25,retained_flat
U01797,B2C,B2C,2024-01-31,33.25,33.25,retained_flat
U01797,B2C,B2C,2024-02-29,33.25,33.25,retained_flat
U01797,B2C,B2C,2024-03-31,33.25,33.25,retained_flat
U01797,B2C,B2C,2024-04-30,33.25,33.25,retained_flat
U01822,B2C,B2C,2023-07-31,33.25,,new
U01822,B2C,B2C,2023-08-31,33.25,33.25,retained_flat
U01822,B2C,B2C,2023-09-30,33.25,33.25,retained_flat
U01822,B2C,B2C,2023-10-31,33.25,33.25,retained_flat
U01822,B2C,B2C,2023-11-30,33.25,33.25,retained_flat
U01822,B2C,B2C,2023-12-31,33.25,33.25,retained_flat
U01822,B2C,B2C,2024-01-31,33.25,33.25,retained_flat
U01822,B2C,B2C,2024-02-29,33.25,33.25,retained_flat
U01822,B2C,B2C,2024-03-31,33.25,33.25,retained_flat
U01822,B2C,B2C,2024-04-30,33.25,33.25,retained_flat
U01828,B2C,B2C,2023-07-31,33.25,,new
U01828,B2C,B2C,2023-08-31,33.25,33.25,retained_flat
U01828,B2C,B2C,2023-09-30,33.25,33.25,retained_flat
U01828,B2C,B2C,2023-10-31,33.25,33.25,retained_flat
U01828,B2C,B2C,2023-11-30,33.25,33.25,retained_flat
U01828,B2C,B2C,2023-12-31,33.25,33.25,retained_flat
U01828,B2C,B2C,2024-01-31,33.25,33.25,retained_flat
U01828,B2C,B2C,2024-02-29,33.25,33.25,retained_flat
U01828,B2C,B2C,2024-03-31,33.25,33.25,retained_flat
U01828,B2C,B2C,2024-04-30,33.25,33.25,retained_flat
U01850,B2C,B2C,2023-07-31,33.25,,new
U01850,B2C,B2C,2023-08-31,33.25,33.25,retained_flat
U01850,B2C,B2C,2023-09-30,33.25,33.25,retained_flat
U01850,B2C,B2C,2023-10-31,33.25,33.25,retained_flat
U01850,B2C,B2C,2023-11-30,33.25,33.25,retained_flat
U01850,B2C,B2C,2023-12-31,33.25,33.25,retained_flat
U01850,B2C,B2C,2024-01-31,33.25,33.25,retained_flat
U01850,B2C,B2C,2024-02-29,33.25,33.25,retained_flat
U01850,B2C,B2C,2024-03-31,33.25,33.25,retained_flat
U01850,B2C,B2C,2024-04-30,33.25,33.25,retained_flat
U01868,SMB,B2B,2023-07-31,199.0,,new
U01868,SMB,B2B,2023-08-31,209.57,199.0,expansion
U01868,SMB,B2B,2023-09-30,224.28,209.57,expansion
U01868,SMB,B2B,2023-10-31,224.28,224.28,retained_flat
U01868,SMB,B2B,2023-11-30,224.28,224.28,retained_flat
U01868,SMB,B2B,2023-12-31,224.28,224.28,retained_flat
U01868,SMB,B2B,2024-01-31,235.63,224.28,expansion
U01868,SMB,B2B,2024-02-29,235.63,235.63,retained_flat
U01868,SMB,B2B,2024-03-31,235.63,235.63,retained_flat
U01868,SMB,B2B,2024-04-30,269.68,235.63,expansion
U01869,SMB,B2B,2023-07-31,199.0,,new
U01869,SMB,B2B,2023-08-31,199.0,199.0,retained_flat
U01869,SMB,B2B,2023-09-30,199.0,199.0,retained_flat
U01869,SMB,B2B,2023-10-31,199.0,199.0,retained_flat
U01869,SMB,B2B,2023-11-30,199.0,199.0,retained_flat
U01869,SMB,B2B,2023-12-31,0.0,199.0,churn
U01869,SMB,B2B,2024-01-31,0.0,0.0,inactive
U01869,SMB,B2B,2024-02-29,0.0,0.0,inactive
U01869,SMB,B2B,2024-03-31,0.0,0.0,inactive
U01869,SMB,B2B,2024-04-30,0.0,0.0,inactive
U01885,B2C,B2C,2023-08-31,49.0,,new
U01885,B2C,B2C,2023-09-30,49.0,49.0,retained_flat
U01885,B2C,B2C,2023-10-31,49.0,49.0,retained_flat
U01885,B2C,B2C,2023-11-30,0.0,49.0,churn
U01885,B2C,B2C,2023-12-31,0.0,0.0,inactive
U01885,B2C,B2C,2024-01-31,0.0,0.0,inactive
U01885,B2C,B2C,2024-02-29,0.0,0.0,inactive
U01885,B2C,B2C,2024-03-31,0.0,0.0,inactive
U01885,B2C,B2C,2024-04-30,0.0,0.0,inactive
U01887,B2C,B2C,2023-08-31,49.0,,new
U01887,B2C,B2C,2023-09-30,49.0,49.0,retained_flat
U01887,B2C,B2C,2023-10-31,49.0,49.0,retained_flat
U01887,B2C,B2C,2023-11-30,49.0,49.0,retained_flat
U01887,B2C,B2C,2023-12-31,49.0,49.0,retained_flat
U01887,B2C,B2C,2024-01-31,0.0,49.0,churn
U01887,B2C,B2C,2024-02-29,0.0,0.0,inactive
U01887,B2C,B2C,2024-03-31,0.0,0.0,inactive
U01887,B2C,B2C,2024-04-30,0.0,0.0,inactive
U01891,B2C,B2C,2023-08-31,49.0,,new
U01891,B2C,B2C,2023-09-30,49.0,49.0,retained_flat
U01891,B2C,B2C,2023-10-31,49.0,49.0,retained_flat
U01891,B2C,B2C,2023-11-30,49.0,49.0,retained_flat
U01891,B2C,B2C,2023-12-31,49.0,49.0,retained_flat
U01891,B2C,B2C,2024-01-31,0.0,49.0,churn
U01891,B2C,B2C,2024-02-29,0.0,0.0,inactive
U01891,B2C,B2C,2024-03-31,0.0,0.0,inactive
U01891,B2C,B2C,2024-04-30,0.0,0.0,inactive
U01898,B2C,B2C,2023-08-31,33.25,,new
U01898,B2C,B2C,2023-09-30,33.25,33.25,retained_flat
U01898,B2C,B2C,2023-10-31,33.25,33.25,retained_flat
U01898,B2C,B2C,2023-11-30,33.25,33.25,retained_flat
U01898,B2C,B2C,2023-12-31,33.25,33.25,retained_flat
U01898,B2C,B2C,2024-01-31,33.25,33.25,retained_flat
U01898,B2C,B2C,2024-02-29,33.25,33.25,retained_flat
U01898,B2C,B2C,2024-03-31,33.25,33.25,retained_flat
U01898,B2C,B2C,2024-04-30,33.25,33.25,retained_flat
U01899,B2C,B2C,2023-08-31,49.0,,new
U01899,B2C,B2C,2023-09-30,49.0,49.0,retained_flat
U01899,B2C,B2C,2023-10-31,49.0,49.0,retained_flat
U01899,B2C,B2C,2023-11-30,49.0,49.0,retained_flat
U01899,B2C,B2C,2023-12-31,49.0,49.0,retained_flat
U01899,B2C,B2C,2024-01-31,49.0,49.0,retained_flat
U01899,B2C,B2C,2024-02-29,0.0,49.0,churn
U01899,B2C,B2C,2024-03-31,0.0,0.0,inactive
U01899,B2C,B2C,2024-04-30,0.0,0.0,inactive
U01913,B2C,B2C,2023-08-31,49.0,,new
U01913,B2C,B2C,2023-09-30,49.0,49.0,retained_flat
U01913,B2C,B2C,2023-10-31,49.0,49.0,retained_flat
U01913,B2C,B2C,2023-11-30,0.0,49.0,churn
U01913,B2C,B2C,2023-12-31,0.0,0.0,inactive
U01913,B2C,B2C,2024-01-31,0.0,0.0,inactive
U01913,B2C,B2C,2024-02-29,0.0,0.0,inactive
U01913,B2C,B2C,2024-03-31,0.0,0.0,inactive
U01913,B2C,B2C,2024-04-30,0.0,0.0,inactive
U01946,B2C,B2C,2023-08-31,33.25,,new
U01946,B2C,B2C,2023-09-30,33.25,33.25,retained_flat
U01946,B2C,B2C,2023-10-31,33.25,33.25,retained_flat
U01946,B2C,B2C,2023-11-30,33.25,33.25,retained_flat
U01946,B2C,B2C,2023-12-31,33.25,33.25,retained_flat
U01946,B2C,B2C,2024-01-31,33.25,33.25,retained_flat
U01946,B2C,B2C,2024-02-29,33.25,33.25,retained_flat
U01946,B2C,B2C,2024-03-31,33.25,33.25,retained_flat
U01946,B2C,B2C,2024-04-30,33.25,33.25,retained_flat
U01950,B2C,B2C,2023-08-31,33.25,,new
U01950,B2C,B2C,2023-09-30,33.25,33.25,retained_flat
U01950,B2C,B2C,2023-10-31,33.25,33.25,retained_flat
U01950,B2C,B2C,2023-11-30,33.25,33.25,retained_flat
U01950,B2C,B2C,2023-12-31,33.25,33.25,retained_flat
U01950,B2C,B2C,2024-01-31,33.25,33.25,retained_flat
U01950,B2C,B2C,2024-02-29,33.25,33.25,retained_flat
U01950,B2C,B2C,2024-03-31,33.25,33.25,retained_flat
U01950,B2C,B2C,2024-04-30,33.25,33.25,retained_flat
U02006,B2C,B2C,2023-08-31,49.0,,new
U02006,B2C,B2C,2023-09-30,0.0,49.0,churn
U02006,B2C,B2C,2023-10-31,0.0,0.0,inactive
U02006,B2C,B2C,2023-11-30,0.0,0.0,inactive
U02006,B2C,B2C,2023-12-31,0.0,0.0,inactive
U02006,B2C,B2C,2024-01-31,0.0,0.0,inactive
U02006,B2C,B2C,2024-02-29,0.0,0.0,inactive
U02006,B2C,B2C,2024-03-31,0.0,0.0,inactive
U02006,B2C,B2C,2024-04-30,0.0,0.0,inactive
U02025,SMB,B2B,2023-08-31,149.92,,new
U02025,SMB,B2B,2023-09-30,149.92,149.92,retained_flat
U02025,SMB,B2B,2023-10-31,149.92,149.92,retained_flat
U02025,SMB,B2B,2023-11-30,149.92,149.92,retained_flat
U02025,SMB,B2B,2023-12-31,149.92,149.92,retained_flat
U02025,SMB,B2B,2024-01-31,149.92,149.92,retained_flat
U02025,SMB,B2B,2024-02-29,149.92,149.92,retained_flat
U02025,SMB,B2B,2024-03-31,149.92,149.92,retained_flat
U02025,SMB,B2B,2024-04-30,149.92,149.92,retained_flat
U02030,SMB,B2B,2023-08-31,199.0,,new
U02030,SMB,B2B,2023-09-30,199.0,199.0,retained_flat
U02030,SMB,B2B,2023-10-31,199.0,199.0,retained_flat
U02030,SMB,B2B,2023-11-30,244.24,199.0,expansion
U02030,SMB,B2B,2023-12-31,244.24,244.24,retained_flat
U02030,SMB,B2B,2024-01-31,244.24,244.24,retained_flat
U02030,SMB,B2B,2024-02-29,244.24,244.24,retained_flat
U02030,SMB,B2B,2024-03-31,244.24,244.24,retained_flat
U02030,SMB,B2B,2024-04-30,244.24,244.24,retained_flat
U02032,Enterprise,B2B,2023-08-31,825.0,,new
U02032,Enterprise,B2B,2023-09-30,825.0,825.0,retained_flat
U02032,Enterprise,B2B,2023-10-31,825.0,825.0,retained_flat
U02032,Enterprise,B2B,2023-11-30,825.0,825.0,retained_flat
U02032,Enterprise,B2B,2023-12-31,825.0,825.0,retained_flat
U02032,Enterprise,B2B,2024-01-31,825.0,825.0,retained_flat
U02032,Enterprise,B2B,2024-02-29,825.0,825.0,retained_flat
U02032,Enterprise,B2B,2024-03-31,825.0,825.0,retained_flat
U02032,Enterprise,B2B,2024-04-30,825.0,825.0,retained_flat
U02047,B2C,B2C,2023-09-30,49.0,,new
U02047,B2C,B2C,2023-10-31,49.0,49.0,retained_flat
U02047,B2C,B2C,2023-11-30,49.0,49.0,retained_flat
U02047,B2C,B2C,2023-12-31,0.0,49.0,churn
U02047,B2C,B2C,2024-01-31,0.0,0.0,inactive
U02047,B2C,B2C,2024-02-29,0.0,0.0,inactive
U02047,B2C,B2C,2024-03-31,0.0,0.0,inactive
U02047,B2C,B2C,2024-04-30,0.0,0.0,inactive
U02050,B2C,B2C,2023-09-30,49.0,,new
U02050,B2C,B2C,2023-10-31,49.0,49.0,retained_flat
U02050,B2C,B2C,2023-11-30,0.0,49.0,churn
U02050,B2C,B2C,2023-12-31,0.0,0.0,inactive
U02050,B2C,B2C,2024-01-31,0.0,0.0,inactive
U02050,B2C,B2C,2024-02-29,0.0,0.0,inactive
U02050,B2C,B2C,2024-03-31,0.0,0.0,inactive
U02050,B2C,B2C,2024-04-30,0.0,0.0,inactive
U02052,B2C,B2C,2023-09-30,49.0,,new
U02052,B2C,B2C,2023-10-31,49.0,49.0,retained_flat
U02052,B2C,B2C,2023-11-30,49.0,49.0,retained_flat
U02052,B2C,B2C,2023-12-31,49.0,49.0,retained_flat
U02052,B2C,B2C,2024-01-31,0.0,49.0,churn
U02052,B2C,B2C,2024-02-29,0.0,0.0,inactive
U02052,B2C,B2C,2024-03-31,0.0,0.0,inactive
U02052,B2C,B2C,2024-04-30,0.0,0.0,inactive
U02057,B2C,B2C,2023-09-30,49.0,,new
U02057,B2C,B2C,2023-10-31,49.0,49.0,retained_flat
U02057,B2C,B2C,2023-11-30,49.0,49.0,retained_flat
U02057,B2C,B2C,2023-12-31,49.0,49.0,retained_flat
U02057,B2C,B2C,2024-01-31,49.0,49.0,retained_flat
U02057,B2C,B2C,2024-02-29,49.0,49.0,retained_flat
U02057,B2C,B2C,2024-03-31,49.0,49.0,retained_flat
U02057,B2C,B2C,2024-04-30,49.0,49.0,retained_flat
U02061,B2C,B2C,2023-09-30,33.25,,new
U02061,B2C,B2C,2023-10-31,33.25,33.25,retained_flat
U02061,B2C,B2C,2023-11-30,33.25,33.25,retained_flat
U02061,B2C,B2C,2023-12-31,33.25,33.25,retained_flat
U02061,B2C,B2C,2024-01-31,33.25,33.25,retained_flat
U02061,B2C,B2C,2024-02-29,33.25,33.25,retained_flat
U02061,B2C,B2C,2024-03-31,33.25,33.25,retained_flat
U02061,B2C,B2C,2024-04-30,33.25,33.25,retained_flat
U02073,B2C,B2C,2023-09-30,49.0,,new
U02073,B2C,B2C,2023-10-31,49.0,49.0,retained_flat
U02073,B2C,B2C,2023-11-30,49.0,49.0,retained_flat
U02073,B2C,B2C,2023-12-31,49.0,49.0,retained_flat
U02073,B2C,B2C,2024-01-31,49.0,49.0,retained_flat
U02073,B2C,B2C,2024-02-29,49.0,49.0,retained_flat
U02073,B2C,B2C,2024-03-31,49.0,49.0,retained_flat
U02073,B2C,B2C,2024-04-30,49.0,49.0,retained_flat
U02074,B2C,B2C,2023-09-30,33.25,,new
U02074,B2C,B2C,2023-10-31,33.25,33.25,retained_flat
U02074,B2C,B2C,2023-11-30,33.25,33.25,retained_flat
U02074,B2C,B2C,2023-12-31,33.25,33.25,retained_flat
U02074,B2C,B2C,2024-01-31,33.25,33.25,retained_flat
U02074,B2C,B2C,2024-02-29,33.25,33.25,retained_flat
U02074,B2C,B2C,2024-03-31,33.25,33.25,retained_flat
U02074,B2C,B2C,2024-04-30,33.25,33.25,retained_flat
U02077,B2C,B2C,2023-09-30,33.25,,new
U02077,B2C,B2C,2023-10-31,33.25,33.25,retained_flat
U02077,B2C,B2C,2023-11-30,33.25,33.25,retained_flat
U02077,B2C,B2C,2023-12-31,33.25,33.25,retained_flat
U02077,B2C,B2C,2024-01-31,33.25,33.25,retained_flat
U02077,B2C,B2C,2024-02-29,33.25,33.25,retained_flat
U02077,B2C,B2C,2024-03-31,33.25,33.25,retained_flat
U02077,B2C,B2C,2024-04-30,33.25,33.25,retained_flat
U02099,B2C,B2C,2023-09-30,33.25,,new
U02099,B2C,B2C,2023-10-31,33.25,33.25,retained_flat
U02099,B2C,B2C,2023-11-30,33.25,33.25,retained_flat
U02099,B2C,B2C,2023-12-31,33.25,33.25,retained_flat
U02099,B2C,B2C,2024-01-31,33.25,33.25,retained_flat
U02099,B2C,B2C,2024-02-29,33.25,33.25,retained_flat
U02099,B2C,B2C,2024-03-31,33.25,33.25,retained_flat
U02099,B2C,B2C,2024-04-30,33.25,33.25,retained_flat
U02141,B2C,B2C,2023-09-30,49.0,,new
U02141,B2C,B2C,2023-10-31,0.0,49.0,churn
U02141,B2C,B2C,2023-11-30,0.0,0.0,inactive
U02141,B2C,B2C,2023-12-31,0.0,0.0,inactive
U02141,B2C,B2C,2024-01-31,0.0,0.0,inactive
U02141,B2C,B2C,2024-02-29,0.0,0.0,inactive
U02141,B2C,B2C,2024-03-31,0.0,0.0,inactive
U02141,B2C,B2C,2024-04-30,0.0,0.0,inactive
U02142,B2C,B2C,2023-09-30,49.0,,new
U02142,B2C,B2C,2023-10-31,0.0,49.0,churn
U02142,B2C,B2C,2023-11-30,0.0,0.0,inactive
U02142,B2C,B2C,2023-12-31,0.0,0.0,inactive
U02142,B2C,B2C,2024-01-31,0.0,0.0,inactive
U02142,B2C,B2C,2024-02-29,0.0,0.0,inactive
U02142,B2C,B2C,2024-03-31,0.0,0.0,inactive
U02142,B2C,B2C,2024-04-30,0.0,0.0,inactive
U02193,SMB,B2B,2023-09-30,149.92,,new
U02193,SMB,B2B,2023-10-31,149.92,149.92,retained_flat
U02193,SMB,B2B,2023-11-30,149.92,149.92,retained_flat
U02193,SMB,B2B,2023-12-31,149.92,149.92,retained_flat
U02193,SMB,B2B,2024-01-31,149.92,149.92,retained_flat
U02193,SMB,B2B,2024-02-29,149.92,149.92,retained_flat
U02193,SMB,B2B,2024-03-31,149.92,149.92,retained_flat
U02193,SMB,B2B,2024-04-30,149.92,149.92,retained_flat
U02222,B2C,B2C,2023-10-31,33.25,,new
U02222,B2C,B2C,2023-11-30,33.25,33.25,retained_flat
U02222,B2C,B2C,2023-12-31,33.25,33.25,retained_flat
U02222,B2C,B2C,2024-01-31,33.25,33.25,retained_flat
U02222,B2C,B2C,2024-02-29,33.25,33.25,retained_flat
U02222,B2C,B2C,2024-03-31,33.25,33.25,retained_flat
U02222,B2C,B2C,2024-04-30,33.25,33.25,retained_flat
U02313,B2C,B2C,2023-10-31,49.0,,new
U02313,B2C,B2C,2023-11-30,49.0,49.0,retained_flat
U02313,B2C,B2C,2023-12-31,0.0,49.0,churn
U02313,B2C,B2C,2024-01-31,0.0,0.0,inactive
U02313,B2C,B2C,2024-02-29,0.0,0.0,inactive
U02313,B2C,B2C,2024-03-31,0.0,0.0,inactive
U02313,B2C,B2C,2024-04-30,0.0,0.0,inactive
U02314,B2C,B2C,2023-10-31,49.0,,new
U02314,B2C,B2C,2023-11-30,49.0,49.0,retained_flat
U02314,B2C,B2C,2023-12-31,49.0,49.0,retained_flat
U02314,B2C,B2C,2024-01-31,49.0,49.0,retained_flat
U02314,B2C,B2C,2024-02-29,49.0,49.0,retained_flat
U02314,B2C,B2C,2024-03-31,49.0,49.0,retained_flat
U02314,B2C,B2C,2024-04-30,49.0,49.0,retained_flat
U02359,B2C,B2C,2023-10-31,49.0,,new
U02359,B2C,B2C,2023-11-30,49.0,49.0,retained_flat
U02359,B2C,B2C,2023-12-31,49.0,49.0,retained_flat
U02359,B2C,B2C,2024-01-31,49.0,49.0,retained_flat
U02359,B2C,B2C,2024-02-29,49.0,49.0,retained_flat
U02359,B2C,B2C,2024-03-31,49.0,49.0,retained_flat
U02359,B2C,B2C,2024-04-30,49.0,49.0,retained_flat
U02370,B2C,B2C,2023-10-31,49.0,,new
U02370,B2C,B2C,2023-11-30,49.0,49.0,retained_flat
U02370,B2C,B2C,2023-12-31,49.0,49.0,retained_flat
U02370,B2C,B2C,2024-01-31,49.0,49.0,retained_flat
U02370,B2C,B2C,2024-02-29,49.0,49.0,retained_flat
U02370,B2C,B2C,2024-03-31,49.0,49.0,retained_flat
U02370,B2C,B2C,2024-04-30,49.0,49.0,retained_flat
U02396,Enterprise,B2B,2023-10-31,990.0,,new
U02396,Enterprise,B2B,2023-11-30,990.0,990.0,retained_flat
U02396,Enterprise,B2B,2023-12-31,990.0,990.0,retained_flat
U02396,Enterprise,B2B,2024-01-31,842.3,990.0,contraction
U02396,Enterprise,B2B,2024-02-29,842.3,842.3,retained_flat
U02396,Enterprise,B2B,2024-03-31,842.3,842.3,retained_flat
U02396,Enterprise,B2B,2024-04-30,842.3,842.3,retained_flat
U02408,B2C,B2C,2023-11-30,49.0,,new
U02408,B2C,B2C,2023-12-31,49.0,49.0,retained_flat
U02408,B2C,B2C,2024-01-31,49.0,49.0,retained_flat
U02408,B2C,B2C,2024-02-29,49.0,49.0,retained_flat
U02408,B2C,B2C,2024-03-31,49.0,49.0,retained_flat
U02408,B2C,B2C,2024-04-30,49.0,49.0,retained_flat
U02415,B2C,B2C,2023-11-30,33.25,,new
U02415,B2C,B2C,2023-12-31,33.25,33.25,retained_flat
U02415,B2C,B2C,2024-01-31,33.25,33.25,retained_flat
U02415,B2C,B2C,2024-02-29,33.25,33.25,retained_flat
U02415,B2C,B2C,2024-03-31,33.25,33.25,retained_flat
U02415,B2C,B2C,2024-04-30,33.25,33.25,retained_flat
U02424,B2C,B2C,2023-11-30,49.0,,new
U02424,B2C,B2C,2023-12-31,49.0,49.0,retained_flat
U02424,B2C,B2C,2024-01-31,49.0,49.0,retained_flat
U02424,B2C,B2C,2024-02-29,49.0,49.0,retained_flat
U02424,B2C,B2C,2024-03-31,49.0,49.0,retained_flat
U02424,B2C,B2C,2024-04-30,49.0,49.0,retained_flat
U02455,B2C,B2C,2023-11-30,49.0,,new
U02455,B2C,B2C,2023-12-31,49.0,49.0,retained_flat
U02455,B2C,B2C,2024-01-31,49.0,49.0,retained_flat
U02455,B2C,B2C,2024-02-29,49.0,49.0,retained_flat
U02455,B2C,B2C,2024-03-31,49.0,49.0,retained_flat
U02455,B2C,B2C,2024-04-30,49.0,49.0,retained_flat
U02490,B2C,B2C,2023-11-30,49.0,,new
U02490,B2C,B2C,2023-12-31,49.0,49.0,retained_flat
U02490,B2C,B2C,2024-01-31,49.0,49.0,retained_flat
U02490,B2C,B2C,2024-02-29,49.0,49.0,retained_flat
U02490,B2C,B2C,2024-03-31,49.0,49.0,retained_flat
U02490,B2C,B2C,2024-04-30,49.0,49.0,retained_flat
U02542,B2C,B2C,2023-11-30,49.0,,new
U02542,B2C,B2C,2023-12-31,49.0,49.0,retained_flat
U02542,B2C,B2C,2024-01-31,49.0,49.0,retained_flat
U02542,B2C,B2C,2024-02-29,49.0,49.0,retained_flat
U02542,B2C,B2C,2024-03-31,49.0,49.0,retained_flat
U02542,B2C,B2C,2024-04-30,49.0,49.0,retained_flat
U02571,SMB,B2B,2023-11-30,149.92,,new
U02571,SMB,B2B,2023-12-31,149.92,149.92,retained_flat
U02571,SMB,B2B,2024-01-31,149.92,149.92,retained_flat
U02571,SMB,B2B,2024-02-29,149.92,149.92,retained_flat
U02571,SMB,B2B,2024-03-31,149.92,149.92,retained_flat
U02571,SMB,B2B,2024-04-30,149.92,149.92,retained_flat
U02583,Enterprise,B2B,2023-11-30,825.0,,new
U02583,Enterprise,B2B,2023-12-31,825.0,825.0,retained_flat
U02583,Enterprise,B2B,2024-01-31,825.0,825.0,retained_flat
U02583,Enterprise,B2B,2024-02-29,825.0,825.0,retained_flat
U02583,Enterprise,B2B,2024-03-31,825.0,825.0,retained_flat
U02583,Enterprise,B2B,2024-04-30,825.0,825.0,retained_flat
U02673,B2C,B2C,2023-12-31,49.0,,new
U02673,B2C,B2C,2024-01-31,49.0,49.0,retained_flat
U02673,B2C,B2C,2024-02-29,49.0,49.0,retained_flat
U02673,B2C,B2C,2024-03-31,49.0,49.0,retained_flat
U02673,B2C,B2C,2024-04-30,49.0,49.0,retained_flat
U02675,B2C,B2C,2023-12-31,49.0,,new
U02675,B2C,B2C,2024-01-31,0.0,49.0,churn
U02675,B2C,B2C,2024-02-29,0.0,0.0,inactive
U02675,B2C,B2C,2024-03-31,0.0,0.0,inactive
U02675,B2C,B2C,2024-04-30,0.0,0.0,inactive
U02693,B2C,B2C,2023-12-31,33.25,,new
U02693,B2C,B2C,2024-01-31,33.25,33.25,retained_flat
U02693,B2C,B2C,2024-02-29,33.25,33.25,retained_flat
U02693,B2C,B2C,2024-03-31,33.25,33.25,retained_flat
U02693,B2C,B2C,2024-04-30,33.25,33.25,retained_flat
U02700,B2C,B2C,2023-12-31,33.25,,new
U02700,B2C,B2C,2024-01-31,33.25,33.25,retained_flat
U02700,B2C,B2C,2024-02-29,33.25,33.25,retained_flat
U02700,B2C,B2C,2024-03-31,33.25,33.25,retained_flat
U02700,B2C,B2C,2024-04-30,33.25,33.25,retained_flat
U02701,B2C,B2C,2023-12-31,49.0,,new
U02701,B2C,B2C,2024-01-31,49.0,49.0,retained_flat
U02701,B2C,B2C,2024-02-29,0.0,49.0,churn
U02701,B2C,B2C,2024-03-31,0.0,0.0,inactive
U02701,B2C,B2C,2024-04-30,0.0,0.0,inactive
U02707,B2C,B2C,2023-12-31,33.25,,new
U02707,B2C,B2C,2024-01-31,33.25,33.25,retained_flat
U02707,B2C,B2C,2024-02-29,33.25,33.25,retained_flat
U02707,B2C,B2C,2024-03-31,33.25,33.25,retained_flat
U02707,B2C,B2C,2024-04-30,33.25,33.25,retained_flat
U02724,B2C,B2C,2023-12-31,49.0,,new
U02724,B2C,B2C,2024-01-31,49.0,49.0,retained_flat
U02724,B2C,B2C,2024-02-29,49.0,49.0,retained_flat
U02724,B2C,B2C,2024-03-31,49.0,49.0,retained_flat
U02724,B2C,B2C,2024-04-30,49.0,49.0,retained_flat
U02729,B2C,B2C,2023-12-31,33.25,,new
U02729,B2C,B2C,2024-01-31,33.25,33.25,retained_flat
U02729,B2C,B2C,2024-02-29,33.25,33.25,retained_flat
U02729,B2C,B2C,2024-03-31,33.25,33.25,retained_flat
U02729,B2C,B2C,2024-04-30,33.25,33.25,retained_flat
U02778,Enterprise,B2B,2023-12-31,825.0,,new
U02778,Enterprise,B2B,2024-01-31,825.0,825.0,retained_flat
U02778,Enterprise,B2B,2024-02-29,825.0,825.0,retained_flat
U02778,Enterprise,B2B,2024-03-31,825.0,825.0,retained_flat
U02778,Enterprise,B2B,2024-04-30,825.0,825.0,retained_flat
U02800,B2C,B2C,2024-01-31,33.25,,new
U02800,B2C,B2C,2024-02-29,33.25,33.25,retained_flat
U02800,B2C,B2C,2024-03-31,33.25,33.25,retained_flat
U02800,B2C,B2C,2024-04-30,33.25,33.25,retained_flat
U02806,B2C,B2C,2024-01-31,33.25,,new
U02806,B2C,B2C,2024-02-29,33.25,33.25,retained_flat
U02806,B2C,B2C,2024-03-31,33.25,33.25,retained_flat
U02806,B2C,B2C,2024-04-30,33.25,33.25,retained_flat
U02836,B2C,B2C,2024-01-31,33.25,,new
U02836,B2C,B2C,2024-02-29,33.25,33.25,retained_flat
U02836,B2C,B2C,2024-03-31,33.25,33.25,retained_flat
U02836,B2C,B2C,2024-04-30,33.25,33.25,retained_flat
U02838,B2C,B2C,2024-01-31,33.25,,new
U02838,B2C,B2C,2024-02-29,33.25,33.25,retained_flat
U02838,B2C,B2C,2024-03-31,33.25,33.25,retained_flat
U02838,B2C,B2C,2024-04-30,33.25,33.25,retained_flat
U02850,B2C,B2C,2024-01-31,49.0,,new
U02850,B2C,B2C,2024-02-29,49.0,49.0,retained_flat
U02850,B2C,B2C,2024-03-31,49.0,49.0,retained_flat
U02850,B2C,B2C,2024-04-30,49.0,49.0,retained_flat
U02860,B2C,B2C,2024-01-31,49.0,,new
U02860,B2C,B2C,2024-02-29,49.0,49.0,retained_flat
U02860,B2C,B2C,2024-03-31,49.0,49.0,retained_flat
U02860,B2C,B2C,2024-04-30,49.0,49.0,retained_flat
U02866,B2C,B2C,2024-01-31,49.0,,new
U02866,B2C,B2C,2024-02-29,49.0,49.0,retained_flat
U02866,B2C,B2C,2024-03-31,49.0,49.0,retained_flat
U02866,B2C,B2C,2024-04-30,49.0,49.0,retained_flat
U02897,B2C,B2C,2024-01-31,49.0,,new
U02897,B2C,B2C,2024-02-29,49.0,49.0,retained_flat
U02897,B2C,B2C,2024-03-31,49.0,49.0,retained_flat
U02897,B2C,B2C,2024-04-30,49.0,49.0,retained_flat
U02936,B2C,B2C,2024-01-31,49.0,,new
U02936,B2C,B2C,2024-02-29,49.0,49.0,retained_flat
U02936,B2C,B2C,2024-03-31,49.0,49.0,retained_flat
U02936,B2C,B2C,2024-04-30,49.0,49.0,retained_flat
U02945,B2C,B2C,2024-01-31,49.0,,new
U02945,B2C,B2C,2024-02-29,49.0,49.0,retained_flat
U02945,B2C,B2C,2024-03-31,49.0,49.0,retained_flat
U02945,B2C,B2C,2024-04-30,0.0,49.0,churn
U02952,B2C,B2C,2024-01-31,49.0,,new
U02952,B2C,B2C,2024-02-29,49.0,49.0,retained_flat
U02952,B2C,B2C,2024-03-31,49.0,49.0,retained_flat
U02952,B2C,B2C,2024-04-30,49.0,49.0,retained_flat
U02964,SMB,B2B,2024-01-31,199.0,,new
U02964,SMB,B2B,2024-02-29,239.62,199.0,expansion
U02964,SMB,B2B,2024-03-31,239.62,239.62,retained_flat
U02964,SMB,B2B,2024-04-30,239.62,239.62,retained_flat
U02993,Enterprise,B2B,2024-01-31,825.0,,new
U02993,Enterprise,B2B,2024-02-29,825.0,825.0,retained_flat
U02993,Enterprise,B2B,2024-03-31,825.0,825.0,retained_flat
U02993,Enterprise,B2B,2024-04-30,825.0,825.0,retained_flat
U03000,B2C,B2C,2024-02-29,49.0,,new
U03000,B2C,B2C,2024-03-31,0.0,49.0,churn
U03000,B2C,B2C,2024-04-30,0.0,0.0,inactive
U03003,B2C,B2C,2024-02-29,49.0,,new
U03003,B2C,B2C,2024-03-31,49.0,49.0,retained_flat
U03003,B2C,B2C,2024-04-30,49.0,49.0,retained_flat
U03011,B2C,B2C,2024-02-29,33.25,,new
U03011,B2C,B2C,2024-03-31,33.25,33.25,retained_flat
U03011,B2C,B2C,2024-04-30,33.25,33.25,retained_flat
U03017,B2C,B2C,2024-02-29,49.0,,new
U03017,B2C,B2C,2024-03-31,49.0,49.0,retained_flat
U03017,B2C,B2C,2024-04-30,49.0,49.0,retained_flat
U03019,B2C,B2C,2024-02-29,49.0,,new
U03019,B2C,B2C,2024-03-31,49.0,49.0,retained_flat
U03019,B2C,B2C,2024-04-30,49.0,49.0,retained_flat
U03039,B2C,B2C,2024-02-29,49.0,,new
U03039,B2C,B2C,2024-03-31,49.0,49.0,retained_flat
U03039,B2C,B2C,2024-04-30,0.0,49.0,churn
U03061,B2C,B2C,2024-02-29,49.0,,new
U03061,B2C,B2C,2024-03-31,49.0,49.0,retained_flat
U03061,B2C,B2C,2024-04-30,49.0,49.0,retained_flat
U03064,B2C,B2C,2024-02-29,49.0,,new
U03064,B2C,B2C,2024-03-31,49.0,49.0,retained_flat
U03064,B2C,B2C,2024-04-30,49.0,49.0,retained_flat
U03076,B2C,B2C,2024-02-29,33.25,,new
U03076,B2C,B2C,2024-03-31,33.25,33.25,retained_flat
U03076,B2C,B2C,2024-04-30,33.25,33.25,retained_flat
U03106,B2C,B2C,2024-02-29,49.0,,new
U03106,B2C,B2C,2024-03-31,49.0,49.0,retained_flat
U03106,B2C,B2C,2024-04-30,49.0,49.0,retained_flat
U03152,B2C,B2C,2024-02-29,33.25,,new
U03152,B2C,B2C,2024-03-31,33.25,33.25,retained_flat
U03152,B2C,B2C,2024-04-30,33.25,33.25,retained_flat
U03165,B2C,B2C,2024-02-29,49.0,,new
U03165,B2C,B2C,2024-03-31,49.0,49.0,retained_flat
U03165,B2C,B2C,2024-04-30,49.0,49.0,retained_flat
U03168,B2C,B2C,2024-02-29,49.0,,new
U03168,B2C,B2C,2024-03-31,49.0,49.0,retained_flat
U03168,B2C,B2C,2024-04-30,49.0,49.0,retained_flat
U03174,B2C,B2C,2024-02-29,33.25,,new
U03174,B2C,B2C,2024-03-31,33.25,33.25,retained_flat
U03174,B2C,B2C,2024-04-30,33.25,33.25,retained_flat
U03195,SMB,B2B,2024-02-29,149.92,,new
U03195,SMB,B2B,2024-03-31,149.92,149.92,retained_flat
U03195,SMB,B2B,2024-04-30,149.92,149.92,retained_flat
U03197,SMB,B2B,2024-02-29,149.92,,new
U03197,SMB,B2B,2024-03-31,149.92,149.92,retained_flat
U03197,SMB,B2B,2024-04-30,149.92,149.92,retained_flat
U03200,SMB,B2B,2024-02-29,149.92,,new
U03200,SMB,B2B,2024-03-31,149.92,149.92,retained_flat
U03200,SMB,B2B,2024-04-30,149.92,149.92,retained_flat
U03230,B2C,B2C,2024-03-31,49.0,,new
U03230,B2C,B2C,2024-04-30,49.0,49.0,retained_flat
U03235,B2C,B2C,2024-03-31,49.0,,new
U03235,B2C,B2C,2024-04-30,49.0,49.0,retained_flat
U03244,B2C,B2C,2024-03-31,49.0,,new
U03244,B2C,B2C,2024-04-30,49.0,49.0,retained_flat
U03273,B2C,B2C,2024-03-31,33.25,,new
U03273,B2C,B2C,2024-04-30,33.25,33.25,retained_flat
U03285,B2C,B2C,2024-03-31,49.0,,new
U03285,B2C,B2C,2024-04-30,49.0,49.0,retained_flat
U03298,B2C,B2C,2024-03-31,49.0,,new
U03298,B2C,B2C,2024-04-30,49.0,49.0,retained_flat
U03314,B2C,B2C,2024-03-31,33.25,,new
U03314,B2C,B2C,2024-04-30,33.25,33.25,retained_flat
U03321,B2C,B2C,2024-03-31,49.0,,new
U03321,B2C,B2C,2024-04-30,49.0,49.0,retained_flat
U03338,B2C,B2C,2024-03-31,49.0,,new
U03338,B2C,B2C,2024-04-30,49.0,49.0,retained_flat
U03343,B2C,B2C,2024-03-31,33.25,,new
U03343,B2C,B2C,2024-04-30,33.25,33.25,retained_flat
U03350,B2C,B2C,2024-03-31,49.0,,new
U03350,B2C,B2C,2024-04-30,49.0,49.0,retained_flat
U03385,B2C,B2C,2024-03-31,33.25,,new
U03385,B2C,B2C,2024-04-30,33.25,33.25,retained_flat
U03392,B2C,B2C,2024-03-31,33.25,,new
U03392,B2C,B2C,2024-04-30,33.25,33.25,retained_flat
U03407,B2C,B2C,2024-03-31,49.0,,new
U03407,B2C,B2C,2024-04-30,49.0,49.0,retained_flat
U03414,SMB,B2B,2024-03-31,149.92,,new
U03414,SMB,B2B,2024-04-30,149.92,149.92,retained_flat
U03415,SMB,B2B,2024-03-31,149.92,,new
U03415,SMB,B2B,2024-04-30,149.92,149.92,retained_flat
U03421,SMB,B2B,2024-03-31,149.92,,new
U03421,SMB,B2B,2024-04-30,149.92,149.92,retained_flat
U03443,SMB,B2B,2024-03-31,149.92,,new
U03443,SMB,B2B,2024-04-30,149.92,149.92,retained_flat
U03456,B2C,B2C,2024-04-30,33.25,,new
U03467,B2C,B2C,2024-04-30,49.0,,new
U03480,B2C,B2C,2024-04-30,49.0,,new
U03481,B2C,B2C,2024-04-30,49.0,,new
U03494,B2C,B2C,2024-04-30,33.25,,new
U03505,B2C,B2C,2024-04-30,49.0,,new
U03506,B2C,B2C,2024-04-30,49.0,,new
U03526,B2C,B2C,2024-04-30,49.0,,new
U03555,B2C,B2C,2024-04-30,49.0,,new
U03566,B2C,B2C,2024-04-30,33.25,,new
U03579,B2C,B2C,2024-04-30,33.25,,new
U03584,B2C,B2C,2024-04-30,33.25,,new
U03599,B2C,B2C,2024-04-30,49.0,,new
U03628,B2C,B2C,2024-04-30,49.0,,new
U03630,B2C,B2C,2024-04-30,49.0,,new
U03650,B2C,B2C,2024-04-30,49.0,,new
U03683,SMB,B2B,2024-04-30,199.0,,new
U03687,Enterprise,B2B,2024-04-30,825.0,,new
U01002,B2C,B2C,2023-01-31,49.0,,new
U01002,B2C,B2C,2023-02-28,49.0,49.0,retained_flat
U01002,B2C,B2C,2023-03-31,49.0,49.0,retained_flat
U01002,B2C,B2C,2023-04-30,49.0,49.0,retained_flat
U01002,B2C,B2C,2023-05-31,49.0,49.0,retained_flat
U01002,B2C,B2C,2023-06-30,49.0,49.0,retained_flat
U01002,B2C,B2C,2023-07-31,49.0,49.0,retained_flat
U01002,B2C,B2C,2023-08-31,49.0,49.0,retained_flat
U01002,B2C,B2C,2023-09-30,49.0,49.0,retained_flat
U01002,B2C,B2C,2023-10-31,49.0,49.0,retained_flat
U01002,B2C,B2C,2023-11-30,49.0,49.0,retained_flat
U01002,B2C,B2C,2023-12-31,49.0,49.0,retained_flat
U01002,B2C,B2C,2024-01-31,49.0,49.0,retained_flat
U01002,B2C,B2C,2024-02-29,49.0,49.0,retained_flat
U01002,B2C,B2C,2024-03-31,49.0,49.0,retained_flat
U01002,B2C,B2C,2024-04-30,49.0,49.0,retained_flat
U01013,B2C,B2C,2023-01-31,49.0,,new
U01013,B2C,B2C,2023-02-28,49.0,49.0,retained_flat
U01013,B2C,B2C,2023-03-31,49.0,49.0,retained_flat
U01013,B2C,B2C,2023-04-30,49.0,49.0,retained_flat
U01013,B2C,B2C,2023-05-31,49.0,49.0,retained_flat
U01013,B2C,B2C,2023-06-30,0.0,49.0,churn
U01013,B2C,B2C,2023-07-31,0.0,0.0,inactive
U01013,B2C,B2C,2023-08-31,0.0,0.0,inactive
U01013,B2C,B2C,2023-09-30,0.0,0.0,inactive
U01013,B2C,B2C,2023-10-31,0.0,0.0,inactive
U01013,B2C,B2C,2023-11-30,0.0,0.0,inactive
U01013,B2C,B2C,2023-12-31,0.0,0.0,inactive
U01013,B2C,B2C,2024-01-31,0.0,0.0,inactive
U01013,B2C,B2C,2024-02-29,0.0,0.0,inactive
U01013,B2C,B2C,2024-03-31,0.0,0.0,inactive
U01013,B2C,B2C,2024-04-30,0.0,0.0,inactive
U01060,B2C,B2C,2023-01-31,49.0,,new
U01060,B2C,B2C,2023-02-28,49.0,49.0,retained_flat
U01060,B2C,B2C,2023-03-31,0.0,49.0,churn
U01060,B2C,B2C,2023-04-30,0.0,0.0,inactive
U01060,B2C,B2C,2023-05-31,0.0,0.0,inactive
U01060,B2C,B2C,2023-06-30,0.0,0.0,inactive
U01060,B2C,B2C,2023-07-31,0.0,0.0,inactive
U01060,B2C,B2C,2023-08-31,0.0,0.0,inactive
U01060,B2C,B2C,2023-09-30,0.0,0.0,inactive
U01060,B2C,B2C,2023-10-31,0.0,0.0,inactive
U01060,B2C,B2C,2023-11-30,0.0,0.0,inactive
U01060,B2C,B2C,2023-12-31,0.0,0.0,inactive
U01060,B2C,B2C,2024-01-31,0.0,0.0,inactive
U01060,B2C,B2C,2024-02-29,0.0,0.0,inactive
U01060,B2C,B2C,2024-03-31,0.0,0.0,inactive
U01060,B2C,B2C,2024-04-30,0.0,0.0,inactive
U01079,B2C,B2C,2023-01-31,49.0,,new
U01079,B2C,B2C,2023-02-28,49.0,49.0,retained_flat
U01079,B2C,B2C,2023-03-31,49.0,49.0,retained_flat
U01079,B2C,B2C,2023-04-30,49.0,49.0,retained_flat
U01079,B2C,B2C,2023-05-31,49.0,49.0,retained_flat
U01079,B2C,B2C,2023-06-30,49.0,49.0,retained_flat
U01079,B2C,B2C,2023-07-31,49.0,49.0,retained_flat
U01079,B2C,B2C,2023-08-31,49.0,49.0,retained_flat
U01079,B2C,B2C,2023-09-30,49.0,49.0,retained_flat
U01079,B2C,B2C,2023-10-31,49.0,49.0,retained_flat
U01079,B2C,B2C,2023-11-30,49.0,49.0,retained_flat
U01079,B2C,B2C,2023-12-31,0.0,49.0,churn
U01079,B2C,B2C,2024-01-31,0.0,0.0,inactive
U01079,B2C,B2C,2024-02-29,0.0,0.0,inactive
U01079,B2C,B2C,2024-03-31,0.0,0.0,inactive
U01079,B2C,B2C,2024-04-30,0.0,0.0,inactive
U01093,SMB,B2B,2023-01-31,149.92,,new
U01093,SMB,B2B,2023-02-28,149.92,149.92,retained_flat
U01093,SMB,B2B,2023-03-31,149.92,149.92,retained_flat
U01093,SMB,B2B,2023-04-30,149.92,149.92,retained_flat
U01093,SMB,B2B,2023-05-31,149.92,149.92,retained_flat
U01093,SMB,B2B,2023-06-30,149.92,149.92,retained_flat
U01093,SMB,B2B,2023-07-31,149.92,149.92,retained_flat
U01093,SMB,B2B,2023-08-31,149.92,149.92,retained_flat
U01093,SMB,B2B,2023-09-30,149.92,149.92,retained_flat
U01093,SMB,B2B,2023-10-31,149.92,149.92,retained_flat
U01093,SMB,B2B,2023-11-30,149.92,149.92,retained_flat
U01093,SMB,B2B,2023-12-31,149.92,149.92,retained_flat
U01093,SMB,B2B,2024-01-31,149.92,149.92,retained_flat
U01093,SMB,B2B,2024-02-29,149.92,149.92,retained_flat
U01093,SMB,B2B,2024-03-31,149.92,149.92,retained_flat
U01093,SMB,B2B,2024-04-30,149.92,149.92,retained_flat
U01099,Enterprise,B2B,2023-01-31,825.0,,new
U01099,Enterprise,B2B,2023-02-28,825.0,825.0,retained_flat
U01099,Enterprise,B2B,2023-03-31,825.0,825.0,retained_flat
U01099,Enterprise,B2B,2023-04-30,825.0,825.0,retained_flat
U01099,Enterprise,B2B,2023-05-31,825.0,825.0,retained_flat
U01099,Enterprise,B2B,2023-06-30,825.0,825.0,retained_flat
U01099,Enterprise,B2B,2023-07-31,825.0,825.0,retained_flat
U01099,Enterprise,B2B,2023-08-31,825.0,825.0,retained_flat
U01099,Enterprise,B2B,2023-09-30,825.0,825.0,retained_flat
U01099,Enterprise,B2B,2023-10-31,825.0,825.0,retained_flat
U01099,Enterprise,B2B,2023-11-30,825.0,825.0,retained_flat
U01099,Enterprise,B2B,2023-12-31,825.0,825.0,retained_flat
U01099,Enterprise,B2B,2024-01-31,867.63,825.0,expansion
U01099,Enterprise,B2B,2024-02-29,867.63,867.63,retained_flat
U01099,Enterprise,B2B,2024-03-31,867.63,867.63,retained_flat
U01099,Enterprise,B2B,2024-04-30,867.63,867.63,retained_flat
U01103,B2C,B2C,2023-02-28,33.25,,new
U01103,B2C,B2C,2023-03-31,33.25,33.25,retained_flat
U01103,B2C,B2C,2023-04-30,33.25,33.25,retained_flat
U01103,B2C,B2C,2023-05-31,33.25,33.25,retained_flat
U01103,B2C,B2C,2023-06-30,33.25,33.25,retained_flat
U01103,B2C,B2C,2023-07-31,33.25,33.25,retained_flat
U01103,B2C,B2C,2023-08-31,33.25,33.25,retained_flat
U01103,B2C,B2C,2023-09-30,33.25,33.25,retained_flat
U01103,B2C,B2C,2023-10-31,33.25,33.25,retained_flat
U01103,B2C,B2C,2023-11-30,33.25,33.25,retained_flat
U01103,B2C,B2C,2023-12-31,33.25,33.25,retained_flat
U01103,B2C,B2C,2024-01-31,33.25,33.25,retained_flat
U01103,B2C,B2C,2024-02-29,33.25,33.25,retained_flat
U01103,B2C,B2C,2024-03-31,33.25,33.25,retained_flat
U01103,B2C,B2C,2024-04-30,33.25,33.25,retained_flat
U01117,B2C,B2C,2023-02-28,33.25,,new
U01117,B2C,B2C,2023-03-31,33.25,33.25,retained_flat
U01117,B2C,B2C,2023-04-30,33.25,33.25,retained_flat
U01117,B2C,B2C,2023-05-31,33.25,33.25,retained_flat
U01117,B2C,B2C,2023-06-30,33.25,33.25,retained_flat
U01117,B2C,B2C,2023-07-31,33.25,33.25,retained_flat
U01117,B2C,B2C,2023-08-31,33.25,33.25,retained_flat
U01117,B2C,B2C,2023-09-30,33.25,33.25,retained_flat
U01117,B2C,B2C,2023-10-31,33.25,33.25,retained_flat
U01117,B2C,B2C,2023-11-30,33.25,33.25,retained_flat
U01117,B2C,B2C,2023-12-31,33.25,33.25,retained_flat
U01117,B2C,B2C,2024-01-31,33.25,33.25,retained_flat
U01117,B2C,B2C,2024-02-29,33.25,33.25,retained_flat
U01117,B2C,B2C,2024-03-31,33.25,33.25,retained_flat
U01117,B2C,B2C,2024-04-30,33.25,33.25,retained_flat
U01120,B2C,B2C,2023-02-28,33.25,,new
U01120,B2C,B2C,2023-03-31,33.25,33.25,retained_flat
U01120,B2C,B2C,2023-04-30,33.25,33.25,retained_flat
U01120,B2C,B2C,2023-05-31,33.25,33.25,retained_flat
U01120,B2C,B2C,2023-06-30,33.25,33.25,retained_flat
U01120,B2C,B2C,2023-07-31,33.25,33.25,retained_flat
U01120,B2C,B2C,2023-08-31,33.25,33.25,retained_flat
U01120,B2C,B2C,2023-09-30,33.25,33.25,retained_flat
U01120,B2C,B2C,2023-10-31,33.25,33.25,retained_flat
U01120,B2C,B2C,2023-11-30,33.25,33.25,retained_flat
U01120,B2C,B2C,2023-12-31,33.25,33.25,retained_flat
U01120,B2C,B2C,2024-01-31,33.25,33.25,retained_flat
U01120,B2C,B2C,2024-02-29,33.25,33.25,retained_flat
U01120,B2C,B2C,2024-03-31,33.25,33.25,retained_flat
U01120,B2C,B2C,2024-04-30,33.25,33.25,retained_flat
U01136,B2C,B2C,2023-02-28,49.0,,new
U01136,B2C,B2C,2023-03-31,49.0,49.0,retained_flat
U01136,B2C,B2C,2023-04-30,49.0,49.0,retained_flat
U01136,B2C,B2C,2023-05-31,49.0,49.0,retained_flat
U01136,B2C,B2C,2023-06-30,49.0,49.0,retained_flat
U01136,B2C,B2C,2023-07-31,49.0,49.0,retained_flat
U01136,B2C,B2C,2023-08-31,49.0,49.0,retained_flat
U01136,B2C,B2C,2023-09-30,49.0,49.0,retained_flat
U01136,B2C,B2C,2023-10-31,49.0,49.0,retained_flat
U01136,B2C,B2C,2023-11-30,49.0,49.0,retained_flat
U01136,B2C,B2C,2023-12-31,49.0,49.0,retained_flat
U01136,B2C,B2C,2024-01-31,0.0,49.0,churn
U01136,B2C,B2C,2024-02-29,0.0,0.0,inactive
U01136,B2C,B2C,2024-03-31,0.0,0.0,inactive
U01136,B2C,B2C,2024-04-30,0.0,0.0,inactive
U01138,B2C,B2C,2023-02-28,33.25,,new
U01138,B2C,B2C,2023-03-31,33.25,33.25,retained_flat
U01138,B2C,B2C,2023-04-30,33.25,33.25,retained_flat
U01138,B2C,B2C,2023-05-31,33.25,33.25,retained_flat
U01138,B2C,B2C,2023-06-30,33.25,33.25,retained_flat
U01138,B2C,B2C,2023-07-31,33.25,33.25,retained_flat
U01138,B2C,B2C,2023-08-31,33.25,33.25,retained_flat
U01138,B2C,B2C,2023-09-30,33.25,33.25,retained_flat
U01138,B2C,B2C,2023-10-31,33.25,33.25,retained_flat
U01138,B2C,B2C,2023-11-30,33.25,33.25,retained_flat
U01138,B2C,B2C,2023-12-31,33.25,33.25,retained_flat
U01138,B2C,B2C,2024-01-31,33.25,33.25,retained_flat
U01138,B2C,B2C,2024-02-29,33.25,33.25,retained_flat
U01138,B2C,B2C,2024-03-31,33.25,33.25,retained_flat
U01138,B2C,B2C,2024-04-30,33.25,33.25,retained_flat
U01156,B2C,B2C,2023-02-28,49.0,,new
U01156,B2C,B2C,2023-03-31,49.0,49.0,retained_flat
U01156,B2C,B2C,2023-04-30,49.0,49.0,retained_flat
U01156,B2C,B2C,2023-05-31,49.0,49.0,retained_flat
U01156,B2C,B2C,2023-06-30,49.0,49.0,retained_flat
U01156,B2C,B2C,2023-07-31,49.0,49.0,retained_flat
U01156,B2C,B2C,2023-08-31,49.0,49.0,retained_flat
U01156,B2C,B2C,2023-09-30,49.0,49.0,retained_flat
U01156,B2C,B2C,2023-10-31,49.0,49.0,retained_flat
U01156,B2C,B2C,2023-11-30,49.0,49.0,retained_flat
U01156,B2C,B2C,2023-12-31,49.0,49.0,retained_flat
U01156,B2C,B2C,2024-01-31,49.0,49.0,retained_flat
U01156,B2C,B2C,2024-02-29,49.0,49.0,retained_flat
U01156,B2C,B2C,2024-03-31,49.0,49.0,retained_flat
U01156,B2C,B2C,2024-04-30,49.0,49.0,retained_flat
U01158,B2C,B2C,2023-02-28,49.0,,new
U01158,B2C,B2C,2023-03-31,49.0,49.0,retained_flat
U01158,B2C,B2C,2023-04-30,49.0,49.0,retained_flat
U01158,B2C,B2C,2023-05-31,49.0,49.0,retained_flat
U01158,B2C,B2C,2023-06-30,0.0,49.0,churn
U01158,B2C,B2C,2023-07-31,0.0,0.0,inactive
U01158,B2C,B2C,2023-08-31,0.0,0.0,inactive
U01158,B2C,B2C,2023-09-30,0.0,0.0,inactive
U01158,B2C,B2C,2023-10-31,0.0,0.0,inactive
U01158,B2C,B2C,2023-11-30,0.0,0.0,inactive
U01158,B2C,B2C,2023-12-31,0.0,0.0,inactive
U01158,B2C,B2C,2024-01-31,0.0,0.0,inactive
U01158,B2C,B2C,2024-02-29,0.0,0.0,inactive
U01158,B2C,B2C,2024-03-31,0.0,0.0,inactive
U01158,B2C,B2C,2024-04-30,0.0,0.0,inactive
U01192,SMB,B2B,2023-02-28,149.92,,new
U01192,SMB,B2B,2023-03-31,149.92,149.92,retained_flat
U01192,SMB,B2B,2023-04-30,149.92,149.92,retained_flat
U01192,SMB,B2B,2023-05-31,149.92,149.92,retained_flat
U01192,SMB,B2B,2023-06-30,149.92,149.92,retained_flat
U01192,SMB,B2B,2023-07-31,149.92,149.92,retained_flat
U01192,SMB,B2B,2023-08-31,149.92,149.92,retained_flat
U01192,SMB,B2B,2023-09-30,149.92,149.92,retained_flat
U01192,SMB,B2B,2023-10-31,149.92,149.92,retained_flat
U01192,SMB,B2B,2023-11-30,149.92,149.92,retained_flat
U01192,SMB,B2B,2023-12-31,149.92,149.92,retained_flat
U01192,SMB,B2B,2024-01-31,149.92,149.92,retained_flat
U01192,SMB,B2B,2024-02-29,149.92,149.92,retained_flat
U01192,SMB,B2B,2024-03-31,149.92,149.92,retained_flat
U01192,SMB,B2B,2024-04-30,149.92,149.92,retained_flat
U01197,SMB,B2B,2023-02-28,149.92,,new
U01197,SMB,B2B,2023-03-31,149.92,149.92,retained_flat
U01197,SMB,B2B,2023-04-30,149.92,149.92,retained_flat
U01197,SMB,B2B,2023-05-31,149.92,149.92,retained_flat
U01197,SMB,B2B,2023-06-30,149.92,149.92,retained_flat
U01197,SMB,B2B,2023-07-31,149.92,149.92,retained_flat
U01197,SMB,B2B,2023-08-31,149.92,149.92,retained_flat
U01197,SMB,B2B,2023-09-30,149.92,149.92,retained_flat
U01197,SMB,B2B,2023-10-31,149.92,149.92,retained_flat
U01197,SMB,B2B,2023-11-30,149.92,149.92,retained_flat
U01197,SMB,B2B,2023-12-31,149.92,149.92,retained_flat
U01197,SMB,B2B,2024-01-31,149.92,149.92,retained_flat
U01197,SMB,B2B,2024-02-29,162.19,149.92,expansion
U01197,SMB,B2B,2024-03-31,162.19,162.19,retained_flat
U01197,SMB,B2B,2024-04-30,162.19,162.19,retained_flat
U01210,B2C,B2C,2023-03-31,49.0,,new
U01210,B2C,B2C,2023-04-30,49.0,49.0,retained_flat
U01210,B2C,B2C,2023-05-31,49.0,49.0,retained_flat
U01210,B2C,B2C,2023-06-30,49.0,49.0,retained_flat
U01210,B2C,B2C,2023-07-31,49.0,49.0,retained_flat
U01210,B2C,B2C,2023-08-31,49.0,49.0,retained_flat
U01210,B2C,B2C,2023-09-30,49.0,49.0,retained_flat
U01210,B2C,B2C,2023-10-31,49.0,49.0,retained_flat
U01210,B2C,B2C,2023-11-30,49.0,49.0,retained_flat
U01210,B2C,B2C,2023-12-31,49.0,49.0,retained_flat
U01210,B2C,B2C,2024-01-31,49.0,49.0,retained_flat
U01210,B2C,B2C,2024-02-29,49.0,49.0,retained_flat
U01210,B2C,B2C,2024-03-31,49.0,49.0,retained_flat
U01210,B2C,B2C,2024-04-30,49.0,49.0,retained_flat
U01231,B2C,B2C,2023-03-31,49.0,,new
U01231,B2C,B2C,2023-04-30,49.0,49.0,retained_flat
U01231,B2C,B2C,2023-05-31,49.0,49.0,retained_flat
U01231,B2C,B2C,2023-06-30,49.0,49.0,retained_flat
U01231,B2C,B2C,2023-07-31,49.0,49.0,retained_flat
U01231,B2C,B2C,2023-08-31,49.0,49.0,retained_flat
U01231,B2C,B2C,2023-09-30,49.0,49.0,retained_flat
U01231,B2C,B2C,2023-10-31,49.0,49.0,retained_flat
U01231,B2C,B2C,2023-11-30,49.0,49.0,retained_flat
U01231,B2C,B2C,2023-12-31,49.0,49.0,retained_flat
U01231,B2C,B2C,2024-01-31,49.0,49.0,retained_flat
U01231,B2C,B2C,2024-02-29,49.0,49.0,retained_flat
U01231,B2C,B2C,2024-03-31,49.0,49.0,retained_flat
U01231,B2C,B2C,2024-04-30,49.0,49.0,retained_flat
U01232,B2C,B2C,2023-03-31,49.0,,new
U01232,B2C,B2C,2023-04-30,49.0,49.0,retained_flat
U01232,B2C,B2C,2023-05-31,0.0,49.0,churn
U01232,B2C,B2C,2023-06-30,0.0,0.0,inactive
U01232,B2C,B2C,2023-07-31,0.0,0.0,inactive
U01232,B2C,B2C,2023-08-31,0.0,0.0,inactive
U01232,B2C,B2C,2023-09-30,0.0,0.0,inactive
U01232,B2C,B2C,2023-10-31,0.0,0.0,inactive
U01232,B2C,B2C,2023-11-30,0.0,0.0,inactive
U01232,B2C,B2C,2023-12-31,0.0,0.0,inactive
U01232,B2C,B2C,2024-01-31,0.0,0.0,inactive
U01232,B2C,B2C,2024-02-29,0.0,0.0,inactive
U01232,B2C,B2C,2024-03-31,0.0,0.0,inactive
U01232,B2C,B2C,2024-04-30,0.0,0.0,inactive
U01243,B2C,B2C,2023-03-31,49.0,,new
U01243,B2C,B2C,2023-04-30,49.0,49.0,retained_flat
U01243,B2C,B2C,2023-05-31,49.0,49.0,retained_flat
U01243,B2C,B2C,2023-06-30,49.0,49.0,retained_flat
U01243,B2C,B2C,2023-07-31,49.0,49.0,retained_flat
U01243,B2C,B2C,2023-08-31,49.0,49.0,retained_flat
U01243,B2C,B2C,2023-09-30,49.0,49.0,retained_flat
U01243,B2C,B2C,2023-10-31,49.0,49.0,retained_flat
U01243,B2C,B2C,2023-11-30,49.0,49.0,retained_flat
U01243,B2C,B2C,2023-12-31,49.0,49.0,retained_flat
U01243,B2C,B2C,2024-01-31,49.0,49.0,retained_flat
U01243,B2C,B2C,2024-02-29,49.0,49.0,retained_flat
U01243,B2C,B2C,2024-03-31,49.0,49.0,retained_flat
U01243,B2C,B2C,2024-04-30,49.0,49.0,retained_flat
U01260,B2C,B2C,2023-03-31,33.25,,new
U01260,B2C,B2C,2023-04-30,33.25,33.25,retained_flat
U01260,B2C,B2C,2023-05-31,33.25,33.25,retained_flat
U01260,B2C,B2C,2023-06-30,33.25,33.25,retained_flat
U01260,B2C,B2C,2023-07-31,33.25,33.25,retained_flat
U01260,B2C,B2C,2023-08-31,33.25,33.25,retained_flat
U01260,B2C,B2C,2023-09-30,33.25,33.25,retained_flat
U01260,B2C,B2C,2023-10-31,33.25,33.25,retained_flat
U01260,B2C,B2C,2023-11-30,33.25,33.25,retained_flat
U01260,B2C,B2C,2023-12-31,33.25,33.25,retained_flat
U01260,B2C,B2C,2024-01-31,33.25,33.25,retained_flat
U01260,B2C,B2C,2024-02-29,33.25,33.25,retained_flat
U01260,B2C,B2C,2024-03-31,33.25,33.25,retained_flat
U01260,B2C,B2C,2024-04-30,33.25,33.25,retained_flat
U01270,B2C,B2C,2023-03-31,33.25,,new
U01270,B2C,B2C,2023-04-30,33.25,33.25,retained_flat
U01270,B2C,B2C,2023-05-31,33.25,33.25,retained_flat
U01270,B2C,B2C,2023-06-30,33.25,33.25,retained_flat
U01270,B2C,B2C,2023-07-31,33.25,33.25,retained_flat
U01270,B2C,B2C,2023-08-31,33.25,33.25,retained_flat
U01270,B2C,B2C,2023-09-30,33.25,33.25,retained_flat
U01270,B2C,B2C,2023-10-31,33.25,33.25,retained_flat
U01270,B2C,B2C,2023-11-30,33.25,33.25,retained_flat
U01270,B2C,B2C,2023-12-31,33.25,33.25,retained_flat
U01270,B2C,B2C,2024-01-31,33.25,33.25,retained_flat
U01270,B2C,B2C,2024-02-29,33.25,33.25,retained_flat
U01270,B2C,B2C,2024-03-31,33.25,33.25,retained_flat
U01270,B2C,B2C,2024-04-30,33.25,33.25,retained_flat
U01281,B2C,B2C,2023-03-31,49.0,,new
U01281,B2C,B2C,2023-04-30,49.0,49.0,retained_flat
U01281,B2C,B2C,2023-05-31,49.0,49.0,retained_flat
U01281,B2C,B2C,2023-06-30,49.0,49.0,retained_flat
U01281,B2C,B2C,2023-07-31,49.0,49.0,retained_flat
U01281,B2C,B2C,2023-08-31,0.0,49.0,churn
U01281,B2C,B2C,2023-09-30,0.0,0.0,inactive
U01281,B2C,B2C,2023-10-31,0.0,0.0,inactive
U01281,B2C,B2C,2023-11-30,0.0,0.0,inactive
U01281,B2C,B2C,2023-12-31,0.0,0.0,inactive
U01281,B2C,B2C,2024-01-31,0.0,0.0,inactive
U01281,B2C,B2C,2024-02-29,0.0,0.0,inactive
U01281,B2C,B2C,2024-03-31,0.0,0.0,inactive
U01281,B2C,B2C,2024-04-30,0.0,0.0,inactive
U01314,SMB,B2B,2023-03-31,149.92,,new
U01314,SMB,B2B,2023-04-30,149.92,149.92,retained_flat
U01314,SMB,B2B,2023-05-31,149.92,149.92,retained_flat
U01314,SMB,B2B,2023-06-30,149.92,149.92,retained_flat
U01314,SMB,B2B,2023-07-31,149.92,149.92,retained_flat
U01314,SMB,B2B,2023-08-31,149.92,149.92,retained_flat
U01314,SMB,B2B,2023-09-30,149.92,149.92,retained_flat
U01314,SMB,B2B,2023-10-31,149.92,149.92,retained_flat
U01314,SMB,B2B,2023-11-30,149.92,149.92,retained_flat
U01314,SMB,B2B,2023-12-31,149.92,149.92,retained_flat
U01314,SMB,B2B,2024-01-31,149.92,149.92,retained_flat
U01314,SMB,B2B,2024-02-29,149.92,149.92,retained_flat
U01314,SMB,B2B,2024-03-31,149.92,149.92,retained_flat
U01314,SMB,B2B,2024-04-30,149.92,149.92,retained_flat
U01334,B2C,B2C,2023-04-30,33.25,,new
U01334,B2C,B2C,2023-05-31,33.25,33.25,retained_flat
U01334,B2C,B2C,2023-06-30,33.25,33.25,retained_flat
U01334,B2C,B2C,2023-07-31,33.25,33.25,retained_flat
U01334,B2C,B2C,2023-08-31,33.25,33.25,retained_flat
U01334,B2C,B2C,2023-09-30,33.25,33.25,retained_flat
U01334,B2C,B2C,2023-10-31,33.25,33.25,retained_flat
U01334,B2C,B2C,2023-11-30,33.25,33.25,retained_flat
U01334,B2C,B2C,2023-12-31,33.25,33.25,retained_flat
U01334,B2C,B2C,2024-01-31,33.25,33.25,retained_flat
U01334,B2C,B2C,2024-02-29,33.25,33.25,retained_flat
U01334,B2C,B2C,2024-03-31,33.25,33.25,retained_flat
U01334,B2C,B2C,2024-04-30,33.25,33.25,retained_flat
U01339,B2C,B2C,2023-04-30,49.0,,new
U01339,B2C,B2C,2023-05-31,49.0,49.0,retained_flat
U01339,B2C,B2C,2023-06-30,49.0,49.0,retained_flat
U01339,B2C,B2C,2023-07-31,49.0,49.0,retained_flat
U01339,B2C,B2C,2023-08-31,49.0,49.0,retained_flat
U01339,B2C,B2C,2023-09-30,49.0,49.0,retained_flat
U01339,B2C,B2C,2023-10-31,49.0,49.0,retained_flat
U01339,B2C,B2C,2023-11-30,49.0,49.0,retained_flat
U01339,B2C,B2C,2023-12-31,49.0,49.0,retained_flat
U01339,B2C,B2C,2024-01-31,49.0,49.0,retained_flat
U01339,B2C,B2C,2024-02-29,49.0,49.0,retained_flat
U01339,B2C,B2C,2024-03-31,0.0,49.0,churn
U01339,B2C,B2C,2024-04-30,0.0,0.0,inactive
U01486,B2C,B2C,2023-05-31,33.25,,new
U01486,B2C,B2C,2023-06-30,33.25,33.25,retained_flat
U01486,B2C,B2C,2023-07-31,33.25,33.25,retained_flat
U01486,B2C,B2C,2023-08-31,33.25,33.25,retained_flat
U01486,B2C,B2C,2023-09-30,33.25,33.25,retained_flat
U01486,B2C,B2C,2023-10-31,33.25,33.25,retained_flat
U01486,B2C,B2C,2023-11-30,33.25,33.25,retained_flat
U01486,B2C,B2C,2023-12-31,33.25,33.25,retained_flat
U01486,B2C,B2C,2024-01-31,33.25,33.25,retained_flat
U01486,B2C,B2C,2024-02-29,33.25,33.25,retained_flat
U01486,B2C,B2C,2024-03-31,33.25,33.25,retained_flat
U01486,B2C,B2C,2024-04-30,33.25,33.25,retained_flat
U01511,B2C,B2C,2023-05-31,49.0,,new
U01511,B2C,B2C,2023-06-30,49.0,49.0,retained_flat
U01511,B2C,B2C,2023-07-31,49.0,49.0,retained_flat
U01511,B2C,B2C,2023-08-31,49.0,49.0,retained_flat
U01511,B2C,B2C,2023-09-30,49.0,49.0,retained_flat
U01511,B2C,B2C,2023-10-31,49.0,49.0,retained_flat
U01511,B2C,B2C,2023-11-30,49.0,49.0,retained_flat
U01511,B2C,B2C,2023-12-31,49.0,49.0,retained_flat
U01511,B2C,B2C,2024-01-31,49.0,49.0,retained_flat
U01511,B2C,B2C,2024-02-29,49.0,49.0,retained_flat
U01511,B2C,B2C,2024-03-31,49.0,49.0,retained_flat
U01511,B2C,B2C,2024-04-30,49.0,49.0,retained_flat
U01535,B2C,B2C,2023-05-31,49.0,,new
U01535,B2C,B2C,2023-06-30,49.0,49.0,retained_flat
U01535,B2C,B2C,2023-07-31,49.0,49.0,retained_flat
U01535,B2C,B2C,2023-08-31,49.0,49.0,retained_flat
U01535,B2C,B2C,2023-09-30,49.0,49.0,retained_flat
U01535,B2C,B2C,2023-10-31,49.0,49.0,retained_flat
U01535,B2C,B2C,2023-11-30,49.0,49.0,retained_flat
U01535,B2C,B2C,2023-12-31,49.0,49.0,retained_flat
U01535,B2C,B2C,2024-01-31,49.0,49.0,retained_flat
U01535,B2C,B2C,2024-02-29,49.0,49.0,retained_flat
U01535,B2C,B2C,2024-03-31,49.0,49.0,retained_flat
U01535,B2C,B2C,2024-04-30,49.0,49.0,retained_flat
U01564,SMB,B2B,2023-05-31,199.0,,new
U01564,SMB,B2B,2023-06-30,199.0,199.0,retained_flat
U01564,SMB,B2B,2023-07-31,199.0,199.0,retained_flat
U01564,SMB,B2B,2023-08-31,199.0,199.0,retained_flat
U01564,SMB,B2B,2023-09-30,199.0,199.0,retained_flat
U01564,SMB,B2B,2023-10-31,0.0,199.0,churn
U01564,SMB,B2B,2023-11-30,0.0,0.0,inactive
U01564,SMB,B2B,2023-12-31,0.0,0.0,inactive
U01564,SMB,B2B,2024-01-31,0.0,0.0,inactive
U01564,SMB,B2B,2024-02-29,0.0,0.0,inactive
U01564,SMB,B2B,2024-03-31,0.0,0.0,inactive
U01564,SMB,B2B,2024-04-30,0.0,0.0,inactive
U01574,SMB,B2B,2023-05-31,199.0,,new
U01574,SMB,B2B,2023-06-30,199.0,199.0,retained_flat
U01574,SMB,B2B,2023-07-31,199.0,199.0,retained_flat
U01574,SMB,B2B,2023-08-31,229.48,199.0,expansion
U01574,SMB,B2B,2023-09-30,229.48,229.48,retained_flat
U01574,SMB,B2B,2023-10-31,197.38,229.48,contraction
U01574,SMB,B2B,2023-11-30,217.97,197.38,expansion
U01574,SMB,B2B,2023-12-31,238.74,217.97,expansion
U01574,SMB,B2B,2024-01-31,238.74,238.74,retained_flat
U01574,SMB,B2B,2024-02-29,238.74,238.74,retained_flat
U01574,SMB,B2B,2024-03-31,238.74,238.74,retained_flat
U01574,SMB,B2B,2024-04-30,238.74,238.74,retained_flat
U01577,SMB,B2B,2023-05-31,199.0,,new
U01577,SMB,B2B,2023-06-30,199.0,199.0,retained_flat
U01577,SMB,B2B,2023-07-31,199.0,199.0,retained_flat
U01577,SMB,B2B,2023-08-31,199.0,199.0,retained_flat
U01577,SMB,B2B,2023-09-30,199.0,199.0,retained_flat
U01577,SMB,B2B,2023-10-31,199.0,199.0,retained_flat
U01577,SMB,B2B,2023-11-30,199.0,199.0,retained_flat
U01577,SMB,B2B,2023-12-31,159.94,199.0,contraction
U01577,SMB,B2B,2024-01-31,159.94,159.94,retained_flat
U01577,SMB,B2B,2024-02-29,197.38,159.94,expansion
U01577,SMB,B2B,2024-03-31,197.38,197.38,retained_flat
U01577,SMB,B2B,2024-04-30,197.38,197.38,retained_flat
U01605,B2C,B2C,2023-06-30,49.0,,new
U01605,B2C,B2C,2023-07-31,49.0,49.0,retained_flat
U01605,B2C,B2C,2023-08-31,49.0,49.0,retained_flat
U01605,B2C,B2C,2023-09-30,49.0,49.0,retained_flat
U01605,B2C,B2C,2023-10-31,49.0,49.0,retained_flat
U01605,B2C,B2C,2023-11-30,49.0,49.0,retained_flat
U01605,B2C,B2C,2023-12-31,49.0,49.0,retained_flat
U01605,B2C,B2C,2024-01-31,0.0,49.0,churn
U01605,B2C,B2C,2024-02-29,0.0,0.0,inactive
U01605,B2C,B2C,2024-03-31,0.0,0.0,inactive
U01605,B2C,B2C,2024-04-30,0.0,0.0,inactive
U01611,B2C,B2C,2023-06-30,49.0,,new
U01611,B2C,B2C,2023-07-31,49.0,49.0,retained_flat
U01611,B2C,B2C,2023-08-31,49.0,49.0,retained_flat
U01611,B2C,B2C,2023-09-30,49.0,49.0,retained_flat
U01611,B2C,B2C,2023-10-31,49.0,49.0,retained_flat
U01611,B2C,B2C,2023-11-30,49.0,49.0,retained_flat
U01611,B2C,B2C,2023-12-31,49.0,49.0,retained_flat
U01611,B2C,B2C,2024-01-31,49.0,49.0,retained_flat
U01611,B2C,B2C,2024-02-29,49.0,49.0,retained_flat
U01611,B2C,B2C,2024-03-31,49.0,49.0,retained_flat
U01611,B2C,B2C,2024-04-30,49.0,49.0,retained_flat
U01695,B2C,B2C,2023-06-30,49.0,,new
U01695,B2C,B2C,2023-07-31,49.0,49.0,retained_flat
U01695,B2C,B2C,2023-08-31,49.0,49.0,retained_flat
U01695,B2C,B2C,2023-09-30,49.0,49.0,retained_flat
U01695,B2C,B2C,2023-10-31,49.0,49.0,retained_flat
U01695,B2C,B2C,2023-11-30,49.0,49.0,retained_flat
U01695,B2C,B2C,2023-12-31,49.0,49.0,retained_flat
U01695,B2C,B2C,2024-01-31,49.0,49.0,retained_flat
U01695,B2C,B2C,2024-02-29,49.0,49.0,retained_flat
U01695,B2C,B2C,2024-03-31,0.0,49.0,churn
U01695,B2C,B2C,2024-04-30,0.0,0.0,inactive
U01703,B2C,B2C,2023-06-30,49.0,,new
U01703,B2C,B2C,2023-07-31,49.0,49.0,retained_flat
U01703,B2C,B2C,2023-08-31,49.0,49.0,retained_flat
U01703,B2C,B2C,2023-09-30,49.0,49.0,retained_flat
U01703,B2C,B2C,2023-10-31,0.0,49.0,churn
U01703,B2C,B2C,2023-11-30,0.0,0.0,inactive
U01703,B2C,B2C,2023-12-31,0.0,0.0,inactive
U01703,B2C,B2C,2024-01-31,0.0,0.0,inactive
U01703,B2C,B2C,2024-02-29,0.0,0.0,inactive
U01703,B2C,B2C,2024-03-31,0.0,0.0,inactive
U01703,B2C,B2C,2024-04-30,0.0,0.0,inactive
U01712,SMB,B2B,2023-06-30,199.0,,new
U01712,SMB,B2B,2023-07-31,199.0,199.0,retained_flat
U01712,SMB,B2B,2023-08-31,199.0,199.0,retained_flat
U01712,SMB,B2B,2023-09-30,246.95,199.0,expansion
U01712,SMB,B2B,2023-10-31,246.95,246.95,retained_flat
U01712,SMB,B2B,2023-11-30,246.95,246.95,retained_flat
U01712,SMB,B2B,2023-12-31,246.95,246.95,retained_flat
U01712,SMB,B2B,2024-01-31,246.95,246.95,retained_flat
U01712,SMB,B2B,2024-02-29,246.95,246.95,retained_flat
U01712,SMB,B2B,2024-03-31,246.95,246.95,retained_flat
U01712,SMB,B2B,2024-04-30,246.95,246.95,retained_flat
U01730,Enterprise,B2B,2023-06-30,825.0,,new
U01730,Enterprise,B2B,2023-07-31,825.0,825.0,retained_flat
U01730,Enterprise,B2B,2023-08-31,825.0,825.0,retained_flat
U01730,Enterprise,B2B,2023-09-30,825.0,825.0,retained_flat
U01730,Enterprise,B2B,2023-10-31,825.0,825.0,retained_flat
U01730,Enterprise,B2B,2023-11-30,825.0,825.0,retained_flat
U01730,Enterprise,B2B,2023-12-31,825.0,825.0,retained_flat
U01730,Enterprise,B2B,2024-01-31,825.0,825.0,retained_flat
U01730,Enterprise,B2B,2024-02-29,825.0,825.0,retained_flat
U01730,Enterprise,B2B,2024-03-31,825.0,825.0,retained_flat
U01730,Enterprise,B2B,2024-04-30,825.0,825.0,retained_flat
U01741,B2C,B2C,2023-07-31,49.0,,new
U01741,B2C,B2C,2023-08-31,0.0,49.0,churn
U01741,B2C,B2C,2023-09-30,0.0,0.0,inactive
U01741,B2C,B2C,2023-10-31,0.0,0.0,inactive
U01741,B2C,B2C,2023-11-30,0.0,0.0,inactive
U01741,B2C,B2C,2023-12-31,0.0,0.0,inactive
U01741,B2C,B2C,2024-01-31,0.0,0.0,inactive
U01741,B2C,B2C,2024-02-29,0.0,0.0,inactive
U01741,B2C,B2C,2024-03-31,0.0,0.0,inactive
U01741,B2C,B2C,2024-04-30,0.0,0.0,inactive
U01749,B2C,B2C,2023-07-31,49.0,,new
U01749,B2C,B2C,2023-08-31,49.0,49.0,retained_flat
U01749,B2C,B2C,2023-09-30,49.0,49.0,retained_flat
U01749,B2C,B2C,2023-10-31,0.0,49.0,churn
U01749,B2C,B2C,2023-11-30,0.0,0.0,inactive
U01749,B2C,B2C,2023-12-31,0.0,0.0,inactive
U01749,B2C,B2C,2024-01-31,0.0,0.0,inactive
U01749,B2C,B2C,2024-02-29,0.0,0.0,inactive
U01749,B2C,B2C,2024-03-31,0.0,0.0,inactive
U01749,B2C,B2C,2024-04-30,0.0,0.0,inactive
U01751,B2C,B2C,2023-07-31,49.0,,new
U01751,B2C,B2C,2023-08-31,49.0,49.0,retained_flat
U01751,B2C,B2C,2023-09-30,49.0,49.0,retained_flat
U01751,B2C,B2C,2023-10-31,49.0,49.0,retained_flat
U01751,B2C,B2C,2023-11-30,49.0,49.0,retained_flat
U01751,B2C,B2C,2023-12-31,49.0,49.0,retained_flat
U01751,B2C,B2C,2024-01-31,49.0,49.0,retained_flat
U01751,B2C,B2C,2024-02-29,49.0,49.0,retained_flat
U01751,B2C,B2C,2024-03-31,49.0,49.0,retained_flat
U01751,B2C,B2C,2024-04-30,49.0,49.0,retained_flat
U01756,B2C,B2C,2023-07-31,49.0,,new
U01756,B2C,B2C,2023-08-31,49.0,49.0,retained_flat
U01756,B2C,B2C,2023-09-30,49.0,49.0,retained_flat
U01756,B2C,B2C,2023-10-31,49.0,49.0,retained_flat
U01756,B2C,B2C,2023-11-30,49.0,49.0,retained_flat
U01756,B2C,B2C,2023-12-31,49.0,49.0,retained_flat
U01756,B2C,B2C,2024-01-31,49.0,49.0,retained_flat
U01756,B2C,B2C,2024-02-29,49.0,49.0,retained_flat
U01756,B2C,B2C,2024-03-31,49.0,49.0,retained_flat
U01756,B2C,B2C,2024-04-30,49.0,49.0,retained_flat
U01757,B2C,B2C,2023-07-31,49.0,,new
U01757,B2C,B2C,2023-08-31,49.0,49.0,retained_flat
U01757,B2C,B2C,2023-09-30,49.0,49.0,retained_flat
U01757,B2C,B2C,2023-10-31,49.0,49.0,retained_flat
U01757,B2C,B2C,2023-11-30,49.0,49.0,retained_flat
U01757,B2C,B2C,2023-12-31,49.0,49.0,retained_flat
U01757,B2C,B2C,2024-01-31,49.0,49.0,retained_flat
U01757,B2C,B2C,2024-02-29,49.0,49.0,retained_flat
U01757,B2C,B2C,2024-03-31,49.0,49.0,retained_flat
U01757,B2C,B2C,2024-04-30,49.0,49.0,retained_flat
U01796,B2C,B2C,2023-07-31,49.0,,new
U01796,B2C,B2C,2023-08-31,49.0,49.0,retained_flat
U01796,B2C,B2C,2023-09-30,49.0,49.0,retained_flat
U01796,B2C,B2C,2023-10-31,49.0,49.0,retained_flat
U01796,B2C,B2C,2023-11-30,49.0,49.0,retained_flat
U01796,B2C,B2C,2023-12-31,49.0,49.0,retained_flat
U01796,B2C,B2C,2024-01-31,0.0,49.0,churn
U01796,B2C,B2C,2024-02-29,0.0,0.0,inactive
U01796,B2C,B2C,2024-03-31,0.0,0.0,inactive
U01796,B2C,B2C,2024-04-30,0.0,0.0,inactive
U01830,B2C,B2C,2023-07-31,49.0,,new
U01830,B2C,B2C,2023-08-31,49.0,49.0,retained_flat
U01830,B2C,B2C,2023-09-30,49.0,49.0,retained_flat
U01830,B2C,B2C,2023-10-31,49.0,49.0,retained_flat
U01830,B2C,B2C,2023-11-30,49.0,49.0,retained_flat
U01830,B2C,B2C,2023-12-31,49.0,49.0,retained_flat
U01830,B2C,B2C,2024-01-31,49.0,49.0,retained_flat
U01830,B2C,B2C,2024-02-29,49.0,49.0,retained_flat
U01830,B2C,B2C,2024-03-31,49.0,49.0,retained_flat
U01830,B2C,B2C,2024-04-30,49.0,49.0,retained_flat
U01833,B2C,B2C,2023-07-31,49.0,,new
U01833,B2C,B2C,2023-08-31,49.0,49.0,retained_flat
U01833,B2C,B2C,2023-09-30,49.0,49.0,retained_flat
U01833,B2C,B2C,2023-10-31,49.0,49.0,retained_flat
U01833,B2C,B2C,2023-11-30,49.0,49.0,retained_flat
U01833,B2C,B2C,2023-12-31,0.0,49.0,churn
U01833,B2C,B2C,2024-01-31,0.0,0.0,inactive
U01833,B2C,B2C,2024-02-29,0.0,0.0,inactive
U01833,B2C,B2C,2024-03-31,0.0,0.0,inactive
U01833,B2C,B2C,2024-04-30,0.0,0.0,inactive
U01860,SMB,B2B,2023-07-31,199.0,,new
U01860,SMB,B2B,2023-08-31,199.0,199.0,retained_flat
U01860,SMB,B2B,2023-09-30,241.69,199.0,expansion
U01860,SMB,B2B,2023-10-31,220.51,241.69,contraction
U01860,SMB,B2B,2023-11-30,220.51,220.51,retained_flat
U01860,SMB,B2B,2023-12-31,220.51,220.51,retained_flat
U01860,SMB,B2B,2024-01-31,220.51,220.51,retained_flat
U01860,SMB,B2B,2024-02-29,220.51,220.51,retained_flat
U01860,SMB,B2B,2024-03-31,273.79,220.51,expansion
U01860,SMB,B2B,2024-04-30,273.79,273.79,retained_flat
U01896,B2C,B2C,2023-08-31,33.25,,new
U01896,B2C,B2C,2023-09-30,33.25,33.25,retained_flat
U01896,B2C,B2C,2023-10-31,33.25,33.25,retained_flat
U01896,B2C,B2C,2023-11-30,33.25,33.25,retained_flat
U01896,B2C,B2C,2023-12-31,33.25,33.25,retained_flat
U01896,B2C,B2C,2024-01-31,33.25,33.25,retained_flat
U01896,B2C,B2C,2024-02-29,33.25,33.25,retained_flat
U01896,B2C,B2C,2024-03-31,33.25,33.25,retained_flat
U01896,B2C,B2C,2024-04-30,33.25,33.25,retained_flat
U01943,B2C,B2C,2023-08-31,33.25,,new
U01943,B2C,B2C,2023-09-30,33.25,33.25,retained_flat
U01943,B2C,B2C,2023-10-31,33.25,33.25,retained_flat
U01943,B2C,B2C,2023-11-30,33.25,33.25,retained_flat
U01943,B2C,B2C,2023-12-31,33.25,33.25,retained_flat
U01943,B2C,B2C,2024-01-31,33.25,33.25,retained_flat
U01943,B2C,B2C,2024-02-29,33.25,33.25,retained_flat
U01943,B2C,B2C,2024-03-31,33.25,33.25,retained_flat
U01943,B2C,B2C,2024-04-30,33.25,33.25,retained_flat
U01956,B2C,B2C,2023-08-31,49.0,,new
U01956,B2C,B2C,2023-09-30,49.0,49.0,retained_flat
U01956,B2C,B2C,2023-10-31,49.0,49.0,retained_flat
U01956,B2C,B2C,2023-11-30,49.0,49.0,retained_flat
U01956,B2C,B2C,2023-12-31,49.0,49.0,retained_flat
U01956,B2C,B2C,2024-01-31,49.0,49.0,retained_flat
U01956,B2C,B2C,2024-02-29,49.0,49.0,retained_flat
U01956,B2C,B2C,2024-03-31,0.0,49.0,churn
U01956,B2C,B2C,2024-04-30,0.0,0.0,inactive
U01963,B2C,B2C,2023-08-31,49.0,,new
U01963,B2C,B2C,2023-09-30,49.0,49.0,retained_flat
U01963,B2C,B2C,2023-10-31,49.0,49.0,retained_flat
U01963,B2C,B2C,2023-11-30,49.0,49.0,retained_flat
U01963,B2C,B2C,2023-12-31,49.0,49.0,retained_flat
U01963,B2C,B2C,2024-01-31,49.0,49.0,retained_flat
U01963,B2C,B2C,2024-02-29,49.0,49.0,retained_flat
U01963,B2C,B2C,2024-03-31,49.0,49.0,retained_flat
U01963,B2C,B2C,2024-04-30,49.0,49.0,retained_flat
U01980,B2C,B2C,2023-08-31,49.0,,new
U01980,B2C,B2C,2023-09-30,49.0,49.0,retained_flat
U01980,B2C,B2C,2023-10-31,0.0,49.0,churn
U01980,B2C,B2C,2023-11-30,0.0,0.0,inactive
U01980,B2C,B2C,2023-12-31,0.0,0.0,inactive
U01980,B2C,B2C,2024-01-31,0.0,0.0,inactive
U01980,B2C,B2C,2024-02-29,0.0,0.0,inactive
U01980,B2C,B2C,2024-03-31,0.0,0.0,inactive
U01980,B2C,B2C,2024-04-30,0.0,0.0,inactive
U02001,B2C,B2C,2023-08-31,49.0,,new
U02001,B2C,B2C,2023-09-30,49.0,49.0,retained_flat
U02001,B2C,B2C,2023-10-31,49.0,49.0,retained_flat
U02001,B2C,B2C,2023-11-30,49.0,49.0,retained_flat
U02001,B2C,B2C,2023-12-31,49.0,49.0,retained_flat
U02001,B2C,B2C,2024-01-31,0.0,49.0,churn
U02001,B2C,B2C,2024-02-29,0.0,0.0,inactive
U02001,B2C,B2C,2024-03-31,0.0,0.0,inactive
U02001,B2C,B2C,2024-04-30,0.0,0.0,inactive
U02019,SMB,B2B,2023-08-31,199.0,,new
U02019,SMB,B2B,2023-09-30,199.0,199.0,retained_flat
U02019,SMB,B2B,2023-10-31,199.0,199.0,retained_flat
U02019,SMB,B2B,2023-11-30,199.0,199.0,retained_flat
U02019,SMB,B2B,2023-12-31,0.0,199.0,churn
U02019,SMB,B2B,2024-01-31,0.0,0.0,inactive
U02019,SMB,B2B,2024-02-29,0.0,0.0,inactive
U02019,SMB,B2B,2024-03-31,0.0,0.0,inactive
U02019,SMB,B2B,2024-04-30,0.0,0.0,inactive
U02022,SMB,B2B,2023-08-31,199.0,,new
U02022,SMB,B2B,2023-09-30,199.0,199.0,retained_flat
U02022,SMB,B2B,2023-10-31,199.0,199.0,retained_flat
U02022,SMB,B2B,2023-11-30,237.07,199.0,expansion
U02022,SMB,B2B,2023-12-31,237.07,237.07,retained_flat
U02022,SMB,B2B,2024-01-31,237.07,237.07,retained_flat
U02022,SMB,B2B,2024-02-29,237.07,237.07,retained_flat
U02022,SMB,B2B,2024-03-31,237.07,237.07,retained_flat
U02022,SMB,B2B,2024-04-30,237.07,237.07,retained_flat
U02040,B2C,B2C,2023-09-30,49.0,,new
U02040,B2C,B2C,2023-10-31,49.0,49.0,retained_flat
U02040,B2C,B2C,2023-11-30,49.0,49.0,retained_flat
U02040,B2C,B2C,2023-12-31,49.0,49.0,retained_flat
U02040,B2C,B2C,2024-01-31,49.0,49.0,retained_flat
U02040,B2C,B2C,2024-02-29,49.0,49.0,retained_flat
U02040,B2C,B2C,2024-03-31,49.0,49.0,retained_flat
U02040,B2C,B2C,2024-04-30,49.0,49.0,retained_flat
U02043,B2C,B2C,2023-09-30,33.25,,new
U02043,B2C,B2C,2023-10-31,33.25,33.25,retained_flat
U02043,B2C,B2C,2023-11-30,33.25,33.25,retained_flat
U02043,B2C,B2C,2023-12-31,33.25,33.25,retained_flat
U02043,B2C,B2C,2024-01-31,33.25,33.25,retained_flat
U02043,B2C,B2C,2024-02-29,33.25,33.25,retained_flat
U02043,B2C,B2C,2024-03-31,33.25,33.25,retained_flat
U02043,B2C,B2C,2024-04-30,33.25,33.25,retained_flat
U02046,B2C,B2C,2023-09-30,49.0,,new
U02046,B2C,B2C,2023-10-31,0.0,49.0,churn
U02046,B2C,B2C,2023-11-30,0.0,0.0,inactive
U02046,B2C,B2C,2023-12-31,0.0,0.0,inactive
U02046,B2C,B2C,2024-01-31,0.0,0.0,inactive
U02046,B2C,B2C,2024-02-29,0.0,0.0,inactive
U02046,B2C,B2C,2024-03-31,0.0,0.0,inactive
U02046,B2C,B2C,2024-04-30,0.0,0.0,inactive
U02060,B2C,B2C,2023-09-30,49.0,,new
U02060,B2C,B2C,2023-10-31,49.0,49.0,retained_flat
U02060,B2C,B2C,2023-11-30,49.0,49.0,retained_flat
U02060,B2C,B2C,2023-12-31,49.0,49.0,retained_flat
U02060,B2C,B2C,2024-01-31,0.0,49.0,churn
U02060,B2C,B2C,2024-02-29,0.0,0.0,inactive
U02060,B2C,B2C,2024-03-31,0.0,0.0,inactive
U02060,B2C,B2C,2024-04-30,0.0,0.0,inactive
U02065,B2C,B2C,2023-09-30,49.0,,new
U02065,B2C,B2C,2023-10-31,49.0,49.0,retained_flat
U02065,B2C,B2C,2023-11-30,49.0,49.0,retained_flat
U02065,B2C,B2C,2023-12-31,0.0,49.0,churn
U02065,B2C,B2C,2024-01-31,0.0,0.0,inactive
U02065,B2C,B2C,2024-02-29,0.0,0.0,inactive
U02065,B2C,B2C,2024-03-31,0.0,0.0,inactive
U02065,B2C,B2C,2024-04-30,0.0,0.0,inactive
U02087,B2C,B2C,2023-09-30,49.0,,new
U02087,B2C,B2C,2023-10-31,49.0,49.0,retained_flat
U02087,B2C,B2C,2023-11-30,49.0,49.0,retained_flat
U02087,B2C,B2C,2023-12-31,49.0,49.0,retained_flat
U02087,B2C,B2C,2024-01-31,49.0,49.0,retained_flat
U02087,B2C,B2C,2024-02-29,49.0,49.0,retained_flat
U02087,B2C,B2C,2024-03-31,49.0,49.0,retained_flat
U02087,B2C,B2C,2024-04-30,49.0,49.0,retained_flat
U02091,B2C,B2C,2023-09-30,49.0,,new
U02091,B2C,B2C,2023-10-31,49.0,49.0,retained_flat
U02091,B2C,B2C,2023-11-30,0.0,49.0,churn
U02091,B2C,B2C,2023-12-31,0.0,0.0,inactive
U02091,B2C,B2C,2024-01-31,0.0,0.0,inactive
U02091,B2C,B2C,2024-02-29,0.0,0.0,inactive
U02091,B2C,B2C,2024-03-31,0.0,0.0,inactive
U02091,B2C,B2C,2024-04-30,0.0,0.0,inactive
U02093,B2C,B2C,2023-09-30,49.0,,new
U02093,B2C,B2C,2023-10-31,49.0,49.0,retained_flat
U02093,B2C,B2C,2023-11-30,0.0,49.0,churn
U02093,B2C,B2C,2023-12-31,0.0,0.0,inactive
U02093,B2C,B2C,2024-01-31,0.0,0.0,inactive
U02093,B2C,B2C,2024-02-29,0.0,0.0,inactive
U02093,B2C,B2C,2024-03-31,0.0,0.0,inactive
U02093,B2C,B2C,2024-04-30,0.0,0.0,inactive
U02117,B2C,B2C,2023-09-30,49.0,,new
U02117,B2C,B2C,2023-10-31,49.0,49.0,retained_flat
U02117,B2C,B2C,2023-11-30,49.0,49.0,retained_flat
U02117,B2C,B2C,2023-12-31,0.0,49.0,churn
U02117,B2C,B2C,2024-01-31,0.0,0.0,inactive
U02117,B2C,B2C,2024-02-29,0.0,0.0,inactive
U02117,B2C,B2C,2024-03-31,0.0,0.0,inactive
U02117,B2C,B2C,2024-04-30,0.0,0.0,inactive
U02135,B2C,B2C,2023-09-30,49.0,,new
U02135,B2C,B2C,2023-10-31,49.0,49.0,retained_flat
U02135,B2C,B2C,2023-11-30,49.0,49.0,retained_flat
U02135,B2C,B2C,2023-12-31,49.0,49.0,retained_flat
U02135,B2C,B2C,2024-01-31,49.0,49.0,retained_flat
U02135,B2C,B2C,2024-02-29,49.0,49.0,retained_flat
U02135,B2C,B2C,2024-03-31,49.0,49.0,retained_flat
U02135,B2C,B2C,2024-04-30,49.0,49.0,retained_flat
U02154,B2C,B2C,2023-09-30,49.0,,new
U02154,B2C,B2C,2023-10-31,49.0,49.0,retained_flat
U02154,B2C,B2C,2023-11-30,49.0,49.0,retained_flat
U02154,B2C,B2C,2023-12-31,49.0,49.0,retained_flat
U02154,B2C,B2C,2024-01-31,49.0,49.0,retained_flat
U02154,B2C,B2C,2024-02-29,49.0,49.0,retained_flat
U02154,B2C,B2C,2024-03-31,0.0,49.0,churn
U02154,B2C,B2C,2024-04-30,0.0,0.0,inactive
U02163,B2C,B2C,2023-09-30,49.0,,new
U02163,B2C,B2C,2023-10-31,49.0,49.0,retained_flat
U02163,B2C,B2C,2023-11-30,49.0,49.0,retained_flat
U02163,B2C,B2C,2023-12-31,49.0,49.0,retained_flat
U02163,B2C,B2C,2024-01-31,49.0,49.0,retained_flat
U02163,B2C,B2C,2024-02-29,49.0,49.0,retained_flat
U02163,B2C,B2C,2024-03-31,49.0,49.0,retained_flat
U02163,B2C,B2C,2024-04-30,49.0,49.0,retained_flat
U02168,B2C,B2C,2023-09-30,49.0,,new
U02168,B2C,B2C,2023-10-31,49.0,49.0,retained_flat
U02168,B2C,B2C,2023-11-30,49.0,49.0,retained_flat
U02168,B2C,B2C,2023-12-31,49.0,49.0,retained_flat
U02168,B2C,B2C,2024-01-31,49.0,49.0,retained_flat
U02168,B2C,B2C,2024-02-29,49.0,49.0,retained_flat
U02168,B2C,B2C,2024-03-31,49.0,49.0,retained_flat
U02168,B2C,B2C,2024-04-30,49.0,49.0,retained_flat
U02175,B2C,B2C,2023-09-30,33.25,,new
U02175,B2C,B2C,2023-10-31,33.25,33.25,retained_flat
U02175,B2C,B2C,2023-11-30,33.25,33.25,retained_flat
U02175,B2C,B2C,2023-12-31,33.25,33.25,retained_flat
U02175,B2C,B2C,2024-01-31,33.25,33.25,retained_flat
U02175,B2C,B2C,2024-02-29,33.25,33.25,retained_flat
U02175,B2C,B2C,2024-03-31,33.25,33.25,retained_flat
U02175,B2C,B2C,2024-04-30,33.25,33.25,retained_flat
U02192,SMB,B2B,2023-09-30,149.92,,new
U02192,SMB,B2B,2023-10-31,149.92,149.92,retained_flat
U02192,SMB,B2B,2023-11-30,149.92,149.92,retained_flat
U02192,SMB,B2B,2023-12-31,149.92,149.92,retained_flat
U02192,SMB,B2B,2024-01-31,149.92,149.92,retained_flat
U02192,SMB,B2B,2024-02-29,149.92,149.92,retained_flat
U02192,SMB,B2B,2024-03-31,149.92,149.92,retained_flat
U02192,SMB,B2B,2024-04-30,149.92,149.92,retained_flat
U02210,Enterprise,B2B,2023-09-30,825.0,,new
U02210,Enterprise,B2B,2023-10-31,825.0,825.0,retained_flat
U02210,Enterprise,B2B,2023-11-30,825.0,825.0,retained_flat
U02210,Enterprise,B2B,2023-12-31,825.0,825.0,retained_flat
U02210,Enterprise,B2B,2024-01-31,825.0,825.0,retained_flat
U02210,Enterprise,B2B,2024-02-29,825.0,825.0,retained_flat
U02210,Enterprise,B2B,2024-03-31,825.0,825.0,retained_flat
U02210,Enterprise,B2B,2024-04-30,825.0,825.0,retained_flat
U02234,B2C,B2C,2023-10-31,33.25,,new
U02234,B2C,B2C,2023-11-30,33.25,33.25,retained_flat
U02234,B2C,B2C,2023-12-31,33.25,33.25,retained_flat
U02234,B2C,B2C,2024-01-31,33.25,33.25,retained_flat
U02234,B2C,B2C,2024-02-29,33.25,33.25,retained_flat
U02234,B2C,B2C,2024-03-31,33.25,33.25,retained_flat
U02234,B2C,B2C,2024-04-30,33.25,33.25,retained_flat
U02247,B2C,B2C,2023-10-31,33.25,,new
U02247,B2C,B2C,2023-11-30,33.25,33.25,retained_flat
U02247,B2C,B2C,2023-12-31,33.25,33.25,retained_flat
U02247,B2C,B2C,2024-01-31,33.25,33.25,retained_flat
U02247,B2C,B2C,2024-02-29,33.25,33.25,retained_flat
U02247,B2C,B2C,2024-03-31,33.25,33.25,retained_flat
U02247,B2C,B2C,2024-04-30,33.25,33.25,retained_flat
U02258,B2C,B2C,2023-10-31,33.25,,new
U02258,B2C,B2C,2023-11-30,33.25,33.25,retained_flat
U02258,B2C,B2C,2023-12-31,33.25,33.25,retained_flat
U02258,B2C,B2C,2024-01-31,33.25,33.25,retained_flat
U02258,B2C,B2C,2024-02-29,33.25,33.25,retained_flat
U02258,B2C,B2C,2024-03-31,33.25,33.25,retained_flat
U02258,B2C,B2C,2024-04-30,33.25,33.25,retained_flat
U02280,B2C,B2C,2023-10-31,33.25,,new
U02280,B2C,B2C,2023-11-30,33.25,33.25,retained_flat
U02280,B2C,B2C,2023-12-31,33.25,33.25,retained_flat
U02280,B2C,B2C,2024-01-31,33.25,33.25,retained_flat
U02280,B2C,B2C,2024-02-29,33.25,33.25,retained_flat
U02280,B2C,B2C,2024-03-31,33.25,33.25,retained_flat
U02280,B2C,B2C,2024-04-30,33.25,33.25,retained_flat
U02293,B2C,B2C,2023-10-31,49.0,,new
U02293,B2C,B2C,2023-11-30,49.0,49.0,retained_flat
U02293,B2C,B2C,2023-12-31,49.0,49.0,retained_flat
U02293,B2C,B2C,2024-01-31,49.0,49.0,retained_flat
U02293,B2C,B2C,2024-02-29,49.0,49.0,retained_flat
U02293,B2C,B2C,2024-03-31,49.0,49.0,retained_flat
U02293,B2C,B2C,2024-04-30,49.0,49.0,retained_flat
U02316,B2C,B2C,2023-10-31,49.0,,new
U02316,B2C,B2C,2023-11-30,49.0,49.0,retained_flat
U02316,B2C,B2C,2023-12-31,0.0,49.0,churn
U02316,B2C,B2C,2024-01-31,0.0,0.0,inactive
U02316,B2C,B2C,2024-02-29,0.0,0.0,inactive
U02316,B2C,B2C,2024-03-31,0.0,0.0,inactive
U02316,B2C,B2C,2024-04-30,0.0,0.0,inactive
U02326,B2C,B2C,2023-10-31,33.25,,new
U02326,B2C,B2C,2023-11-30,33.25,33.25,retained_flat
U02326,B2C,B2C,2023-12-31,33.25,33.25,retained_flat
U02326,B2C,B2C,2024-01-31,33.25,33.25,retained_flat
U02326,B2C,B2C,2024-02-29,33.25,33.25,retained_flat
U02326,B2C,B2C,2024-03-31,33.25,33.25,retained_flat
U02326,B2C,B2C,2024-04-30,33.25,33.25,retained_flat
U02331,B2C,B2C,2023-10-31,49.0,,new
U02331,B2C,B2C,2023-11-30,49.0,49.0,retained_flat
U02331,B2C,B2C,2023-12-31,49.0,49.0,retained_flat
U02331,B2C,B2C,2024-01-31,49.0,49.0,retained_flat
U02331,B2C,B2C,2024-02-29,49.0,49.0,retained_flat
U02331,B2C,B2C,2024-03-31,49.0,49.0,retained_flat
U02331,B2C,B2C,2024-04-30,49.0,49.0,retained_flat
U02337,B2C,B2C,2023-10-31,49.0,,new
U02337,B2C,B2C,2023-11-30,0.0,49.0,churn
U02337,B2C,B2C,2023-12-31,0.0,0.0,inactive
U02337,B2C,B2C,2024-01-31,0.0,0.0,inactive
U02337,B2C,B2C,2024-02-29,0.0,0.0,inactive
U02337,B2C,B2C,2024-03-31,0.0,0.0,inactive
U02337,B2C,B2C,2024-04-30,0.0,0.0,inactive
U02344,B2C,B2C,2023-10-31,33.25,,new
U02344,B2C,B2C,2023-11-30,33.25,33.25,retained_flat
U02344,B2C,B2C,2023-12-31,33.25,33.25,retained_flat
U02344,B2C,B2C,2024-01-31,33.25,33.25,retained_flat
U02344,B2C,B2C,2024-02-29,33.25,33.25,retained_flat
U02344,B2C,B2C,2024-03-31,33.25,33.25,retained_flat
U02344,B2C,B2C,2024-04-30,33.25,33.25,retained_flat
U02352,B2C,B2C,2023-10-31,49.0,,new
U02352,B2C,B2C,2023-11-30,49.0,49.0,retained_flat
U02352,B2C,B2C,2023-12-31,0.0,49.0,churn
U02352,B2C,B2C,2024-01-31,0.0,0.0,inactive
U02352,B2C,B2C,2024-02-29,0.0,0.0,inactive
U02352,B2C,B2C,2024-03-31,0.0,0.0,inactive
U02352,B2C,B2C,2024-04-30,0.0,0.0,inactive
U02355,B2C,B2C,2023-10-31,49.0,,new
U02355,B2C,B2C,2023-11-30,49.0,49.0,retained_flat
U02355,B2C,B2C,2023-12-31,49.0,49.0,retained_flat
U02355,B2C,B2C,2024-01-31,0.0,49.0,churn
U02355,B2C,B2C,2024-02-29,0.0,0.0,inactive
U02355,B2C,B2C,2024-03-31,0.0,0.0,inactive
U02355,B2C,B2C,2024-04-30,0.0,0.0,inactive
U02361,B2C,B2C,2023-10-31,33.25,,new
U02361,B2C,B2C,2023-11-30,33.25,33.25,retained_flat
U02361,B2C,B2C,2023-12-31,33.25,33.25,retained_flat
U02361,B2C,B2C,2024-01-31,33.25,33.25,retained_flat
U02361,B2C,B2C,2024-02-29,33.25,33.25,retained_flat
U02361,B2C,B2C,2024-03-31,33.25,33.25,retained_flat
U02361,B2C,B2C,2024-04-30,33.25,33.25,retained_flat
U02386,SMB,B2B,2023-10-31,149.92,,new
U02386,SMB,B2B,2023-11-30,149.92,149.92,retained_flat
U02386,SMB,B2B,2023-12-31,149.92,149.92,retained_flat
U02386,SMB,B2B,2024-01-31,149.92,149.92,retained_flat
U02386,SMB,B2B,2024-02-29,149.92,149.92,retained_flat
U02386,SMB,B2B,2024-03-31,149.92,149.92,retained_flat
U02386,SMB,B2B,2024-04-30,149.92,149.92,retained_flat
U02395,Enterprise,B2B,2023-10-31,825.0,,new
U02395,Enterprise,B2B,2023-11-30,825.0,825.0,retained_flat
U02395,Enterprise,B2B,2023-12-31,825.0,825.0,retained_flat
U02395,Enterprise,B2B,2024-01-31,825.0,825.0,retained_flat
U02395,Enterprise,B2B,2024-02-29,825.0,825.0,retained_flat
U02395,Enterprise,B2B,2024-03-31,825.0,825.0,retained_flat
U02395,Enterprise,B2B,2024-04-30,825.0,825.0,retained_flat
U02404,B2C,B2C,2023-11-30,49.0,,new
U02404,B2C,B2C,2023-12-31,49.0,49.0,retained_flat
U02404,B2C,B2C,2024-01-31,49.0,49.0,retained_flat
U02404,B2C,B2C,2024-02-29,49.0,49.0,retained_flat
U02404,B2C,B2C,2024-03-31,49.0,49.0,retained_flat
U02404,B2C,B2C,2024-04-30,49.0,49.0,retained_flat
U02414,B2C,B2C,2023-11-30,33.25,,new
U02414,B2C,B2C,2023-12-31,33.25,33.25,retained_flat
U02414,B2C,B2C,2024-01-31,33.25,33.25,retained_flat
U02414,B2C,B2C,2024-02-29,33.25,33.25,retained_flat
U02414,B2C,B2C,2024-03-31,33.25,33.25,retained_flat
U02414,B2C,B2C,2024-04-30,33.25,33.25,retained_flat
U02430,B2C,B2C,2023-11-30,49.0,,new
U02430,B2C,B2C,2023-12-31,49.0,49.0,retained_flat
U02430,B2C,B2C,2024-01-31,0.0,49.0,churn
U02430,B2C,B2C,2024-02-29,0.0,0.0,inactive
U02430,B2C,B2C,2024-03-31,0.0,0.0,inactive
U02430,B2C,B2C,2024-04-30,0.0,0.0,inactive
U02434,B2C,B2C,2023-11-30,49.0,,new
U02434,B2C,B2C,2023-12-31,49.0,49.0,retained_flat
U02434,B2C,B2C,2024-01-31,49.0,49.0,retained_flat
U02434,B2C,B2C,2024-02-29,49.0,49.0,retained_flat
U02434,B2C,B2C,2024-03-31,49.0,49.0,retained_flat
U02434,B2C,B2C,2024-04-30,0.0,49.0,churn
U02485,B2C,B2C,2023-11-30,33.25,,new
U02485,B2C,B2C,2023-12-31,33.25,33.25,retained_flat
U02485,B2C,B2C,2024-01-31,33.25,33.25,retained_flat
U02485,B2C,B2C,2024-02-29,33.25,33.25,retained_flat
U02485,B2C,B2C,2024-03-31,33.25,33.25,retained_flat
U02485,B2C,B2C,2024-04-30,33.25,33.25,retained_flat
U02486,B2C,B2C,2023-11-30,49.0,,new
U02486,B2C,B2C,2023-12-31,49.0,49.0,retained_flat
U02486,B2C,B2C,2024-01-31,49.0,49.0,retained_flat
U02486,B2C,B2C,2024-02-29,49.0,49.0,retained_flat
U02486,B2C,B2C,2024-03-31,49.0,49.0,retained_flat
U02486,B2C,B2C,2024-04-30,49.0,49.0,retained_flat
U02496,B2C,B2C,2023-11-30,49.0,,new
U02496,B2C,B2C,2023-12-31,49.0,49.0,retained_flat
U02496,B2C,B2C,2024-01-31,49.0,49.0,retained_flat
U02496,B2C,B2C,2024-02-29,0.0,49.0,churn
U02496,B2C,B2C,2024-03-31,0.0,0.0,inactive
U02496,B2C,B2C,2024-04-30,0.0,0.0,inactive
U02498,B2C,B2C,2023-11-30,49.0,,new
U02498,B2C,B2C,2023-12-31,49.0,49.0,retained_flat
U02498,B2C,B2C,2024-01-31,49.0,49.0,retained_flat
U02498,B2C,B2C,2024-02-29,49.0,49.0,retained_flat
U02498,B2C,B2C,2024-03-31,49.0,49.0,retained_flat
U02498,B2C,B2C,2024-04-30,49.0,49.0,retained_flat
U02501,B2C,B2C,2023-11-30,33.25,,new
U02501,B2C,B2C,2023-12-31,33.25,33.25,retained_flat
U02501,B2C,B2C,2024-01-31,33.25,33.25,retained_flat
U02501,B2C,B2C,2024-02-29,33.25,33.25,retained_flat
U02501,B2C,B2C,2024-03-31,33.25,33.25,retained_flat
U02501,B2C,B2C,2024-04-30,33.25,33.25,retained_flat
U02532,B2C,B2C,2023-11-30,49.0,,new
U02532,B2C,B2C,2023-12-31,49.0,49.0,retained_flat
U02532,B2C,B2C,2024-01-31,49.0,49.0,retained_flat
U02532,B2C,B2C,2024-02-29,49.0,49.0,retained_flat
U02532,B2C,B2C,2024-03-31,49.0,49.0,retained_flat
U02532,B2C,B2C,2024-04-30,49.0,49.0,retained_flat
U02533,B2C,B2C,2023-11-30,33.25,,new
U02533,B2C,B2C,2023-12-31,33.25,33.25,retained_flat
U02533,B2C,B2C,2024-01-31,33.25,33.25,retained_flat
U02533,B2C,B2C,2024-02-29,33.25,33.25,retained_flat
U02533,B2C,B2C,2024-03-31,33.25,33.25,retained_flat
U02533,B2C,B2C,2024-04-30,33.25,33.25,retained_flat
U02540,B2C,B2C,2023-11-30,33.25,,new
U02540,B2C,B2C,2023-12-31,33.25,33.25,retained_flat
U02540,B2C,B2C,2024-01-31,33.25,33.25,retained_flat
U02540,B2C,B2C,2024-02-29,33.25,33.25,retained_flat
U02540,B2C,B2C,2024-03-31,33.25,33.25,retained_flat
U02540,B2C,B2C,2024-04-30,33.25,33.25,retained_flat
U02543,B2C,B2C,2023-11-30,33.25,,new
U02543,B2C,B2C,2023-12-31,33.25,33.25,retained_flat
U02543,B2C,B2C,2024-01-31,33.25,33.25,retained_flat
U02543,B2C,B2C,2024-02-29,33.25,33.25,retained_flat
U02543,B2C,B2C,2024-03-31,33.25,33.25,retained_flat
U02543,B2C,B2C,2024-04-30,33.25,33.25,retained_flat
U02544,B2C,B2C,2023-11-30,33.25,,new
U02544,B2C,B2C,2023-12-31,33.25,33.25,retained_flat
U02544,B2C,B2C,2024-01-31,33.25,33.25,retained_flat
U02544,B2C,B2C,2024-02-29,33.25,33.25,retained_flat
U02544,B2C,B2C,2024-03-31,33.25,33.25,retained_flat
U02544,B2C,B2C,2024-04-30,33.25,33.25,retained_flat
U02552,B2C,B2C,2023-11-30,33.25,,new
U02552,B2C,B2C,2023-12-31,33.25,33.25,retained_flat
U02552,B2C,B2C,2024-01-31,33.25,33.25,retained_flat
U02552,B2C,B2C,2024-02-29,33.25,33.25,retained_flat
U02552,B2C,B2C,2024-03-31,33.25,33.25,retained_flat
U02552,B2C,B2C,2024-04-30,33.25,33.25,retained_flat
U02561,SMB,B2B,2023-11-30,199.0,,new
U02561,SMB,B2B,2023-12-31,199.0,199.0,retained_flat
U02561,SMB,B2B,2024-01-31,199.0,199.0,retained_flat
U02561,SMB,B2B,2024-02-29,210.99,199.0,expansion
U02561,SMB,B2B,2024-03-31,210.99,210.99,retained_flat
U02561,SMB,B2B,2024-04-30,210.99,210.99,retained_flat
U02562,SMB,B2B,2023-11-30,149.92,,new
U02562,SMB,B2B,2023-12-31,149.92,149.92,retained_flat
U02562,SMB,B2B,2024-01-31,149.92,149.92,retained_flat
U02562,SMB,B2B,2024-02-29,149.92,149.92,retained_flat
U02562,SMB,B2B,2024-03-31,149.92,149.92,retained_flat
U02562,SMB,B2B,2024-04-30,149.92,149.92,retained_flat
U02564,SMB,B2B,2023-11-30,149.92,,new
U02564,SMB,B2B,2023-12-31,149.92,149.92,retained_flat
U02564,SMB,B2B,2024-01-31,149.92,149.92,retained_flat
U02564,SMB,B2B,2024-02-29,149.92,149.92,retained_flat
U02564,SMB,B2B,2024-03-31,149.92,149.92,retained_flat
U02564,SMB,B2B,2024-04-30,149.92,149.92,retained_flat
U02568,SMB,B2B,2023-11-30,149.92,,new
U02568,SMB,B2B,2023-12-31,149.92,149.92,retained_flat
U02568,SMB,B2B,2024-01-31,149.92,149.92,retained_flat
U02568,SMB,B2B,2024-02-29,149.92,149.92,retained_flat
U02568,SMB,B2B,2024-03-31,149.92,149.92,retained_flat
U02568,SMB,B2B,2024-04-30,149.92,149.92,retained_flat
U02570,SMB,B2B,2023-11-30,199.0,,new
U02570,SMB,B2B,2023-12-31,199.0,199.0,retained_flat
U02570,SMB,B2B,2024-01-31,233.31,199.0,expansion
U02570,SMB,B2B,2024-02-29,233.31,233.31,retained_flat
U02570,SMB,B2B,2024-03-31,262.83,233.31,expansion
U02570,SMB,B2B,2024-04-30,262.83,262.83,retained_flat
U02572,SMB,B2B,2023-11-30,199.0,,new
U02572,SMB,B2B,2023-12-31,199.0,199.0,retained_flat
U02572,SMB,B2B,2024-01-31,199.0,199.0,retained_flat
U02572,SMB,B2B,2024-02-29,199.0,199.0,retained_flat
U02572,SMB,B2B,2024-03-31,222.2,199.0,expansion
U02572,SMB,B2B,2024-04-30,222.2,222.2,retained_flat
U02593,B2C,B2C,2023-12-31,49.0,,new
U02593,B2C,B2C,2024-01-31,49.0,49.0,retained_flat
U02593,B2C,B2C,2024-02-29,49.0,49.0,retained_flat
U02593,B2C,B2C,2024-03-31,0.0,49.0,churn
U02593,B2C,B2C,2024-04-30,0.0,0.0,inactive
U02614,B2C,B2C,2023-12-31,49.0,,new
U02614,B2C,B2C,2024-01-31,49.0,49.0,retained_flat
U02614,B2C,B2C,2024-02-29,0.0,49.0,churn
U02614,B2C,B2C,2024-03-31,0.0,0.0,inactive
U02614,B2C,B2C,2024-04-30,0.0,0.0,inactive
U02672,B2C,B2C,2023-12-31,33.25,,new
U02672,B2C,B2C,2024-01-31,33.25,33.25,retained_flat
U02672,B2C,B2C,2024-02-29,33.25,33.25,retained_flat
U02672,B2C,B2C,2024-03-31,33.25,33.25,retained_flat
U02672,B2C,B2C,2024-04-30,33.25,33.25,retained_flat
U02698,B2C,B2C,2023-12-31,49.0,,new
U02698,B2C,B2C,2024-01-31,49.0,49.0,retained_flat
U02698,B2C,B2C,2024-02-29,49.0,49.0,retained_flat
U02698,B2C,B2C,2024-03-31,49.0,49.0,retained_flat
U02698,B2C,B2C,2024-04-30,49.0,49.0,retained_flat
U02734,B2C,B2C,2023-12-31,33.25,,new
U02734,B2C,B2C,2024-01-31,33.25,33.25,retained_flat
U02734,B2C,B2C,2024-02-29,33.25,33.25,retained_flat
U02734,B2C,B2C,2024-03-31,33.25,33.25,retained_flat
U02734,B2C,B2C,2024-04-30,33.25,33.25,retained_flat
U02746,B2C,B2C,2023-12-31,49.0,,new
U02746,B2C,B2C,2024-01-31,49.0,49.0,retained_flat
U02746,B2C,B2C,2024-02-29,49.0,49.0,retained_flat
U02746,B2C,B2C,2024-03-31,49.0,49.0,retained_flat
U02746,B2C,B2C,2024-04-30,49.0,49.0,retained_flat
U02760,SMB,B2B,2023-12-31,0.0,,inactive
U02760,SMB,B2B,2024-01-31,0.0,0.0,inactive
U02760,SMB,B2B,2024-02-29,0.0,0.0,inactive
U02760,SMB,B2B,2024-03-31,0.0,0.0,inactive
U02760,SMB,B2B,2024-04-30,0.0,0.0,inactive
U02766,SMB,B2B,2023-12-31,149.92,,new
U02766,SMB,B2B,2024-01-31,149.92,149.92,retained_flat
U02766,SMB,B2B,2024-02-29,149.92,149.92,retained_flat
U02766,SMB,B2B,2024-03-31,149.92,149.92,retained_flat
U02766,SMB,B2B,2024-04-30,149.92,149.92,retained_flat
U02769,SMB,B2B,2023-12-31,149.92,,new
U02769,SMB,B2B,2024-01-31,149.92,149.92,retained_flat
U02769,SMB,B2B,2024-02-29,149.92,149.92,retained_flat
U02769,SMB,B2B,2024-03-31,149.92,149.92,retained_flat
U02769,SMB,B2B,2024-04-30,149.92,149.92,retained_flat
U02785,Enterprise,B2B,2023-12-31,825.0,,new
U02785,Enterprise,B2B,2024-01-31,825.0,825.0,retained_flat
U02785,Enterprise,B2B,2024-02-29,825.0,825.0,retained_flat
U02785,Enterprise,B2B,2024-03-31,825.0,825.0,retained_flat
U02785,Enterprise,B2B,2024-04-30,825.0,825.0,retained_flat
U02790,B2C,B2C,2024-01-31,33.25,,new
U02790,B2C,B2C,2024-02-29,33.25,33.25,retained_flat
U02790,B2C,B2C,2024-03-31,33.25,33.25,retained_flat
U02790,B2C,B2C,2024-04-30,33.25,33.25,retained_flat
U02794,B2C,B2C,2024-01-31,49.0,,new
U02794,B2C,B2C,2024-02-29,0.0,49.0,churn
U02794,B2C,B2C,2024-03-31,0.0,0.0,inactive
U02794,B2C,B2C,2024-04-30,0.0,0.0,inactive
U02821,B2C,B2C,2024-01-31,49.0,,new
U02821,B2C,B2C,2024-02-29,49.0,49.0,retained_flat
U02821,B2C,B2C,2024-03-31,49.0,49.0,retained_flat
U02821,B2C,B2C,2024-04-30,49.0,49.0,retained_flat
U02824,B2C,B2C,2024-01-31,33.25,,new
U02824,B2C,B2C,2024-02-29,33.25,33.25,retained_flat
U02824,B2C,B2C,2024-03-31,33.25,33.25,retained_flat
U02824,B2C,B2C,2024-04-30,33.25,33.25,retained_flat
U02827,B2C,B2C,2024-01-31,49.0,,new
U02827,B2C,B2C,2024-02-29,49.0,49.0,retained_flat
U02827,B2C,B2C,2024-03-31,49.0,49.0,retained_flat
U02827,B2C,B2C,2024-04-30,49.0,49.0,retained_flat
U02842,B2C,B2C,2024-01-31,33.25,,new
U02842,B2C,B2C,2024-02-29,33.25,33.25,retained_flat
U02842,B2C,B2C,2024-03-31,33.25,33.25,retained_flat
U02842,B2C,B2C,2024-04-30,33.25,33.25,retained_flat
U02867,B2C,B2C,2024-01-31,33.25,,new
U02867,B2C,B2C,2024-02-29,33.25,33.25,retained_flat
U02867,B2C,B2C,2024-03-31,33.25,33.25,retained_flat
U02867,B2C,B2C,2024-04-30,33.25,33.25,retained_flat
U02922,B2C,B2C,2024-01-31,33.25,,new
U02922,B2C,B2C,2024-02-29,33.25,33.25,retained_flat
U02922,B2C,B2C,2024-03-31,33.25,33.25,retained_flat
U02922,B2C,B2C,2024-04-30,33.25,33.25,retained_flat
U02939,B2C,B2C,2024-01-31,33.25,,new
U02939,B2C,B2C,2024-02-29,33.25,33.25,retained_flat
U02939,B2C,B2C,2024-03-31,33.25,33.25,retained_flat
U02939,B2C,B2C,2024-04-30,33.25,33.25,retained_flat
U02947,B2C,B2C,2024-01-31,49.0,,new
U02947,B2C,B2C,2024-02-29,0.0,49.0,churn
U02947,B2C,B2C,2024-03-31,0.0,0.0,inactive
U02947,B2C,B2C,2024-04-30,0.0,0.0,inactive
U02949,B2C,B2C,2024-01-31,33.25,,new
U02949,B2C,B2C,2024-02-29,33.25,33.25,retained_flat
U02949,B2C,B2C,2024-03-31,33.25,33.25,retained_flat
U02949,B2C,B2C,2024-04-30,33.25,33.25,retained_flat
U02957,SMB,B2B,2024-01-31,199.0,,new
U02957,SMB,B2B,2024-02-29,199.0,199.0,retained_flat
U02957,SMB,B2B,2024-03-31,199.0,199.0,retained_flat
U02957,SMB,B2B,2024-04-30,0.0,199.0,churn
U02991,Enterprise,B2B,2024-01-31,990.0,,new
U02991,Enterprise,B2B,2024-02-29,990.0,990.0,retained_flat
U02991,Enterprise,B2B,2024-03-31,990.0,990.0,retained_flat
U02991,Enterprise,B2B,2024-04-30,990.0,990.0,retained_flat
U02998,B2C,B2C,2024-02-29,49.0,,new
U02998,B2C,B2C,2024-03-31,49.0,49.0,retained_flat
U02998,B2C,B2C,2024-04-30,0.0,49.0,churn
U03008,B2C,B2C,2024-02-29,49.0,,new
U03008,B2C,B2C,2024-03-31,49.0,49.0,retained_flat
U03008,B2C,B2C,2024-04-30,0.0,49.0,churn
U03010,B2C,B2C,2024-02-29,49.0,,new
U03010,B2C,B2C,2024-03-31,49.0,49.0,retained_flat
U03010,B2C,B2C,2024-04-30,49.0,49.0,retained_flat
U03014,B2C,B2C,2024-02-29,33.25,,new
U03014,B2C,B2C,2024-03-31,33.25,33.25,retained_flat
U03014,B2C,B2C,2024-04-30,33.25,33.25,retained_flat
U03027,B2C,B2C,2024-02-29,49.0,,new
U03027,B2C,B2C,2024-03-31,49.0,49.0,retained_flat
U03027,B2C,B2C,2024-04-30,49.0,49.0,retained_flat
U03034,B2C,B2C,2024-02-29,33.25,,new
U03034,B2C,B2C,2024-03-31,33.25,33.25,retained_flat
U03034,B2C,B2C,2024-04-30,33.25,33.25,retained_flat
U03059,B2C,B2C,2024-02-29,49.0,,new
U03059,B2C,B2C,2024-03-31,49.0,49.0,retained_flat
U03059,B2C,B2C,2024-04-30,49.0,49.0,retained_flat
U03082,B2C,B2C,2024-02-29,33.25,,new
U03082,B2C,B2C,2024-03-31,33.25,33.25,retained_flat
U03082,B2C,B2C,2024-04-30,33.25,33.25,retained_flat
U03105,B2C,B2C,2024-02-29,33.25,,new
U03105,B2C,B2C,2024-03-31,33.25,33.25,retained_flat
U03105,B2C,B2C,2024-04-30,33.25,33.25,retained_flat
U03116,B2C,B2C,2024-02-29,49.0,,new
U03116,B2C,B2C,2024-03-31,49.0,49.0,retained_flat
U03116,B2C,B2C,2024-04-30,49.0,49.0,retained_flat
U03137,B2C,B2C,2024-02-29,49.0,,new
U03137,B2C,B2C,2024-03-31,49.0,49.0,retained_flat
U03137,B2C,B2C,2024-04-30,49.0,49.0,retained_flat
U03178,B2C,B2C,2024-02-29,49.0,,new
U03178,B2C,B2C,2024-03-31,49.0,49.0,retained_flat
U03178,B2C,B2C,2024-04-30,49.0,49.0,retained_flat
U03187,SMB,B2B,2024-02-29,199.0,,new
U03187,SMB,B2B,2024-03-31,199.0,199.0,retained_flat
U03187,SMB,B2B,2024-04-30,199.0,199.0,retained_flat
U03190,SMB,B2B,2024-02-29,199.0,,new
U03190,SMB,B2B,2024-03-31,233.86,199.0,expansion
U03190,SMB,B2B,2024-04-30,233.86,233.86,retained_flat
U03204,SMB,B2B,2024-02-29,199.0,,new
U03204,SMB,B2B,2024-03-31,0.0,199.0,churn
U03204,SMB,B2B,2024-04-30,0.0,0.0,inactive
U03233,B2C,B2C,2024-03-31,49.0,,new
U03233,B2C,B2C,2024-04-30,49.0,49.0,retained_flat
U03255,B2C,B2C,2024-03-31,49.0,,new
U03255,B2C,B2C,2024-04-30,49.0,49.0,retained_flat
U03274,B2C,B2C,2024-03-31,49.0,,new
U03274,B2C,B2C,2024-04-30,49.0,49.0,retained_flat
U03295,B2C,B2C,2024-03-31,49.0,,new
U03295,B2C,B2C,2024-04-30,49.0,49.0,retained_flat
U03301,B2C,B2C,2024-03-31,33.25,,new
U03301,B2C,B2C,2024-04-30,33.25,33.25,retained_flat
U03309,B2C,B2C,2024-03-31,49.0,,new
U03309,B2C,B2C,2024-04-30,49.0,49.0,retained_flat
U03339,B2C,B2C,2024-03-31,49.0,,new
U03339,B2C,B2C,2024-04-30,49.0,49.0,retained_flat
U03349,B2C,B2C,2024-03-31,33.25,,new
U03349,B2C,B2C,2024-04-30,33.25,33.25,retained_flat
U03360,B2C,B2C,2024-03-31,49.0,,new
U03360,B2C,B2C,2024-04-30,0.0,49.0,churn
U03369,B2C,B2C,2024-03-31,33.25,,new
U03369,B2C,B2C,2024-04-30,33.25,33.25,retained_flat
U03370,B2C,B2C,2024-03-31,49.0,,new
U03370,B2C,B2C,2024-04-30,49.0,49.0,retained_flat
U03383,B2C,B2C,2024-03-31,33.25,,new
U03383,B2C,B2C,2024-04-30,33.25,33.25,retained_flat
U03390,B2C,B2C,2024-03-31,33.25,,new
U03390,B2C,B2C,2024-04-30,33.25,33.25,retained_flat
U03402,B2C,B2C,2024-03-31,49.0,,new
U03402,B2C,B2C,2024-04-30,49.0,49.0,retained_flat
U03429,SMB,B2B,2024-03-31,199.0,,new
U03429,SMB,B2B,2024-04-30,199.0,199.0,retained_flat
U03440,SMB,B2B,2024-03-31,199.0,,new
U03440,SMB,B2B,2024-04-30,199.0,199.0,retained_flat
U03464,B2C,B2C,2024-04-30,49.0,,new
U03466,B2C,B2C,2024-04-30,33.25,,new
U03484,B2C,B2C,2024-04-30,33.25,,new
U03485,B2C,B2C,2024-04-30,49.0,,new
U03496,B2C,B2C,2024-04-30,33.25,,new
U03501,B2C,B2C,2024-04-30,49.0,,new
U03523,B2C,B2C,2024-04-30,49.0,,new
U03529,B2C,B2C,2024-04-30,49.0,,new
U03541,B2C,B2C,2024-04-30,49.0,,new
U03546,B2C,B2C,2024-04-30,33.25,,new
U03549,B2C,B2C,2024-04-30,49.0,,new
U03601,B2C,B2C,2024-04-30,49.0,,new
U03609,B2C,B2C,2024-04-30,49.0,,new
U03634,B2C,B2C,2024-04-30,33.25,,new
U03652,SMB,B2B,2024-04-30,149.92,,new
U03655,SMB,B2B,2024-04-30,199.0,,new
U03693,Enterprise,B2B,2024-04-30,825.0,,new
U01027,B2C,B2C,2023-01-31,49.0,,new
U01027,B2C,B2C,2023-02-28,49.0,49.0,retained_flat
U01027,B2C,B2C,2023-03-31,49.0,49.0,retained_flat
U01027,B2C,B2C,2023-04-30,0.0,49.0,churn
U01027,B2C,B2C,2023-05-31,0.0,0.0,inactive
U01027,B2C,B2C,2023-06-30,0.0,0.0,inactive
U01027,B2C,B2C,2023-07-31,0.0,0.0,inactive
U01027,B2C,B2C,2023-08-31,0.0,0.0,inactive
U01027,B2C,B2C,2023-09-30,0.0,0.0,inactive
U01027,B2C,B2C,2023-10-31,0.0,0.0,inactive
U01027,B2C,B2C,2023-11-30,0.0,0.0,inactive
U01027,B2C,B2C,2023-12-31,0.0,0.0,inactive
U01027,B2C,B2C,2024-01-31,0.0,0.0,inactive
U01027,B2C,B2C,2024-02-29,0.0,0.0,inactive
U01027,B2C,B2C,2024-03-31,0.0,0.0,inactive
U01027,B2C,B2C,2024-04-30,0.0,0.0,inactive
U01047,B2C,B2C,2023-01-31,49.0,,new
U01047,B2C,B2C,2023-02-28,49.0,49.0,retained_flat
U01047,B2C,B2C,2023-03-31,49.0,49.0,retained_flat
U01047,B2C,B2C,2023-04-30,49.0,49.0,retained_flat
U01047,B2C,B2C,2023-05-31,0.0,49.0,churn
U01047,B2C,B2C,2023-06-30,0.0,0.0,inactive
U01047,B2C,B2C,2023-07-31,0.0,0.0,inactive
U01047,B2C,B2C,2023-08-31,0.0,0.0,inactive
U01047,B2C,B2C,2023-09-30,0.0,0.0,inactive
U01047,B2C,B2C,2023-10-31,0.0,0.0,inactive
U01047,B2C,B2C,2023-11-30,0.0,0.0,inactive
U01047,B2C,B2C,2023-12-31,0.0,0.0,inactive
U01047,B2C,B2C,2024-01-31,0.0,0.0,inactive
U01047,B2C,B2C,2024-02-29,0.0,0.0,inactive
U01047,B2C,B2C,2024-03-31,0.0,0.0,inactive
U01047,B2C,B2C,2024-04-30,0.0,0.0,inactive
U01055,B2C,B2C,2023-01-31,33.25,,new
U01055,B2C,B2C,2023-02-28,33.25,33.25,retained_flat
U01055,B2C,B2C,2023-03-31,33.25,33.25,retained_flat
U01055,B2C,B2C,2023-04-30,33.25,33.25,retained_flat
U01055,B2C,B2C,2023-05-31,33.25,33.25,retained_flat
U01055,B2C,B2C,2023-06-30,33.25,33.25,retained_flat
U01055,B2C,B2C,2023-07-31,33.25,33.25,retained_flat
U01055,B2C,B2C,2023-08-31,33.25,33.25,retained_flat
U01055,B2C,B2C,2023-09-30,33.25,33.25,retained_flat
U01055,B2C,B2C,2023-10-31,33.25,33.25,retained_flat
U01055,B2C,B2C,2023-11-30,33.25,33.25,retained_flat
U01055,B2C,B2C,2023-12-31,33.25,33.25,retained_flat
U01055,B2C,B2C,2024-01-31,33.25,33.25,retained_flat
U01055,B2C,B2C,2024-02-29,33.25,33.25,retained_flat
U01055,B2C,B2C,2024-03-31,33.25,33.25,retained_flat
U01055,B2C,B2C,2024-04-30,33.25,33.25,retained_flat
U01069,B2C,B2C,2023-01-31,33.25,,new
U01069,B2C,B2C,2023-02-28,33.25,33.25,retained_flat
U01069,B2C,B2C,2023-03-31,33.25,33.25,retained_flat
U01069,B2C,B2C,2023-04-30,33.25,33.25,retained_flat
U01069,B2C,B2C,2023-05-31,33.25,33.25,retained_flat
U01069,B2C,B2C,2023-06-30,33.25,33.25,retained_flat
U01069,B2C,B2C,2023-07-31,33.25,33.25,retained_flat
U01069,B2C,B2C,2023-08-31,33.25,33.25,retained_flat
U01069,B2C,B2C,2023-09-30,33.25,33.25,retained_flat
U01069,B2C,B2C,2023-10-31,33.25,33.25,retained_flat
U01069,B2C,B2C,2023-11-30,33.25,33.25,retained_flat
U01069,B2C,B2C,2023-12-31,33.25,33.25,retained_flat
U01069,B2C,B2C,2024-01-31,33.25,33.25,retained_flat
U01069,B2C,B2C,2024-02-29,33.25,33.25,retained_flat
U01069,B2C,B2C,2024-03-31,33.25,33.25,retained_flat
U01069,B2C,B2C,2024-04-30,33.25,33.25,retained_flat
U01078,B2C,B2C,2023-01-31,49.0,,new
U01078,B2C,B2C,2023-02-28,49.0,49.0,retained_flat
U01078,B2C,B2C,2023-03-31,49.0,49.0,retained_flat
U01078,B2C,B2C,2023-04-30,49.0,49.0,retained_flat
U01078,B2C,B2C,2023-05-31,49.0,49.0,retained_flat
U01078,B2C,B2C,2023-06-30,49.0,49.0,retained_flat
U01078,B2C,B2C,2023-07-31,49.0,49.0,retained_flat
U01078,B2C,B2C,2023-08-31,49.0,49.0,retained_flat
U01078,B2C,B2C,2023-09-30,49.0,49.0,retained_flat
U01078,B2C,B2C,2023-10-31,49.0,49.0,retained_flat
U01078,B2C,B2C,2023-11-30,49.0,49.0,retained_flat
U01078,B2C,B2C,2023-12-31,49.0,49.0,retained_flat
U01078,B2C,B2C,2024-01-31,49.0,49.0,retained_flat
U01078,B2C,B2C,2024-02-29,49.0,49.0,retained_flat
U01078,B2C,B2C,2024-03-31,49.0,49.0,retained_flat
U01078,B2C,B2C,2024-04-30,49.0,49.0,retained_flat
U01085,B2C,B2C,2023-01-31,33.25,,new
U01085,B2C,B2C,2023-02-28,33.25,33.25,retained_flat
U01085,B2C,B2C,2023-03-31,33.25,33.25,retained_flat
U01085,B2C,B2C,2023-04-30,33.25,33.25,retained_flat
U01085,B2C,B2C,2023-05-31,33.25,33.25,retained_flat
U01085,B2C,B2C,2023-06-30,33.25,33.25,retained_flat
U01085,B2C,B2C,2023-07-31,33.25,33.25,retained_flat
U01085,B2C,B2C,2023-08-31,33.25,33.25,retained_flat
U01085,B2C,B2C,2023-09-30,33.25,33.25,retained_flat
U01085,B2C,B2C,2023-10-31,33.25,33.25,retained_flat
U01085,B2C,B2C,2023-11-30,33.25,33.25,retained_flat
U01085,B2C,B2C,2023-12-31,33.25,33.25,retained_flat
U01085,B2C,B2C,2024-01-31,33.25,33.25,retained_flat
U01085,B2C,B2C,2024-02-29,33.25,33.25,retained_flat
U01085,B2C,B2C,2024-03-31,33.25,33.25,retained_flat
U01085,B2C,B2C,2024-04-30,33.25,33.25,retained_flat
U01129,B2C,B2C,2023-02-28,33.25,,new
U01129,B2C,B2C,2023-03-31,33.25,33.25,retained_flat
U01129,B2C,B2C,2023-04-30,33.25,33.25,retained_flat
U01129,B2C,B2C,2023-05-31,33.25,33.25,retained_flat
U01129,B2C,B2C,2023-06-30,33.25,33.25,retained_flat
U01129,B2C,B2C,2023-07-31,33.25,33.25,retained_flat
U01129,B2C,B2C,2023-08-31,33.25,33.25,retained_flat
U01129,B2C,B2C,2023-09-30,33.25,33.25,retained_flat
U01129,B2C,B2C,2023-10-31,33.25,33.25,retained_flat
U01129,B2C,B2C,2023-11-30,33.25,33.25,retained_flat
U01129,B2C,B2C,2023-12-31,33.25,33.25,retained_flat
U01129,B2C,B2C,2024-01-31,33.25,33.25,retained_flat
U01129,B2C,B2C,2024-02-29,33.25,33.25,retained_flat
U01129,B2C,B2C,2024-03-31,33.25,33.25,retained_flat
U01129,B2C,B2C,2024-04-30,33.25,33.25,retained_flat
U01132,B2C,B2C,2023-02-28,33.25,,new
U01132,B2C,B2C,2023-03-31,33.25,33.25,retained_flat
U01132,B2C,B2C,2023-04-30,33.25,33.25,retained_flat
U01132,B2C,B2C,2023-05-31,33.25,33.25,retained_flat
U01132,B2C,B2C,2023-06-30,33.25,33.25,retained_flat
U01132,B2C,B2C,2023-07-31,33.25,33.25,retained_flat
U01132,B2C,B2C,2023-08-31,33.25,33.25,retained_flat
U01132,B2C,B2C,2023-09-30,33.25,33.25,retained_flat
U01132,B2C,B2C,2023-10-31,33.25,33.25,retained_flat
U01132,B2C,B2C,2023-11-30,33.25,33.25,retained_flat
U01132,B2C,B2C,2023-12-31,33.25,33.25,retained_flat
U01132,B2C,B2C,2024-01-31,33.25,33.25,retained_flat
U01132,B2C,B2C,2024-02-29,33.25,33.25,retained_flat
U01132,B2C,B2C,2024-03-31,33.25,33.25,retained_flat
U01132,B2C,B2C,2024-04-30,33.25,33.25,retained_flat
U01148,B2C,B2C,2023-02-28,49.0,,new
U01148,B2C,B2C,2023-03-31,49.0,49.0,retained_flat
U01148,B2C,B2C,2023-04-30,0.0,49.0,churn
U01148,B2C,B2C,2023-05-31,0.0,0.0,inactive
U01148,B2C,B2C,2023-06-30,0.0,0.0,inactive
U01148,B2C,B2C,2023-07-31,0.0,0.0,inactive
U01148,B2C,B2C,2023-08-31,0.0,0.0,inactive
U01148,B2C,B2C,2023-09-30,0.0,0.0,inactive
U01148,B2C,B2C,2023-10-31,0.0,0.0,inactive
U01148,B2C,B2C,2023-11-30,0.0,0.0,inactive
U01148,B2C,B2C,2023-12-31,0.0,0.0,inactive
U01148,B2C,B2C,2024-01-31,0.0,0.0,inactive
U01148,B2C,B2C,2024-02-29,0.0,0.0,inactive
U01148,B2C,B2C,2024-03-31,0.0,0.0,inactive
U01148,B2C,B2C,2024-04-30,0.0,0.0,inactive
U01152,B2C,B2C,2023-02-28,33.25,,new
U01152,B2C,B2C,2023-03-31,33.25,33.25,retained_flat
U01152,B2C,B2C,2023-04-30,33.25,33.25,retained_flat
U01152,B2C,B2C,2023-05-31,33.25,33.25,retained_flat
U01152,B2C,B2C,2023-06-30,33.25,33.25,retained_flat
U01152,B2C,B2C,2023-07-31,33.25,33.25,retained_flat
U01152,B2C,B2C,2023-08-31,33.25,33.25,retained_flat
U01152,B2C,B2C,2023-09-30,33.25,33.25,retained_flat
U01152,B2C,B2C,2023-10-31,33.25,33.25,retained_flat
U01152,B2C,B2C,2023-11-30,33.25,33.25,retained_flat
U01152,B2C,B2C,2023-12-31,33.25,33.25,retained_flat
U01152,B2C,B2C,2024-01-31,33.25,33.25,retained_flat
U01152,B2C,B2C,2024-02-29,33.25,33.25,retained_flat
U01152,B2C,B2C,2024-03-31,33.25,33.25,retained_flat
U01152,B2C,B2C,2024-04-30,33.25,33.25,retained_flat
U01164,B2C,B2C,2023-02-28,49.0,,new
U01164,B2C,B2C,2023-03-31,49.0,49.0,retained_flat
U01164,B2C,B2C,2023-04-30,49.0,49.0,retained_flat
U01164,B2C,B2C,2023-05-31,49.0,49.0,retained_flat
U01164,B2C,B2C,2023-06-30,49.0,49.0,retained_flat
U01164,B2C,B2C,2023-07-31,49.0,49.0,retained_flat
U01164,B2C,B2C,2023-08-31,49.0,49.0,retained_flat
U01164,B2C,B2C,2023-09-30,49.0,49.0,retained_flat
U01164,B2C,B2C,2023-10-31,49.0,49.0,retained_flat
U01164,B2C,B2C,2023-11-30,49.0,49.0,retained_flat
U01164,B2C,B2C,2023-12-31,49.0,49.0,retained_flat
U01164,B2C,B2C,2024-01-31,49.0,49.0,retained_flat
U01164,B2C,B2C,2024-02-29,49.0,49.0,retained_flat
U01164,B2C,B2C,2024-03-31,0.0,49.0,churn
U01164,B2C,B2C,2024-04-30,0.0,0.0,inactive
U01180,B2C,B2C,2023-02-28,49.0,,new
U01180,B2C,B2C,2023-03-31,49.0,49.0,retained_flat
U01180,B2C,B2C,2023-04-30,49.0,49.0,retained_flat
U01180,B2C,B2C,2023-05-31,49.0,49.0,retained_flat
U01180,B2C,B2C,2023-06-30,49.0,49.0,retained_flat
U01180,B2C,B2C,2023-07-31,49.0,49.0,retained_flat
U01180,B2C,B2C,2023-08-31,49.0,49.0,retained_flat
U01180,B2C,B2C,2023-09-30,49.0,49.0,retained_flat
U01180,B2C,B2C,2023-10-31,49.0,49.0,retained_flat
U01180,B2C,B2C,2023-11-30,49.0,49.0,retained_flat
U01180,B2C,B2C,2023-12-31,49.0,49.0,retained_flat
U01180,B2C,B2C,2024-01-31,49.0,49.0,retained_flat
U01180,B2C,B2C,2024-02-29,49.0,49.0,retained_flat
U01180,B2C,B2C,2024-03-31,49.0,49.0,retained_flat
U01180,B2C,B2C,2024-04-30,49.0,49.0,retained_flat
U01182,B2C,B2C,2023-02-28,49.0,,new
U01182,B2C,B2C,2023-03-31,49.0,49.0,retained_flat
U01182,B2C,B2C,2023-04-30,49.0,49.0,retained_flat
U01182,B2C,B2C,2023-05-31,0.0,49.0,churn
U01182,B2C,B2C,2023-06-30,0.0,0.0,inactive
U01182,B2C,B2C,2023-07-31,0.0,0.0,inactive
U01182,B2C,B2C,2023-08-31,0.0,0.0,inactive
U01182,B2C,B2C,2023-09-30,0.0,0.0,inactive
U01182,B2C,B2C,2023-10-31,0.0,0.0,inactive
U01182,B2C,B2C,2023-11-30,0.0,0.0,inactive
U01182,B2C,B2C,2023-12-31,0.0,0.0,inactive
U01182,B2C,B2C,2024-01-31,0.0,0.0,inactive
U01182,B2C,B2C,2024-02-29,0.0,0.0,inactive
U01182,B2C,B2C,2024-03-31,0.0,0.0,inactive
U01182,B2C,B2C,2024-04-30,0.0,0.0,inactive
U01214,B2C,B2C,2023-03-31,49.0,,new
U01214,B2C,B2C,2023-04-30,49.0,49.0,retained_flat
U01214,B2C,B2C,2023-05-31,49.0,49.0,retained_flat
U01214,B2C,B2C,2023-06-30,0.0,49.0,churn
U01214,B2C,B2C,2023-07-31,0.0,0.0,inactive
U01214,B2C,B2C,2023-08-31,0.0,0.0,inactive
U01214,B2C,B2C,2023-09-30,0.0,0.0,inactive
U01214,B2C,B2C,2023-10-31,0.0,0.0,inactive
U01214,B2C,B2C,2023-11-30,0.0,0.0,inactive
U01214,B2C,B2C,2023-12-31,0.0,0.0,inactive
U01214,B2C,B2C,2024-01-31,0.0,0.0,inactive
U01214,B2C,B2C,2024-02-29,0.0,0.0,inactive
U01214,B2C,B2C,2024-03-31,0.0,0.0,inactive
U01214,B2C,B2C,2024-04-30,0.0,0.0,inactive
U01225,B2C,B2C,2023-03-31,49.0,,new
U01225,B2C,B2C,2023-04-30,49.0,49.0,retained_flat
U01225,B2C,B2C,2023-05-31,0.0,49.0,churn
U01225,B2C,B2C,2023-06-30,0.0,0.0,inactive
U01225,B2C,B2C,2023-07-31,0.0,0.0,inactive
U01225,B2C,B2C,2023-08-31,0.0,0.0,inactive
U01225,B2C,B2C,2023-09-30,0.0,0.0,inactive
U01225,B2C,B2C,2023-10-31,0.0,0.0,inactive
U01225,B2C,B2C,2023-11-30,0.0,0.0,inactive
U01225,B2C,B2C,2023-12-31,0.0,0.0,inactive
U01225,B2C,B2C,2024-01-31,0.0,0.0,inactive
U01225,B2C,B2C,2024-02-29,0.0,0.0,inactive
U01225,B2C,B2C,2024-03-31,0.0,0.0,inactive
U01225,B2C,B2C,2024-04-30,0.0,0.0,inactive
U01294,B2C,B2C,2023-03-31,33.25,,new
U01294,B2C,B2C,2023-04-30,33.25,33.25,retained_flat
U01294,B2C,B2C,2023-05-31,33.25,33.25,retained_flat
U01294,B2C,B2C,2023-06-30,33.25,33.25,retained_flat
U01294,B2C,B2C,2023-07-31,33.25,33.25,retained_flat
U01294,B2C,B2C,2023-08-31,33.25,33.25,retained_flat
U01294,B2C,B2C,2023-09-30,33.25,33.25,retained_flat
U01294,B2C,B2C,2023-10-31,33.25,33.25,retained_flat
U01294,B2C,B2C,2023-11-30,33.25,33.25,retained_flat
U01294,B2C,B2C,2023-12-31,33.25,33.25,retained_flat
U01294,B2C,B2C,2024-01-31,33.25,33.25,retained_flat
U01294,B2C,B2C,2024-02-29,33.25,33.25,retained_flat
U01294,B2C,B2C,2024-03-31,33.25,33.25,retained_flat
U01294,B2C,B2C,2024-04-30,33.25,33.25,retained_flat
U01304,B2C,B2C,2023-03-31,49.0,,new
U01304,B2C,B2C,2023-04-30,49.0,49.0,retained_flat
U01304,B2C,B2C,2023-05-31,0.0,49.0,churn
U01304,B2C,B2C,2023-06-30,0.0,0.0,inactive
U01304,B2C,B2C,2023-07-31,0.0,0.0,inactive
U01304,B2C,B2C,2023-08-31,0.0,0.0,inactive
U01304,B2C,B2C,2023-09-30,0.0,0.0,inactive
U01304,B2C,B2C,2023-10-31,0.0,0.0,inactive
U01304,B2C,B2C,2023-11-30,0.0,0.0,inactive
U01304,B2C,B2C,2023-12-31,0.0,0.0,inactive
U01304,B2C,B2C,2024-01-31,0.0,0.0,inactive
U01304,B2C,B2C,2024-02-29,0.0,0.0,inactive
U01304,B2C,B2C,2024-03-31,0.0,0.0,inactive
U01304,B2C,B2C,2024-04-30,0.0,0.0,inactive
U01312,SMB,B2B,2023-03-31,199.0,,new
U01312,SMB,B2B,2023-04-30,199.0,199.0,retained_flat
U01312,SMB,B2B,2023-05-31,199.0,199.0,retained_flat
U01312,SMB,B2B,2023-06-30,228.52,199.0,expansion
U01312,SMB,B2B,2023-07-31,228.52,228.52,retained_flat
U01312,SMB,B2B,2023-08-31,228.52,228.52,retained_flat
U01312,SMB,B2B,2023-09-30,282.68,228.52,expansion
U01312,SMB,B2B,2023-10-31,282.68,282.68,retained_flat
U01312,SMB,B2B,2023-11-30,282.68,282.68,retained_flat
U01312,SMB,B2B,2023-12-31,282.68,282.68,retained_flat
U01312,SMB,B2B,2024-01-31,282.68,282.68,retained_flat
U01312,SMB,B2B,2024-02-29,282.68,282.68,retained_flat
U01312,SMB,B2B,2024-03-31,282.68,282.68,retained_flat
U01312,SMB,B2B,2024-04-30,282.68,282.68,retained_flat
U01317,SMB,B2B,2023-03-31,149.92,,new
U01317,SMB,B2B,2023-04-30,149.92,149.92,retained_flat
U01317,SMB,B2B,2023-05-31,149.92,149.92,retained_flat
U01317,SMB,B2B,2023-06-30,149.92,149.92,retained_flat
U01317,SMB,B2B,2023-07-31,149.92,149.92,retained_flat
U01317,SMB,B2B,2023-08-31,149.92,149.92,retained_flat
U01317,SMB,B2B,2023-09-30,149.92,149.92,retained_flat
U01317,SMB,B2B,2023-10-31,149.92,149.92,retained_flat
U01317,SMB,B2B,2023-11-30,149.92,149.92,retained_flat
U01317,SMB,B2B,2023-12-31,149.92,149.92,retained_flat
U01317,SMB,B2B,2024-01-31,149.92,149.92,retained_flat
U01317,SMB,B2B,2024-02-29,149.92,149.92,retained_flat
U01317,SMB,B2B,2024-03-31,149.92,149.92,retained_flat
U01317,SMB,B2B,2024-04-30,149.92,149.92,retained_flat
U01337,B2C,B2C,2023-04-30,49.0,,new
U01337,B2C,B2C,2023-05-31,49.0,49.0,retained_flat
U01337,B2C,B2C,2023-06-30,49.0,49.0,retained_flat
U01337,B2C,B2C,2023-07-31,49.0,49.0,retained_flat
U01337,B2C,B2C,2023-08-31,49.0,49.0,retained_flat
U01337,B2C,B2C,2023-09-30,0.0,49.0,churn
U01337,B2C,B2C,2023-10-31,0.0,0.0,inactive
U01337,B2C,B2C,2023-11-30,0.0,0.0,inactive
U01337,B2C,B2C,2023-12-31,0.0,0.0,inactive
U01337,B2C,B2C,2024-01-31,0.0,0.0,inactive
U01337,B2C,B2C,2024-02-29,0.0,0.0,inactive
U01337,B2C,B2C,2024-03-31,0.0,0.0,inactive
U01337,B2C,B2C,2024-04-30,0.0,0.0,inactive
U01338,B2C,B2C,2023-04-30,33.25,,new
U01338,B2C,B2C,2023-05-31,33.25,33.25,retained_flat
U01338,B2C,B2C,2023-06-30,33.25,33.25,retained_flat
U01338,B2C,B2C,2023-07-31,33.25,33.25,retained_flat
U01338,B2C,B2C,2023-08-31,33.25,33.25,retained_flat
U01338,B2C,B2C,2023-09-30,33.25,33.25,retained_flat
U01338,B2C,B2C,2023-10-31,33.25,33.25,retained_flat
U01338,B2C,B2C,2023-11-30,33.25,33.25,retained_flat
U01338,B2C,B2C,2023-12-31,33.25,33.25,retained_flat
U01338,B2C,B2C,2024-01-31,33.25,33.25,retained_flat
U01338,B2C,B2C,2024-02-29,33.25,33.25,retained_flat
U01338,B2C,B2C,2024-03-31,33.25,33.25,retained_flat
U01338,B2C,B2C,2024-04-30,33.25,33.25,retained_flat
U01342,B2C,B2C,2023-04-30,49.0,,new
U01342,B2C,B2C,2023-05-31,49.0,49.0,retained_flat
U01342,B2C,B2C,2023-06-30,49.0,49.0,retained_flat
U01342,B2C,B2C,2023-07-31,49.0,49.0,retained_flat
U01342,B2C,B2C,2023-08-31,49.0,49.0,retained_flat
U01342,B2C,B2C,2023-09-30,49.0,49.0,retained_flat
U01342,B2C,B2C,2023-10-31,0.0,49.0,churn
U01342,B2C,B2C,2023-11-30,0.0,0.0,inactive
U01342,B2C,B2C,2023-12-31,0.0,0.0,inactive
U01342,B2C,B2C,2024-01-31,0.0,0.0,inactive
U01342,B2C,B2C,2024-02-29,0.0,0.0,inactive
U01342,B2C,B2C,2024-03-31,0.0,0.0,inactive
U01342,B2C,B2C,2024-04-30,0.0,0.0,inactive
U01348,B2C,B2C,2023-04-30,33.25,,new
U01348,B2C,B2C,2023-05-31,33.25,33.25,retained_flat
U01348,B2C,B2C,2023-06-30,33.25,33.25,retained_flat
U01348,B2C,B2C,2023-07-31,33.25,33.25,retained_flat
U01348,B2C,B2C,2023-08-31,33.25,33.25,retained_flat
U01348,B2C,B2C,2023-09-30,33.25,33.25,retained_flat
U01348,B2C,B2C,2023-10-31,33.25,33.25,retained_flat
U01348,B2C,B2C,2023-11-30,33.25,33.25,retained_flat
U01348,B2C,B2C,2023-12-31,33.25,33.25,retained_flat
U01348,B2C,B2C,2024-01-31,33.25,33.25,retained_flat
U01348,B2C,B2C,2024-02-29,33.25,33.25,retained_flat
U01348,B2C,B2C,2024-03-31,33.25,33.25,retained_flat
U01348,B2C,B2C,2024-04-30,33.25,33.25,retained_flat
U01352,B2C,B2C,2023-04-30,49.0,,new
U01352,B2C,B2C,2023-05-31,49.0,49.0,retained_flat
U01352,B2C,B2C,2023-06-30,49.0,49.0,retained_flat
U01352,B2C,B2C,2023-07-31,49.0,49.0,retained_flat
U01352,B2C,B2C,2023-08-31,49.0,49.0,retained_flat
U01352,B2C,B2C,2023-09-30,49.0,49.0,retained_flat
U01352,B2C,B2C,2023-10-31,49.0,49.0,retained_flat
U01352,B2C,B2C,2023-11-30,49.0,49.0,retained_flat
U01352,B2C,B2C,2023-12-31,49.0,49.0,retained_flat
U01352,B2C,B2C,2024-01-31,49.0,49.0,retained_flat
U01352,B2C,B2C,2024-02-29,49.0,49.0,retained_flat
U01352,B2C,B2C,2024-03-31,49.0,49.0,retained_flat
U01352,B2C,B2C,2024-04-30,49.0,49.0,retained_flat
U01357,B2C,B2C,2023-04-30,49.0,,new
U01357,B2C,B2C,2023-05-31,49.0,49.0,retained_flat
U01357,B2C,B2C,2023-06-30,49.0,49.0,retained_flat
U01357,B2C,B2C,2023-07-31,49.0,49.0,retained_flat
U01357,B2C,B2C,2023-08-31,49.0,49.0,retained_flat
U01357,B2C,B2C,2023-09-30,49.0,49.0,retained_flat
U01357,B2C,B2C,2023-10-31,0.0,49.0,churn
U01357,B2C,B2C,2023-11-30,0.0,0.0,inactive
U01357,B2C,B2C,2023-12-31,0.0,0.0,inactive
U01357,B2C,B2C,2024-01-31,0.0,0.0,inactive
U01357,B2C,B2C,2024-02-29,0.0,0.0,inactive
U01357,B2C,B2C,2024-03-31,0.0,0.0,inactive
U01357,B2C,B2C,2024-04-30,0.0,0.0,inactive
U01392,B2C,B2C,2023-04-30,49.0,,new
U01392,B2C,B2C,2023-05-31,49.0,49.0,retained_flat
U01392,B2C,B2C,2023-06-30,49.0,49.0,retained_flat
U01392,B2C,B2C,2023-07-31,49.0,49.0,retained_flat
U01392,B2C,B2C,2023-08-31,49.0,49.0,retained_flat
U01392,B2C,B2C,2023-09-30,49.0,49.0,retained_flat
U01392,B2C,B2C,2023-10-31,49.0,49.0,retained_flat
U01392,B2C,B2C,2023-11-30,49.0,49.0,retained_flat
U01392,B2C,B2C,2023-12-31,49.0,49.0,retained_flat
U01392,B2C,B2C,2024-01-31,49.0,49.0,retained_flat
U01392,B2C,B2C,2024-02-29,49.0,49.0,retained_flat
U01392,B2C,B2C,2024-03-31,49.0,49.0,retained_flat
U01392,B2C,B2C,2024-04-30,49.0,49.0,retained_flat
U01405,B2C,B2C,2023-04-30,33.25,,new
U01405,B2C,B2C,2023-05-31,33.25,33.25,retained_flat
U01405,B2C,B2C,2023-06-30,33.25,33.25,retained_flat
U01405,B2C,B2C,2023-07-31,33.25,33.25,retained_flat
U01405,B2C,B2C,2023-08-31,33.25,33.25,retained_flat
U01405,B2C,B2C,2023-09-30,33.25,33.25,retained_flat
U01405,B2C,B2C,2023-10-31,33.25,33.25,retained_flat
U01405,B2C,B2C,2023-11-30,33.25,33.25,retained_flat
U01405,B2C,B2C,2023-12-31,33.25,33.25,retained_flat
U01405,B2C,B2C,2024-01-31,33.25,33.25,retained_flat
U01405,B2C,B2C,2024-02-29,33.25,33.25,retained_flat
U01405,B2C,B2C,2024-03-31,33.25,33.25,retained_flat
U01405,B2C,B2C,2024-04-30,33.25,33.25,retained_flat
U01425,B2C,B2C,2023-04-30,49.0,,new
U01425,B2C,B2C,2023-05-31,49.0,49.0,retained_flat
U01425,B2C,B2C,2023-06-30,49.0,49.0,retained_flat
U01425,B2C,B2C,2023-07-31,49.0,49.0,retained_flat
U01425,B2C,B2C,2023-08-31,49.0,49.0,retained_flat
U01425,B2C,B2C,2023-09-30,49.0,49.0,retained_flat
U01425,B2C,B2C,2023-10-31,49.0,49.0,retained_flat
U01425,B2C,B2C,2023-11-30,0.0,49.0,churn
U01425,B2C,B2C,2023-12-31,0.0,0.0,inactive
U01425,B2C,B2C,2024-01-31,0.0,0.0,inactive
U01425,B2C,B2C,2024-02-29,0.0,0.0,inactive
U01425,B2C,B2C,2024-03-31,0.0,0.0,inactive
U01425,B2C,B2C,2024-04-30,0.0,0.0,inactive
U01427,B2C,B2C,2023-04-30,33.25,,new
U01427,B2C,B2C,2023-05-31,33.25,33.25,retained_flat
U01427,B2C,B2C,2023-06-30,33.25,33.25,retained_flat
U01427,B2C,B2C,2023-07-31,33.25,33.25,retained_flat
U01427,B2C,B2C,2023-08-31,33.25,33.25,retained_flat
U01427,B2C,B2C,2023-09-30,33.25,33.25,retained_flat
U01427,B2C,B2C,2023-10-31,33.25,33.25,retained_flat
U01427,B2C,B2C,2023-11-30,33.25,33.25,retained_flat
U01427,B2C,B2C,2023-12-31,33.25,33.25,retained_flat
U01427,B2C,B2C,2024-01-31,33.25,33.25,retained_flat
U01427,B2C,B2C,2024-02-29,33.25,33.25,retained_flat
U01427,B2C,B2C,2024-03-31,33.25,33.25,retained_flat
U01427,B2C,B2C,2024-04-30,33.25,33.25,retained_flat
U01432,B2C,B2C,2023-04-30,33.25,,new
U01432,B2C,B2C,2023-05-31,33.25,33.25,retained_flat
U01432,B2C,B2C,2023-06-30,33.25,33.25,retained_flat
U01432,B2C,B2C,2023-07-31,33.25,33.25,retained_flat
U01432,B2C,B2C,2023-08-31,33.25,33.25,retained_flat
U01432,B2C,B2C,2023-09-30,33.25,33.25,retained_flat
U01432,B2C,B2C,2023-10-31,33.25,33.25,retained_flat
U01432,B2C,B2C,2023-11-30,33.25,33.25,retained_flat
U01432,B2C,B2C,2023-12-31,33.25,33.25,retained_flat
U01432,B2C,B2C,2024-01-31,33.25,33.25,retained_flat
U01432,B2C,B2C,2024-02-29,33.25,33.25,retained_flat
U01432,B2C,B2C,2024-03-31,33.25,33.25,retained_flat
U01432,B2C,B2C,2024-04-30,33.25,33.25,retained_flat
U01456,B2C,B2C,2023-05-31,33.25,,new
U01456,B2C,B2C,2023-06-30,33.25,33.25,retained_flat
U01456,B2C,B2C,2023-07-31,33.25,33.25,retained_flat
U01456,B2C,B2C,2023-08-31,33.25,33.25,retained_flat
U01456,B2C,B2C,2023-09-30,33.25,33.25,retained_flat
U01456,B2C,B2C,2023-10-31,33.25,33.25,retained_flat
U01456,B2C,B2C,2023-11-30,33.25,33.25,retained_flat
U01456,B2C,B2C,2023-12-31,33.25,33.25,retained_flat
U01456,B2C,B2C,2024-01-31,33.25,33.25,retained_flat
U01456,B2C,B2C,2024-02-29,33.25,33.25,retained_flat
U01456,B2C,B2C,2024-03-31,33.25,33.25,retained_flat
U01456,B2C,B2C,2024-04-30,33.25,33.25,retained_flat
U01491,B2C,B2C,2023-05-31,49.0,,new
U01491,B2C,B2C,2023-06-30,49.0,49.0,retained_flat
U01491,B2C,B2C,2023-07-31,49.0,49.0,retained_flat
U01491,B2C,B2C,2023-08-31,49.0,49.0,retained_flat
U01491,B2C,B2C,2023-09-30,0.0,49.0,churn
U01491,B2C,B2C,2023-10-31,0.0,0.0,inactive
U01491,B2C,B2C,2023-11-30,0.0,0.0,inactive
U01491,B2C,B2C,2023-12-31,0.0,0.0,inactive
U01491,B2C,B2C,2024-01-31,0.0,0.0,inactive
U01491,B2C,B2C,2024-02-29,0.0,0.0,inactive
U01491,B2C,B2C,2024-03-31,0.0,0.0,inactive
U01491,B2C,B2C,2024-04-30,0.0,0.0,inactive
U01493,B2C,B2C,2023-05-31,49.0,,new
U01493,B2C,B2C,2023-06-30,49.0,49.0,retained_flat
U01493,B2C,B2C,2023-07-31,49.0,49.0,retained_flat
U01493,B2C,B2C,2023-08-31,49.0,49.0,retained_flat
U01493,B2C,B2C,2023-09-30,49.0,49.0,retained_flat
U01493,B2C,B2C,2023-10-31,49.0,49.0,retained_flat
U01493,B2C,B2C,2023-11-30,49.0,49.0,retained_flat
U01493,B2C,B2C,2023-12-31,49.0,49.0,retained_flat
U01493,B2C,B2C,2024-01-31,49.0,49.0,retained_flat
U01493,B2C,B2C,2024-02-29,0.0,49.0,churn
U01493,B2C,B2C,2024-03-31,0.0,0.0,inactive
U01493,B2C,B2C,2024-04-30,0.0,0.0,inactive
U01494,B2C,B2C,2023-05-31,49.0,,new
U01494,B2C,B2C,2023-06-30,49.0,49.0,retained_flat
U01494,B2C,B2C,2023-07-31,49.0,49.0,retained_flat
U01494,B2C,B2C,2023-08-31,49.0,49.0,retained_flat
U01494,B2C,B2C,2023-09-30,0.0,49.0,churn
U01494,B2C,B2C,2023-10-31,0.0,0.0,inactive
U01494,B2C,B2C,2023-11-30,0.0,0.0,inactive
U01494,B2C,B2C,2023-12-31,0.0,0.0,inactive
U01494,B2C,B2C,2024-01-31,0.0,0.0,inactive
U01494,B2C,B2C,2024-02-29,0.0,0.0,inactive
U01494,B2C,B2C,2024-03-31,0.0,0.0,inactive
U01494,B2C,B2C,2024-04-30,0.0,0.0,inactive
U01503,B2C,B2C,2023-05-31,33.25,,new
U01503,B2C,B2C,2023-06-30,33.25,33.25,retained_flat
U01503,B2C,B2C,2023-07-31,33.25,33.25,retained_flat
U01503,B2C,B2C,2023-08-31,33.25,33.25,retained_flat
U01503,B2C,B2C,2023-09-30,33.25,33.25,retained_flat
U01503,B2C,B2C,2023-10-31,33.25,33.25,retained_flat
U01503,B2C,B2C,2023-11-30,33.25,33.25,retained_flat
U01503,B2C,B2C,2023-12-31,33.25,33.25,retained_flat
U01503,B2C,B2C,2024-01-31,33.25,33.25,retained_flat
U01503,B2C,B2C,2024-02-29,33.25,33.25,retained_flat
U01503,B2C,B2C,2024-03-31,33.25,33.25,retained_flat
U01503,B2C,B2C,2024-04-30,33.25,33.25,retained_flat
U01523,B2C,B2C,2023-05-31,33.25,,new
U01523,B2C,B2C,2023-06-30,33.25,33.25,retained_flat
U01523,B2C,B2C,2023-07-31,33.25,33.25,retained_flat
U01523,B2C,B2C,2023-08-31,33.25,33.25,retained_flat
U01523,B2C,B2C,2023-09-30,33.25,33.25,retained_flat
U01523,B2C,B2C,2023-10-31,33.25,33.25,retained_flat
U01523,B2C,B2C,2023-11-30,33.25,33.25,retained_flat
U01523,B2C,B2C,2023-12-31,33.25,33.25,retained_flat
U01523,B2C,B2C,2024-01-31,33.25,33.25,retained_flat
U01523,B2C,B2C,2024-02-29,33.25,33.25,retained_flat
U01523,B2C,B2C,2024-03-31,33.25,33.25,retained_flat
U01523,B2C,B2C,2024-04-30,33.25,33.25,retained_flat
U01536,B2C,B2C,2023-05-31,33.25,,new
U01536,B2C,B2C,2023-06-30,33.25,33.25,retained_flat
U01536,B2C,B2C,2023-07-31,33.25,33.25,retained_flat
U01536,B2C,B2C,2023-08-31,33.25,33.25,retained_flat
U01536,B2C,B2C,2023-09-30,33.25,33.25,retained_flat
U01536,B2C,B2C,2023-10-31,33.25,33.25,retained_flat
U01536,B2C,B2C,2023-11-30,33.25,33.25,retained_flat
U01536,B2C,B2C,2023-12-31,33.25,33.25,retained_flat
U01536,B2C,B2C,2024-01-31,33.25,33.25,retained_flat
U01536,B2C,B2C,2024-02-29,33.25,33.25,retained_flat
U01536,B2C,B2C,2024-03-31,33.25,33.25,retained_flat
U01536,B2C,B2C,2024-04-30,33.25,33.25,retained_flat
U01541,B2C,B2C,2023-05-31,49.0,,new
U01541,B2C,B2C,2023-06-30,49.0,49.0,retained_flat
U01541,B2C,B2C,2023-07-31,49.0,49.0,retained_flat
U01541,B2C,B2C,2023-08-31,49.0,49.0,retained_flat
U01541,B2C,B2C,2023-09-30,49.0,49.0,retained_flat
U01541,B2C,B2C,2023-10-31,49.0,49.0,retained_flat
U01541,B2C,B2C,2023-11-30,49.0,49.0,retained_flat
U01541,B2C,B2C,2023-12-31,49.0,49.0,retained_flat
U01541,B2C,B2C,2024-01-31,49.0,49.0,retained_flat
U01541,B2C,B2C,2024-02-29,49.0,49.0,retained_flat
U01541,B2C,B2C,2024-03-31,49.0,49.0,retained_flat
U01541,B2C,B2C,2024-04-30,49.0,49.0,retained_flat
U01555,B2C,B2C,2023-05-31,33.25,,new
U01555,B2C,B2C,2023-06-30,33.25,33.25,retained_flat
U01555,B2C,B2C,2023-07-31,33.25,33.25,retained_flat
U01555,B2C,B2C,2023-08-31,33.25,33.25,retained_flat
U01555,B2C,B2C,2023-09-30,33.25,33.25,retained_flat
U01555,B2C,B2C,2023-10-31,33.25,33.25,retained_flat
U01555,B2C,B2C,2023-11-30,33.25,33.25,retained_flat
U01555,B2C,B2C,2023-12-31,33.25,33.25,retained_flat
U01555,B2C,B2C,2024-01-31,33.25,33.25,retained_flat
U01555,B2C,B2C,2024-02-29,33.25,33.25,retained_flat
U01555,B2C,B2C,2024-03-31,33.25,33.25,retained_flat
U01555,B2C,B2C,2024-04-30,33.25,33.25,retained_flat
U01569,SMB,B2B,2023-05-31,149.92,,new
U01569,SMB,B2B,2023-06-30,149.92,149.92,retained_flat
U01569,SMB,B2B,2023-07-31,149.92,149.92,retained_flat
U01569,SMB,B2B,2023-08-31,149.92,149.92,retained_flat
U01569,SMB,B2B,2023-09-30,149.92,149.92,retained_flat
U01569,SMB,B2B,2023-10-31,149.92,149.92,retained_flat
U01569,SMB,B2B,2023-11-30,149.92,149.92,retained_flat
U01569,SMB,B2B,2023-12-31,149.92,149.92,retained_flat
U01569,SMB,B2B,2024-01-31,149.92,149.92,retained_flat
U01569,SMB,B2B,2024-02-29,149.92,149.92,retained_flat
U01569,SMB,B2B,2024-03-31,149.92,149.92,retained_flat
U01569,SMB,B2B,2024-04-30,149.92,149.92,retained_flat
U01600,B2C,B2C,2023-06-30,49.0,,new
U01600,B2C,B2C,2023-07-31,49.0,49.0,retained_flat
U01600,B2C,B2C,2023-08-31,49.0,49.0,retained_flat
U01600,B2C,B2C,2023-09-30,0.0,49.0,churn
U01600,B2C,B2C,2023-10-31,0.0,0.0,inactive
U01600,B2C,B2C,2023-11-30,0.0,0.0,inactive
U01600,B2C,B2C,2023-12-31,0.0,0.0,inactive
U01600,B2C,B2C,2024-01-31,0.0,0.0,inactive
U01600,B2C,B2C,2024-02-29,0.0,0.0,inactive
U01600,B2C,B2C,2024-03-31,0.0,0.0,inactive
U01600,B2C,B2C,2024-04-30,0.0,0.0,inactive
U01603,B2C,B2C,2023-06-30,49.0,,new
U01603,B2C,B2C,2023-07-31,49.0,49.0,retained_flat
U01603,B2C,B2C,2023-08-31,49.0,49.0,retained_flat
U01603,B2C,B2C,2023-09-30,49.0,49.0,retained_flat
U01603,B2C,B2C,2023-10-31,49.0,49.0,retained_flat
U01603,B2C,B2C,2023-11-30,49.0,49.0,retained_flat
U01603,B2C,B2C,2023-12-31,49.0,49.0,retained_flat
U01603,B2C,B2C,2024-01-31,49.0,49.0,retained_flat
U01603,B2C,B2C,2024-02-29,49.0,49.0,retained_flat
U01603,B2C,B2C,2024-03-31,49.0,49.0,retained_flat
U01603,B2C,B2C,2024-04-30,49.0,49.0,retained_flat
U01606,B2C,B2C,2023-06-30,33.25,,new
U01606,B2C,B2C,2023-07-31,33.25,33.25,retained_flat
U01606,B2C,B2C,2023-08-31,33.25,33.25,retained_flat
U01606,B2C,B2C,2023-09-30,33.25,33.25,retained_flat
U01606,B2C,B2C,2023-10-31,33.25,33.25,retained_flat
U01606,B2C,B2C,2023-11-30,33.25,33.25,retained_flat
U01606,B2C,B2C,2023-12-31,33.25,33.25,retained_flat
U01606,B2C,B2C,2024-01-31,33.25,33.25,retained_flat
U01606,B2C,B2C,2024-02-29,33.25,33.25,retained_flat
U01606,B2C,B2C,2024-03-31,33.25,33.25,retained_flat
U01606,B2C,B2C,2024-04-30,33.25,33.25,retained_flat
U01633,B2C,B2C,2023-06-30,49.0,,new
U01633,B2C,B2C,2023-07-31,49.0,49.0,retained_flat
U01633,B2C,B2C,2023-08-31,49.0,49.0,retained_flat
U01633,B2C,B2C,2023-09-30,49.0,49.0,retained_flat
U01633,B2C,B2C,2023-10-31,49.0,49.0,retained_flat
U01633,B2C,B2C,2023-11-30,49.0,49.0,retained_flat
U01633,B2C,B2C,2023-12-31,49.0,49.0,retained_flat
U01633,B2C,B2C,2024-01-31,49.0,49.0,retained_flat
U01633,B2C,B2C,2024-02-29,49.0,49.0,retained_flat
U01633,B2C,B2C,2024-03-31,49.0,49.0,retained_flat
U01633,B2C,B2C,2024-04-30,49.0,49.0,retained_flat
U01648,B2C,B2C,2023-06-30,33.25,,new
U01648,B2C,B2C,2023-07-31,33.25,33.25,retained_flat
U01648,B2C,B2C,2023-08-31,33.25,33.25,retained_flat
U01648,B2C,B2C,2023-09-30,33.25,33.25,retained_flat
U01648,B2C,B2C,2023-10-31,33.25,33.25,retained_flat
U01648,B2C,B2C,2023-11-30,33.25,33.25,retained_flat
U01648,B2C,B2C,2023-12-31,33.25,33.25,retained_flat
U01648,B2C,B2C,2024-01-31,33.25,33.25,retained_flat
U01648,B2C,B2C,2024-02-29,33.25,33.25,retained_flat
U01648,B2C,B2C,2024-03-31,33.25,33.25,retained_flat
U01648,B2C,B2C,2024-04-30,33.25,33.25,retained_flat
U01653,B2C,B2C,2023-06-30,49.0,,new
U01653,B2C,B2C,2023-07-31,49.0,49.0,retained_flat
U01653,B2C,B2C,2023-08-31,49.0,49.0,retained_flat
U01653,B2C,B2C,2023-09-30,49.0,49.0,retained_flat
U01653,B2C,B2C,2023-10-31,49.0,49.0,retained_flat
U01653,B2C,B2C,2023-11-30,49.0,49.0,retained_flat
U01653,B2C,B2C,2023-12-31,49.0,49.0,retained_flat
U01653,B2C,B2C,2024-01-31,49.0,49.0,retained_flat
U01653,B2C,B2C,2024-02-29,49.0,49.0,retained_flat
U01653,B2C,B2C,2024-03-31,49.0,49.0,retained_flat
U01653,B2C,B2C,2024-04-30,0.0,49.0,churn
U01690,B2C,B2C,2023-06-30,33.25,,new
U01690,B2C,B2C,2023-07-31,33.25,33.25,retained_flat
U01690,B2C,B2C,2023-08-31,33.25,33.25,retained_flat
U01690,B2C,B2C,2023-09-30,33.25,33.25,retained_flat
U01690,B2C,B2C,2023-10-31,33.25,33.25,retained_flat
U01690,B2C,B2C,2023-11-30,33.25,33.25,retained_flat
U01690,B2C,B2C,2023-12-31,33.25,33.25,retained_flat
U01690,B2C,B2C,2024-01-31,33.25,33.25,retained_flat
U01690,B2C,B2C,2024-02-29,33.25,33.25,retained_flat
U01690,B2C,B2C,2024-03-31,33.25,33.25,retained_flat
U01690,B2C,B2C,2024-04-30,33.25,33.25,retained_flat
U01697,B2C,B2C,2023-06-30,49.0,,new
U01697,B2C,B2C,2023-07-31,49.0,49.0,retained_flat
U01697,B2C,B2C,2023-08-31,49.0,49.0,retained_flat
U01697,B2C,B2C,2023-09-30,49.0,49.0,retained_flat
U01697,B2C,B2C,2023-10-31,49.0,49.0,retained_flat
U01697,B2C,B2C,2023-11-30,49.0,49.0,retained_flat
U01697,B2C,B2C,2023-12-31,49.0,49.0,retained_flat
U01697,B2C,B2C,2024-01-31,49.0,49.0,retained_flat
U01697,B2C,B2C,2024-02-29,49.0,49.0,retained_flat
U01697,B2C,B2C,2024-03-31,49.0,49.0,retained_flat
U01697,B2C,B2C,2024-04-30,49.0,49.0,retained_flat
U01709,B2C,B2C,2023-06-30,33.25,,new
U01709,B2C,B2C,2023-07-31,33.25,33.25,retained_flat
U01709,B2C,B2C,2023-08-31,33.25,33.25,retained_flat
U01709,B2C,B2C,2023-09-30,33.25,33.25,retained_flat
U01709,B2C,B2C,2023-10-31,33.25,33.25,retained_flat
U01709,B2C,B2C,2023-11-30,33.25,33.25,retained_flat
U01709,B2C,B2C,2023-12-31,33.25,33.25,retained_flat
U01709,B2C,B2C,2024-01-31,33.25,33.25,retained_flat
U01709,B2C,B2C,2024-02-29,33.25,33.25,retained_flat
U01709,B2C,B2C,2024-03-31,33.25,33.25,retained_flat
U01709,B2C,B2C,2024-04-30,33.25,33.25,retained_flat
U01746,B2C,B2C,2023-07-31,49.0,,new
U01746,B2C,B2C,2023-08-31,49.0,49.0,retained_flat
U01746,B2C,B2C,2023-09-30,49.0,49.0,retained_flat
U01746,B2C,B2C,2023-10-31,49.0,49.0,retained_flat
U01746,B2C,B2C,2023-11-30,49.0,49.0,retained_flat
U01746,B2C,B2C,2023-12-31,49.0,49.0,retained_flat
U01746,B2C,B2C,2024-01-31,49.0,49.0,retained_flat
U01746,B2C,B2C,2024-02-29,49.0,49.0,retained_flat
U01746,B2C,B2C,2024-03-31,49.0,49.0,retained_flat
U01746,B2C,B2C,2024-04-30,49.0,49.0,retained_flat
U01780,B2C,B2C,2023-07-31,49.0,,new
U01780,B2C,B2C,2023-08-31,49.0,49.0,retained_flat
U01780,B2C,B2C,2023-09-30,49.0,49.0,retained_flat
U01780,B2C,B2C,2023-10-31,49.0,49.0,retained_flat
U01780,B2C,B2C,2023-11-30,49.0,49.0,retained_flat
U01780,B2C,B2C,2023-12-31,49.0,49.0,retained_flat
U01780,B2C,B2C,2024-01-31,0.0,49.0,churn
U01780,B2C,B2C,2024-02-29,0.0,0.0,inactive
U01780,B2C,B2C,2024-03-31,0.0,0.0,inactive
U01780,B2C,B2C,2024-04-30,0.0,0.0,inactive
U01808,B2C,B2C,2023-07-31,49.0,,new
U01808,B2C,B2C,2023-08-31,49.0,49.0,retained_flat
U01808,B2C,B2C,2023-09-30,49.0,49.0,retained_flat
U01808,B2C,B2C,2023-10-31,49.0,49.0,retained_flat
U01808,B2C,B2C,2023-11-30,49.0,49.0,retained_flat
U01808,B2C,B2C,2023-12-31,49.0,49.0,retained_flat
U01808,B2C,B2C,2024-01-31,49.0,49.0,retained_flat
U01808,B2C,B2C,2024-02-29,49.0,49.0,retained_flat
U01808,B2C,B2C,2024-03-31,49.0,49.0,retained_flat
U01808,B2C,B2C,2024-04-30,49.0,49.0,retained_flat
U01834,B2C,B2C,2023-07-31,49.0,,new
U01834,B2C,B2C,2023-08-31,49.0,49.0,retained_flat
U01834,B2C,B2C,2023-09-30,49.0,49.0,retained_flat
U01834,B2C,B2C,2023-10-31,49.0,49.0,retained_flat
U01834,B2C,B2C,2023-11-30,49.0,49.0,retained_flat
U01834,B2C,B2C,2023-12-31,49.0,49.0,retained_flat
U01834,B2C,B2C,2024-01-31,49.0,49.0,retained_flat
U01834,B2C,B2C,2024-02-29,49.0,49.0,retained_flat
U01834,B2C,B2C,2024-03-31,49.0,49.0,retained_flat
U01834,B2C,B2C,2024-04-30,0.0,49.0,churn
U01842,B2C,B2C,2023-07-31,49.0,,new
U01842,B2C,B2C,2023-08-31,49.0,49.0,retained_flat
U01842,B2C,B2C,2023-09-30,49.0,49.0,retained_flat
U01842,B2C,B2C,2023-10-31,49.0,49.0,retained_flat
U01842,B2C,B2C,2023-11-30,49.0,49.0,retained_flat
U01842,B2C,B2C,2023-12-31,49.0,49.0,retained_flat
U01842,B2C,B2C,2024-01-31,49.0,49.0,retained_flat
U01842,B2C,B2C,2024-02-29,0.0,49.0,churn
U01842,B2C,B2C,2024-03-31,0.0,0.0,inactive
U01842,B2C,B2C,2024-04-30,0.0,0.0,inactive
U01851,SMB,B2B,2023-07-31,199.0,,new
U01851,SMB,B2B,2023-08-31,199.0,199.0,retained_flat
U01851,SMB,B2B,2023-09-30,243.79,199.0,expansion
U01851,SMB,B2B,2023-10-31,243.79,243.79,retained_flat
U01851,SMB,B2B,2023-11-30,243.79,243.79,retained_flat
U01851,SMB,B2B,2023-12-31,267.52,243.79,expansion
U01851,SMB,B2B,2024-01-31,267.52,267.52,retained_flat
U01851,SMB,B2B,2024-02-29,267.52,267.52,retained_flat
U01851,SMB,B2B,2024-03-31,267.52,267.52,retained_flat
U01851,SMB,B2B,2024-04-30,267.52,267.52,retained_flat
U01862,SMB,B2B,2023-07-31,199.0,,new
U01862,SMB,B2B,2023-08-31,199.0,199.0,retained_flat
U01862,SMB,B2B,2023-09-30,225.49,199.0,expansion
U01862,SMB,B2B,2023-10-31,225.49,225.49,retained_flat
U01862,SMB,B2B,2023-11-30,245.91,225.49,expansion
U01862,SMB,B2B,2023-12-31,245.91,245.91,retained_flat
U01862,SMB,B2B,2024-01-31,245.91,245.91,retained_flat
U01862,SMB,B2B,2024-02-29,245.91,245.91,retained_flat
U01862,SMB,B2B,2024-03-31,245.91,245.91,retained_flat
U01862,SMB,B2B,2024-04-30,245.91,245.91,retained_flat
U01883,B2C,B2C,2023-08-31,49.0,,new
U01883,B2C,B2C,2023-09-30,49.0,49.0,retained_flat
U01883,B2C,B2C,2023-10-31,49.0,49.0,retained_flat
U01883,B2C,B2C,2023-11-30,49.0,49.0,retained_flat
U01883,B2C,B2C,2023-12-31,49.0,49.0,retained_flat
U01883,B2C,B2C,2024-01-31,49.0,49.0,retained_flat
U01883,B2C,B2C,2024-02-29,49.0,49.0,retained_flat
U01883,B2C,B2C,2024-03-31,49.0,49.0,retained_flat
U01883,B2C,B2C,2024-04-30,49.0,49.0,retained_flat
U01888,B2C,B2C,2023-08-31,49.0,,new
U01888,B2C,B2C,2023-09-30,49.0,49.0,retained_flat
U01888,B2C,B2C,2023-10-31,49.0,49.0,retained_flat
U01888,B2C,B2C,2023-11-30,49.0,49.0,retained_flat
U01888,B2C,B2C,2023-12-31,0.0,49.0,churn
U01888,B2C,B2C,2024-01-31,0.0,0.0,inactive
U01888,B2C,B2C,2024-02-29,0.0,0.0,inactive
U01888,B2C,B2C,2024-03-31,0.0,0.0,inactive
U01888,B2C,B2C,2024-04-30,0.0,0.0,inactive
U01921,B2C,B2C,2023-08-31,33.25,,new
U01921,B2C,B2C,2023-09-30,33.25,33.25,retained_flat
U01921,B2C,B2C,2023-10-31,33.25,33.25,retained_flat
U01921,B2C,B2C,2023-11-30,33.25,33.25,retained_flat
U01921,B2C,B2C,2023-12-31,33.25,33.25,retained_flat
U01921,B2C,B2C,2024-01-31,33.25,33.25,retained_flat
U01921,B2C,B2C,2024-02-29,33.25,33.25,retained_flat
U01921,B2C,B2C,2024-03-31,33.25,33.25,retained_flat
U01921,B2C,B2C,2024-04-30,33.25,33.25,retained_flat
U01925,B2C,B2C,2023-08-31,33.25,,new
U01925,B2C,B2C,2023-09-30,33.25,33.25,retained_flat
U01925,B2C,B2C,2023-10-31,33.25,33.25,retained_flat
U01925,B2C,B2C,2023-11-30,33.25,33.25,retained_flat
U01925,B2C,B2C,2023-12-31,33.25,33.25,retained_flat
U01925,B2C,B2C,2024-01-31,33.25,33.25,retained_flat
U01925,B2C,B2C,2024-02-29,33.25,33.25,retained_flat
U01925,B2C,B2C,2024-03-31,33.25,33.25,retained_flat
U01925,B2C,B2C,2024-04-30,33.25,33.25,retained_flat
U01968,B2C,B2C,2023-08-31,49.0,,new
U01968,B2C,B2C,2023-09-30,49.0,49.0,retained_flat
U01968,B2C,B2C,2023-10-31,49.0,49.0,retained_flat
U01968,B2C,B2C,2023-11-30,49.0,49.0,retained_flat
U01968,B2C,B2C,2023-12-31,49.0,49.0,retained_flat
U01968,B2C,B2C,2024-01-31,49.0,49.0,retained_flat
U01968,B2C,B2C,2024-02-29,49.0,49.0,retained_flat
U01968,B2C,B2C,2024-03-31,49.0,49.0,retained_flat
U01968,B2C,B2C,2024-04-30,49.0,49.0,retained_flat
U01979,B2C,B2C,2023-08-31,33.25,,new
U01979,B2C,B2C,2023-09-30,33.25,33.25,retained_flat
U01979,B2C,B2C,2023-10-31,33.25,33.25,retained_flat
U01979,B2C,B2C,2023-11-30,33.25,33.25,retained_flat
U01979,B2C,B2C,2023-12-31,33.25,33.25,retained_flat
U01979,B2C,B2C,2024-01-31,33.25,33.25,retained_flat
U01979,B2C,B2C,2024-02-29,33.25,33.25,retained_flat
U01979,B2C,B2C,2024-03-31,33.25,33.25,retained_flat
U01979,B2C,B2C,2024-04-30,33.25,33.25,retained_flat
U01985,B2C,B2C,2023-08-31,49.0,,new
U01985,B2C,B2C,2023-09-30,49.0,49.0,retained_flat
U01985,B2C,B2C,2023-10-31,49.0,49.0,retained_flat
U01985,B2C,B2C,2023-11-30,49.0,49.0,retained_flat
U01985,B2C,B2C,2023-12-31,49.0,49.0,retained_flat
U01985,B2C,B2C,2024-01-31,0.0,49.0,churn
U01985,B2C,B2C,2024-02-29,0.0,0.0,inactive
U01985,B2C,B2C,2024-03-31,0.0,0.0,inactive
U01985,B2C,B2C,2024-04-30,0.0,0.0,inactive
U01988,B2C,B2C,2023-08-31,33.25,,new
U01988,B2C,B2C,2023-09-30,33.25,33.25,retained_flat
U01988,B2C,B2C,2023-10-31,33.25,33.25,retained_flat
U01988,B2C,B2C,2023-11-30,33.25,33.25,retained_flat
U01988,B2C,B2C,2023-12-31,33.25,33.25,retained_flat
U01988,B2C,B2C,2024-01-31,33.25,33.25,retained_flat
U01988,B2C,B2C,2024-02-29,33.25,33.25,retained_flat
U01988,B2C,B2C,2024-03-31,33.25,33.25,retained_flat
U01988,B2C,B2C,2024-04-30,33.25,33.25,retained_flat
U01998,B2C,B2C,2023-08-31,49.0,,new
U01998,B2C,B2C,2023-09-30,49.0,49.0,retained_flat
U01998,B2C,B2C,2023-10-31,49.0,49.0,retained_flat
U01998,B2C,B2C,2023-11-30,49.0,49.0,retained_flat
U01998,B2C,B2C,2023-12-31,49.0,49.0,retained_flat
U01998,B2C,B2C,2024-01-31,49.0,49.0,retained_flat
U01998,B2C,B2C,2024-02-29,49.0,49.0,retained_flat
U01998,B2C,B2C,2024-03-31,49.0,49.0,retained_flat
U01998,B2C,B2C,2024-04-30,49.0,49.0,retained_flat
U02041,B2C,B2C,2023-09-30,33.25,,new
U02041,B2C,B2C,2023-10-31,33.25,33.25,retained_flat
U02041,B2C,B2C,2023-11-30,33.25,33.25,retained_flat
U02041,B2C,B2C,2023-12-31,33.25,33.25,retained_flat
U02041,B2C,B2C,2024-01-31,33.25,33.25,retained_flat
U02041,B2C,B2C,2024-02-29,33.25,33.25,retained_flat
U02041,B2C,B2C,2024-03-31,33.25,33.25,retained_flat
U02041,B2C,B2C,2024-04-30,33.25,33.25,retained_flat
U02107,B2C,B2C,2023-09-30,33.25,,new
U02107,B2C,B2C,2023-10-31,33.25,33.25,retained_flat
U02107,B2C,B2C,2023-11-30,33.25,33.25,retained_flat
U02107,B2C,B2C,2023-12-31,33.25,33.25,retained_flat
U02107,B2C,B2C,2024-01-31,33.25,33.25,retained_flat
U02107,B2C,B2C,2024-02-29,33.25,33.25,retained_flat
U02107,B2C,B2C,2024-03-31,33.25,33.25,retained_flat
U02107,B2C,B2C,2024-04-30,33.25,33.25,retained_flat
U02121,B2C,B2C,2023-09-30,49.0,,new
U02121,B2C,B2C,2023-10-31,49.0,49.0,retained_flat
U02121,B2C,B2C,2023-11-30,49.0,49.0,retained_flat
U02121,B2C,B2C,2023-12-31,49.0,49.0,retained_flat
U02121,B2C,B2C,2024-01-31,49.0,49.0,retained_flat
U02121,B2C,B2C,2024-02-29,49.0,49.0,retained_flat
U02121,B2C,B2C,2024-03-31,49.0,49.0,retained_flat
U02121,B2C,B2C,2024-04-30,49.0,49.0,retained_flat
U02134,B2C,B2C,2023-09-30,33.25,,new
U02134,B2C,B2C,2023-10-31,33.25,33.25,retained_flat
U02134,B2C,B2C,2023-11-30,33.25,33.25,retained_flat
U02134,B2C,B2C,2023-12-31,33.25,33.25,retained_flat
U02134,B2C,B2C,2024-01-31,33.25,33.25,retained_flat
U02134,B2C,B2C,2024-02-29,33.25,33.25,retained_flat
U02134,B2C,B2C,2024-03-31,33.25,33.25,retained_flat
U02134,B2C,B2C,2024-04-30,33.25,33.25,retained_flat
U02146,B2C,B2C,2023-09-30,33.25,,new
U02146,B2C,B2C,2023-10-31,33.25,33.25,retained_flat
U02146,B2C,B2C,2023-11-30,33.25,33.25,retained_flat
U02146,B2C,B2C,2023-12-31,33.25,33.25,retained_flat
U02146,B2C,B2C,2024-01-31,33.25,33.25,retained_flat
U02146,B2C,B2C,2024-02-29,33.25,33.25,retained_flat
U02146,B2C,B2C,2024-03-31,33.25,33.25,retained_flat
U02146,B2C,B2C,2024-04-30,33.25,33.25,retained_flat
U02159,B2C,B2C,2023-09-30,49.0,,new
U02159,B2C,B2C,2023-10-31,49.0,49.0,retained_flat
U02159,B2C,B2C,2023-11-30,49.0,49.0,retained_flat
U02159,B2C,B2C,2023-12-31,49.0,49.0,retained_flat
U02159,B2C,B2C,2024-01-31,49.0,49.0,retained_flat
U02159,B2C,B2C,2024-02-29,49.0,49.0,retained_flat
U02159,B2C,B2C,2024-03-31,49.0,49.0,retained_flat
U02159,B2C,B2C,2024-04-30,49.0,49.0,retained_flat
U02180,B2C,B2C,2023-09-30,49.0,,new
U02180,B2C,B2C,2023-10-31,49.0,49.0,retained_flat
U02180,B2C,B2C,2023-11-30,49.0,49.0,retained_flat
U02180,B2C,B2C,2023-12-31,49.0,49.0,retained_flat
U02180,B2C,B2C,2024-01-31,49.0,49.0,retained_flat
U02180,B2C,B2C,2024-02-29,49.0,49.0,retained_flat
U02180,B2C,B2C,2024-03-31,49.0,49.0,retained_flat
U02180,B2C,B2C,2024-04-30,49.0,49.0,retained_flat
U02182,SMB,B2B,2023-09-30,199.0,,new
U02182,SMB,B2B,2023-10-31,199.0,199.0,retained_flat
U02182,SMB,B2B,2023-11-30,199.0,199.0,retained_flat
U02182,SMB,B2B,2023-12-31,199.0,199.0,retained_flat
U02182,SMB,B2B,2024-01-31,199.0,199.0,retained_flat
U02182,SMB,B2B,2024-02-29,199.0,199.0,retained_flat
U02182,SMB,B2B,2024-03-31,212.41,199.0,expansion
U02182,SMB,B2B,2024-04-30,212.41,212.41,retained_flat
U02191,SMB,B2B,2023-09-30,149.92,,new
U02191,SMB,B2B,2023-10-31,149.92,149.92,retained_flat
U02191,SMB,B2B,2023-11-30,149.92,149.92,retained_flat
U02191,SMB,B2B,2023-12-31,149.92,149.92,retained_flat
U02191,SMB,B2B,2024-01-31,149.92,149.92,retained_flat
U02191,SMB,B2B,2024-02-29,149.92,149.92,retained_flat
U02191,SMB,B2B,2024-03-31,149.92,149.92,retained_flat
U02191,SMB,B2B,2024-04-30,149.92,149.92,retained_flat
U02194,SMB,B2B,2023-09-30,149.92,,new
U02194,SMB,B2B,2023-10-31,149.92,149.92,retained_flat
U02194,SMB,B2B,2023-11-30,149.92,149.92,retained_flat
U02194,SMB,B2B,2023-12-31,149.92,149.92,retained_flat
U02194,SMB,B2B,2024-01-31,149.92,149.92,retained_flat
U02194,SMB,B2B,2024-02-29,149.92,149.92,retained_flat
U02194,SMB,B2B,2024-03-31,149.92,149.92,retained_flat
U02194,SMB,B2B,2024-04-30,149.92,149.92,retained_flat
U02214,B2C,B2C,2023-10-31,33.25,,new
U02214,B2C,B2C,2023-11-30,33.25,33.25,retained_flat
U02214,B2C,B2C,2023-12-31,33.25,33.25,retained_flat
U02214,B2C,B2C,2024-01-31,33.25,33.25,retained_flat
U02214,B2C,B2C,2024-02-29,33.25,33.25,retained_flat
U02214,B2C,B2C,2024-03-31,33.25,33.25,retained_flat
U02214,B2C,B2C,2024-04-30,33.25,33.25,retained_flat
U02218,B2C,B2C,2023-10-31,33.25,,new
U02218,B2C,B2C,2023-11-30,33.25,33.25,retained_flat
U02218,B2C,B2C,2023-12-31,33.25,33.25,retained_flat
U02218,B2C,B2C,2024-01-31,33.25,33.25,retained_flat
U02218,B2C,B2C,2024-02-29,33.25,33.25,retained_flat
U02218,B2C,B2C,2024-03-31,33.25,33.25,retained_flat
U02218,B2C,B2C,2024-04-30,33.25,33.25,retained_flat
U02262,B2C,B2C,2023-10-31,33.25,,new
U02262,B2C,B2C,2023-11-30,33.25,33.25,retained_flat
U02262,B2C,B2C,2023-12-31,33.25,33.25,retained_flat
U02262,B2C,B2C,2024-01-31,33.25,33.25,retained_flat
U02262,B2C,B2C,2024-02-29,33.25,33.25,retained_flat
U02262,B2C,B2C,2024-03-31,33.25,33.25,retained_flat
U02262,B2C,B2C,2024-04-30,33.25,33.25,retained_flat
U02274,B2C,B2C,2023-10-31,49.0,,new
U02274,B2C,B2C,2023-11-30,49.0,49.0,retained_flat
U02274,B2C,B2C,2023-12-31,49.0,49.0,retained_flat
U02274,B2C,B2C,2024-01-31,49.0,49.0,retained_flat
U02274,B2C,B2C,2024-02-29,49.0,49.0,retained_flat
U02274,B2C,B2C,2024-03-31,49.0,49.0,retained_flat
U02274,B2C,B2C,2024-04-30,49.0,49.0,retained_flat
U02290,B2C,B2C,2023-10-31,49.0,,new
U02290,B2C,B2C,2023-11-30,49.0,49.0,retained_flat
U02290,B2C,B2C,2023-12-31,49.0,49.0,retained_flat
U02290,B2C,B2C,2024-01-31,49.0,49.0,retained_flat
U02290,B2C,B2C,2024-02-29,49.0,49.0,retained_flat
U02290,B2C,B2C,2024-03-31,0.0,49.0,churn
U02290,B2C,B2C,2024-04-30,0.0,0.0,inactive
U02309,B2C,B2C,2023-10-31,49.0,,new
U02309,B2C,B2C,2023-11-30,49.0,49.0,retained_flat
U02309,B2C,B2C,2023-12-31,49.0,49.0,retained_flat
U02309,B2C,B2C,2024-01-31,49.0,49.0,retained_flat
U02309,B2C,B2C,2024-02-29,49.0,49.0,retained_flat
U02309,B2C,B2C,2024-03-31,49.0,49.0,retained_flat
U02309,B2C,B2C,2024-04-30,49.0,49.0,retained_flat
U02329,B2C,B2C,2023-10-31,49.0,,new
U02329,B2C,B2C,2023-11-30,0.0,49.0,churn
U02329,B2C,B2C,2023-12-31,0.0,0.0,inactive
U02329,B2C,B2C,2024-01-31,0.0,0.0,inactive
U02329,B2C,B2C,2024-02-29,0.0,0.0,inactive
U02329,B2C,B2C,2024-03-31,0.0,0.0,inactive
U02329,B2C,B2C,2024-04-30,0.0,0.0,inactive
U02338,B2C,B2C,2023-10-31,49.0,,new
U02338,B2C,B2C,2023-11-30,49.0,49.0,retained_flat
U02338,B2C,B2C,2023-12-31,0.0,49.0,churn
U02338,B2C,B2C,2024-01-31,0.0,0.0,inactive
U02338,B2C,B2C,2024-02-29,0.0,0.0,inactive
U02338,B2C,B2C,2024-03-31,0.0,0.0,inactive
U02338,B2C,B2C,2024-04-30,0.0,0.0,inactive
U02340,B2C,B2C,2023-10-31,49.0,,new
U02340,B2C,B2C,2023-11-30,49.0,49.0,retained_flat
U02340,B2C,B2C,2023-12-31,49.0,49.0,retained_flat
U02340,B2C,B2C,2024-01-31,49.0,49.0,retained_flat
U02340,B2C,B2C,2024-02-29,49.0,49.0,retained_flat
U02340,B2C,B2C,2024-03-31,49.0,49.0,retained_flat
U02340,B2C,B2C,2024-04-30,49.0,49.0,retained_flat
U02377,SMB,B2B,2023-10-31,199.0,,new
U02377,SMB,B2B,2023-11-30,199.0,199.0,retained_flat
U02377,SMB,B2B,2023-12-31,0.0,199.0,churn
U02377,SMB,B2B,2024-01-31,0.0,0.0,inactive
U02377,SMB,B2B,2024-02-29,0.0,0.0,inactive
U02377,SMB,B2B,2024-03-31,0.0,0.0,inactive
U02377,SMB,B2B,2024-04-30,0.0,0.0,inactive
U02389,SMB,B2B,2023-10-31,149.92,,new
U02389,SMB,B2B,2023-11-30,149.92,149.92,retained_flat
U02389,SMB,B2B,2023-12-31,149.92,149.92,retained_flat
U02389,SMB,B2B,2024-01-31,149.92,149.92,retained_flat
U02389,SMB,B2B,2024-02-29,149.92,149.92,retained_flat
U02389,SMB,B2B,2024-03-31,149.92,149.92,retained_flat
U02389,SMB,B2B,2024-04-30,149.92,149.92,retained_flat
U02397,Enterprise,B2B,2023-10-31,825.0,,new
U02397,Enterprise,B2B,2023-11-30,825.0,825.0,retained_flat
U02397,Enterprise,B2B,2023-12-31,825.0,825.0,retained_flat
U02397,Enterprise,B2B,2024-01-31,825.0,825.0,retained_flat
U02397,Enterprise,B2B,2024-02-29,825.0,825.0,retained_flat
U02397,Enterprise,B2B,2024-03-31,825.0,825.0,retained_flat
U02397,Enterprise,B2B,2024-04-30,825.0,825.0,retained_flat
U02406,B2C,B2C,2023-11-30,33.25,,new
U02406,B2C,B2C,2023-12-31,33.25,33.25,retained_flat
U02406,B2C,B2C,2024-01-31,33.25,33.25,retained_flat
U02406,B2C,B2C,2024-02-29,33.25,33.25,retained_flat
U02406,B2C,B2C,2024-03-31,33.25,33.25,retained_flat
U02406,B2C,B2C,2024-04-30,33.25,33.25,retained_flat
U02443,B2C,B2C,2023-11-30,33.25,,new
U02443,B2C,B2C,2023-12-31,33.25,33.25,retained_flat
U02443,B2C,B2C,2024-01-31,33.25,33.25,retained_flat
U02443,B2C,B2C,2024-02-29,33.25,33.25,retained_flat
U02443,B2C,B2C,2024-03-31,33.25,33.25,retained_flat
U02443,B2C,B2C,2024-04-30,33.25,33.25,retained_flat
U02463,B2C,B2C,2023-11-30,33.25,,new
U02463,B2C,B2C,2023-12-31,33.25,33.25,retained_flat
U02463,B2C,B2C,2024-01-31,33.25,33.25,retained_flat
U02463,B2C,B2C,2024-02-29,33.25,33.25,retained_flat
U02463,B2C,B2C,2024-03-31,33.25,33.25,retained_flat
U02463,B2C,B2C,2024-04-30,33.25,33.25,retained_flat
U02470,B2C,B2C,2023-11-30,49.0,,new
U02470,B2C,B2C,2023-12-31,49.0,49.0,retained_flat
U02470,B2C,B2C,2024-01-31,49.0,49.0,retained_flat
U02470,B2C,B2C,2024-02-29,49.0,49.0,retained_flat
U02470,B2C,B2C,2024-03-31,49.0,49.0,retained_flat
U02470,B2C,B2C,2024-04-30,49.0,49.0,retained_flat
U02473,B2C,B2C,2023-11-30,49.0,,new
U02473,B2C,B2C,2023-12-31,49.0,49.0,retained_flat
U02473,B2C,B2C,2024-01-31,49.0,49.0,retained_flat
U02473,B2C,B2C,2024-02-29,49.0,49.0,retained_flat
U02473,B2C,B2C,2024-03-31,49.0,49.0,retained_flat
U02473,B2C,B2C,2024-04-30,49.0,49.0,retained_flat
U02474,B2C,B2C,2023-11-30,33.25,,new
U02474,B2C,B2C,2023-12-31,33.25,33.25,retained_flat
U02474,B2C,B2C,2024-01-31,33.25,33.25,retained_flat
U02474,B2C,B2C,2024-02-29,33.25,33.25,retained_flat
U02474,B2C,B2C,2024-03-31,33.25,33.25,retained_flat
U02474,B2C,B2C,2024-04-30,33.25,33.25,retained_flat
U02480,B2C,B2C,2023-11-30,33.25,,new
U02480,B2C,B2C,2023-12-31,33.25,33.25,retained_flat
U02480,B2C,B2C,2024-01-31,33.25,33.25,retained_flat
U02480,B2C,B2C,2024-02-29,33.25,33.25,retained_flat
U02480,B2C,B2C,2024-03-31,33.25,33.25,retained_flat
U02480,B2C,B2C,2024-04-30,33.25,33.25,retained_flat
U02492,B2C,B2C,2023-11-30,49.0,,new
U02492,B2C,B2C,2023-12-31,49.0,49.0,retained_flat
U02492,B2C,B2C,2024-01-31,49.0,49.0,retained_flat
U02492,B2C,B2C,2024-02-29,49.0,49.0,retained_flat
U02492,B2C,B2C,2024-03-31,49.0,49.0,retained_flat
U02492,B2C,B2C,2024-04-30,49.0,49.0,retained_flat
U02510,B2C,B2C,2023-11-30,49.0,,new
U02510,B2C,B2C,2023-12-31,49.0,49.0,retained_flat
U02510,B2C,B2C,2024-01-31,49.0,49.0,retained_flat
U02510,B2C,B2C,2024-02-29,49.0,49.0,retained_flat
U02510,B2C,B2C,2024-03-31,0.0,49.0,churn
U02510,B2C,B2C,2024-04-30,0.0,0.0,inactive
U02512,B2C,B2C,2023-11-30,33.25,,new
U02512,B2C,B2C,2023-12-31,33.25,33.25,retained_flat
U02512,B2C,B2C,2024-01-31,33.25,33.25,retained_flat
U02512,B2C,B2C,2024-02-29,33.25,33.25,retained_flat
U02512,B2C,B2C,2024-03-31,33.25,33.25,retained_flat
U02512,B2C,B2C,2024-04-30,33.25,33.25,retained_flat
U02519,B2C,B2C,2023-11-30,49.0,,new
U02519,B2C,B2C,2023-12-31,49.0,49.0,retained_flat
U02519,B2C,B2C,2024-01-31,49.0,49.0,retained_flat
U02519,B2C,B2C,2024-02-29,49.0,49.0,retained_flat
U02519,B2C,B2C,2024-03-31,49.0,49.0,retained_flat
U02519,B2C,B2C,2024-04-30,49.0,49.0,retained_flat
U02551,B2C,B2C,2023-11-30,49.0,,new
U02551,B2C,B2C,2023-12-31,0.0,49.0,churn
U02551,B2C,B2C,2024-01-31,0.0,0.0,inactive
U02551,B2C,B2C,2024-02-29,0.0,0.0,inactive
U02551,B2C,B2C,2024-03-31,0.0,0.0,inactive
U02551,B2C,B2C,2024-04-30,0.0,0.0,inactive
U02569,SMB,B2B,2023-11-30,199.0,,new
U02569,SMB,B2B,2023-12-31,199.0,199.0,retained_flat
U02569,SMB,B2B,2024-01-31,230.43,199.0,expansion
U02569,SMB,B2B,2024-02-29,230.43,230.43,retained_flat
U02569,SMB,B2B,2024-03-31,230.43,230.43,retained_flat
U02569,SMB,B2B,2024-04-30,198.21,230.43,contraction
U02592,B2C,B2C,2023-12-31,49.0,,new
U02592,B2C,B2C,2024-01-31,49.0,49.0,retained_flat
U02592,B2C,B2C,2024-02-29,0.0,49.0,churn
U02592,B2C,B2C,2024-03-31,0.0,0.0,inactive
U02592,B2C,B2C,2024-04-30,0.0,0.0,inactive
U02595,B2C,B2C,2023-12-31,49.0,,new
U02595,B2C,B2C,2024-01-31,0.0,49.0,churn
U02595,B2C,B2C,2024-02-29,0.0,0.0,inactive
U02595,B2C,B2C,2024-03-31,0.0,0.0,inactive
U02595,B2C,B2C,2024-04-30,0.0,0.0,inactive
U02619,B2C,B2C,2023-12-31,49.0,,new
U02619,B2C,B2C,2024-01-31,49.0,49.0,retained_flat
U02619,B2C,B2C,2024-02-29,49.0,49.0,retained_flat
U02619,B2C,B2C,2024-03-31,49.0,49.0,retained_flat
U02619,B2C,B2C,2024-04-30,49.0,49.0,retained_flat
U02621,B2C,B2C,2023-12-31,49.0,,new
U02621,B2C,B2C,2024-01-31,0.0,49.0,churn
U02621,B2C,B2C,2024-02-29,0.0,0.0,inactive
U02621,B2C,B2C,2024-03-31,0.0,0.0,inactive
U02621,B2C,B2C,2024-04-30,0.0,0.0,inactive
U02623,B2C,B2C,2023-12-31,49.0,,new
U02623,B2C,B2C,2024-01-31,49.0,49.0,retained_flat
U02623,B2C,B2C,2024-02-29,49.0,49.0,retained_flat
U02623,B2C,B2C,2024-03-31,49.0,49.0,retained_flat
U02623,B2C,B2C,2024-04-30,49.0,49.0,retained_flat
U02624,B2C,B2C,2023-12-31,33.25,,new
U02624,B2C,B2C,2024-01-31,33.25,33.25,retained_flat
U02624,B2C,B2C,2024-02-29,33.25,33.25,retained_flat
U02624,B2C,B2C,2024-03-31,33.25,33.25,retained_flat
U02624,B2C,B2C,2024-04-30,33.25,33.25,retained_flat
U02637,B2C,B2C,2023-12-31,49.0,,new
U02637,B2C,B2C,2024-01-31,49.0,49.0,retained_flat
U02637,B2C,B2C,2024-02-29,49.0,49.0,retained_flat
U02637,B2C,B2C,2024-03-31,49.0,49.0,retained_flat
U02637,B2C,B2C,2024-04-30,0.0,49.0,churn
U02654,B2C,B2C,2023-12-31,49.0,,new
U02654,B2C,B2C,2024-01-31,49.0,49.0,retained_flat
U02654,B2C,B2C,2024-02-29,49.0,49.0,retained_flat
U02654,B2C,B2C,2024-03-31,49.0,49.0,retained_flat
U02654,B2C,B2C,2024-04-30,49.0,49.0,retained_flat
U02661,B2C,B2C,2023-12-31,49.0,,new
U02661,B2C,B2C,2024-01-31,49.0,49.0,retained_flat
U02661,B2C,B2C,2024-02-29,49.0,49.0,retained_flat
U02661,B2C,B2C,2024-03-31,49.0,49.0,retained_flat
U02661,B2C,B2C,2024-04-30,49.0,49.0,retained_flat
U02677,B2C,B2C,2023-12-31,33.25,,new
U02677,B2C,B2C,2024-01-31,33.25,33.25,retained_flat
U02677,B2C,B2C,2024-02-29,33.25,33.25,retained_flat
U02677,B2C,B2C,2024-03-31,33.25,33.25,retained_flat
U02677,B2C,B2C,2024-04-30,33.25,33.25,retained_flat
U02683,B2C,B2C,2023-12-31,49.0,,new
U02683,B2C,B2C,2024-01-31,49.0,49.0,retained_flat
U02683,B2C,B2C,2024-02-29,0.0,49.0,churn
U02683,B2C,B2C,2024-03-31,0.0,0.0,inactive
U02683,B2C,B2C,2024-04-30,0.0,0.0,inactive
U02697,B2C,B2C,2023-12-31,33.25,,new
U02697,B2C,B2C,2024-01-31,33.25,33.25,retained_flat
U02697,B2C,B2C,2024-02-29,33.25,33.25,retained_flat
U02697,B2C,B2C,2024-03-31,33.25,33.25,retained_flat
U02697,B2C,B2C,2024-04-30,33.25,33.25,retained_flat
U02704,B2C,B2C,2023-12-31,49.0,,new
U02704,B2C,B2C,2024-01-31,0.0,49.0,churn
U02704,B2C,B2C,2024-02-29,0.0,0.0,inactive
U02704,B2C,B2C,2024-03-31,0.0,0.0,inactive
U02704,B2C,B2C,2024-04-30,0.0,0.0,inactive
U02776,SMB,B2B,2023-12-31,199.0,,new
U02776,SMB,B2B,2024-01-31,199.0,199.0,retained_flat
U02776,SMB,B2B,2024-02-29,199.0,199.0,retained_flat
U02776,SMB,B2B,2024-03-31,199.0,199.0,retained_flat
U02776,SMB,B2B,2024-04-30,199.0,199.0,retained_flat
U02777,Enterprise,B2B,2023-12-31,825.0,,new
U02777,Enterprise,B2B,2024-01-31,825.0,825.0,retained_flat
U02777,Enterprise,B2B,2024-02-29,825.0,825.0,retained_flat
U02777,Enterprise,B2B,2024-03-31,825.0,825.0,retained_flat
U02777,Enterprise,B2B,2024-04-30,825.0,825.0,retained_flat
U02780,Enterprise,B2B,2023-12-31,825.0,,new
U02780,Enterprise,B2B,2024-01-31,825.0,825.0,retained_flat
U02780,Enterprise,B2B,2024-02-29,825.0,825.0,retained_flat
U02780,Enterprise,B2B,2024-03-31,825.0,825.0,retained_flat
U02780,Enterprise,B2B,2024-04-30,825.0,825.0,retained_flat
U02784,Enterprise,B2B,2023-12-31,825.0,,new
U02784,Enterprise,B2B,2024-01-31,825.0,825.0,retained_flat
U02784,Enterprise,B2B,2024-02-29,825.0,825.0,retained_flat
U02784,Enterprise,B2B,2024-03-31,825.0,825.0,retained_flat
U02784,Enterprise,B2B,2024-04-30,825.0,825.0,retained_flat
U02788,B2C,B2C,2024-01-31,49.0,,new
U02788,B2C,B2C,2024-02-29,49.0,49.0,retained_flat
U02788,B2C,B2C,2024-03-31,49.0,49.0,retained_flat
U02788,B2C,B2C,2024-04-30,49.0,49.0,retained_flat
U02789,B2C,B2C,2024-01-31,49.0,,new
U02789,B2C,B2C,2024-02-29,49.0,49.0,retained_flat
U02789,B2C,B2C,2024-03-31,0.0,49.0,churn
U02789,B2C,B2C,2024-04-30,0.0,0.0,inactive
U02830,B2C,B2C,2024-01-31,33.25,,new
U02830,B2C,B2C,2024-02-29,33.25,33.25,retained_flat
U02830,B2C,B2C,2024-03-31,33.25,33.25,retained_flat
U02830,B2C,B2C,2024-04-30,33.25,33.25,retained_flat
U02833,B2C,B2C,2024-01-31,33.25,,new
U02833,B2C,B2C,2024-02-29,33.25,33.25,retained_flat
U02833,B2C,B2C,2024-03-31,33.25,33.25,retained_flat
U02833,B2C,B2C,2024-04-30,33.25,33.25,retained_flat
U02856,B2C,B2C,2024-01-31,33.25,,new
U02856,B2C,B2C,2024-02-29,33.25,33.25,retained_flat
U02856,B2C,B2C,2024-03-31,33.25,33.25,retained_flat
U02856,B2C,B2C,2024-04-30,33.25,33.25,retained_flat
U02879,B2C,B2C,2024-01-31,49.0,,new
U02879,B2C,B2C,2024-02-29,49.0,49.0,retained_flat
U02879,B2C,B2C,2024-03-31,49.0,49.0,retained_flat
U02879,B2C,B2C,2024-04-30,49.0,49.0,retained_flat
U02912,B2C,B2C,2024-01-31,49.0,,new
U02912,B2C,B2C,2024-02-29,49.0,49.0,retained_flat
U02912,B2C,B2C,2024-03-31,49.0,49.0,retained_flat
U02912,B2C,B2C,2024-04-30,49.0,49.0,retained_flat
U02935,B2C,B2C,2024-01-31,33.25,,new
U02935,B2C,B2C,2024-02-29,33.25,33.25,retained_flat
U02935,B2C,B2C,2024-03-31,33.25,33.25,retained_flat
U02935,B2C,B2C,2024-04-30,33.25,33.25,retained_flat
U02940,B2C,B2C,2024-01-31,33.25,,new
U02940,B2C,B2C,2024-02-29,33.25,33.25,retained_flat
U02940,B2C,B2C,2024-03-31,33.25,33.25,retained_flat
U02940,B2C,B2C,2024-04-30,33.25,33.25,retained_flat
U02983,SMB,B2B,2024-01-31,149.92,,new
U02983,SMB,B2B,2024-02-29,149.92,149.92,retained_flat
U02983,SMB,B2B,2024-03-31,149.92,149.92,retained_flat
U02983,SMB,B2B,2024-04-30,149.92,149.92,retained_flat
U02986,Enterprise,B2B,2024-01-31,825.0,,new
U02986,Enterprise,B2B,2024-02-29,825.0,825.0,retained_flat
U02986,Enterprise,B2B,2024-03-31,825.0,825.0,retained_flat
U02986,Enterprise,B2B,2024-04-30,825.0,825.0,retained_flat
U03002,B2C,B2C,2024-02-29,33.25,,new
U03002,B2C,B2C,2024-03-31,33.25,33.25,retained_flat
U03002,B2C,B2C,2024-04-30,33.25,33.25,retained_flat
U03004,B2C,B2C,2024-02-29,49.0,,new
U03004,B2C,B2C,2024-03-31,49.0,49.0,retained_flat
U03004,B2C,B2C,2024-04-30,49.0,49.0,retained_flat
U03030,B2C,B2C,2024-02-29,33.25,,new
U03030,B2C,B2C,2024-03-31,33.25,33.25,retained_flat
U03030,B2C,B2C,2024-04-30,33.25,33.25,retained_flat
U03040,B2C,B2C,2024-02-29,33.25,,new
U03040,B2C,B2C,2024-03-31,33.25,33.25,retained_flat
U03040,B2C,B2C,2024-04-30,33.25,33.25,retained_flat
U03055,B2C,B2C,2024-02-29,49.0,,new
U03055,B2C,B2C,2024-03-31,49.0,49.0,retained_flat
U03055,B2C,B2C,2024-04-30,49.0,49.0,retained_flat
U03058,B2C,B2C,2024-02-29,33.25,,new
U03058,B2C,B2C,2024-03-31,33.25,33.25,retained_flat
U03058,B2C,B2C,2024-04-30,33.25,33.25,retained_flat
U03065,B2C,B2C,2024-02-29,49.0,,new
U03065,B2C,B2C,2024-03-31,0.0,49.0,churn
U03065,B2C,B2C,2024-04-30,0.0,0.0,inactive
U03067,B2C,B2C,2024-02-29,49.0,,new
U03067,B2C,B2C,2024-03-31,49.0,49.0,retained_flat
U03067,B2C,B2C,2024-04-30,0.0,49.0,churn
U03069,B2C,B2C,2024-02-29,33.25,,new
U03069,B2C,B2C,2024-03-31,33.25,33.25,retained_flat
U03069,B2C,B2C,2024-04-30,33.25,33.25,retained_flat
U03090,B2C,B2C,2024-02-29,49.0,,new
U03090,B2C,B2C,2024-03-31,49.0,49.0,retained_flat
U03090,B2C,B2C,2024-04-30,49.0,49.0,retained_flat
U03094,B2C,B2C,2024-02-29,33.25,,new
U03094,B2C,B2C,2024-03-31,33.25,33.25,retained_flat
U03094,B2C,B2C,2024-04-30,33.25,33.25,retained_flat
U03097,B2C,B2C,2024-02-29,49.0,,new
U03097,B2C,B2C,2024-03-31,49.0,49.0,retained_flat
U03097,B2C,B2C,2024-04-30,49.0,49.0,retained_flat
U03118,B2C,B2C,2024-02-29,33.25,,new
U03118,B2C,B2C,2024-03-31,33.25,33.25,retained_flat
U03118,B2C,B2C,2024-04-30,33.25,33.25,retained_flat
U03134,B2C,B2C,2024-02-29,49.0,,new
U03134,B2C,B2C,2024-03-31,49.0,49.0,retained_flat
U03134,B2C,B2C,2024-04-30,49.0,49.0,retained_flat
U03141,B2C,B2C,2024-02-29,49.0,,new
U03141,B2C,B2C,2024-03-31,49.0,49.0,retained_flat
U03141,B2C,B2C,2024-04-30,49.0,49.0,retained_flat
U03145,B2C,B2C,2024-02-29,49.0,,new
U03145,B2C,B2C,2024-03-31,49.0,49.0,retained_flat
U03145,B2C,B2C,2024-04-30,49.0,49.0,retained_flat
U03158,B2C,B2C,2024-02-29,33.25,,new
U03158,B2C,B2C,2024-03-31,33.25,33.25,retained_flat
U03158,B2C,B2C,2024-04-30,33.25,33.25,retained_flat
U03160,B2C,B2C,2024-02-29,49.0,,new
U03160,B2C,B2C,2024-03-31,0.0,49.0,churn
U03160,B2C,B2C,2024-04-30,0.0,0.0,inactive
U03163,B2C,B2C,2024-02-29,33.25,,new
U03163,B2C,B2C,2024-03-31,33.25,33.25,retained_flat
U03163,B2C,B2C,2024-04-30,33.25,33.25,retained_flat
U03177,B2C,B2C,2024-02-29,33.25,,new
U03177,B2C,B2C,2024-03-31,33.25,33.25,retained_flat
U03177,B2C,B2C,2024-04-30,33.25,33.25,retained_flat
U03253,B2C,B2C,2024-03-31,49.0,,new
U03253,B2C,B2C,2024-04-30,49.0,49.0,retained_flat
U03266,B2C,B2C,2024-03-31,33.25,,new
U03266,B2C,B2C,2024-04-30,33.25,33.25,retained_flat
U03293,B2C,B2C,2024-03-31,49.0,,new
U03293,B2C,B2C,2024-04-30,49.0,49.0,retained_flat
U03307,B2C,B2C,2024-03-31,49.0,,new
U03307,B2C,B2C,2024-04-30,49.0,49.0,retained_flat
U03320,B2C,B2C,2024-03-31,49.0,,new
U03320,B2C,B2C,2024-04-30,49.0,49.0,retained_flat
U03327,B2C,B2C,2024-03-31,33.25,,new
U03327,B2C,B2C,2024-04-30,33.25,33.25,retained_flat
U03329,B2C,B2C,2024-03-31,33.25,,new
U03329,B2C,B2C,2024-04-30,33.25,33.25,retained_flat
U03352,B2C,B2C,2024-03-31,49.0,,new
U03352,B2C,B2C,2024-04-30,49.0,49.0,retained_flat
U03394,B2C,B2C,2024-03-31,49.0,,new
U03394,B2C,B2C,2024-04-30,49.0,49.0,retained_flat
U03404,B2C,B2C,2024-03-31,49.0,,new
U03404,B2C,B2C,2024-04-30,49.0,49.0,retained_flat
U03432,SMB,B2B,2024-03-31,199.0,,new
U03432,SMB,B2B,2024-04-30,199.0,199.0,retained_flat
U03460,B2C,B2C,2024-04-30,49.0,,new
U03465,B2C,B2C,2024-04-30,49.0,,new
U03474,B2C,B2C,2024-04-30,49.0,,new
U03487,B2C,B2C,2024-04-30,49.0,,new
U03503,B2C,B2C,2024-04-30,49.0,,new
U03511,B2C,B2C,2024-04-30,49.0,,new
U03553,B2C,B2C,2024-04-30,49.0,,new
U03556,B2C,B2C,2024-04-30,33.25,,new
U03559,B2C,B2C,2024-04-30,33.25,,new
U03565,B2C,B2C,2024-04-30,49.0,,new
U03589,B2C,B2C,2024-04-30,49.0,,new
U03662,SMB,B2B,2024-04-30,149.92,,new
U01015,B2C,B2C,2023-01-31,33.25,,new
U01015,B2C,B2C,2023-02-28,33.25,33.25,retained_flat
U01015,B2C,B2C,2023-03-31,33.25,33.25,retained_flat
U01015,B2C,B2C,2023-04-30,33.25,33.25,retained_flat
U01015,B2C,B2C,2023-05-31,33.25,33.25,retained_flat
U01015,B2C,B2C,2023-06-30,33.25,33.25,retained_flat
U01015,B2C,B2C,2023-07-31,33.25,33.25,retained_flat
U01015,B2C,B2C,2023-08-31,33.25,33.25,retained_flat
U01015,B2C,B2C,2023-09-30,33.25,33.25,retained_flat
U01015,B2C,B2C,2023-10-31,33.25,33.25,retained_flat
U01015,B2C,B2C,2023-11-30,33.25,33.25,retained_flat
U01015,B2C,B2C,2023-12-31,33.25,33.25,retained_flat
U01015,B2C,B2C,2024-01-31,33.25,33.25,retained_flat
U01015,B2C,B2C,2024-02-29,33.25,33.25,retained_flat
U01015,B2C,B2C,2024-03-31,33.25,33.25,retained_flat
U01015,B2C,B2C,2024-04-30,33.25,33.25,retained_flat
U01021,B2C,B2C,2023-01-31,33.25,,new
U01021,B2C,B2C,2023-02-28,33.25,33.25,retained_flat
U01021,B2C,B2C,2023-03-31,33.25,33.25,retained_flat
U01021,B2C,B2C,2023-04-30,33.25,33.25,retained_flat
U01021,B2C,B2C,2023-05-31,33.25,33.25,retained_flat
U01021,B2C,B2C,2023-06-30,33.25,33.25,retained_flat
U01021,B2C,B2C,2023-07-31,33.25,33.25,retained_flat
U01021,B2C,B2C,2023-08-31,33.25,33.25,retained_flat
U01021,B2C,B2C,2023-09-30,33.25,33.25,retained_flat
U01021,B2C,B2C,2023-10-31,33.25,33.25,retained_flat
U01021,B2C,B2C,2023-11-30,33.25,33.25,retained_flat
U01021,B2C,B2C,2023-12-31,33.25,33.25,retained_flat
U01021,B2C,B2C,2024-01-31,33.25,33.25,retained_flat
U01021,B2C,B2C,2024-02-29,33.25,33.25,retained_flat
U01021,B2C,B2C,2024-03-31,33.25,33.25,retained_flat
U01021,B2C,B2C,2024-04-30,33.25,33.25,retained_flat
U01030,B2C,B2C,2023-01-31,49.0,,new
U01030,B2C,B2C,2023-02-28,0.0,49.0,churn
U01030,B2C,B2C,2023-03-31,0.0,0.0,inactive
U01030,B2C,B2C,2023-04-30,0.0,0.0,inactive
U01030,B2C,B2C,2023-05-31,0.0,0.0,inactive
U01030,B2C,B2C,2023-06-30,0.0,0.0,inactive
U01030,B2C,B2C,2023-07-31,0.0,0.0,inactive
U01030,B2C,B2C,2023-08-31,0.0,0.0,inactive
U01030,B2C,B2C,2023-09-30,0.0,0.0,inactive
U01030,B2C,B2C,2023-10-31,0.0,0.0,inactive
U01030,B2C,B2C,2023-11-30,0.0,0.0,inactive
U01030,B2C,B2C,2023-12-31,0.0,0.0,inactive
U01030,B2C,B2C,2024-01-31,0.0,0.0,inactive
U01030,B2C,B2C,2024-02-29,0.0,0.0,inactive
U01030,B2C,B2C,2024-03-31,0.0,0.0,inactive
U01030,B2C,B2C,2024-04-30,0.0,0.0,inactive
U01033,B2C,B2C,2023-01-31,33.25,,new
U01033,B2C,B2C,2023-02-28,33.25,33.25,retained_flat
U01033,B2C,B2C,2023-03-31,33.25,33.25,retained_flat
U01033,B2C,B2C,2023-04-30,33.25,33.25,retained_flat
U01033,B2C,B2C,2023-05-31,33.25,33.25,retained_flat
U01033,B2C,B2C,2023-06-30,33.25,33.25,retained_flat
U01033,B2C,B2C,2023-07-31,33.25,33.25,retained_flat
U01033,B2C,B2C,2023-08-31,33.25,33.25,retained_flat
U01033,B2C,B2C,2023-09-30,33.25,33.25,retained_flat
U01033,B2C,B2C,2023-10-31,33.25,33.25,retained_flat
U01033,B2C,B2C,2023-11-30,33.25,33.25,retained_flat
U01033,B2C,B2C,2023-12-31,33.25,33.25,retained_flat
U01033,B2C,B2C,2024-01-31,33.25,33.25,retained_flat
U01033,B2C,B2C,2024-02-29,33.25,33.25,retained_flat
U01033,B2C,B2C,2024-03-31,33.25,33.25,retained_flat
U01033,B2C,B2C,2024-04-30,33.25,33.25,retained_flat
U01041,B2C,B2C,2023-01-31,49.0,,new
U01041,B2C,B2C,2023-02-28,49.0,49.0,retained_flat
U01041,B2C,B2C,2023-03-31,49.0,49.0,retained_flat
U01041,B2C,B2C,2023-04-30,49.0,49.0,retained_flat
U01041,B2C,B2C,2023-05-31,49.0,49.0,retained_flat
U01041,B2C,B2C,2023-06-30,49.0,49.0,retained_flat
U01041,B2C,B2C,2023-07-31,49.0,49.0,retained_flat
U01041,B2C,B2C,2023-08-31,49.0,49.0,retained_flat
U01041,B2C,B2C,2023-09-30,0.0,49.0,churn
U01041,B2C,B2C,2023-10-31,0.0,0.0,inactive
U01041,B2C,B2C,2023-11-30,0.0,0.0,inactive
U01041,B2C,B2C,2023-12-31,0.0,0.0,inactive
U01041,B2C,B2C,2024-01-31,0.0,0.0,inactive
U01041,B2C,B2C,2024-02-29,0.0,0.0,inactive
U01041,B2C,B2C,2024-03-31,0.0,0.0,inactive
U01041,B2C,B2C,2024-04-30,0.0,0.0,inactive
U01077,B2C,B2C,2023-01-31,49.0,,new
U01077,B2C,B2C,2023-02-28,49.0,49.0,retained_flat
U01077,B2C,B2C,2023-03-31,49.0,49.0,retained_flat
U01077,B2C,B2C,2023-04-30,49.0,49.0,retained_flat
U01077,B2C,B2C,2023-05-31,49.0,49.0,retained_flat
U01077,B2C,B2C,2023-06-30,49.0,49.0,retained_flat
U01077,B2C,B2C,2023-07-31,49.0,49.0,retained_flat
U01077,B2C,B2C,2023-08-31,49.0,49.0,retained_flat
U01077,B2C,B2C,2023-09-30,49.0,49.0,retained_flat
U01077,B2C,B2C,2023-10-31,49.0,49.0,retained_flat
U01077,B2C,B2C,2023-11-30,49.0,49.0,retained_flat
U01077,B2C,B2C,2023-12-31,49.0,49.0,retained_flat
U01077,B2C,B2C,2024-01-31,49.0,49.0,retained_flat
U01077,B2C,B2C,2024-02-29,49.0,49.0,retained_flat
U01077,B2C,B2C,2024-03-31,49.0,49.0,retained_flat
U01077,B2C,B2C,2024-04-30,0.0,49.0,churn
U01089,B2C,B2C,2023-01-31,33.25,,new
U01089,B2C,B2C,2023-02-28,33.25,33.25,retained_flat
U01089,B2C,B2C,2023-03-31,33.25,33.25,retained_flat
U01089,B2C,B2C,2023-04-30,33.25,33.25,retained_flat
U01089,B2C,B2C,2023-05-31,33.25,33.25,retained_flat
U01089,B2C,B2C,2023-06-30,33.25,33.25,retained_flat
U01089,B2C,B2C,2023-07-31,33.25,33.25,retained_flat
U01089,B2C,B2C,2023-08-31,33.25,33.25,retained_flat
U01089,B2C,B2C,2023-09-30,33.25,33.25,retained_flat
U01089,B2C,B2C,2023-10-31,33.25,33.25,retained_flat
U01089,B2C,B2C,2023-11-30,33.25,33.25,retained_flat
U01089,B2C,B2C,2023-12-31,33.25,33.25,retained_flat
U01089,B2C,B2C,2024-01-31,33.25,33.25,retained_flat
U01089,B2C,B2C,2024-02-29,33.25,33.25,retained_flat
U01089,B2C,B2C,2024-03-31,33.25,33.25,retained_flat
U01089,B2C,B2C,2024-04-30,33.25,33.25,retained_flat
U01091,SMB,B2B,2023-01-31,149.92,,new
U01091,SMB,B2B,2023-02-28,149.92,149.92,retained_flat
U01091,SMB,B2B,2023-03-31,149.92,149.92,retained_flat
U01091,SMB,B2B,2023-04-30,149.92,149.92,retained_flat
U01091,SMB,B2B,2023-05-31,149.92,149.92,retained_flat
U01091,SMB,B2B,2023-06-30,149.92,149.92,retained_flat
U01091,SMB,B2B,2023-07-31,149.92,149.92,retained_flat
U01091,SMB,B2B,2023-08-31,149.92,149.92,retained_flat
U01091,SMB,B2B,2023-09-30,149.92,149.92,retained_flat
U01091,SMB,B2B,2023-10-31,149.92,149.92,retained_flat
U01091,SMB,B2B,2023-11-30,149.92,149.92,retained_flat
U01091,SMB,B2B,2023-12-31,149.92,149.92,retained_flat
U01091,SMB,B2B,2024-01-31,149.92,149.92,retained_flat
U01091,SMB,B2B,2024-02-29,149.92,149.92,retained_flat
U01091,SMB,B2B,2024-03-31,149.92,149.92,retained_flat
U01091,SMB,B2B,2024-04-30,149.92,149.92,retained_flat
U01135,B2C,B2C,2023-02-28,33.25,,new
U01135,B2C,B2C,2023-03-31,33.25,33.25,retained_flat
U01135,B2C,B2C,2023-04-30,33.25,33.25,retained_flat
U01135,B2C,B2C,2023-05-31,33.25,33.25,retained_flat
U01135,B2C,B2C,2023-06-30,33.25,33.25,retained_flat
U01135,B2C,B2C,2023-07-31,33.25,33.25,retained_flat
U01135,B2C,B2C,2023-08-31,33.25,33.25,retained_flat
U01135,B2C,B2C,2023-09-30,33.25,33.25,retained_flat
U01135,B2C,B2C,2023-10-31,33.25,33.25,retained_flat
U01135,B2C,B2C,2023-11-30,33.25,33.25,retained_flat
U01135,B2C,B2C,2023-12-31,33.25,33.25,retained_flat
U01135,B2C,B2C,2024-01-31,33.25,33.25,retained_flat
U01135,B2C,B2C,2024-02-29,33.25,33.25,retained_flat
U01135,B2C,B2C,2024-03-31,33.25,33.25,retained_flat
U01135,B2C,B2C,2024-04-30,33.25,33.25,retained_flat
U01154,B2C,B2C,2023-02-28,49.0,,new
U01154,B2C,B2C,2023-03-31,49.0,49.0,retained_flat
U01154,B2C,B2C,2023-04-30,49.0,49.0,retained_flat
U01154,B2C,B2C,2023-05-31,49.0,49.0,retained_flat
U01154,B2C,B2C,2023-06-30,49.0,49.0,retained_flat
U01154,B2C,B2C,2023-07-31,49.0,49.0,retained_flat
U01154,B2C,B2C,2023-08-31,49.0,49.0,retained_flat
U01154,B2C,B2C,2023-09-30,49.0,49.0,retained_flat
U01154,B2C,B2C,2023-10-31,49.0,49.0,retained_flat
U01154,B2C,B2C,2023-11-30,49.0,49.0,retained_flat
U01154,B2C,B2C,2023-12-31,49.0,49.0,retained_flat
U01154,B2C,B2C,2024-01-31,49.0,49.0,retained_flat
U01154,B2C,B2C,2024-02-29,49.0,49.0,retained_flat
U01154,B2C,B2C,2024-03-31,49.0,49.0,retained_flat
U01154,B2C,B2C,2024-04-30,49.0,49.0,retained_flat
U01157,B2C,B2C,2023-02-28,49.0,,new
U01157,B2C,B2C,2023-03-31,49.0,49.0,retained_flat
U01157,B2C,B2C,2023-04-30,49.0,49.0,retained_flat
U01157,B2C,B2C,2023-05-31,49.0,49.0,retained_flat
U01157,B2C,B2C,2023-06-30,0.0,49.0,churn
U01157,B2C,B2C,2023-07-31,0.0,0.0,inactive
U01157,B2C,B2C,2023-08-31,0.0,0.0,inactive
U01157,B2C,B2C,2023-09-30,0.0,0.0,inactive
U01157,B2C,B2C,2023-10-31,0.0,0.0,inactive
U01157,B2C,B2C,2023-11-30,0.0,0.0,inactive
U01157,B2C,B2C,2023-12-31,0.0,0.0,inactive
U01157,B2C,B2C,2024-01-31,0.0,0.0,inactive
U01157,B2C,B2C,2024-02-29,0.0,0.0,inactive
U01157,B2C,B2C,2024-03-31,0.0,0.0,inactive
U01157,B2C,B2C,2024-04-30,0.0,0.0,inactive
U01171,B2C,B2C,2023-02-28,49.0,,new
U01171,B2C,B2C,2023-03-31,0.0,49.0,churn
U01171,B2C,B2C,2023-04-30,0.0,0.0,inactive
U01171,B2C,B2C,2023-05-31,0.0,0.0,inactive
U01171,B2C,B2C,2023-06-30,0.0,0.0,inactive
U01171,B2C,B2C,2023-07-31,0.0,0.0,inactive
U01171,B2C,B2C,2023-08-31,0.0,0.0,inactive
U01171,B2C,B2C,2023-09-30,0.0,0.0,inactive
U01171,B2C,B2C,2023-10-31,0.0,0.0,inactive
U01171,B2C,B2C,2023-11-30,0.0,0.0,inactive
U01171,B2C,B2C,2023-12-31,0.0,0.0,inactive
U01171,B2C,B2C,2024-01-31,0.0,0.0,inactive
U01171,B2C,B2C,2024-02-29,0.0,0.0,inactive
U01171,B2C,B2C,2024-03-31,0.0,0.0,inactive
U01171,B2C,B2C,2024-04-30,0.0,0.0,inactive
U01181,B2C,B2C,2023-02-28,33.25,,new
U01181,B2C,B2C,2023-03-31,33.25,33.25,retained_flat
U01181,B2C,B2C,2023-04-30,33.25,33.25,retained_flat
U01181,B2C,B2C,2023-05-31,33.25,33.25,retained_flat
U01181,B2C,B2C,2023-06-30,33.25,33.25,retained_flat
U01181,B2C,B2C,2023-07-31,33.25,33.25,retained_flat
U01181,B2C,B2C,2023-08-31,33.25,33.25,retained_flat
U01181,B2C,B2C,2023-09-30,33.25,33.25,retained_flat
U01181,B2C,B2C,2023-10-31,33.25,33.25,retained_flat
U01181,B2C,B2C,2023-11-30,33.25,33.25,retained_flat
U01181,B2C,B2C,2023-12-31,33.25,33.25,retained_flat
U01181,B2C,B2C,2024-01-31,33.25,33.25,retained_flat
U01181,B2C,B2C,2024-02-29,33.25,33.25,retained_flat
U01181,B2C,B2C,2024-03-31,33.25,33.25,retained_flat
U01181,B2C,B2C,2024-04-30,33.25,33.25,retained_flat
U01233,B2C,B2C,2023-03-31,33.25,,new
U01233,B2C,B2C,2023-04-30,33.25,33.25,retained_flat
U01233,B2C,B2C,2023-05-31,33.25,33.25,retained_flat
U01233,B2C,B2C,2023-06-30,33.25,33.25,retained_flat
U01233,B2C,B2C,2023-07-31,33.25,33.25,retained_flat
U01233,B2C,B2C,2023-08-31,33.25,33.25,retained_flat
U01233,B2C,B2C,2023-09-30,33.25,33.25,retained_flat
U01233,B2C,B2C,2023-10-31,33.25,33.25,retained_flat
U01233,B2C,B2C,2023-11-30,33.25,33.25,retained_flat
U01233,B2C,B2C,2023-12-31,33.25,33.25,retained_flat
U01233,B2C,B2C,2024-01-31,33.25,33.25,retained_flat
U01233,B2C,B2C,2024-02-29,33.25,33.25,retained_flat
U01233,B2C,B2C,2024-03-31,33.25,33.25,retained_flat
U01233,B2C,B2C,2024-04-30,33.25,33.25,retained_flat
U01237,B2C,B2C,2023-03-31,49.0,,new
U01237,B2C,B2C,2023-04-30,49.0,49.0,retained_flat
U01237,B2C,B2C,2023-05-31,49.0,49.0,retained_flat
U01237,B2C,B2C,2023-06-30,49.0,49.0,retained_flat
U01237,B2C,B2C,2023-07-31,0.0,49.0,churn
U01237,B2C,B2C,2023-08-31,0.0,0.0,inactive
U01237,B2C,B2C,2023-09-30,0.0,0.0,inactive
U01237,B2C,B2C,2023-10-31,0.0,0.0,inactive
U01237,B2C,B2C,2023-11-30,0.0,0.0,inactive
U01237,B2C,B2C,2023-12-31,0.0,0.0,inactive
U01237,B2C,B2C,2024-01-31,0.0,0.0,inactive
U01237,B2C,B2C,2024-02-29,0.0,0.0,inactive
U01237,B2C,B2C,2024-03-31,0.0,0.0,inactive
U01237,B2C,B2C,2024-04-30,0.0,0.0,inactive
U01241,B2C,B2C,2023-03-31,49.0,,new
U01241,B2C,B2C,2023-04-30,49.0,49.0,retained_flat
U01241,B2C,B2C,2023-05-31,49.0,49.0,retained_flat
U01241,B2C,B2C,2023-06-30,0.0,49.0,churn
U01241,B2C,B2C,2023-07-31,0.0,0.0,inactive
U01241,B2C,B2C,2023-08-31,0.0,0.0,inactive
U01241,B2C,B2C,2023-09-30,0.0,0.0,inactive
U01241,B2C,B2C,2023-10-31,0.0,0.0,inactive
U01241,B2C,B2C,2023-11-30,0.0,0.0,inactive
U01241,B2C,B2C,2023-12-31,0.0,0.0,inactive
U01241,B2C,B2C,2024-01-31,0.0,0.0,inactive
U01241,B2C,B2C,2024-02-29,0.0,0.0,inactive
U01241,B2C,B2C,2024-03-31,0.0,0.0,inactive
U01241,B2C,B2C,2024-04-30,0.0,0.0,inactive
U01266,B2C,B2C,2023-03-31,33.25,,new
U01266,B2C,B2C,2023-04-30,33.25,33.25,retained_flat
U01266,B2C,B2C,2023-05-31,33.25,33.25,retained_flat
U01266,B2C,B2C,2023-06-30,33.25,33.25,retained_flat
U01266,B2C,B2C,2023-07-31,33.25,33.25,retained_flat
U01266,B2C,B2C,2023-08-31,33.25,33.25,retained_flat
U01266,B2C,B2C,2023-09-30,33.25,33.25,retained_flat
U01266,B2C,B2C,2023-10-31,33.25,33.25,retained_flat
U01266,B2C,B2C,2023-11-30,33.25,33.25,retained_flat
U01266,B2C,B2C,2023-12-31,33.25,33.25,retained_flat
U01266,B2C,B2C,2024-01-31,33.25,33.25,retained_flat
U01266,B2C,B2C,2024-02-29,33.25,33.25,retained_flat
U01266,B2C,B2C,2024-03-31,33.25,33.25,retained_flat
U01266,B2C,B2C,2024-04-30,33.25,33.25,retained_flat
U01273,B2C,B2C,2023-03-31,49.0,,new
U01273,B2C,B2C,2023-04-30,49.0,49.0,retained_flat
U01273,B2C,B2C,2023-05-31,49.0,49.0,retained_flat
U01273,B2C,B2C,2023-06-30,49.0,49.0,retained_flat
U01273,B2C,B2C,2023-07-31,49.0,49.0,retained_flat
U01273,B2C,B2C,2023-08-31,49.0,49.0,retained_flat
U01273,B2C,B2C,2023-09-30,49.0,49.0,retained_flat
U01273,B2C,B2C,2023-10-31,49.0,49.0,retained_flat
U01273,B2C,B2C,2023-11-30,49.0,49.0,retained_flat
U01273,B2C,B2C,2023-12-31,49.0,49.0,retained_flat
U01273,B2C,B2C,2024-01-31,49.0,49.0,retained_flat
U01273,B2C,B2C,2024-02-29,49.0,49.0,retained_flat
U01273,B2C,B2C,2024-03-31,49.0,49.0,retained_flat
U01273,B2C,B2C,2024-04-30,49.0,49.0,retained_flat
U01315,SMB,B2B,2023-03-31,199.0,,new
U01315,SMB,B2B,2023-04-30,199.0,199.0,retained_flat
U01315,SMB,B2B,2023-05-31,199.0,199.0,retained_flat
U01315,SMB,B2B,2023-06-30,199.0,199.0,retained_flat
U01315,SMB,B2B,2023-07-31,214.07,199.0,expansion
U01315,SMB,B2B,2023-08-31,249.26,214.07,expansion
U01315,SMB,B2B,2023-09-30,265.48,249.26,expansion
U01315,SMB,B2B,2023-10-31,265.48,265.48,retained_flat
U01315,SMB,B2B,2023-11-30,265.48,265.48,retained_flat
U01315,SMB,B2B,2023-12-31,265.48,265.48,retained_flat
U01315,SMB,B2B,2024-01-31,265.48,265.48,retained_flat
U01315,SMB,B2B,2024-02-29,265.48,265.48,retained_flat
U01315,SMB,B2B,2024-03-31,265.48,265.48,retained_flat
U01315,SMB,B2B,2024-04-30,265.48,265.48,retained_flat
U01319,SMB,B2B,2023-03-31,199.0,,new
U01319,SMB,B2B,2023-04-30,199.0,199.0,retained_flat
U01319,SMB,B2B,2023-05-31,199.0,199.0,retained_flat
U01319,SMB,B2B,2023-06-30,199.0,199.0,retained_flat
U01319,SMB,B2B,2023-07-31,173.3,199.0,contraction
U01319,SMB,B2B,2023-08-31,173.3,173.3,retained_flat
U01319,SMB,B2B,2023-09-30,173.3,173.3,retained_flat
U01319,SMB,B2B,2023-10-31,173.3,173.3,retained_flat
U01319,SMB,B2B,2023-11-30,173.3,173.3,retained_flat
U01319,SMB,B2B,2023-12-31,199.95,173.3,expansion
U01319,SMB,B2B,2024-01-31,199.95,199.95,retained_flat
U01319,SMB,B2B,2024-02-29,199.95,199.95,retained_flat
U01319,SMB,B2B,2024-03-31,199.95,199.95,retained_flat
U01319,SMB,B2B,2024-04-30,232.55,199.95,expansion
U01336,B2C,B2C,2023-04-30,33.25,,new
U01336,B2C,B2C,2023-05-31,33.25,33.25,retained_flat
U01336,B2C,B2C,2023-06-30,33.25,33.25,retained_flat
U01336,B2C,B2C,2023-07-31,33.25,33.25,retained_flat
U01336,B2C,B2C,2023-08-31,33.25,33.25,retained_flat
U01336,B2C,B2C,2023-09-30,33.25,33.25,retained_flat
U01336,B2C,B2C,2023-10-31,33.25,33.25,retained_flat
U01336,B2C,B2C,2023-11-30,33.25,33.25,retained_flat
U01336,B2C,B2C,2023-12-31,33.25,33.25,retained_flat
U01336,B2C,B2C,2024-01-31,33.25,33.25,retained_flat
U01336,B2C,B2C,2024-02-29,33.25,33.25,retained_flat
U01336,B2C,B2C,2024-03-31,33.25,33.25,retained_flat
U01336,B2C,B2C,2024-04-30,33.25,33.25,retained_flat
U01346,B2C,B2C,2023-04-30,49.0,,new
U01346,B2C,B2C,2023-05-31,49.0,49.0,retained_flat
U01346,B2C,B2C,2023-06-30,49.0,49.0,retained_flat
U01346,B2C,B2C,2023-07-31,49.0,49.0,retained_flat
U01346,B2C,B2C,2023-08-31,49.0,49.0,retained_flat
U01346,B2C,B2C,2023-09-30,49.0,49.0,retained_flat
U01346,B2C,B2C,2023-10-31,49.0,49.0,retained_flat
U01346,B2C,B2C,2023-11-30,49.0,49.0,retained_flat
U01346,B2C,B2C,2023-12-31,49.0,49.0,retained_flat
U01346,B2C,B2C,2024-01-31,49.0,49.0,retained_flat
U01346,B2C,B2C,2024-02-29,49.0,49.0,retained_flat
U01346,B2C,B2C,2024-03-31,49.0,49.0,retained_flat
U01346,B2C,B2C,2024-04-30,49.0,49.0,retained_flat
U01359,B2C,B2C,2023-04-30,49.0,,new
U01359,B2C,B2C,2023-05-31,49.0,49.0,retained_flat
U01359,B2C,B2C,2023-06-30,49.0,49.0,retained_flat
U01359,B2C,B2C,2023-07-31,49.0,49.0,retained_flat
U01359,B2C,B2C,2023-08-31,49.0,49.0,retained_flat
U01359,B2C,B2C,2023-09-30,49.0,49.0,retained_flat
U01359,B2C,B2C,2023-10-31,49.0,49.0,retained_flat
U01359,B2C,B2C,2023-11-30,49.0,49.0,retained_flat
U01359,B2C,B2C,2023-12-31,0.0,49.0,churn
U01359,B2C,B2C,2024-01-31,0.0,0.0,inactive
U01359,B2C,B2C,2024-02-29,0.0,0.0,inactive
U01359,B2C,B2C,2024-03-31,0.0,0.0,inactive
U01359,B2C,B2C,2024-04-30,0.0,0.0,inactive
U01375,B2C,B2C,2023-04-30,49.0,,new
U01375,B2C,B2C,2023-05-31,49.0,49.0,retained_flat
U01375,B2C,B2C,2023-06-30,49.0,49.0,retained_flat
U01375,B2C,B2C,2023-07-31,0.0,49.0,churn
U01375,B2C,B2C,2023-08-31,0.0,0.0,inactive
U01375,B2C,B2C,2023-09-30,0.0,0.0,inactive
U01375,B2C,B2C,2023-10-31,0.0,0.0,inactive
U01375,B2C,B2C,2023-11-30,0.0,0.0,inactive
U01375,B2C,B2C,2023-12-31,0.0,0.0,inactive
U01375,B2C,B2C,2024-01-31,0.0,0.0,inactive
U01375,B2C,B2C,2024-02-29,0.0,0.0,inactive
U01375,B2C,B2C,2024-03-31,0.0,0.0,inactive
U01375,B2C,B2C,2024-04-30,0.0,0.0,inactive
U01379,B2C,B2C,2023-04-30,49.0,,new
U01379,B2C,B2C,2023-05-31,49.0,49.0,retained_flat
U01379,B2C,B2C,2023-06-30,49.0,49.0,retained_flat
U01379,B2C,B2C,2023-07-31,49.0,49.0,retained_flat
U01379,B2C,B2C,2023-08-31,49.0,49.0,retained_flat
U01379,B2C,B2C,2023-09-30,49.0,49.0,retained_flat
U01379,B2C,B2C,2023-10-31,49.0,49.0,retained_flat
U01379,B2C,B2C,2023-11-30,49.0,49.0,retained_flat
U01379,B2C,B2C,2023-12-31,49.0,49.0,retained_flat
U01379,B2C,B2C,2024-01-31,49.0,49.0,retained_flat
U01379,B2C,B2C,2024-02-29,49.0,49.0,retained_flat
U01379,B2C,B2C,2024-03-31,49.0,49.0,retained_flat
U01379,B2C,B2C,2024-04-30,49.0,49.0,retained_flat
U01394,B2C,B2C,2023-04-30,49.0,,new
U01394,B2C,B2C,2023-05-31,49.0,49.0,retained_flat
U01394,B2C,B2C,2023-06-30,49.0,49.0,retained_flat
U01394,B2C,B2C,2023-07-31,49.0,49.0,retained_flat
U01394,B2C,B2C,2023-08-31,49.0,49.0,retained_flat
U01394,B2C,B2C,2023-09-30,49.0,49.0,retained_flat
U01394,B2C,B2C,2023-10-31,49.0,49.0,retained_flat
U01394,B2C,B2C,2023-11-30,49.0,49.0,retained_flat
U01394,B2C,B2C,2023-12-31,49.0,49.0,retained_flat
U01394,B2C,B2C,2024-01-31,49.0,49.0,retained_flat
U01394,B2C,B2C,2024-02-29,49.0,49.0,retained_flat
U01394,B2C,B2C,2024-03-31,49.0,49.0,retained_flat
U01394,B2C,B2C,2024-04-30,49.0,49.0,retained_flat
U01435,SMB,B2B,2023-04-30,149.92,,new
U01435,SMB,B2B,2023-05-31,149.92,149.92,retained_flat
U01435,SMB,B2B,2023-06-30,149.92,149.92,retained_flat
U01435,SMB,B2B,2023-07-31,149.92,149.92,retained_flat
U01435,SMB,B2B,2023-08-31,149.92,149.92,retained_flat
U01435,SMB,B2B,2023-09-30,149.92,149.92,retained_flat
U01435,SMB,B2B,2023-10-31,149.92,149.92,retained_flat
U01435,SMB,B2B,2023-11-30,149.92,149.92,retained_flat
U01435,SMB,B2B,2023-12-31,149.92,149.92,retained_flat
U01435,SMB,B2B,2024-01-31,149.92,149.92,retained_flat
U01435,SMB,B2B,2024-02-29,149.92,149.92,retained_flat
U01435,SMB,B2B,2024-03-31,149.92,149.92,retained_flat
U01435,SMB,B2B,2024-04-30,165.79,149.92,expansion
U01443,SMB,B2B,2023-04-30,199.0,,new
U01443,SMB,B2B,2023-05-31,219.91,199.0,expansion
U01443,SMB,B2B,2023-06-30,219.91,219.91,retained_flat
U01443,SMB,B2B,2023-07-31,251.17,219.91,expansion
U01443,SMB,B2B,2023-08-31,309.55,251.17,expansion
U01443,SMB,B2B,2023-09-30,309.55,309.55,retained_flat
U01443,SMB,B2B,2023-10-31,380.82,309.55,expansion
U01443,SMB,B2B,2023-11-30,428.39,380.82,expansion
U01443,SMB,B2B,2023-12-31,515.3,428.39,expansion
U01443,SMB,B2B,2024-01-31,515.3,515.3,retained_flat
U01443,SMB,B2B,2024-02-29,515.3,515.3,retained_flat
U01443,SMB,B2B,2024-03-31,515.3,515.3,retained_flat
U01443,SMB,B2B,2024-04-30,515.3,515.3,retained_flat
U01466,B2C,B2C,2023-05-31,49.0,,new
U01466,B2C,B2C,2023-06-30,49.0,49.0,retained_flat
U01466,B2C,B2C,2023-07-31,49.0,49.0,retained_flat
U01466,B2C,B2C,2023-08-31,49.0,49.0,retained_flat
U01466,B2C,B2C,2023-09-30,49.0,49.0,retained_flat
U01466,B2C,B2C,2023-10-31,49.0,49.0,retained_flat
U01466,B2C,B2C,2023-11-30,49.0,49.0,retained_flat
U01466,B2C,B2C,2023-12-31,0.0,49.0,churn
U01466,B2C,B2C,2024-01-31,0.0,0.0,inactive
U01466,B2C,B2C,2024-02-29,0.0,0.0,inactive
U01466,B2C,B2C,2024-03-31,0.0,0.0,inactive
U01466,B2C,B2C,2024-04-30,0.0,0.0,inactive
U01504,B2C,B2C,2023-05-31,49.0,,new
U01504,B2C,B2C,2023-06-30,49.0,49.0,retained_flat
U01504,B2C,B2C,2023-07-31,49.0,49.0,retained_flat
U01504,B2C,B2C,2023-08-31,49.0,49.0,retained_flat
U01504,B2C,B2C,2023-09-30,49.0,49.0,retained_flat
U01504,B2C,B2C,2023-10-31,49.0,49.0,retained_flat
U01504,B2C,B2C,2023-11-30,0.0,49.0,churn
U01504,B2C,B2C,2023-12-31,0.0,0.0,inactive
U01504,B2C,B2C,2024-01-31,0.0,0.0,inactive
U01504,B2C,B2C,2024-02-29,0.0,0.0,inactive
U01504,B2C,B2C,2024-03-31,0.0,0.0,inactive
U01504,B2C,B2C,2024-04-30,0.0,0.0,inactive
U01509,B2C,B2C,2023-05-31,33.25,,new
U01509,B2C,B2C,2023-06-30,33.25,33.25,retained_flat
U01509,B2C,B2C,2023-07-31,33.25,33.25,retained_flat
U01509,B2C,B2C,2023-08-31,33.25,33.25,retained_flat
U01509,B2C,B2C,2023-09-30,33.25,33.25,retained_flat
U01509,B2C,B2C,2023-10-31,33.25,33.25,retained_flat
U01509,B2C,B2C,2023-11-30,33.25,33.25,retained_flat
U01509,B2C,B2C,2023-12-31,33.25,33.25,retained_flat
U01509,B2C,B2C,2024-01-31,33.25,33.25,retained_flat
U01509,B2C,B2C,2024-02-29,33.25,33.25,retained_flat
U01509,B2C,B2C,2024-03-31,33.25,33.25,retained_flat
U01509,B2C,B2C,2024-04-30,33.25,33.25,retained_flat
U01514,B2C,B2C,2023-05-31,49.0,,new
U01514,B2C,B2C,2023-06-30,49.0,49.0,retained_flat
U01514,B2C,B2C,2023-07-31,49.0,49.0,retained_flat
U01514,B2C,B2C,2023-08-31,49.0,49.0,retained_flat
U01514,B2C,B2C,2023-09-30,49.0,49.0,retained_flat
U01514,B2C,B2C,2023-10-31,49.0,49.0,retained_flat
U01514,B2C,B2C,2023-11-30,49.0,49.0,retained_flat
U01514,B2C,B2C,2023-12-31,0.0,49.0,churn
U01514,B2C,B2C,2024-01-31,0.0,0.0,inactive
U01514,B2C,B2C,2024-02-29,0.0,0.0,inactive
U01514,B2C,B2C,2024-03-31,0.0,0.0,inactive
U01514,B2C,B2C,2024-04-30,0.0,0.0,inactive
U01521,B2C,B2C,2023-05-31,33.25,,new
U01521,B2C,B2C,2023-06-30,33.25,33.25,retained_flat
U01521,B2C,B2C,2023-07-31,33.25,33.25,retained_flat
U01521,B2C,B2C,2023-08-31,33.25,33.25,retained_flat
U01521,B2C,B2C,2023-09-30,33.25,33.25,retained_flat
U01521,B2C,B2C,2023-10-31,33.25,33.25,retained_flat
U01521,B2C,B2C,2023-11-30,33.25,33.25,retained_flat
U01521,B2C,B2C,2023-12-31,33.25,33.25,retained_flat
U01521,B2C,B2C,2024-01-31,33.25,33.25,retained_flat
U01521,B2C,B2C,2024-02-29,33.25,33.25,retained_flat
U01521,B2C,B2C,2024-03-31,33.25,33.25,retained_flat
U01521,B2C,B2C,2024-04-30,33.25,33.25,retained_flat
U01531,B2C,B2C,2023-05-31,49.0,,new
U01531,B2C,B2C,2023-06-30,49.0,49.0,retained_flat
U01531,B2C,B2C,2023-07-31,49.0,49.0,retained_flat
U01531,B2C,B2C,2023-08-31,49.0,49.0,retained_flat
U01531,B2C,B2C,2023-09-30,49.0,49.0,retained_flat
U01531,B2C,B2C,2023-10-31,49.0,49.0,retained_flat
U01531,B2C,B2C,2023-11-30,49.0,49.0,retained_flat
U01531,B2C,B2C,2023-12-31,49.0,49.0,retained_flat
U01531,B2C,B2C,2024-01-31,49.0,49.0,retained_flat
U01531,B2C,B2C,2024-02-29,49.0,49.0,retained_flat
U01531,B2C,B2C,2024-03-31,49.0,49.0,retained_flat
U01531,B2C,B2C,2024-04-30,0.0,49.0,churn
U01545,B2C,B2C,2023-05-31,49.0,,new
U01545,B2C,B2C,2023-06-30,0.0,49.0,churn
U01545,B2C,B2C,2023-07-31,0.0,0.0,inactive
U01545,B2C,B2C,2023-08-31,0.0,0.0,inactive
U01545,B2C,B2C,2023-09-30,0.0,0.0,inactive
U01545,B2C,B2C,2023-10-31,0.0,0.0,inactive
U01545,B2C,B2C,2023-11-30,0.0,0.0,inactive
U01545,B2C,B2C,2023-12-31,0.0,0.0,inactive
U01545,B2C,B2C,2024-01-31,0.0,0.0,inactive
U01545,B2C,B2C,2024-02-29,0.0,0.0,inactive
U01545,B2C,B2C,2024-03-31,0.0,0.0,inactive
U01545,B2C,B2C,2024-04-30,0.0,0.0,inactive
U01546,B2C,B2C,2023-05-31,49.0,,new
U01546,B2C,B2C,2023-06-30,49.0,49.0,retained_flat
U01546,B2C,B2C,2023-07-31,49.0,49.0,retained_flat
U01546,B2C,B2C,2023-08-31,49.0,49.0,retained_flat
U01546,B2C,B2C,2023-09-30,49.0,49.0,retained_flat
U01546,B2C,B2C,2023-10-31,49.0,49.0,retained_flat
U01546,B2C,B2C,2023-11-30,49.0,49.0,retained_flat
U01546,B2C,B2C,2023-12-31,49.0,49.0,retained_flat
U01546,B2C,B2C,2024-01-31,49.0,49.0,retained_flat
U01546,B2C,B2C,2024-02-29,49.0,49.0,retained_flat
U01546,B2C,B2C,2024-03-31,49.0,49.0,retained_flat
U01546,B2C,B2C,2024-04-30,0.0,49.0,churn
U01554,B2C,B2C,2023-05-31,49.0,,new
U01554,B2C,B2C,2023-06-30,49.0,49.0,retained_flat
U01554,B2C,B2C,2023-07-31,49.0,49.0,retained_flat
U01554,B2C,B2C,2023-08-31,49.0,49.0,retained_flat
U01554,B2C,B2C,2023-09-30,49.0,49.0,retained_flat
U01554,B2C,B2C,2023-10-31,49.0,49.0,retained_flat
U01554,B2C,B2C,2023-11-30,49.0,49.0,retained_flat
U01554,B2C,B2C,2023-12-31,0.0,49.0,churn
U01554,B2C,B2C,2024-01-31,0.0,0.0,inactive
U01554,B2C,B2C,2024-02-29,0.0,0.0,inactive
U01554,B2C,B2C,2024-03-31,0.0,0.0,inactive
U01554,B2C,B2C,2024-04-30,0.0,0.0,inactive
U01572,SMB,B2B,2023-05-31,149.92,,new
U01572,SMB,B2B,2023-06-30,149.92,149.92,retained_flat
U01572,SMB,B2B,2023-07-31,149.92,149.92,retained_flat
U01572,SMB,B2B,2023-08-31,149.92,149.92,retained_flat
U01572,SMB,B2B,2023-09-30,149.92,149.92,retained_flat
U01572,SMB,B2B,2023-10-31,149.92,149.92,retained_flat
U01572,SMB,B2B,2023-11-30,149.92,149.92,retained_flat
U01572,SMB,B2B,2023-12-31,149.92,149.92,retained_flat
U01572,SMB,B2B,2024-01-31,149.92,149.92,retained_flat
U01572,SMB,B2B,2024-02-29,149.92,149.92,retained_flat
U01572,SMB,B2B,2024-03-31,149.92,149.92,retained_flat
U01572,SMB,B2B,2024-04-30,149.92,149.92,retained_flat
U01584,Enterprise,B2B,2023-05-31,825.0,,new
U01584,Enterprise,B2B,2023-06-30,825.0,825.0,retained_flat
U01584,Enterprise,B2B,2023-07-31,825.0,825.0,retained_flat
U01584,Enterprise,B2B,2023-08-31,825.0,825.0,retained_flat
U01584,Enterprise,B2B,2023-09-30,825.0,825.0,retained_flat
U01584,Enterprise,B2B,2023-10-31,825.0,825.0,retained_flat
U01584,Enterprise,B2B,2023-11-30,825.0,825.0,retained_flat
U01584,Enterprise,B2B,2023-12-31,825.0,825.0,retained_flat
U01584,Enterprise,B2B,2024-01-31,825.0,825.0,retained_flat
U01584,Enterprise,B2B,2024-02-29,825.0,825.0,retained_flat
U01584,Enterprise,B2B,2024-03-31,825.0,825.0,retained_flat
U01584,Enterprise,B2B,2024-04-30,825.0,825.0,retained_flat
U01612,B2C,B2C,2023-06-30,49.0,,new
U01612,B2C,B2C,2023-07-31,49.0,49.0,retained_flat
U01612,B2C,B2C,2023-08-31,0.0,49.0,churn
U01612,B2C,B2C,2023-09-30,0.0,0.0,inactive
U01612,B2C,B2C,2023-10-31,0.0,0.0,inactive
U01612,B2C,B2C,2023-11-30,0.0,0.0,inactive
U01612,B2C,B2C,2023-12-31,0.0,0.0,inactive
U01612,B2C,B2C,2024-01-31,0.0,0.0,inactive
U01612,B2C,B2C,2024-02-29,0.0,0.0,inactive
U01612,B2C,B2C,2024-03-31,0.0,0.0,inactive
U01612,B2C,B2C,2024-04-30,0.0,0.0,inactive
U01646,B2C,B2C,2023-06-30,33.25,,new
U01646,B2C,B2C,2023-07-31,33.25,33.25,retained_flat
U01646,B2C,B2C,2023-08-31,33.25,33.25,retained_flat
U01646,B2C,B2C,2023-09-30,33.25,33.25,retained_flat
U01646,B2C,B2C,2023-10-31,33.25,33.25,retained_flat
U01646,B2C,B2C,2023-11-30,33.25,33.25,retained_flat
U01646,B2C,B2C,2023-12-31,33.25,33.25,retained_flat
U01646,B2C,B2C,2024-01-31,33.25,33.25,retained_flat
U01646,B2C,B2C,2024-02-29,33.25,33.25,retained_flat
U01646,B2C,B2C,2024-03-31,33.25,33.25,retained_flat
U01646,B2C,B2C,2024-04-30,33.25,33.25,retained_flat
U01647,B2C,B2C,2023-06-30,49.0,,new
U01647,B2C,B2C,2023-07-31,49.0,49.0,retained_flat
U01647,B2C,B2C,2023-08-31,49.0,49.0,retained_flat
U01647,B2C,B2C,2023-09-30,49.0,49.0,retained_flat
U01647,B2C,B2C,2023-10-31,49.0,49.0,retained_flat
U01647,B2C,B2C,2023-11-30,49.0,49.0,retained_flat
U01647,B2C,B2C,2023-12-31,49.0,49.0,retained_flat
U01647,B2C,B2C,2024-01-31,0.0,49.0,churn
U01647,B2C,B2C,2024-02-29,0.0,0.0,inactive
U01647,B2C,B2C,2024-03-31,0.0,0.0,inactive
U01647,B2C,B2C,2024-04-30,0.0,0.0,inactive
U01657,B2C,B2C,2023-06-30,49.0,,new
U01657,B2C,B2C,2023-07-31,49.0,49.0,retained_flat
U01657,B2C,B2C,2023-08-31,49.0,49.0,retained_flat
U01657,B2C,B2C,2023-09-30,49.0,49.0,retained_flat
U01657,B2C,B2C,2023-10-31,0.0,49.0,churn
U01657,B2C,B2C,2023-11-30,0.0,0.0,inactive
U01657,B2C,B2C,2023-12-31,0.0,0.0,inactive
U01657,B2C,B2C,2024-01-31,0.0,0.0,inactive
U01657,B2C,B2C,2024-02-29,0.0,0.0,inactive
U01657,B2C,B2C,2024-03-31,0.0,0.0,inactive
U01657,B2C,B2C,2024-04-30,0.0,0.0,inactive
U01662,B2C,B2C,2023-06-30,33.25,,new
U01662,B2C,B2C,2023-07-31,33.25,33.25,retained_flat
U01662,B2C,B2C,2023-08-31,33.25,33.25,retained_flat
U01662,B2C,B2C,2023-09-30,33.25,33.25,retained_flat
U01662,B2C,B2C,2023-10-31,33.25,33.25,retained_flat
U01662,B2C,B2C,2023-11-30,33.25,33.25,retained_flat
U01662,B2C,B2C,2023-12-31,33.25,33.25,retained_flat
U01662,B2C,B2C,2024-01-31,33.25,33.25,retained_flat
U01662,B2C,B2C,2024-02-29,33.25,33.25,retained_flat
U01662,B2C,B2C,2024-03-31,33.25,33.25,retained_flat
U01662,B2C,B2C,2024-04-30,33.25,33.25,retained_flat
U01673,B2C,B2C,2023-06-30,33.25,,new
U01673,B2C,B2C,2023-07-31,33.25,33.25,retained_flat
U01673,B2C,B2C,2023-08-31,33.25,33.25,retained_flat
U01673,B2C,B2C,2023-09-30,33.25,33.25,retained_flat
U01673,B2C,B2C,2023-10-31,33.25,33.25,retained_flat
U01673,B2C,B2C,2023-11-30,33.25,33.25,retained_flat
U01673,B2C,B2C,2023-12-31,33.25,33.25,retained_flat
U01673,B2C,B2C,2024-01-31,33.25,33.25,retained_flat
U01673,B2C,B2C,2024-02-29,33.25,33.25,retained_flat
U01673,B2C,B2C,2024-03-31,33.25,33.25,retained_flat
U01673,B2C,B2C,2024-04-30,33.25,33.25,retained_flat
U01682,B2C,B2C,2023-06-30,49.0,,new
U01682,B2C,B2C,2023-07-31,49.0,49.0,retained_flat
U01682,B2C,B2C,2023-08-31,49.0,49.0,retained_flat
U01682,B2C,B2C,2023-09-30,0.0,49.0,churn
U01682,B2C,B2C,2023-10-31,0.0,0.0,inactive
U01682,B2C,B2C,2023-11-30,0.0,0.0,inactive
U01682,B2C,B2C,2023-12-31,0.0,0.0,inactive
U01682,B2C,B2C,2024-01-31,0.0,0.0,inactive
U01682,B2C,B2C,2024-02-29,0.0,0.0,inactive
U01682,B2C,B2C,2024-03-31,0.0,0.0,inactive
U01682,B2C,B2C,2024-04-30,0.0,0.0,inactive
U01685,B2C,B2C,2023-06-30,33.25,,new
U01685,B2C,B2C,2023-07-31,33.25,33.25,retained_flat
U01685,B2C,B2C,2023-08-31,33.25,33.25,retained_flat
U01685,B2C,B2C,2023-09-30,33.25,33.25,retained_flat
U01685,B2C,B2C,2023-10-31,33.25,33.25,retained_flat
U01685,B2C,B2C,2023-11-30,33.25,33.25,retained_flat
U01685,B2C,B2C,2023-12-31,33.25,33.25,retained_flat
U01685,B2C,B2C,2024-01-31,33.25,33.25,retained_flat
U01685,B2C,B2C,2024-02-29,33.25,33.25,retained_flat
U01685,B2C,B2C,2024-03-31,33.25,33.25,retained_flat
U01685,B2C,B2C,2024-04-30,33.25,33.25,retained_flat
U01715,SMB,B2B,2023-06-30,149.92,,new
U01715,SMB,B2B,2023-07-31,149.92,149.92,retained_flat
U01715,SMB,B2B,2023-08-31,149.92,149.92,retained_flat
U01715,SMB,B2B,2023-09-30,149.92,149.92,retained_flat
U01715,SMB,B2B,2023-10-31,149.92,149.92,retained_flat
U01715,SMB,B2B,2023-11-30,149.92,149.92,retained_flat
U01715,SMB,B2B,2023-12-31,149.92,149.92,retained_flat
U01715,SMB,B2B,2024-01-31,149.92,149.92,retained_flat
U01715,SMB,B2B,2024-02-29,149.92,149.92,retained_flat
U01715,SMB,B2B,2024-03-31,149.92,149.92,retained_flat
U01715,SMB,B2B,2024-04-30,149.92,149.92,retained_flat
U01729,Enterprise,B2B,2023-06-30,990.0,,new
U01729,Enterprise,B2B,2023-07-31,795.26,990.0,contraction
U01729,Enterprise,B2B,2023-08-31,795.26,795.26,retained_flat
U01729,Enterprise,B2B,2023-09-30,795.26,795.26,retained_flat
U01729,Enterprise,B2B,2023-10-31,795.26,795.26,retained_flat
U01729,Enterprise,B2B,2023-11-30,795.26,795.26,retained_flat
U01729,Enterprise,B2B,2023-12-31,795.26,795.26,retained_flat
U01729,Enterprise,B2B,2024-01-31,795.26,795.26,retained_flat
U01729,Enterprise,B2B,2024-02-29,795.26,795.26,retained_flat
U01729,Enterprise,B2B,2024-03-31,795.26,795.26,retained_flat
U01729,Enterprise,B2B,2024-04-30,795.26,795.26,retained_flat
U01742,B2C,B2C,2023-07-31,49.0,,new
U01742,B2C,B2C,2023-08-31,49.0,49.0,retained_flat
U01742,B2C,B2C,2023-09-30,49.0,49.0,retained_flat
U01742,B2C,B2C,2023-10-31,49.0,49.0,retained_flat
U01742,B2C,B2C,2023-11-30,49.0,49.0,retained_flat
U01742,B2C,B2C,2023-12-31,49.0,49.0,retained_flat
U01742,B2C,B2C,2024-01-31,49.0,49.0,retained_flat
U01742,B2C,B2C,2024-02-29,0.0,49.0,churn
U01742,B2C,B2C,2024-03-31,0.0,0.0,inactive
U01742,B2C,B2C,2024-04-30,0.0,0.0,inactive
U01760,B2C,B2C,2023-07-31,49.0,,new
U01760,B2C,B2C,2023-08-31,49.0,49.0,retained_flat
U01760,B2C,B2C,2023-09-30,49.0,49.0,retained_flat
U01760,B2C,B2C,2023-10-31,49.0,49.0,retained_flat
U01760,B2C,B2C,2023-11-30,49.0,49.0,retained_flat
U01760,B2C,B2C,2023-12-31,49.0,49.0,retained_flat
U01760,B2C,B2C,2024-01-31,49.0,49.0,retained_flat
U01760,B2C,B2C,2024-02-29,49.0,49.0,retained_flat
U01760,B2C,B2C,2024-03-31,49.0,49.0,retained_flat
U01760,B2C,B2C,2024-04-30,49.0,49.0,retained_flat
U01768,B2C,B2C,2023-07-31,49.0,,new
U01768,B2C,B2C,2023-08-31,0.0,49.0,churn
U01768,B2C,B2C,2023-09-30,0.0,0.0,inactive
U01768,B2C,B2C,2023-10-31,0.0,0.0,inactive
U01768,B2C,B2C,2023-11-30,0.0,0.0,inactive
U01768,B2C,B2C,2023-12-31,0.0,0.0,inactive
U01768,B2C,B2C,2024-01-31,0.0,0.0,inactive
U01768,B2C,B2C,2024-02-29,0.0,0.0,inactive
U01768,B2C,B2C,2024-03-31,0.0,0.0,inactive
U01768,B2C,B2C,2024-04-30,0.0,0.0,inactive
U01785,B2C,B2C,2023-07-31,49.0,,new
U01785,B2C,B2C,2023-08-31,49.0,49.0,retained_flat
U01785,B2C,B2C,2023-09-30,49.0,49.0,retained_flat
U01785,B2C,B2C,2023-10-31,49.0,49.0,retained_flat
U01785,B2C,B2C,2023-11-30,49.0,49.0,retained_flat
U01785,B2C,B2C,2023-12-31,49.0,49.0,retained_flat
U01785,B2C,B2C,2024-01-31,49.0,49.0,retained_flat
U01785,B2C,B2C,2024-02-29,49.0,49.0,retained_flat
U01785,B2C,B2C,2024-03-31,0.0,49.0,churn
U01785,B2C,B2C,2024-04-30,0.0,0.0,inactive
U01793,B2C,B2C,2023-07-31,49.0,,new
U01793,B2C,B2C,2023-08-31,49.0,49.0,retained_flat
U01793,B2C,B2C,2023-09-30,0.0,49.0,churn
U01793,B2C,B2C,2023-10-31,0.0,0.0,inactive
U01793,B2C,B2C,2023-11-30,0.0,0.0,inactive
U01793,B2C,B2C,2023-12-31,0.0,0.0,inactive
U01793,B2C,B2C,2024-01-31,0.0,0.0,inactive
U01793,B2C,B2C,2024-02-29,0.0,0.0,inactive
U01793,B2C,B2C,2024-03-31,0.0,0.0,inactive
U01793,B2C,B2C,2024-04-30,0.0,0.0,inactive
U01799,B2C,B2C,2023-07-31,49.0,,new
U01799,B2C,B2C,2023-08-31,49.0,49.0,retained_flat
U01799,B2C,B2C,2023-09-30,49.0,49.0,retained_flat
U01799,B2C,B2C,2023-10-31,49.0,49.0,retained_flat
U01799,B2C,B2C,2023-11-30,49.0,49.0,retained_flat
U01799,B2C,B2C,2023-12-31,0.0,49.0,churn
U01799,B2C,B2C,2024-01-31,0.0,0.0,inactive
U01799,B2C,B2C,2024-02-29,0.0,0.0,inactive
U01799,B2C,B2C,2024-03-31,0.0,0.0,inactive
U01799,B2C,B2C,2024-04-30,0.0,0.0,inactive
U01801,B2C,B2C,2023-07-31,49.0,,new
U01801,B2C,B2C,2023-08-31,49.0,49.0,retained_flat
U01801,B2C,B2C,2023-09-30,49.0,49.0,retained_flat
U01801,B2C,B2C,2023-10-31,49.0,49.0,retained_flat
U01801,B2C,B2C,2023-11-30,49.0,49.0,retained_flat
U01801,B2C,B2C,2023-12-31,49.0,49.0,retained_flat
U01801,B2C,B2C,2024-01-31,49.0,49.0,retained_flat
U01801,B2C,B2C,2024-02-29,49.0,49.0,retained_flat
U01801,B2C,B2C,2024-03-31,49.0,49.0,retained_flat
U01801,B2C,B2C,2024-04-30,49.0,49.0,retained_flat
U01811,B2C,B2C,2023-07-31,33.25,,new
U01811,B2C,B2C,2023-08-31,33.25,33.25,retained_flat
U01811,B2C,B2C,2023-09-30,33.25,33.25,retained_flat
U01811,B2C,B2C,2023-10-31,33.25,33.25,retained_flat
U01811,B2C,B2C,2023-11-30,33.25,33.25,retained_flat
U01811,B2C,B2C,2023-12-31,33.25,33.25,retained_flat
U01811,B2C,B2C,2024-01-31,33.25,33.25,retained_flat
U01811,B2C,B2C,2024-02-29,33.25,33.25,retained_flat
U01811,B2C,B2C,2024-03-31,33.25,33.25,retained_flat
U01811,B2C,B2C,2024-04-30,33.25,33.25,retained_flat
U01852,SMB,B2B,2023-07-31,199.0,,new
U01852,SMB,B2B,2023-08-31,224.55,199.0,expansion
U01852,SMB,B2B,2023-09-30,224.55,224.55,retained_flat
U01852,SMB,B2B,2023-10-31,224.55,224.55,retained_flat
U01852,SMB,B2B,2023-11-30,224.55,224.55,retained_flat
U01852,SMB,B2B,2023-12-31,224.55,224.55,retained_flat
U01852,SMB,B2B,2024-01-31,242.95,224.55,expansion
U01852,SMB,B2B,2024-02-29,209.4,242.95,contraction
U01852,SMB,B2B,2024-03-31,209.4,209.4,retained_flat
U01852,SMB,B2B,2024-04-30,232.99,209.4,expansion
U01874,Enterprise,B2B,2023-07-31,825.0,,new
U01874,Enterprise,B2B,2023-08-31,825.0,825.0,retained_flat
U01874,Enterprise,B2B,2023-09-30,825.0,825.0,retained_flat
U01874,Enterprise,B2B,2023-10-31,825.0,825.0,retained_flat
U01874,Enterprise,B2B,2023-11-30,825.0,825.0,retained_flat
U01874,Enterprise,B2B,2023-12-31,825.0,825.0,retained_flat
U01874,Enterprise,B2B,2024-01-31,825.0,825.0,retained_flat
U01874,Enterprise,B2B,2024-02-29,825.0,825.0,retained_flat
U01874,Enterprise,B2B,2024-03-31,825.0,825.0,retained_flat
U01874,Enterprise,B2B,2024-04-30,825.0,825.0,retained_flat
U01904,B2C,B2C,2023-08-31,49.0,,new
U01904,B2C,B2C,2023-09-30,49.0,49.0,retained_flat
U01904,B2C,B2C,2023-10-31,49.0,49.0,retained_flat
U01904,B2C,B2C,2023-11-30,49.0,49.0,retained_flat
U01904,B2C,B2C,2023-12-31,49.0,49.0,retained_flat
U01904,B2C,B2C,2024-01-31,49.0,49.0,retained_flat
U01904,B2C,B2C,2024-02-29,49.0,49.0,retained_flat
U01904,B2C,B2C,2024-03-31,49.0,49.0,retained_flat
U01904,B2C,B2C,2024-04-30,49.0,49.0,retained_flat
U01910,B2C,B2C,2023-08-31,49.0,,new
U01910,B2C,B2C,2023-09-30,49.0,49.0,retained_flat
U01910,B2C,B2C,2023-10-31,49.0,49.0,retained_flat
U01910,B2C,B2C,2023-11-30,49.0,49.0,retained_flat
U01910,B2C,B2C,2023-12-31,49.0,49.0,retained_flat
U01910,B2C,B2C,2024-01-31,49.0,49.0,retained_flat
U01910,B2C,B2C,2024-02-29,0.0,49.0,churn
U01910,B2C,B2C,2024-03-31,0.0,0.0,inactive
U01910,B2C,B2C,2024-04-30,0.0,0.0,inactive
U01922,B2C,B2C,2023-08-31,49.0,,new
U01922,B2C,B2C,2023-09-30,49.0,49.0,retained_flat
U01922,B2C,B2C,2023-10-31,0.0,49.0,churn
U01922,B2C,B2C,2023-11-30,0.0,0.0,inactive
U01922,B2C,B2C,2023-12-31,0.0,0.0,inactive
U01922,B2C,B2C,2024-01-31,0.0,0.0,inactive
U01922,B2C,B2C,2024-02-29,0.0,0.0,inactive
U01922,B2C,B2C,2024-03-31,0.0,0.0,inactive
U01922,B2C,B2C,2024-04-30,0.0,0.0,inactive
U01955,B2C,B2C,2023-08-31,49.0,,new
U01955,B2C,B2C,2023-09-30,49.0,49.0,retained_flat
U01955,B2C,B2C,2023-10-31,49.0,49.0,retained_flat
U01955,B2C,B2C,2023-11-30,49.0,49.0,retained_flat
U01955,B2C,B2C,2023-12-31,49.0,49.0,retained_flat
U01955,B2C,B2C,2024-01-31,49.0,49.0,retained_flat
U01955,B2C,B2C,2024-02-29,49.0,49.0,retained_flat
U01955,B2C,B2C,2024-03-31,0.0,49.0,churn
U01955,B2C,B2C,2024-04-30,0.0,0.0,inactive
U01994,B2C,B2C,2023-08-31,33.25,,new
U01994,B2C,B2C,2023-09-30,33.25,33.25,retained_flat
U01994,B2C,B2C,2023-10-31,33.25,33.25,retained_flat
U01994,B2C,B2C,2023-11-30,33.25,33.25,retained_flat
U01994,B2C,B2C,2023-12-31,33.25,33.25,retained_flat
U01994,B2C,B2C,2024-01-31,33.25,33.25,retained_flat
U01994,B2C,B2C,2024-02-29,33.25,33.25,retained_flat
U01994,B2C,B2C,2024-03-31,33.25,33.25,retained_flat
U01994,B2C,B2C,2024-04-30,33.25,33.25,retained_flat
U02012,SMB,B2B,2023-08-31,149.92,,new
U02012,SMB,B2B,2023-09-30,149.92,149.92,retained_flat
U02012,SMB,B2B,2023-10-31,149.92,149.92,retained_flat
U02012,SMB,B2B,2023-11-30,149.92,149.92,retained_flat
U02012,SMB,B2B,2023-12-31,149.92,149.92,retained_flat
U02012,SMB,B2B,2024-01-31,149.92,149.92,retained_flat
U02012,SMB,B2B,2024-02-29,149.92,149.92,retained_flat
U02012,SMB,B2B,2024-03-31,149.92,149.92,retained_flat
U02012,SMB,B2B,2024-04-30,149.92,149.92,retained_flat
U02014,SMB,B2B,2023-08-31,199.0,,new
U02014,SMB,B2B,2023-09-30,199.0,199.0,retained_flat
U02014,SMB,B2B,2023-10-31,199.0,199.0,retained_flat
U02014,SMB,B2B,2023-11-30,199.0,199.0,retained_flat
U02014,SMB,B2B,2023-12-31,243.3,199.0,expansion
U02014,SMB,B2B,2024-01-31,243.3,243.3,retained_flat
U02014,SMB,B2B,2024-02-29,243.3,243.3,retained_flat
U02014,SMB,B2B,2024-03-31,269.37,243.3,expansion
U02014,SMB,B2B,2024-04-30,269.37,269.37,retained_flat
U02023,SMB,B2B,2023-08-31,149.92,,new
U02023,SMB,B2B,2023-09-30,149.92,149.92,retained_flat
U02023,SMB,B2B,2023-10-31,149.92,149.92,retained_flat
U02023,SMB,B2B,2023-11-30,149.92,149.92,retained_flat
U02023,SMB,B2B,2023-12-31,149.92,149.92,retained_flat
U02023,SMB,B2B,2024-01-31,149.92,149.92,retained_flat
U02023,SMB,B2B,2024-02-29,149.92,149.92,retained_flat
U02023,SMB,B2B,2024-03-31,149.92,149.92,retained_flat
U02023,SMB,B2B,2024-04-30,149.92,149.92,retained_flat
U02024,SMB,B2B,2023-08-31,199.0,,new
U02024,SMB,B2B,2023-09-30,162.0,199.0,contraction
U02024,SMB,B2B,2023-10-31,162.0,162.0,retained_flat
U02024,SMB,B2B,2023-11-30,162.0,162.0,retained_flat
U02024,SMB,B2B,2023-12-31,0.0,162.0,churn
U02024,SMB,B2B,2024-01-31,0.0,0.0,inactive
U02024,SMB,B2B,2024-02-29,0.0,0.0,inactive
U02024,SMB,B2B,2024-03-31,0.0,0.0,inactive
U02024,SMB,B2B,2024-04-30,0.0,0.0,inactive
U02037,B2C,B2C,2023-09-30,49.0,,new
U02037,B2C,B2C,2023-10-31,49.0,49.0,retained_flat
U02037,B2C,B2C,2023-11-30,49.0,49.0,retained_flat
U02037,B2C,B2C,2023-12-31,0.0,49.0,churn
U02037,B2C,B2C,2024-01-31,0.0,0.0,inactive
U02037,B2C,B2C,2024-02-29,0.0,0.0,inactive
U02037,B2C,B2C,2024-03-31,0.0,0.0,inactive
U02037,B2C,B2C,2024-04-30,0.0,0.0,inactive
U02100,B2C,B2C,2023-09-30,33.25,,new
U02100,B2C,B2C,2023-10-31,33.25,33.25,retained_flat
U02100,B2C,B2C,2023-11-30,33.25,33.25,retained_flat
U02100,B2C,B2C,2023-12-31,33.25,33.25,retained_flat
U02100,B2C,B2C,2024-01-31,33.25,33.25,retained_flat
U02100,B2C,B2C,2024-02-29,33.25,33.25,retained_flat
U02100,B2C,B2C,2024-03-31,33.25,33.25,retained_flat
U02100,B2C,B2C,2024-04-30,33.25,33.25,retained_flat
U02115,B2C,B2C,2023-09-30,33.25,,new
U02115,B2C,B2C,2023-10-31,33.25,33.25,retained_flat
U02115,B2C,B2C,2023-11-30,33.25,33.25,retained_flat
U02115,B2C,B2C,2023-12-31,33.25,33.25,retained_flat
U02115,B2C,B2C,2024-01-31,33.25,33.25,retained_flat
U02115,B2C,B2C,2024-02-29,33.25,33.25,retained_flat
U02115,B2C,B2C,2024-03-31,33.25,33.25,retained_flat
U02115,B2C,B2C,2024-04-30,33.25,33.25,retained_flat
U02120,B2C,B2C,2023-09-30,49.0,,new
U02120,B2C,B2C,2023-10-31,49.0,49.0,retained_flat
U02120,B2C,B2C,2023-11-30,49.0,49.0,retained_flat
U02120,B2C,B2C,2023-12-31,49.0,49.0,retained_flat
U02120,B2C,B2C,2024-01-31,49.0,49.0,retained_flat
U02120,B2C,B2C,2024-02-29,49.0,49.0,retained_flat
U02120,B2C,B2C,2024-03-31,49.0,49.0,retained_flat
U02120,B2C,B2C,2024-04-30,49.0,49.0,retained_flat
U02137,B2C,B2C,2023-09-30,49.0,,new
U02137,B2C,B2C,2023-10-31,49.0,49.0,retained_flat
U02137,B2C,B2C,2023-11-30,49.0,49.0,retained_flat
U02137,B2C,B2C,2023-12-31,0.0,49.0,churn
U02137,B2C,B2C,2024-01-31,0.0,0.0,inactive
U02137,B2C,B2C,2024-02-29,0.0,0.0,inactive
U02137,B2C,B2C,2024-03-31,0.0,0.0,inactive
U02137,B2C,B2C,2024-04-30,0.0,0.0,inactive
U02143,B2C,B2C,2023-09-30,33.25,,new
U02143,B2C,B2C,2023-10-31,33.25,33.25,retained_flat
U02143,B2C,B2C,2023-11-30,33.25,33.25,retained_flat
U02143,B2C,B2C,2023-12-31,33.25,33.25,retained_flat
U02143,B2C,B2C,2024-01-31,33.25,33.25,retained_flat
U02143,B2C,B2C,2024-02-29,33.25,33.25,retained_flat
U02143,B2C,B2C,2024-03-31,33.25,33.25,retained_flat
U02143,B2C,B2C,2024-04-30,33.25,33.25,retained_flat
U02181,SMB,B2B,2023-09-30,149.92,,new
U02181,SMB,B2B,2023-10-31,149.92,149.92,retained_flat
U02181,SMB,B2B,2023-11-30,149.92,149.92,retained_flat
U02181,SMB,B2B,2023-12-31,149.92,149.92,retained_flat
U02181,SMB,B2B,2024-01-31,149.92,149.92,retained_flat
U02181,SMB,B2B,2024-02-29,149.92,149.92,retained_flat
U02181,SMB,B2B,2024-03-31,149.92,149.92,retained_flat
U02181,SMB,B2B,2024-04-30,149.92,149.92,retained_flat
U02197,SMB,B2B,2023-09-30,149.92,,new
U02197,SMB,B2B,2023-10-31,149.92,149.92,retained_flat
U02197,SMB,B2B,2023-11-30,149.92,149.92,retained_flat
U02197,SMB,B2B,2023-12-31,149.92,149.92,retained_flat
U02197,SMB,B2B,2024-01-31,149.92,149.92,retained_flat
U02197,SMB,B2B,2024-02-29,149.92,149.92,retained_flat
U02197,SMB,B2B,2024-03-31,149.92,149.92,retained_flat
U02197,SMB,B2B,2024-04-30,149.92,149.92,retained_flat
U02260,B2C,B2C,2023-10-31,49.0,,new
U02260,B2C,B2C,2023-11-30,49.0,49.0,retained_flat
U02260,B2C,B2C,2023-12-31,49.0,49.0,retained_flat
U02260,B2C,B2C,2024-01-31,49.0,49.0,retained_flat
U02260,B2C,B2C,2024-02-29,49.0,49.0,retained_flat
U02260,B2C,B2C,2024-03-31,0.0,49.0,churn
U02260,B2C,B2C,2024-04-30,0.0,0.0,inactive
U02265,B2C,B2C,2023-10-31,49.0,,new
U02265,B2C,B2C,2023-11-30,49.0,49.0,retained_flat
U02265,B2C,B2C,2023-12-31,49.0,49.0,retained_flat
U02265,B2C,B2C,2024-01-31,49.0,49.0,retained_flat
U02265,B2C,B2C,2024-02-29,49.0,49.0,retained_flat
U02265,B2C,B2C,2024-03-31,49.0,49.0,retained_flat
U02265,B2C,B2C,2024-04-30,49.0,49.0,retained_flat
U02272,B2C,B2C,2023-10-31,33.25,,new
U02272,B2C,B2C,2023-11-30,33.25,33.25,retained_flat
U02272,B2C,B2C,2023-12-31,33.25,33.25,retained_flat
U02272,B2C,B2C,2024-01-31,33.25,33.25,retained_flat
U02272,B2C,B2C,2024-02-29,33.25,33.25,retained_flat
U02272,B2C,B2C,2024-03-31,33.25,33.25,retained_flat
U02272,B2C,B2C,2024-04-30,33.25,33.25,retained_flat
U02302,B2C,B2C,2023-10-31,33.25,,new
U02302,B2C,B2C,2023-11-30,33.25,33.25,retained_flat
U02302,B2C,B2C,2023-12-31,33.25,33.25,retained_flat
U02302,B2C,B2C,2024-01-31,33.25,33.25,retained_flat
U02302,B2C,B2C,2024-02-29,33.25,33.25,retained_flat
U02302,B2C,B2C,2024-03-31,33.25,33.25,retained_flat
U02302,B2C,B2C,2024-04-30,33.25,33.25,retained_flat
U02306,B2C,B2C,2023-10-31,49.0,,new
U02306,B2C,B2C,2023-11-30,49.0,49.0,retained_flat
U02306,B2C,B2C,2023-12-31,49.0,49.0,retained_flat
U02306,B2C,B2C,2024-01-31,49.0,49.0,retained_flat
U02306,B2C,B2C,2024-02-29,49.0,49.0,retained_flat
U02306,B2C,B2C,2024-03-31,49.0,49.0,retained_flat
U02306,B2C,B2C,2024-04-30,49.0,49.0,retained_flat
U02320,B2C,B2C,2023-10-31,49.0,,new
U02320,B2C,B2C,2023-11-30,49.0,49.0,retained_flat
U02320,B2C,B2C,2023-12-31,49.0,49.0,retained_flat
U02320,B2C,B2C,2024-01-31,49.0,49.0,retained_flat
U02320,B2C,B2C,2024-02-29,49.0,49.0,retained_flat
U02320,B2C,B2C,2024-03-31,49.0,49.0,retained_flat
U02320,B2C,B2C,2024-04-30,49.0,49.0,retained_flat
U02325,B2C,B2C,2023-10-31,49.0,,new
U02325,B2C,B2C,2023-11-30,49.0,49.0,retained_flat
U02325,B2C,B2C,2023-12-31,49.0,49.0,retained_flat
U02325,B2C,B2C,2024-01-31,49.0,49.0,retained_flat
U02325,B2C,B2C,2024-02-29,0.0,49.0,churn
U02325,B2C,B2C,2024-03-31,0.0,0.0,inactive
U02325,B2C,B2C,2024-04-30,0.0,0.0,inactive
U02330,B2C,B2C,2023-10-31,49.0,,new
U02330,B2C,B2C,2023-11-30,49.0,49.0,retained_flat
U02330,B2C,B2C,2023-12-31,49.0,49.0,retained_flat
U02330,B2C,B2C,2024-01-31,49.0,49.0,retained_flat
U02330,B2C,B2C,2024-02-29,49.0,49.0,retained_flat
U02330,B2C,B2C,2024-03-31,49.0,49.0,retained_flat
U02330,B2C,B2C,2024-04-30,49.0,49.0,retained_flat
U02334,B2C,B2C,2023-10-31,33.25,,new
U02334,B2C,B2C,2023-11-30,33.25,33.25,retained_flat
U02334,B2C,B2C,2023-12-31,33.25,33.25,retained_flat
U02334,B2C,B2C,2024-01-31,33.25,33.25,retained_flat
U02334,B2C,B2C,2024-02-29,33.25,33.25,retained_flat
U02334,B2C,B2C,2024-03-31,33.25,33.25,retained_flat
U02334,B2C,B2C,2024-04-30,33.25,33.25,retained_flat
U02358,B2C,B2C,2023-10-31,33.25,,new
U02358,B2C,B2C,2023-11-30,33.25,33.25,retained_flat
U02358,B2C,B2C,2023-12-31,33.25,33.25,retained_flat
U02358,B2C,B2C,2024-01-31,33.25,33.25,retained_flat
U02358,B2C,B2C,2024-02-29,33.25,33.25,retained_flat
U02358,B2C,B2C,2024-03-31,33.25,33.25,retained_flat
U02358,B2C,B2C,2024-04-30,33.25,33.25,retained_flat
U02366,B2C,B2C,2023-10-31,49.0,,new
U02366,B2C,B2C,2023-11-30,49.0,49.0,retained_flat
U02366,B2C,B2C,2023-12-31,49.0,49.0,retained_flat
U02366,B2C,B2C,2024-01-31,49.0,49.0,retained_flat
U02366,B2C,B2C,2024-02-29,49.0,49.0,retained_flat
U02366,B2C,B2C,2024-03-31,49.0,49.0,retained_flat
U02366,B2C,B2C,2024-04-30,49.0,49.0,retained_flat
U02398,Enterprise,B2B,2023-10-31,825.0,,new
U02398,Enterprise,B2B,2023-11-30,825.0,825.0,retained_flat
U02398,Enterprise,B2B,2023-12-31,825.0,825.0,retained_flat
U02398,Enterprise,B2B,2024-01-31,825.0,825.0,retained_flat
U02398,Enterprise,B2B,2024-02-29,825.0,825.0,retained_flat
U02398,Enterprise,B2B,2024-03-31,825.0,825.0,retained_flat
U02398,Enterprise,B2B,2024-04-30,825.0,825.0,retained_flat
U02401,Enterprise,B2B,2023-10-31,825.0,,new
U02401,Enterprise,B2B,2023-11-30,825.0,825.0,retained_flat
U02401,Enterprise,B2B,2023-12-31,825.0,825.0,retained_flat
U02401,Enterprise,B2B,2024-01-31,825.0,825.0,retained_flat
U02401,Enterprise,B2B,2024-02-29,825.0,825.0,retained_flat
U02401,Enterprise,B2B,2024-03-31,825.0,825.0,retained_flat
U02401,Enterprise,B2B,2024-04-30,825.0,825.0,retained_flat
U02413,B2C,B2C,2023-11-30,49.0,,new
U02413,B2C,B2C,2023-12-31,49.0,49.0,retained_flat
U02413,B2C,B2C,2024-01-31,49.0,49.0,retained_flat
U02413,B2C,B2C,2024-02-29,49.0,49.0,retained_flat
U02413,B2C,B2C,2024-03-31,49.0,49.0,retained_flat
U02413,B2C,B2C,2024-04-30,49.0,49.0,retained_flat
U02446,B2C,B2C,2023-11-30,49.0,,new
U02446,B2C,B2C,2023-12-31,49.0,49.0,retained_flat
U02446,B2C,B2C,2024-01-31,49.0,49.0,retained_flat
U02446,B2C,B2C,2024-02-29,49.0,49.0,retained_flat
U02446,B2C,B2C,2024-03-31,49.0,49.0,retained_flat
U02446,B2C,B2C,2024-04-30,49.0,49.0,retained_flat
U02447,B2C,B2C,2023-11-30,49.0,,new
U02447,B2C,B2C,2023-12-31,49.0,49.0,retained_flat
U02447,B2C,B2C,2024-01-31,0.0,49.0,churn
U02447,B2C,B2C,2024-02-29,0.0,0.0,inactive
U02447,B2C,B2C,2024-03-31,0.0,0.0,inactive
U02447,B2C,B2C,2024-04-30,0.0,0.0,inactive
U02475,B2C,B2C,2023-11-30,49.0,,new
U02475,B2C,B2C,2023-12-31,49.0,49.0,retained_flat
U02475,B2C,B2C,2024-01-31,49.0,49.0,retained_flat
U02475,B2C,B2C,2024-02-29,49.0,49.0,retained_flat
U02475,B2C,B2C,2024-03-31,49.0,49.0,retained_flat
U02475,B2C,B2C,2024-04-30,49.0,49.0,retained_flat
U02500,B2C,B2C,2023-11-30,49.0,,new
U02500,B2C,B2C,2023-12-31,49.0,49.0,retained_flat
U02500,B2C,B2C,2024-01-31,49.0,49.0,retained_flat
U02500,B2C,B2C,2024-02-29,49.0,49.0,retained_flat
U02500,B2C,B2C,2024-03-31,49.0,49.0,retained_flat
U02500,B2C,B2C,2024-04-30,49.0,49.0,retained_flat
U02509,B2C,B2C,2023-11-30,33.25,,new
U02509,B2C,B2C,2023-12-31,33.25,33.25,retained_flat
U02509,B2C,B2C,2024-01-31,33.25,33.25,retained_flat
U02509,B2C,B2C,2024-02-29,33.25,33.25,retained_flat
U02509,B2C,B2C,2024-03-31,33.25,33.25,retained_flat
U02509,B2C,B2C,2024-04-30,33.25,33.25,retained_flat
U02546,B2C,B2C,2023-11-30,33.25,,new
U02546,B2C,B2C,2023-12-31,33.25,33.25,retained_flat
U02546,B2C,B2C,2024-01-31,33.25,33.25,retained_flat
U02546,B2C,B2C,2024-02-29,33.25,33.25,retained_flat
U02546,B2C,B2C,2024-03-31,33.25,33.25,retained_flat
U02546,B2C,B2C,2024-04-30,33.25,33.25,retained_flat
U02547,B2C,B2C,2023-11-30,33.25,,new
U02547,B2C,B2C,2023-12-31,33.25,33.25,retained_flat
U02547,B2C,B2C,2024-01-31,33.25,33.25,retained_flat
U02547,B2C,B2C,2024-02-29,33.25,33.25,retained_flat
U02547,B2C,B2C,2024-03-31,33.25,33.25,retained_flat
U02547,B2C,B2C,2024-04-30,33.25,33.25,retained_flat
U02642,B2C,B2C,2023-12-31,33.25,,new
U02642,B2C,B2C,2024-01-31,33.25,33.25,retained_flat
U02642,B2C,B2C,2024-02-29,33.25,33.25,retained_flat
U02642,B2C,B2C,2024-03-31,33.25,33.25,retained_flat
U02642,B2C,B2C,2024-04-30,33.25,33.25,retained_flat
U02655,B2C,B2C,2023-12-31,49.0,,new
U02655,B2C,B2C,2024-01-31,49.0,49.0,retained_flat
U02655,B2C,B2C,2024-02-29,49.0,49.0,retained_flat
U02655,B2C,B2C,2024-03-31,49.0,49.0,retained_flat
U02655,B2C,B2C,2024-04-30,49.0,49.0,retained_flat
U02684,B2C,B2C,2023-12-31,49.0,,new
U02684,B2C,B2C,2024-01-31,49.0,49.0,retained_flat
U02684,B2C,B2C,2024-02-29,0.0,49.0,churn
U02684,B2C,B2C,2024-03-31,0.0,0.0,inactive
U02684,B2C,B2C,2024-04-30,0.0,0.0,inactive
U02699,B2C,B2C,2023-12-31,49.0,,new
U02699,B2C,B2C,2024-01-31,49.0,49.0,retained_flat
U02699,B2C,B2C,2024-02-29,0.0,49.0,churn
U02699,B2C,B2C,2024-03-31,0.0,0.0,inactive
U02699,B2C,B2C,2024-04-30,0.0,0.0,inactive
U02726,B2C,B2C,2023-12-31,49.0,,new
U02726,B2C,B2C,2024-01-31,49.0,49.0,retained_flat
U02726,B2C,B2C,2024-02-29,0.0,49.0,churn
U02726,B2C,B2C,2024-03-31,0.0,0.0,inactive
U02726,B2C,B2C,2024-04-30,0.0,0.0,inactive
U02740,B2C,B2C,2023-12-31,33.25,,new
U02740,B2C,B2C,2024-01-31,33.25,33.25,retained_flat
U02740,B2C,B2C,2024-02-29,33.25,33.25,retained_flat
U02740,B2C,B2C,2024-03-31,33.25,33.25,retained_flat
U02740,B2C,B2C,2024-04-30,33.25,33.25,retained_flat
U02750,SMB,B2B,2023-12-31,149.92,,new
U02750,SMB,B2B,2024-01-31,149.92,149.92,retained_flat
U02750,SMB,B2B,2024-02-29,149.92,149.92,retained_flat
U02750,SMB,B2B,2024-03-31,149.92,149.92,retained_flat
U02750,SMB,B2B,2024-04-30,149.92,149.92,retained_flat
U02752,SMB,B2B,2023-12-31,199.0,,new
U02752,SMB,B2B,2024-01-31,199.0,199.0,retained_flat
U02752,SMB,B2B,2024-02-29,199.0,199.0,retained_flat
U02752,SMB,B2B,2024-03-31,199.0,199.0,retained_flat
U02752,SMB,B2B,2024-04-30,173.28,199.0,contraction
U02761,SMB,B2B,2023-12-31,199.0,,new
U02761,SMB,B2B,2024-01-31,179.67,199.0,contraction
U02761,SMB,B2B,2024-02-29,200.48,179.67,expansion
U02761,SMB,B2B,2024-03-31,200.48,200.48,retained_flat
U02761,SMB,B2B,2024-04-30,200.48,200.48,retained_flat
U02771,SMB,B2B,2023-12-31,199.0,,new
U02771,SMB,B2B,2024-01-31,199.0,199.0,retained_flat
U02771,SMB,B2B,2024-02-29,199.0,199.0,retained_flat
U02771,SMB,B2B,2024-03-31,231.64,199.0,expansion
U02771,SMB,B2B,2024-04-30,231.64,231.64,retained_flat
U02775,SMB,B2B,2023-12-31,149.92,,new
U02775,SMB,B2B,2024-01-31,149.92,149.92,retained_flat
U02775,SMB,B2B,2024-02-29,149.92,149.92,retained_flat
U02775,SMB,B2B,2024-03-31,149.92,149.92,retained_flat
U02775,SMB,B2B,2024-04-30,149.92,149.92,retained_flat
U02801,B2C,B2C,2024-01-31,49.0,,new
U02801,B2C,B2C,2024-02-29,49.0,49.0,retained_flat
U02801,B2C,B2C,2024-03-31,49.0,49.0,retained_flat
U02801,B2C,B2C,2024-04-30,49.0,49.0,retained_flat
U02853,B2C,B2C,2024-01-31,33.25,,new
U02853,B2C,B2C,2024-02-29,33.25,33.25,retained_flat
U02853,B2C,B2C,2024-03-31,33.25,33.25,retained_flat
U02853,B2C,B2C,2024-04-30,33.25,33.25,retained_flat
U02896,B2C,B2C,2024-01-31,49.0,,new
U02896,B2C,B2C,2024-02-29,49.0,49.0,retained_flat
U02896,B2C,B2C,2024-03-31,49.0,49.0,retained_flat
U02896,B2C,B2C,2024-04-30,49.0,49.0,retained_flat
U02910,B2C,B2C,2024-01-31,33.25,,new
U02910,B2C,B2C,2024-02-29,33.25,33.25,retained_flat
U02910,B2C,B2C,2024-03-31,33.25,33.25,retained_flat
U02910,B2C,B2C,2024-04-30,33.25,33.25,retained_flat
U02938,B2C,B2C,2024-01-31,49.0,,new
U02938,B2C,B2C,2024-02-29,49.0,49.0,retained_flat
U02938,B2C,B2C,2024-03-31,49.0,49.0,retained_flat
U02938,B2C,B2C,2024-04-30,0.0,49.0,churn
U02955,SMB,B2B,2024-01-31,149.92,,new
U02955,SMB,B2B,2024-02-29,149.92,149.92,retained_flat
U02955,SMB,B2B,2024-03-31,149.92,149.92,retained_flat
U02955,SMB,B2B,2024-04-30,149.92,149.92,retained_flat
U02959,SMB,B2B,2024-01-31,149.92,,new
U02959,SMB,B2B,2024-02-29,149.92,149.92,retained_flat
U02959,SMB,B2B,2024-03-31,149.92,149.92,retained_flat
U02959,SMB,B2B,2024-04-30,149.92,149.92,retained_flat
U02974,SMB,B2B,2024-01-31,199.0,,new
U02974,SMB,B2B,2024-02-29,199.0,199.0,retained_flat
U02974,SMB,B2B,2024-03-31,0.0,199.0,churn
U02974,SMB,B2B,2024-04-30,0.0,0.0,inactive
U02976,SMB,B2B,2024-01-31,199.0,,new
U02976,SMB,B2B,2024-02-29,165.12,199.0,contraction
U02976,SMB,B2B,2024-03-31,165.12,165.12,retained_flat
U02976,SMB,B2B,2024-04-30,165.12,165.12,retained_flat
U02990,Enterprise,B2B,2024-01-31,825.0,,new
U02990,Enterprise,B2B,2024-02-29,825.0,825.0,retained_flat
U02990,Enterprise,B2B,2024-03-31,825.0,825.0,retained_flat
U02990,Enterprise,B2B,2024-04-30,825.0,825.0,retained_flat
U03013,B2C,B2C,2024-02-29,33.25,,new
U03013,B2C,B2C,2024-03-31,33.25,33.25,retained_flat
U03013,B2C,B2C,2024-04-30,33.25,33.25,retained_flat
U03024,B2C,B2C,2024-02-29,33.25,,new
U03024,B2C,B2C,2024-03-31,33.25,33.25,retained_flat
U03024,B2C,B2C,2024-04-30,33.25,33.25,retained_flat
U03050,B2C,B2C,2024-02-29,33.25,,new
U03050,B2C,B2C,2024-03-31,33.25,33.25,retained_flat
U03050,B2C,B2C,2024-04-30,33.25,33.25,retained_flat
U03073,B2C,B2C,2024-02-29,33.25,,new
U03073,B2C,B2C,2024-03-31,33.25,33.25,retained_flat
U03073,B2C,B2C,2024-04-30,33.25,33.25,retained_flat
U03080,B2C,B2C,2024-02-29,49.0,,new
U03080,B2C,B2C,2024-03-31,49.0,49.0,retained_flat
U03080,B2C,B2C,2024-04-30,0.0,49.0,churn
U03096,B2C,B2C,2024-02-29,33.25,,new
U03096,B2C,B2C,2024-03-31,33.25,33.25,retained_flat
U03096,B2C,B2C,2024-04-30,33.25,33.25,retained_flat
U03099,B2C,B2C,2024-02-29,49.0,,new
U03099,B2C,B2C,2024-03-31,0.0,49.0,churn
U03099,B2C,B2C,2024-04-30,0.0,0.0,inactive
U03140,B2C,B2C,2024-02-29,33.25,,new
U03140,B2C,B2C,2024-03-31,33.25,33.25,retained_flat
U03140,B2C,B2C,2024-04-30,33.25,33.25,retained_flat
U03173,B2C,B2C,2024-02-29,33.25,,new
U03173,B2C,B2C,2024-03-31,33.25,33.25,retained_flat
U03173,B2C,B2C,2024-04-30,33.25,33.25,retained_flat
U03189,SMB,B2B,2024-02-29,199.0,,new
U03189,SMB,B2B,2024-03-31,199.0,199.0,retained_flat
U03189,SMB,B2B,2024-04-30,199.0,199.0,retained_flat
U03199,SMB,B2B,2024-02-29,199.0,,new
U03199,SMB,B2B,2024-03-31,199.0,199.0,retained_flat
U03199,SMB,B2B,2024-04-30,199.0,199.0,retained_flat
U03205,SMB,B2B,2024-02-29,149.92,,new
U03205,SMB,B2B,2024-03-31,149.92,149.92,retained_flat
U03205,SMB,B2B,2024-04-30,149.92,149.92,retained_flat
U03213,SMB,B2B,2024-02-29,149.92,,new
U03213,SMB,B2B,2024-03-31,149.92,149.92,retained_flat
U03213,SMB,B2B,2024-04-30,149.92,149.92,retained_flat
U03214,SMB,B2B,2024-02-29,149.92,,new
U03214,SMB,B2B,2024-03-31,149.92,149.92,retained_flat
U03214,SMB,B2B,2024-04-30,149.92,149.92,retained_flat
U03219,Enterprise,B2B,2024-02-29,825.0,,new
U03219,Enterprise,B2B,2024-03-31,825.0,825.0,retained_flat
U03219,Enterprise,B2B,2024-04-30,825.0,825.0,retained_flat
U03223,Enterprise,B2B,2024-02-29,825.0,,new
U03223,Enterprise,B2B,2024-03-31,825.0,825.0,retained_flat
U03223,Enterprise,B2B,2024-04-30,825.0,825.0,retained_flat
U03239,B2C,B2C,2024-03-31,49.0,,new
U03239,B2C,B2C,2024-04-30,49.0,49.0,retained_flat
U03252,B2C,B2C,2024-03-31,33.25,,new
U03252,B2C,B2C,2024-04-30,33.25,33.25,retained_flat
U03264,B2C,B2C,2024-03-31,33.25,,new
U03264,B2C,B2C,2024-04-30,33.25,33.25,retained_flat
U03270,B2C,B2C,2024-03-31,49.0,,new
U03270,B2C,B2C,2024-04-30,49.0,49.0,retained_flat
U03275,B2C,B2C,2024-03-31,49.0,,new
U03275,B2C,B2C,2024-04-30,49.0,49.0,retained_flat
U03291,B2C,B2C,2024-03-31,49.0,,new
U03291,B2C,B2C,2024-04-30,49.0,49.0,retained_flat
U03310,B2C,B2C,2024-03-31,49.0,,new
U03310,B2C,B2C,2024-04-30,49.0,49.0,retained_flat
U03324,B2C,B2C,2024-03-31,33.25,,new
U03324,B2C,B2C,2024-04-30,33.25,33.25,retained_flat
U03344,B2C,B2C,2024-03-31,0.0,,inactive
U03344,B2C,B2C,2024-04-30,0.0,0.0,inactive
U03354,B2C,B2C,2024-03-31,49.0,,new
U03354,B2C,B2C,2024-04-30,49.0,49.0,retained_flat
U03363,B2C,B2C,2024-03-31,49.0,,new
U03363,B2C,B2C,2024-04-30,49.0,49.0,retained_flat
U03371,B2C,B2C,2024-03-31,33.25,,new
U03371,B2C,B2C,2024-04-30,33.25,33.25,retained_flat
U03400,B2C,B2C,2024-03-31,49.0,,new
U03400,B2C,B2C,2024-04-30,49.0,49.0,retained_flat
U03417,SMB,B2B,2024-03-31,149.92,,new
U03417,SMB,B2B,2024-04-30,149.92,149.92,retained_flat
U03430,SMB,B2B,2024-03-31,199.0,,new
U03430,SMB,B2B,2024-04-30,242.67,199.0,expansion
U03433,SMB,B2B,2024-03-31,199.0,,new
U03433,SMB,B2B,2024-04-30,199.0,199.0,retained_flat
U03438,SMB,B2B,2024-03-31,199.0,,new
U03438,SMB,B2B,2024-04-30,0.0,199.0,churn
U03482,B2C,B2C,2024-04-30,49.0,,new
U03486,B2C,B2C,2024-04-30,49.0,,new
U03515,B2C,B2C,2024-04-30,33.25,,new
U03536,B2C,B2C,2024-04-30,49.0,,new
U03538,B2C,B2C,2024-04-30,49.0,,new
U03557,B2C,B2C,2024-04-30,49.0,,new
U03562,B2C,B2C,2024-04-30,49.0,,new
U03572,B2C,B2C,2024-04-30,33.25,,new
U03577,B2C,B2C,2024-04-30,49.0,,new
U03640,B2C,B2C,2024-04-30,49.0,,new
U03654,SMB,B2B,2024-04-30,149.92,,new
U03665,SMB,B2B,2024-04-30,149.92,,new
U01006,B2C,B2C,2023-01-31,49.0,,new
U01006,B2C,B2C,2023-02-28,49.0,49.0,retained_flat
U01006,B2C,B2C,2023-03-31,49.0,49.0,retained_flat
U01006,B2C,B2C,2023-04-30,49.0,49.0,retained_flat
U01006,B2C,B2C,2023-05-31,49.0,49.0,retained_flat
U01006,B2C,B2C,2023-06-30,49.0,49.0,retained_flat
U01006,B2C,B2C,2023-07-31,0.0,49.0,churn
U01006,B2C,B2C,2023-08-31,0.0,0.0,inactive
U01006,B2C,B2C,2023-09-30,0.0,0.0,inactive
U01006,B2C,B2C,2023-10-31,0.0,0.0,inactive
U01006,B2C,B2C,2023-11-30,0.0,0.0,inactive
U01006,B2C,B2C,2023-12-31,0.0,0.0,inactive
U01006,B2C,B2C,2024-01-31,0.0,0.0,inactive
U01006,B2C,B2C,2024-02-29,0.0,0.0,inactive
U01006,B2C,B2C,2024-03-31,0.0,0.0,inactive
U01006,B2C,B2C,2024-04-30,0.0,0.0,inactive
U01007,B2C,B2C,2023-01-31,49.0,,new
U01007,B2C,B2C,2023-02-28,49.0,49.0,retained_flat
U01007,B2C,B2C,2023-03-31,49.0,49.0,retained_flat
U01007,B2C,B2C,2023-04-30,49.0,49.0,retained_flat
U01007,B2C,B2C,2023-05-31,0.0,49.0,churn
U01007,B2C,B2C,2023-06-30,0.0,0.0,inactive
U01007,B2C,B2C,2023-07-31,0.0,0.0,inactive
U01007,B2C,B2C,2023-08-31,0.0,0.0,inactive
U01007,B2C,B2C,2023-09-30,0.0,0.0,inactive
U01007,B2C,B2C,2023-10-31,0.0,0.0,inactive
U01007,B2C,B2C,2023-11-30,0.0,0.0,inactive
U01007,B2C,B2C,2023-12-31,0.0,0.0,inactive
U01007,B2C,B2C,2024-01-31,0.0,0.0,inactive
U01007,B2C,B2C,2024-02-29,0.0,0.0,inactive
U01007,B2C,B2C,2024-03-31,0.0,0.0,inactive
U01007,B2C,B2C,2024-04-30,0.0,0.0,inactive
U01023,B2C,B2C,2023-01-31,49.0,,new
U01023,B2C,B2C,2023-02-28,49.0,49.0,retained_flat
U01023,B2C,B2C,2023-03-31,49.0,49.0,retained_flat
U01023,B2C,B2C,2023-04-30,49.0,49.0,retained_flat
U01023,B2C,B2C,2023-05-31,49.0,49.0,retained_flat
U01023,B2C,B2C,2023-06-30,49.0,49.0,retained_flat
U01023,B2C,B2C,2023-07-31,0.0,49.0,churn
U01023,B2C,B2C,2023-08-31,0.0,0.0,inactive
U01023,B2C,B2C,2023-09-30,0.0,0.0,inactive
U01023,B2C,B2C,2023-10-31,0.0,0.0,inactive
U01023,B2C,B2C,2023-11-30,0.0,0.0,inactive
U01023,B2C,B2C,2023-12-31,0.0,0.0,inactive
U01023,B2C,B2C,2024-01-31,0.0,0.0,inactive
U01023,B2C,B2C,2024-02-29,0.0,0.0,inactive
U01023,B2C,B2C,2024-03-31,0.0,0.0,inactive
U01023,B2C,B2C,2024-04-30,0.0,0.0,inactive
U01034,B2C,B2C,2023-01-31,49.0,,new
U01034,B2C,B2C,2023-02-28,49.0,49.0,retained_flat
U01034,B2C,B2C,2023-03-31,49.0,49.0,retained_flat
U01034,B2C,B2C,2023-04-30,49.0,49.0,retained_flat
U01034,B2C,B2C,2023-05-31,0.0,49.0,churn
U01034,B2C,B2C,2023-06-30,0.0,0.0,inactive
U01034,B2C,B2C,2023-07-31,0.0,0.0,inactive
U01034,B2C,B2C,2023-08-31,0.0,0.0,inactive
U01034,B2C,B2C,2023-09-30,0.0,0.0,inactive
U01034,B2C,B2C,2023-10-31,0.0,0.0,inactive
U01034,B2C,B2C,2023-11-30,0.0,0.0,inactive
U01034,B2C,B2C,2023-12-31,0.0,0.0,inactive
U01034,B2C,B2C,2024-01-31,0.0,0.0,inactive
U01034,B2C,B2C,2024-02-29,0.0,0.0,inactive
U01034,B2C,B2C,2024-03-31,0.0,0.0,inactive
U01034,B2C,B2C,2024-04-30,0.0,0.0,inactive
U01082,B2C,B2C,2023-01-31,49.0,,new
U01082,B2C,B2C,2023-02-28,49.0,49.0,retained_flat
U01082,B2C,B2C,2023-03-31,0.0,49.0,churn
U01082,B2C,B2C,2023-04-30,0.0,0.0,inactive
U01082,B2C,B2C,2023-05-31,0.0,0.0,inactive
U01082,B2C,B2C,2023-06-30,0.0,0.0,inactive
U01082,B2C,B2C,2023-07-31,0.0,0.0,inactive
U01082,B2C,B2C,2023-08-31,0.0,0.0,inactive
U01082,B2C,B2C,2023-09-30,0.0,0.0,inactive
U01082,B2C,B2C,2023-10-31,0.0,0.0,inactive
U01082,B2C,B2C,2023-11-30,0.0,0.0,inactive
U01082,B2C,B2C,2023-12-31,0.0,0.0,inactive
U01082,B2C,B2C,2024-01-31,0.0,0.0,inactive
U01082,B2C,B2C,2024-02-29,0.0,0.0,inactive
U01082,B2C,B2C,2024-03-31,0.0,0.0,inactive
U01082,B2C,B2C,2024-04-30,0.0,0.0,inactive
U01121,B2C,B2C,2023-02-28,49.0,,new
U01121,B2C,B2C,2023-03-31,49.0,49.0,retained_flat
U01121,B2C,B2C,2023-04-30,49.0,49.0,retained_flat
U01121,B2C,B2C,2023-05-31,49.0,49.0,retained_flat
U01121,B2C,B2C,2023-06-30,49.0,49.0,retained_flat
U01121,B2C,B2C,2023-07-31,49.0,49.0,retained_flat
U01121,B2C,B2C,2023-08-31,49.0,49.0,retained_flat
U01121,B2C,B2C,2023-09-30,49.0,49.0,retained_flat
U01121,B2C,B2C,2023-10-31,49.0,49.0,retained_flat
U01121,B2C,B2C,2023-11-30,49.0,49.0,retained_flat
U01121,B2C,B2C,2023-12-31,49.0,49.0,retained_flat
U01121,B2C,B2C,2024-01-31,49.0,49.0,retained_flat
U01121,B2C,B2C,2024-02-29,49.0,49.0,retained_flat
U01121,B2C,B2C,2024-03-31,0.0,49.0,churn
U01121,B2C,B2C,2024-04-30,0.0,0.0,inactive
U01137,B2C,B2C,2023-02-28,33.25,,new
U01137,B2C,B2C,2023-03-31,33.25,33.25,retained_flat
U01137,B2C,B2C,2023-04-30,33.25,33.25,retained_flat
U01137,B2C,B2C,2023-05-31,33.25,33.25,retained_flat
U01137,B2C,B2C,2023-06-30,33.25,33.25,retained_flat
U01137,B2C,B2C,2023-07-31,33.25,33.25,retained_flat
U01137,B2C,B2C,2023-08-31,33.25,33.25,retained_flat
U01137,B2C,B2C,2023-09-30,33.25,33.25,retained_flat
U01137,B2C,B2C,2023-10-31,33.25,33.25,retained_flat
U01137,B2C,B2C,2023-11-30,33.25,33.25,retained_flat
U01137,B2C,B2C,2023-12-31,33.25,33.25,retained_flat
U01137,B2C,B2C,2024-01-31,33.25,33.25,retained_flat
U01137,B2C,B2C,2024-02-29,33.25,33.25,retained_flat
U01137,B2C,B2C,2024-03-31,33.25,33.25,retained_flat
U01137,B2C,B2C,2024-04-30,33.25,33.25,retained_flat
U01173,B2C,B2C,2023-02-28,49.0,,new
U01173,B2C,B2C,2023-03-31,49.0,49.0,retained_flat
U01173,B2C,B2C,2023-04-30,49.0,49.0,retained_flat
U01173,B2C,B2C,2023-05-31,49.0,49.0,retained_flat
U01173,B2C,B2C,2023-06-30,49.0,49.0,retained_flat
U01173,B2C,B2C,2023-07-31,49.0,49.0,retained_flat
U01173,B2C,B2C,2023-08-31,49.0,49.0,retained_flat
U01173,B2C,B2C,2023-09-30,49.0,49.0,retained_flat
U01173,B2C,B2C,2023-10-31,49.0,49.0,retained_flat
U01173,B2C,B2C,2023-11-30,49.0,49.0,retained_flat
U01173,B2C,B2C,2023-12-31,49.0,49.0,retained_flat
U01173,B2C,B2C,2024-01-31,49.0,49.0,retained_flat
U01173,B2C,B2C,2024-02-29,49.0,49.0,retained_flat
U01173,B2C,B2C,2024-03-31,49.0,49.0,retained_flat
U01173,B2C,B2C,2024-04-30,0.0,49.0,churn
U01200,SMB,B2B,2023-02-28,149.92,,new
U01200,SMB,B2B,2023-03-31,149.92,149.92,retained_flat
U01200,SMB,B2B,2023-04-30,149.92,149.92,retained_flat
U01200,SMB,B2B,2023-05-31,149.92,149.92,retained_flat
U01200,SMB,B2B,2023-06-30,149.92,149.92,retained_flat
U01200,SMB,B2B,2023-07-31,149.92,149.92,retained_flat
U01200,SMB,B2B,2023-08-31,149.92,149.92,retained_flat
U01200,SMB,B2B,2023-09-30,149.92,149.92,retained_flat
U01200,SMB,B2B,2023-10-31,149.92,149.92,retained_flat
U01200,SMB,B2B,2023-11-30,149.92,149.92,retained_flat
U01200,SMB,B2B,2023-12-31,149.92,149.92,retained_flat
U01200,SMB,B2B,2024-01-31,149.92,149.92,retained_flat
U01200,SMB,B2B,2024-02-29,149.92,149.92,retained_flat
U01200,SMB,B2B,2024-03-31,149.92,149.92,retained_flat
U01200,SMB,B2B,2024-04-30,149.92,149.92,retained_flat
U01223,B2C,B2C,2023-03-31,49.0,,new
U01223,B2C,B2C,2023-04-30,49.0,49.0,retained_flat
U01223,B2C,B2C,2023-05-31,49.0,49.0,retained_flat
U01223,B2C,B2C,2023-06-30,49.0,49.0,retained_flat
U01223,B2C,B2C,2023-07-31,0.0,49.0,churn
U01223,B2C,B2C,2023-08-31,0.0,0.0,inactive
U01223,B2C,B2C,2023-09-30,0.0,0.0,inactive
U01223,B2C,B2C,2023-10-31,0.0,0.0,inactive
U01223,B2C,B2C,2023-11-30,0.0,0.0,inactive
U01223,B2C,B2C,2023-12-31,0.0,0.0,inactive
U01223,B2C,B2C,2024-01-31,0.0,0.0,inactive
U01223,B2C,B2C,2024-02-29,0.0,0.0,inactive
U01223,B2C,B2C,2024-03-31,0.0,0.0,inactive
U01223,B2C,B2C,2024-04-30,0.0,0.0,inactive
U01235,B2C,B2C,2023-03-31,33.25,,new
U01235,B2C,B2C,2023-04-30,33.25,33.25,retained_flat
U01235,B2C,B2C,2023-05-31,33.25,33.25,retained_flat
U01235,B2C,B2C,2023-06-30,33.25,33.25,retained_flat
U01235,B2C,B2C,2023-07-31,33.25,33.25,retained_flat
U01235,B2C,B2C,2023-08-31,33.25,33.25,retained_flat
U01235,B2C,B2C,2023-09-30,33.25,33.25,retained_flat
U01235,B2C,B2C,2023-10-31,33.25,33.25,retained_flat
U01235,B2C,B2C,2023-11-30,33.25,33.25,retained_flat
U01235,B2C,B2C,2023-12-31,33.25,33.25,retained_flat
U01235,B2C,B2C,2024-01-31,33.25,33.25,retained_flat
U01235,B2C,B2C,2024-02-29,33.25,33.25,retained_flat
U01235,B2C,B2C,2024-03-31,33.25,33.25,retained_flat
U01235,B2C,B2C,2024-04-30,33.25,33.25,retained_flat
U01274,B2C,B2C,2023-03-31,49.0,,new
U01274,B2C,B2C,2023-04-30,49.0,49.0,retained_flat
U01274,B2C,B2C,2023-05-31,49.0,49.0,retained_flat
U01274,B2C,B2C,2023-06-30,49.0,49.0,retained_flat
U01274,B2C,B2C,2023-07-31,49.0,49.0,retained_flat
U01274,B2C,B2C,2023-08-31,49.0,49.0,retained_flat
U01274,B2C,B2C,2023-09-30,49.0,49.0,retained_flat
U01274,B2C,B2C,2023-10-31,49.0,49.0,retained_flat
U01274,B2C,B2C,2023-11-30,49.0,49.0,retained_flat
U01274,B2C,B2C,2023-12-31,0.0,49.0,churn
U01274,B2C,B2C,2024-01-31,0.0,0.0,inactive
U01274,B2C,B2C,2024-02-29,0.0,0.0,inactive
U01274,B2C,B2C,2024-03-31,0.0,0.0,inactive
U01274,B2C,B2C,2024-04-30,0.0,0.0,inactive
U01280,B2C,B2C,2023-03-31,33.25,,new
U01280,B2C,B2C,2023-04-30,33.25,33.25,retained_flat
U01280,B2C,B2C,2023-05-31,33.25,33.25,retained_flat
U01280,B2C,B2C,2023-06-30,33.25,33.25,retained_flat
U01280,B2C,B2C,2023-07-31,33.25,33.25,retained_flat
U01280,B2C,B2C,2023-08-31,33.25,33.25,retained_flat
U01280,B2C,B2C,2023-09-30,33.25,33.25,retained_flat
U01280,B2C,B2C,2023-10-31,33.25,33.25,retained_flat
U01280,B2C,B2C,2023-11-30,33.25,33.25,retained_flat
U01280,B2C,B2C,2023-12-31,33.25,33.25,retained_flat
U01280,B2C,B2C,2024-01-31,33.25,33.25,retained_flat
U01280,B2C,B2C,2024-02-29,33.25,33.25,retained_flat
U01280,B2C,B2C,2024-03-31,0.0,33.25,churn
U01280,B2C,B2C,2024-04-30,0.0,0.0,inactive
U01283,B2C,B2C,2023-03-31,33.25,,new
U01283,B2C,B2C,2023-04-30,33.25,33.25,retained_flat
U01283,B2C,B2C,2023-05-31,33.25,33.25,retained_flat
U01283,B2C,B2C,2023-06-30,33.25,33.25,retained_flat
U01283,B2C,B2C,2023-07-31,33.25,33.25,retained_flat
U01283,B2C,B2C,2023-08-31,33.25,33.25,retained_flat
U01283,B2C,B2C,2023-09-30,33.25,33.25,retained_flat
U01283,B2C,B2C,2023-10-31,33.25,33.25,retained_flat
U01283,B2C,B2C,2023-11-30,33.25,33.25,retained_flat
U01283,B2C,B2C,2023-12-31,33.25,33.25,retained_flat
U01283,B2C,B2C,2024-01-31,33.25,33.25,retained_flat
U01283,B2C,B2C,2024-02-29,33.25,33.25,retained_flat
U01283,B2C,B2C,2024-03-31,33.25,33.25,retained_flat
U01283,B2C,B2C,2024-04-30,33.25,33.25,retained_flat
U01311,SMB,B2B,2023-03-31,149.92,,new
U01311,SMB,B2B,2023-04-30,149.92,149.92,retained_flat
U01311,SMB,B2B,2023-05-31,149.92,149.92,retained_flat
U01311,SMB,B2B,2023-06-30,149.92,149.92,retained_flat
U01311,SMB,B2B,2023-07-31,149.92,149.92,retained_flat
U01311,SMB,B2B,2023-08-31,149.92,149.92,retained_flat
U01311,SMB,B2B,2023-09-30,149.92,149.92,retained_flat
U01311,SMB,B2B,2023-10-31,149.92,149.92,retained_flat
U01311,SMB,B2B,2023-11-30,149.92,149.92,retained_flat
U01311,SMB,B2B,2023-12-31,149.92,149.92,retained_flat
U01311,SMB,B2B,2024-01-31,149.92,149.92,retained_flat
U01311,SMB,B2B,2024-02-29,149.92,149.92,retained_flat
U01311,SMB,B2B,2024-03-31,185.76,149.92,expansion
U01311,SMB,B2B,2024-04-30,185.76,185.76,retained_flat
U01365,B2C,B2C,2023-04-30,49.0,,new
U01365,B2C,B2C,2023-05-31,49.0,49.0,retained_flat
U01365,B2C,B2C,2023-06-30,49.0,49.0,retained_flat
U01365,B2C,B2C,2023-07-31,49.0,49.0,retained_flat
U01365,B2C,B2C,2023-08-31,49.0,49.0,retained_flat
U01365,B2C,B2C,2023-09-30,49.0,49.0,retained_flat
U01365,B2C,B2C,2023-10-31,49.0,49.0,retained_flat
U01365,B2C,B2C,2023-11-30,0.0,49.0,churn
U01365,B2C,B2C,2023-12-31,0.0,0.0,inactive
U01365,B2C,B2C,2024-01-31,0.0,0.0,inactive
U01365,B2C,B2C,2024-02-29,0.0,0.0,inactive
U01365,B2C,B2C,2024-03-31,0.0,0.0,inactive
U01365,B2C,B2C,2024-04-30,0.0,0.0,inactive
U01368,B2C,B2C,2023-04-30,49.0,,new
U01368,B2C,B2C,2023-05-31,49.0,49.0,retained_flat
U01368,B2C,B2C,2023-06-30,49.0,49.0,retained_flat
U01368,B2C,B2C,2023-07-31,49.0,49.0,retained_flat
U01368,B2C,B2C,2023-08-31,49.0,49.0,retained_flat
U01368,B2C,B2C,2023-09-30,0.0,49.0,churn
U01368,B2C,B2C,2023-10-31,0.0,0.0,inactive
U01368,B2C,B2C,2023-11-30,0.0,0.0,inactive
U01368,B2C,B2C,2023-12-31,0.0,0.0,inactive
U01368,B2C,B2C,2024-01-31,0.0,0.0,inactive
U01368,B2C,B2C,2024-02-29,0.0,0.0,inactive
U01368,B2C,B2C,2024-03-31,0.0,0.0,inactive
U01368,B2C,B2C,2024-04-30,0.0,0.0,inactive
U01369,B2C,B2C,2023-04-30,49.0,,new
U01369,B2C,B2C,2023-05-31,49.0,49.0,retained_flat
U01369,B2C,B2C,2023-06-30,0.0,49.0,churn
U01369,B2C,B2C,2023-07-31,0.0,0.0,inactive
U01369,B2C,B2C,2023-08-31,0.0,0.0,inactive
U01369,B2C,B2C,2023-09-30,0.0,0.0,inactive
U01369,B2C,B2C,2023-10-31,0.0,0.0,inactive
U01369,B2C,B2C,2023-11-30,0.0,0.0,inactive
U01369,B2C,B2C,2023-12-31,0.0,0.0,inactive
U01369,B2C,B2C,2024-01-31,0.0,0.0,inactive
U01369,B2C,B2C,2024-02-29,0.0,0.0,inactive
U01369,B2C,B2C,2024-03-31,0.0,0.0,inactive
U01369,B2C,B2C,2024-04-30,0.0,0.0,inactive
U01377,B2C,B2C,2023-04-30,49.0,,new
U01377,B2C,B2C,2023-05-31,49.0,49.0,retained_flat
U01377,B2C,B2C,2023-06-30,49.0,49.0,retained_flat
U01377,B2C,B2C,2023-07-31,49.0,49.0,retained_flat
U01377,B2C,B2C,2023-08-31,49.0,49.0,retained_flat
U01377,B2C,B2C,2023-09-30,49.0,49.0,retained_flat
U01377,B2C,B2C,2023-10-31,0.0,49.0,churn
U01377,B2C,B2C,2023-11-30,0.0,0.0,inactive
U01377,B2C,B2C,2023-12-31,0.0,0.0,inactive
U01377,B2C,B2C,2024-01-31,0.0,0.0,inactive
U01377,B2C,B2C,2024-02-29,0.0,0.0,inactive
U01377,B2C,B2C,2024-03-31,0.0,0.0,inactive
U01377,B2C,B2C,2024-04-30,0.0,0.0,inactive
U01404,B2C,B2C,2023-04-30,33.25,,new
U01404,B2C,B2C,2023-05-31,33.25,33.25,retained_flat
U01404,B2C,B2C,2023-06-30,33.25,33.25,retained_flat
U01404,B2C,B2C,2023-07-31,33.25,33.25,retained_flat
U01404,B2C,B2C,2023-08-31,33.25,33.25,retained_flat
U01404,B2C,B2C,2023-09-30,33.25,33.25,retained_flat
U01404,B2C,B2C,2023-10-31,33.25,33.25,retained_flat
U01404,B2C,B2C,2023-11-30,33.25,33.25,retained_flat
U01404,B2C,B2C,2023-12-31,33.25,33.25,retained_flat
U01404,B2C,B2C,2024-01-31,33.25,33.25,retained_flat
U01404,B2C,B2C,2024-02-29,33.25,33.25,retained_flat
U01404,B2C,B2C,2024-03-31,33.25,33.25,retained_flat
U01404,B2C,B2C,2024-04-30,33.25,33.25,retained_flat
U01423,B2C,B2C,2023-04-30,49.0,,new
U01423,B2C,B2C,2023-05-31,49.0,49.0,retained_flat
U01423,B2C,B2C,2023-06-30,49.0,49.0,retained_flat
U01423,B2C,B2C,2023-07-31,49.0,49.0,retained_flat
U01423,B2C,B2C,2023-08-31,49.0,49.0,retained_flat
U01423,B2C,B2C,2023-09-30,49.0,49.0,retained_flat
U01423,B2C,B2C,2023-10-31,49.0,49.0,retained_flat
U01423,B2C,B2C,2023-11-30,49.0,49.0,retained_flat
U01423,B2C,B2C,2023-12-31,49.0,49.0,retained_flat
U01423,B2C,B2C,2024-01-31,49.0,49.0,retained_flat
U01423,B2C,B2C,2024-02-29,49.0,49.0,retained_flat
U01423,B2C,B2C,2024-03-31,49.0,49.0,retained_flat
U01423,B2C,B2C,2024-04-30,49.0,49.0,retained_flat
U01437,SMB,B2B,2023-04-30,199.0,,new
U01437,SMB,B2B,2023-05-31,199.0,199.0,retained_flat
U01437,SMB,B2B,2023-06-30,199.0,199.0,retained_flat
U01437,SMB,B2B,2023-07-31,199.0,199.0,retained_flat
U01437,SMB,B2B,2023-08-31,0.0,199.0,churn
U01437,SMB,B2B,2023-09-30,0.0,0.0,inactive
U01437,SMB,B2B,2023-10-31,0.0,0.0,inactive
U01437,SMB,B2B,2023-11-30,0.0,0.0,inactive
U01437,SMB,B2B,2023-12-31,0.0,0.0,inactive
U01437,SMB,B2B,2024-01-31,0.0,0.0,inactive
U01437,SMB,B2B,2024-02-29,0.0,0.0,inactive
U01437,SMB,B2B,2024-03-31,0.0,0.0,inactive
U01437,SMB,B2B,2024-04-30,0.0,0.0,inactive
U01446,SMB,B2B,2023-04-30,199.0,,new
U01446,SMB,B2B,2023-05-31,239.42,199.0,expansion
U01446,SMB,B2B,2023-06-30,239.42,239.42,retained_flat
U01446,SMB,B2B,2023-07-31,239.42,239.42,retained_flat
U01446,SMB,B2B,2023-08-31,239.42,239.42,retained_flat
U01446,SMB,B2B,2023-09-30,239.42,239.42,retained_flat
U01446,SMB,B2B,2023-10-31,258.56,239.42,expansion
U01446,SMB,B2B,2023-11-30,258.56,258.56,retained_flat
U01446,SMB,B2B,2023-12-31,258.56,258.56,retained_flat
U01446,SMB,B2B,2024-01-31,258.56,258.56,retained_flat
U01446,SMB,B2B,2024-02-29,280.58,258.56,expansion
U01446,SMB,B2B,2024-03-31,280.58,280.58,retained_flat
U01446,SMB,B2B,2024-04-30,226.52,280.58,contraction
U01454,B2C,B2C,2023-05-31,49.0,,new
U01454,B2C,B2C,2023-06-30,49.0,49.0,retained_flat
U01454,B2C,B2C,2023-07-31,49.0,49.0,retained_flat
U01454,B2C,B2C,2023-08-31,49.0,49.0,retained_flat
U01454,B2C,B2C,2023-09-30,49.0,49.0,retained_flat
U01454,B2C,B2C,2023-10-31,49.0,49.0,retained_flat
U01454,B2C,B2C,2023-11-30,49.0,49.0,retained_flat
U01454,B2C,B2C,2023-12-31,49.0,49.0,retained_flat
U01454,B2C,B2C,2024-01-31,49.0,49.0,retained_flat
U01454,B2C,B2C,2024-02-29,0.0,49.0,churn
U01454,B2C,B2C,2024-03-31,0.0,0.0,inactive
U01454,B2C,B2C,2024-04-30,0.0,0.0,inactive
U01458,B2C,B2C,2023-05-31,33.25,,new
U01458,B2C,B2C,2023-06-30,33.25,33.25,retained_flat
U01458,B2C,B2C,2023-07-31,33.25,33.25,retained_flat
U01458,B2C,B2C,2023-08-31,33.25,33.25,retained_flat
U01458,B2C,B2C,2023-09-30,33.25,33.25,retained_flat
U01458,B2C,B2C,2023-10-31,33.25,33.25,retained_flat
U01458,B2C,B2C,2023-11-30,33.25,33.25,retained_flat
U01458,B2C,B2C,2023-12-31,33.25,33.25,retained_flat
U01458,B2C,B2C,2024-01-31,33.25,33.25,retained_flat
U01458,B2C,B2C,2024-02-29,33.25,33.25,retained_flat
U01458,B2C,B2C,2024-03-31,33.25,33.25,retained_flat
U01458,B2C,B2C,2024-04-30,33.25,33.25,retained_flat
U01461,B2C,B2C,2023-05-31,49.0,,new
U01461,B2C,B2C,2023-06-30,49.0,49.0,retained_flat
U01461,B2C,B2C,2023-07-31,49.0,49.0,retained_flat
U01461,B2C,B2C,2023-08-31,0.0,49.0,churn
U01461,B2C,B2C,2023-09-30,0.0,0.0,inactive
U01461,B2C,B2C,2023-10-31,0.0,0.0,inactive
U01461,B2C,B2C,2023-11-30,0.0,0.0,inactive
U01461,B2C,B2C,2023-12-31,0.0,0.0,inactive
U01461,B2C,B2C,2024-01-31,0.0,0.0,inactive
U01461,B2C,B2C,2024-02-29,0.0,0.0,inactive
U01461,B2C,B2C,2024-03-31,0.0,0.0,inactive
U01461,B2C,B2C,2024-04-30,0.0,0.0,inactive
U01487,B2C,B2C,2023-05-31,49.0,,new
U01487,B2C,B2C,2023-06-30,49.0,49.0,retained_flat
U01487,B2C,B2C,2023-07-31,49.0,49.0,retained_flat
U01487,B2C,B2C,2023-08-31,0.0,49.0,churn
U01487,B2C,B2C,2023-09-30,0.0,0.0,inactive
U01487,B2C,B2C,2023-10-31,0.0,0.0,inactive
U01487,B2C,B2C,2023-11-30,0.0,0.0,inactive
U01487,B2C,B2C,2023-12-31,0.0,0.0,inactive
U01487,B2C,B2C,2024-01-31,0.0,0.0,inactive
U01487,B2C,B2C,2024-02-29,0.0,0.0,inactive
U01487,B2C,B2C,2024-03-31,0.0,0.0,inactive
U01487,B2C,B2C,2024-04-30,0.0,0.0,inactive
U01488,B2C,B2C,2023-05-31,49.0,,new
U01488,B2C,B2C,2023-06-30,49.0,49.0,retained_flat
U01488,B2C,B2C,2023-07-31,49.0,49.0,retained_flat
U01488,B2C,B2C,2023-08-31,49.0,49.0,retained_flat
U01488,B2C,B2C,2023-09-30,49.0,49.0,retained_flat
U01488,B2C,B2C,2023-10-31,49.0,49.0,retained_flat
U01488,B2C,B2C,2023-11-30,49.0,49.0,retained_flat
U01488,B2C,B2C,2023-12-31,0.0,49.0,churn
U01488,B2C,B2C,2024-01-31,0.0,0.0,inactive
U01488,B2C,B2C,2024-02-29,0.0,0.0,inactive
U01488,B2C,B2C,2024-03-31,0.0,0.0,inactive
U01488,B2C,B2C,2024-04-30,0.0,0.0,inactive
U01507,B2C,B2C,2023-05-31,49.0,,new
U01507,B2C,B2C,2023-06-30,49.0,49.0,retained_flat
U01507,B2C,B2C,2023-07-31,49.0,49.0,retained_flat
U01507,B2C,B2C,2023-08-31,49.0,49.0,retained_flat
U01507,B2C,B2C,2023-09-30,49.0,49.0,retained_flat
U01507,B2C,B2C,2023-10-31,49.0,49.0,retained_flat
U01507,B2C,B2C,2023-11-30,0.0,49.0,churn
U01507,B2C,B2C,2023-12-31,0.0,0.0,inactive
U01507,B2C,B2C,2024-01-31,0.0,0.0,inactive
U01507,B2C,B2C,2024-02-29,0.0,0.0,inactive
U01507,B2C,B2C,2024-03-31,0.0,0.0,inactive
U01507,B2C,B2C,2024-04-30,0.0,0.0,inactive
U01515,B2C,B2C,2023-05-31,33.25,,new
U01515,B2C,B2C,2023-06-30,33.25,33.25,retained_flat
U01515,B2C,B2C,2023-07-31,33.25,33.25,retained_flat
U01515,B2C,B2C,2023-08-31,33.25,33.25,retained_flat
U01515,B2C,B2C,2023-09-30,33.25,33.25,retained_flat
U01515,B2C,B2C,2023-10-31,33.25,33.25,retained_flat
U01515,B2C,B2C,2023-11-30,33.25,33.25,retained_flat
U01515,B2C,B2C,2023-12-31,33.25,33.25,retained_flat
U01515,B2C,B2C,2024-01-31,33.25,33.25,retained_flat
U01515,B2C,B2C,2024-02-29,33.25,33.25,retained_flat
U01515,B2C,B2C,2024-03-31,33.25,33.25,retained_flat
U01515,B2C,B2C,2024-04-30,33.25,33.25,retained_flat
U01522,B2C,B2C,2023-05-31,33.25,,new
U01522,B2C,B2C,2023-06-30,33.25,33.25,retained_flat
U01522,B2C,B2C,2023-07-31,33.25,33.25,retained_flat
U01522,B2C,B2C,2023-08-31,33.25,33.25,retained_flat
U01522,B2C,B2C,2023-09-30,33.25,33.25,retained_flat
U01522,B2C,B2C,2023-10-31,33.25,33.25,retained_flat
U01522,B2C,B2C,2023-11-30,33.25,33.25,retained_flat
U01522,B2C,B2C,2023-12-31,33.25,33.25,retained_flat
U01522,B2C,B2C,2024-01-31,33.25,33.25,retained_flat
U01522,B2C,B2C,2024-02-29,33.25,33.25,retained_flat
U01522,B2C,B2C,2024-03-31,33.25,33.25,retained_flat
U01522,B2C,B2C,2024-04-30,33.25,33.25,retained_flat
U01526,B2C,B2C,2023-05-31,49.0,,new
U01526,B2C,B2C,2023-06-30,49.0,49.0,retained_flat
U01526,B2C,B2C,2023-07-31,0.0,49.0,churn
U01526,B2C,B2C,2023-08-31,0.0,0.0,inactive
U01526,B2C,B2C,2023-09-30,0.0,0.0,inactive
U01526,B2C,B2C,2023-10-31,0.0,0.0,inactive
U01526,B2C,B2C,2023-11-30,0.0,0.0,inactive
U01526,B2C,B2C,2023-12-31,0.0,0.0,inactive
U01526,B2C,B2C,2024-01-31,0.0,0.0,inactive
U01526,B2C,B2C,2024-02-29,0.0,0.0,inactive
U01526,B2C,B2C,2024-03-31,0.0,0.0,inactive
U01526,B2C,B2C,2024-04-30,0.0,0.0,inactive
U01538,B2C,B2C,2023-05-31,33.25,,new
U01538,B2C,B2C,2023-06-30,33.25,33.25,retained_flat
U01538,B2C,B2C,2023-07-31,33.25,33.25,retained_flat
U01538,B2C,B2C,2023-08-31,33.25,33.25,retained_flat
U01538,B2C,B2C,2023-09-30,33.25,33.25,retained_flat
U01538,B2C,B2C,2023-10-31,33.25,33.25,retained_flat
U01538,B2C,B2C,2023-11-30,33.25,33.25,retained_flat
U01538,B2C,B2C,2023-12-31,33.25,33.25,retained_flat
U01538,B2C,B2C,2024-01-31,33.25,33.25,retained_flat
U01538,B2C,B2C,2024-02-29,33.25,33.25,retained_flat
U01538,B2C,B2C,2024-03-31,33.25,33.25,retained_flat
U01538,B2C,B2C,2024-04-30,33.25,33.25,retained_flat
U01578,Enterprise,B2B,2023-05-31,825.0,,new
U01578,Enterprise,B2B,2023-06-30,825.0,825.0,retained_flat
U01578,Enterprise,B2B,2023-07-31,825.0,825.0,retained_flat
U01578,Enterprise,B2B,2023-08-31,825.0,825.0,retained_flat
U01578,Enterprise,B2B,2023-09-30,825.0,825.0,retained_flat
U01578,Enterprise,B2B,2023-10-31,825.0,825.0,retained_flat
U01578,Enterprise,B2B,2023-11-30,825.0,825.0,retained_flat
U01578,Enterprise,B2B,2023-12-31,825.0,825.0,retained_flat
U01578,Enterprise,B2B,2024-01-31,825.0,825.0,retained_flat
U01578,Enterprise,B2B,2024-02-29,825.0,825.0,retained_flat
U01578,Enterprise,B2B,2024-03-31,825.0,825.0,retained_flat
U01578,Enterprise,B2B,2024-04-30,825.0,825.0,retained_flat
U01586,B2C,B2C,2023-06-30,49.0,,new
U01586,B2C,B2C,2023-07-31,0.0,49.0,churn
U01586,B2C,B2C,2023-08-31,0.0,0.0,inactive
U01586,B2C,B2C,2023-09-30,0.0,0.0,inactive
U01586,B2C,B2C,2023-10-31,0.0,0.0,inactive
U01586,B2C,B2C,2023-11-30,0.0,0.0,inactive
U01586,B2C,B2C,2023-12-31,0.0,0.0,inactive
U01586,B2C,B2C,2024-01-31,0.0,0.0,inactive
U01586,B2C,B2C,2024-02-29,0.0,0.0,inactive
U01586,B2C,B2C,2024-03-31,0.0,0.0,inactive
U01586,B2C,B2C,2024-04-30,0.0,0.0,inactive
U01588,B2C,B2C,2023-06-30,33.25,,new
U01588,B2C,B2C,2023-07-31,33.25,33.25,retained_flat
U01588,B2C,B2C,2023-08-31,33.25,33.25,retained_flat
U01588,B2C,B2C,2023-09-30,33.25,33.25,retained_flat
U01588,B2C,B2C,2023-10-31,33.25,33.25,retained_flat
U01588,B2C,B2C,2023-11-30,33.25,33.25,retained_flat
U01588,B2C,B2C,2023-12-31,33.25,33.25,retained_flat
U01588,B2C,B2C,2024-01-31,33.25,33.25,retained_flat
U01588,B2C,B2C,2024-02-29,33.25,33.25,retained_flat
U01588,B2C,B2C,2024-03-31,33.25,33.25,retained_flat
U01588,B2C,B2C,2024-04-30,33.25,33.25,retained_flat
U01589,B2C,B2C,2023-06-30,33.25,,new
U01589,B2C,B2C,2023-07-31,33.25,33.25,retained_flat
U01589,B2C,B2C,2023-08-31,33.25,33.25,retained_flat
U01589,B2C,B2C,2023-09-30,33.25,33.25,retained_flat
U01589,B2C,B2C,2023-10-31,33.25,33.25,retained_flat
U01589,B2C,B2C,2023-11-30,33.25,33.25,retained_flat
U01589,B2C,B2C,2023-12-31,33.25,33.25,retained_flat
U01589,B2C,B2C,2024-01-31,33.25,33.25,retained_flat
U01589,B2C,B2C,2024-02-29,33.25,33.25,retained_flat
U01589,B2C,B2C,2024-03-31,33.25,33.25,retained_flat
U01589,B2C,B2C,2024-04-30,33.25,33.25,retained_flat
U01615,B2C,B2C,2023-06-30,33.25,,new
U01615,B2C,B2C,2023-07-31,33.25,33.25,retained_flat
U01615,B2C,B2C,2023-08-31,33.25,33.25,retained_flat
U01615,B2C,B2C,2023-09-30,33.25,33.25,retained_flat
U01615,B2C,B2C,2023-10-31,33.25,33.25,retained_flat
U01615,B2C,B2C,2023-11-30,33.25,33.25,retained_flat
U01615,B2C,B2C,2023-12-31,33.25,33.25,retained_flat
U01615,B2C,B2C,2024-01-31,33.25,33.25,retained_flat
U01615,B2C,B2C,2024-02-29,33.25,33.25,retained_flat
U01615,B2C,B2C,2024-03-31,33.25,33.25,retained_flat
U01615,B2C,B2C,2024-04-30,33.25,33.25,retained_flat
U01616,B2C,B2C,2023-06-30,49.0,,new
U01616,B2C,B2C,2023-07-31,49.0,49.0,retained_flat
U01616,B2C,B2C,2023-08-31,49.0,49.0,retained_flat
U01616,B2C,B2C,2023-09-30,0.0,49.0,churn
U01616,B2C,B2C,2023-10-31,0.0,0.0,inactive
U01616,B2C,B2C,2023-11-30,0.0,0.0,inactive
U01616,B2C,B2C,2023-12-31,0.0,0.0,inactive
U01616,B2C,B2C,2024-01-31,0.0,0.0,inactive
U01616,B2C,B2C,2024-02-29,0.0,0.0,inactive
U01616,B2C,B2C,2024-03-31,0.0,0.0,inactive
U01616,B2C,B2C,2024-04-30,0.0,0.0,inactive
U01634,B2C,B2C,2023-06-30,49.0,,new
U01634,B2C,B2C,2023-07-31,49.0,49.0,retained_flat
U01634,B2C,B2C,2023-08-31,49.0,49.0,retained_flat
U01634,B2C,B2C,2023-09-30,49.0,49.0,retained_flat
U01634,B2C,B2C,2023-10-31,49.0,49.0,retained_flat
U01634,B2C,B2C,2023-11-30,49.0,49.0,retained_flat
U01634,B2C,B2C,2023-12-31,49.0,49.0,retained_flat
U01634,B2C,B2C,2024-01-31,49.0,49.0,retained_flat
U01634,B2C,B2C,2024-02-29,49.0,49.0,retained_flat
U01634,B2C,B2C,2024-03-31,49.0,49.0,retained_flat
U01634,B2C,B2C,2024-04-30,49.0,49.0,retained_flat
U01638,B2C,B2C,2023-06-30,49.0,,new
U01638,B2C,B2C,2023-07-31,0.0,49.0,churn
U01638,B2C,B2C,2023-08-31,0.0,0.0,inactive
U01638,B2C,B2C,2023-09-30,0.0,0.0,inactive
U01638,B2C,B2C,2023-10-31,0.0,0.0,inactive
U01638,B2C,B2C,2023-11-30,0.0,0.0,inactive
U01638,B2C,B2C,2023-12-31,0.0,0.0,inactive
U01638,B2C,B2C,2024-01-31,0.0,0.0,inactive
U01638,B2C,B2C,2024-02-29,0.0,0.0,inactive
U01638,B2C,B2C,2024-03-31,0.0,0.0,inactive
U01638,B2C,B2C,2024-04-30,0.0,0.0,inactive
U01649,B2C,B2C,2023-06-30,49.0,,new
U01649,B2C,B2C,2023-07-31,49.0,49.0,retained_flat
U01649,B2C,B2C,2023-08-31,0.0,49.0,churn
U01649,B2C,B2C,2023-09-30,0.0,0.0,inactive
U01649,B2C,B2C,2023-10-31,0.0,0.0,inactive
U01649,B2C,B2C,2023-11-30,0.0,0.0,inactive
U01649,B2C,B2C,2023-12-31,0.0,0.0,inactive
U01649,B2C,B2C,2024-01-31,0.0,0.0,inactive
U01649,B2C,B2C,2024-02-29,0.0,0.0,inactive
U01649,B2C,B2C,2024-03-31,0.0,0.0,inactive
U01649,B2C,B2C,2024-04-30,0.0,0.0,inactive
U01666,B2C,B2C,2023-06-30,49.0,,new
U01666,B2C,B2C,2023-07-31,49.0,49.0,retained_flat
U01666,B2C,B2C,2023-08-31,49.0,49.0,retained_flat
U01666,B2C,B2C,2023-09-30,49.0,49.0,retained_flat
U01666,B2C,B2C,2023-10-31,49.0,49.0,retained_flat
U01666,B2C,B2C,2023-11-30,49.0,49.0,retained_flat
U01666,B2C,B2C,2023-12-31,49.0,49.0,retained_flat
U01666,B2C,B2C,2024-01-31,49.0,49.0,retained_flat
U01666,B2C,B2C,2024-02-29,49.0,49.0,retained_flat
U01666,B2C,B2C,2024-03-31,49.0,49.0,retained_flat
U01666,B2C,B2C,2024-04-30,49.0,49.0,retained_flat
U01677,B2C,B2C,2023-06-30,49.0,,new
U01677,B2C,B2C,2023-07-31,49.0,49.0,retained_flat
U01677,B2C,B2C,2023-08-31,49.0,49.0,retained_flat
U01677,B2C,B2C,2023-09-30,49.0,49.0,retained_flat
U01677,B2C,B2C,2023-10-31,49.0,49.0,retained_flat
U01677,B2C,B2C,2023-11-30,49.0,49.0,retained_flat
U01677,B2C,B2C,2023-12-31,0.0,49.0,churn
U01677,B2C,B2C,2024-01-31,0.0,0.0,inactive
U01677,B2C,B2C,2024-02-29,0.0,0.0,inactive
U01677,B2C,B2C,2024-03-31,0.0,0.0,inactive
U01677,B2C,B2C,2024-04-30,0.0,0.0,inactive
U01702,B2C,B2C,2023-06-30,49.0,,new
U01702,B2C,B2C,2023-07-31,49.0,49.0,retained_flat
U01702,B2C,B2C,2023-08-31,49.0,49.0,retained_flat
U01702,B2C,B2C,2023-09-30,49.0,49.0,retained_flat
U01702,B2C,B2C,2023-10-31,49.0,49.0,retained_flat
U01702,B2C,B2C,2023-11-30,49.0,49.0,retained_flat
U01702,B2C,B2C,2023-12-31,49.0,49.0,retained_flat
U01702,B2C,B2C,2024-01-31,49.0,49.0,retained_flat
U01702,B2C,B2C,2024-02-29,49.0,49.0,retained_flat
U01702,B2C,B2C,2024-03-31,49.0,49.0,retained_flat
U01702,B2C,B2C,2024-04-30,0.0,49.0,churn
U01704,B2C,B2C,2023-06-30,33.25,,new
U01704,B2C,B2C,2023-07-31,33.25,33.25,retained_flat
U01704,B2C,B2C,2023-08-31,33.25,33.25,retained_flat
U01704,B2C,B2C,2023-09-30,33.25,33.25,retained_flat
U01704,B2C,B2C,2023-10-31,33.25,33.25,retained_flat
U01704,B2C,B2C,2023-11-30,33.25,33.25,retained_flat
U01704,B2C,B2C,2023-12-31,33.25,33.25,retained_flat
U01704,B2C,B2C,2024-01-31,33.25,33.25,retained_flat
U01704,B2C,B2C,2024-02-29,33.25,33.25,retained_flat
U01704,B2C,B2C,2024-03-31,33.25,33.25,retained_flat
U01704,B2C,B2C,2024-04-30,33.25,33.25,retained_flat
U01731,Enterprise,B2B,2023-06-30,990.0,,new
U01731,Enterprise,B2B,2023-07-31,1049.82,990.0,expansion
U01731,Enterprise,B2B,2023-08-31,1049.82,1049.82,retained_flat
U01731,Enterprise,B2B,2023-09-30,1049.82,1049.82,retained_flat
U01731,Enterprise,B2B,2023-10-31,1049.82,1049.82,retained_flat
U01731,Enterprise,B2B,2023-11-30,1049.82,1049.82,retained_flat
U01731,Enterprise,B2B,2023-12-31,1049.82,1049.82,retained_flat
U01731,Enterprise,B2B,2024-01-31,1049.82,1049.82,retained_flat
U01731,Enterprise,B2B,2024-02-29,1049.82,1049.82,retained_flat
U01731,Enterprise,B2B,2024-03-31,1049.82,1049.82,retained_flat
U01731,Enterprise,B2B,2024-04-30,0.0,1049.82,churn
U01736,B2C,B2C,2023-07-31,33.25,,new
U01736,B2C,B2C,2023-08-31,33.25,33.25,retained_flat
U01736,B2C,B2C,2023-09-30,33.25,33.25,retained_flat
U01736,B2C,B2C,2023-10-31,33.25,33.25,retained_flat
U01736,B2C,B2C,2023-11-30,33.25,33.25,retained_flat
U01736,B2C,B2C,2023-12-31,33.25,33.25,retained_flat
U01736,B2C,B2C,2024-01-31,33.25,33.25,retained_flat
U01736,B2C,B2C,2024-02-29,33.25,33.25,retained_flat
U01736,B2C,B2C,2024-03-31,33.25,33.25,retained_flat
U01736,B2C,B2C,2024-04-30,33.25,33.25,retained_flat
U01747,B2C,B2C,2023-07-31,33.25,,new
U01747,B2C,B2C,2023-08-31,33.25,33.25,retained_flat
U01747,B2C,B2C,2023-09-30,33.25,33.25,retained_flat
U01747,B2C,B2C,2023-10-31,33.25,33.25,retained_flat
U01747,B2C,B2C,2023-11-30,33.25,33.25,retained_flat
U01747,B2C,B2C,2023-12-31,33.25,33.25,retained_flat
U01747,B2C,B2C,2024-01-31,33.25,33.25,retained_flat
U01747,B2C,B2C,2024-02-29,33.25,33.25,retained_flat
U01747,B2C,B2C,2024-03-31,33.25,33.25,retained_flat
U01747,B2C,B2C,2024-04-30,33.25,33.25,retained_flat
U01772,B2C,B2C,2023-07-31,33.25,,new
U01772,B2C,B2C,2023-08-31,33.25,33.25,retained_flat
U01772,B2C,B2C,2023-09-30,33.25,33.25,retained_flat
U01772,B2C,B2C,2023-10-31,33.25,33.25,retained_flat
U01772,B2C,B2C,2023-11-30,33.25,33.25,retained_flat
U01772,B2C,B2C,2023-12-31,33.25,33.25,retained_flat
U01772,B2C,B2C,2024-01-31,33.25,33.25,retained_flat
U01772,B2C,B2C,2024-02-29,33.25,33.25,retained_flat
U01772,B2C,B2C,2024-03-31,33.25,33.25,retained_flat
U01772,B2C,B2C,2024-04-30,33.25,33.25,retained_flat
U01783,B2C,B2C,2023-07-31,49.0,,new
U01783,B2C,B2C,2023-08-31,49.0,49.0,retained_flat
U01783,B2C,B2C,2023-09-30,0.0,49.0,churn
U01783,B2C,B2C,2023-10-31,0.0,0.0,inactive
U01783,B2C,B2C,2023-11-30,0.0,0.0,inactive
U01783,B2C,B2C,2023-12-31,0.0,0.0,inactive
U01783,B2C,B2C,2024-01-31,0.0,0.0,inactive
U01783,B2C,B2C,2024-02-29,0.0,0.0,inactive
U01783,B2C,B2C,2024-03-31,0.0,0.0,inactive
U01783,B2C,B2C,2024-04-30,0.0,0.0,inactive
U01805,B2C,B2C,2023-07-31,49.0,,new
U01805,B2C,B2C,2023-08-31,49.0,49.0,retained_flat
U01805,B2C,B2C,2023-09-30,49.0,49.0,retained_flat
U01805,B2C,B2C,2023-10-31,49.0,49.0,retained_flat
U01805,B2C,B2C,2023-11-30,49.0,49.0,retained_flat
U01805,B2C,B2C,2023-12-31,49.0,49.0,retained_flat
U01805,B2C,B2C,2024-01-31,49.0,49.0,retained_flat
U01805,B2C,B2C,2024-02-29,49.0,49.0,retained_flat
U01805,B2C,B2C,2024-03-31,49.0,49.0,retained_flat
U01805,B2C,B2C,2024-04-30,49.0,49.0,retained_flat
U01827,B2C,B2C,2023-07-31,49.0,,new
U01827,B2C,B2C,2023-08-31,49.0,49.0,retained_flat
U01827,B2C,B2C,2023-09-30,49.0,49.0,retained_flat
U01827,B2C,B2C,2023-10-31,49.0,49.0,retained_flat
U01827,B2C,B2C,2023-11-30,49.0,49.0,retained_flat
U01827,B2C,B2C,2023-12-31,49.0,49.0,retained_flat
U01827,B2C,B2C,2024-01-31,0.0,49.0,churn
U01827,B2C,B2C,2024-02-29,0.0,0.0,inactive
U01827,B2C,B2C,2024-03-31,0.0,0.0,inactive
U01827,B2C,B2C,2024-04-30,0.0,0.0,inactive
U01849,B2C,B2C,2023-07-31,33.25,,new
U01849,B2C,B2C,2023-08-31,33.25,33.25,retained_flat
U01849,B2C,B2C,2023-09-30,33.25,33.25,retained_flat
U01849,B2C,B2C,2023-10-31,33.25,33.25,retained_flat
U01849,B2C,B2C,2023-11-30,33.25,33.25,retained_flat
U01849,B2C,B2C,2023-12-31,33.25,33.25,retained_flat
U01849,B2C,B2C,2024-01-31,33.25,33.25,retained_flat
U01849,B2C,B2C,2024-02-29,33.25,33.25,retained_flat
U01849,B2C,B2C,2024-03-31,33.25,33.25,retained_flat
U01849,B2C,B2C,2024-04-30,33.25,33.25,retained_flat
U01865,SMB,B2B,2023-07-31,149.92,,new
U01865,SMB,B2B,2023-08-31,149.92,149.92,retained_flat
U01865,SMB,B2B,2023-09-30,149.92,149.92,retained_flat
U01865,SMB,B2B,2023-10-31,149.92,149.92,retained_flat
U01865,SMB,B2B,2023-11-30,149.92,149.92,retained_flat
U01865,SMB,B2B,2023-12-31,149.92,149.92,retained_flat
U01865,SMB,B2B,2024-01-31,149.92,149.92,retained_flat
U01865,SMB,B2B,2024-02-29,149.92,149.92,retained_flat
U01865,SMB,B2B,2024-03-31,149.92,149.92,retained_flat
U01865,SMB,B2B,2024-04-30,149.92,149.92,retained_flat
U01875,Enterprise,B2B,2023-07-31,825.0,,new
U01875,Enterprise,B2B,2023-08-31,825.0,825.0,retained_flat
U01875,Enterprise,B2B,2023-09-30,825.0,825.0,retained_flat
U01875,Enterprise,B2B,2023-10-31,825.0,825.0,retained_flat
U01875,Enterprise,B2B,2023-11-30,825.0,825.0,retained_flat
U01875,Enterprise,B2B,2023-12-31,825.0,825.0,retained_flat
U01875,Enterprise,B2B,2024-01-31,825.0,825.0,retained_flat
U01875,Enterprise,B2B,2024-02-29,825.0,825.0,retained_flat
U01875,Enterprise,B2B,2024-03-31,825.0,825.0,retained_flat
U01875,Enterprise,B2B,2024-04-30,825.0,825.0,retained_flat
U01877,Enterprise,B2B,2023-07-31,825.0,,new
U01877,Enterprise,B2B,2023-08-31,825.0,825.0,retained_flat
U01877,Enterprise,B2B,2023-09-30,825.0,825.0,retained_flat
U01877,Enterprise,B2B,2023-10-31,825.0,825.0,retained_flat
U01877,Enterprise,B2B,2023-11-30,825.0,825.0,retained_flat
U01877,Enterprise,B2B,2023-12-31,825.0,825.0,retained_flat
U01877,Enterprise,B2B,2024-01-31,825.0,825.0,retained_flat
U01877,Enterprise,B2B,2024-02-29,825.0,825.0,retained_flat
U01877,Enterprise,B2B,2024-03-31,825.0,825.0,retained_flat
U01877,Enterprise,B2B,2024-04-30,825.0,825.0,retained_flat
U01878,Enterprise,B2B,2023-07-31,825.0,,new
U01878,Enterprise,B2B,2023-08-31,825.0,825.0,retained_flat
U01878,Enterprise,B2B,2023-09-30,825.0,825.0,retained_flat
U01878,Enterprise,B2B,2023-10-31,825.0,825.0,retained_flat
U01878,Enterprise,B2B,2023-11-30,825.0,825.0,retained_flat
U01878,Enterprise,B2B,2023-12-31,825.0,825.0,retained_flat
U01878,Enterprise,B2B,2024-01-31,825.0,825.0,retained_flat
U01878,Enterprise,B2B,2024-02-29,825.0,825.0,retained_flat
U01878,Enterprise,B2B,2024-03-31,825.0,825.0,retained_flat
U01878,Enterprise,B2B,2024-04-30,825.0,825.0,retained_flat
U01889,B2C,B2C,2023-08-31,33.25,,new
U01889,B2C,B2C,2023-09-30,33.25,33.25,retained_flat
U01889,B2C,B2C,2023-10-31,33.25,33.25,retained_flat
U01889,B2C,B2C,2023-11-30,33.25,33.25,retained_flat
U01889,B2C,B2C,2023-12-31,33.25,33.25,retained_flat
U01889,B2C,B2C,2024-01-31,33.25,33.25,retained_flat
U01889,B2C,B2C,2024-02-29,33.25,33.25,retained_flat
U01889,B2C,B2C,2024-03-31,33.25,33.25,retained_flat
U01889,B2C,B2C,2024-04-30,33.25,33.25,retained_flat
U01897,B2C,B2C,2023-08-31,49.0,,new
U01897,B2C,B2C,2023-09-30,49.0,49.0,retained_flat
U01897,B2C,B2C,2023-10-31,49.0,49.0,retained_flat
U01897,B2C,B2C,2023-11-30,49.0,49.0,retained_flat
U01897,B2C,B2C,2023-12-31,49.0,49.0,retained_flat
U01897,B2C,B2C,2024-01-31,49.0,49.0,retained_flat
U01897,B2C,B2C,2024-02-29,49.0,49.0,retained_flat
U01897,B2C,B2C,2024-03-31,49.0,49.0,retained_flat
U01897,B2C,B2C,2024-04-30,0.0,49.0,churn
U01900,B2C,B2C,2023-08-31,49.0,,new
U01900,B2C,B2C,2023-09-30,49.0,49.0,retained_flat
U01900,B2C,B2C,2023-10-31,49.0,49.0,retained_flat
U01900,B2C,B2C,2023-11-30,49.0,49.0,retained_flat
U01900,B2C,B2C,2023-12-31,49.0,49.0,retained_flat
U01900,B2C,B2C,2024-01-31,49.0,49.0,retained_flat
U01900,B2C,B2C,2024-02-29,49.0,49.0,retained_flat
U01900,B2C,B2C,2024-03-31,49.0,49.0,retained_flat
U01900,B2C,B2C,2024-04-30,0.0,49.0,churn
U01936,B2C,B2C,2023-08-31,49.0,,new
U01936,B2C,B2C,2023-09-30,49.0,49.0,retained_flat
U01936,B2C,B2C,2023-10-31,49.0,49.0,retained_flat
U01936,B2C,B2C,2023-11-30,49.0,49.0,retained_flat
U01936,B2C,B2C,2023-12-31,49.0,49.0,retained_flat
U01936,B2C,B2C,2024-01-31,49.0,49.0,retained_flat
U01936,B2C,B2C,2024-02-29,0.0,49.0,churn
U01936,B2C,B2C,2024-03-31,0.0,0.0,inactive
U01936,B2C,B2C,2024-04-30,0.0,0.0,inactive
U01942,B2C,B2C,2023-08-31,33.25,,new
U01942,B2C,B2C,2023-09-30,33.25,33.25,retained_flat
U01942,B2C,B2C,2023-10-31,33.25,33.25,retained_flat
U01942,B2C,B2C,2023-11-30,33.25,33.25,retained_flat
U01942,B2C,B2C,2023-12-31,33.25,33.25,retained_flat
U01942,B2C,B2C,2024-01-31,33.25,33.25,retained_flat
U01942,B2C,B2C,2024-02-29,33.25,33.25,retained_flat
U01942,B2C,B2C,2024-03-31,33.25,33.25,retained_flat
U01942,B2C,B2C,2024-04-30,33.25,33.25,retained_flat
U01951,B2C,B2C,2023-08-31,49.0,,new
U01951,B2C,B2C,2023-09-30,49.0,49.0,retained_flat
U01951,B2C,B2C,2023-10-31,49.0,49.0,retained_flat
U01951,B2C,B2C,2023-11-30,49.0,49.0,retained_flat
U01951,B2C,B2C,2023-12-31,49.0,49.0,retained_flat
U01951,B2C,B2C,2024-01-31,49.0,49.0,retained_flat
U01951,B2C,B2C,2024-02-29,0.0,49.0,churn
U01951,B2C,B2C,2024-03-31,0.0,0.0,inactive
U01951,B2C,B2C,2024-04-30,0.0,0.0,inactive
U01989,B2C,B2C,2023-08-31,33.25,,new
U01989,B2C,B2C,2023-09-30,33.25,33.25,retained_flat
U01989,B2C,B2C,2023-10-31,33.25,33.25,retained_flat
U01989,B2C,B2C,2023-11-30,33.25,33.25,retained_flat
U01989,B2C,B2C,2023-12-31,33.25,33.25,retained_flat
U01989,B2C,B2C,2024-01-31,33.25,33.25,retained_flat
U01989,B2C,B2C,2024-02-29,33.25,33.25,retained_flat
U01989,B2C,B2C,2024-03-31,33.25,33.25,retained_flat
U01989,B2C,B2C,2024-04-30,33.25,33.25,retained_flat
U02000,B2C,B2C,2023-08-31,49.0,,new
U02000,B2C,B2C,2023-09-30,49.0,49.0,retained_flat
U02000,B2C,B2C,2023-10-31,0.0,49.0,churn
U02000,B2C,B2C,2023-11-30,0.0,0.0,inactive
U02000,B2C,B2C,2023-12-31,0.0,0.0,inactive
U02000,B2C,B2C,2024-01-31,0.0,0.0,inactive
U02000,B2C,B2C,2024-02-29,0.0,0.0,inactive
U02000,B2C,B2C,2024-03-31,0.0,0.0,inactive
U02000,B2C,B2C,2024-04-30,0.0,0.0,inactive
U02003,B2C,B2C,2023-08-31,49.0,,new
U02003,B2C,B2C,2023-09-30,49.0,49.0,retained_flat
U02003,B2C,B2C,2023-10-31,49.0,49.0,retained_flat
U02003,B2C,B2C,2023-11-30,49.0,49.0,retained_flat
U02003,B2C,B2C,2023-12-31,49.0,49.0,retained_flat
U02003,B2C,B2C,2024-01-31,49.0,49.0,retained_flat
U02003,B2C,B2C,2024-02-29,49.0,49.0,retained_flat
U02003,B2C,B2C,2024-03-31,49.0,49.0,retained_flat
U02003,B2C,B2C,2024-04-30,49.0,49.0,retained_flat
U02005,B2C,B2C,2023-08-31,49.0,,new
U02005,B2C,B2C,2023-09-30,0.0,49.0,churn
U02005,B2C,B2C,2023-10-31,0.0,0.0,inactive
U02005,B2C,B2C,2023-11-30,0.0,0.0,inactive
U02005,B2C,B2C,2023-12-31,0.0,0.0,inactive
U02005,B2C,B2C,2024-01-31,0.0,0.0,inactive
U02005,B2C,B2C,2024-02-29,0.0,0.0,inactive
U02005,B2C,B2C,2024-03-31,0.0,0.0,inactive
U02005,B2C,B2C,2024-04-30,0.0,0.0,inactive
U02048,B2C,B2C,2023-09-30,49.0,,new
U02048,B2C,B2C,2023-10-31,49.0,49.0,retained_flat
U02048,B2C,B2C,2023-11-30,49.0,49.0,retained_flat
U02048,B2C,B2C,2023-12-31,49.0,49.0,retained_flat
U02048,B2C,B2C,2024-01-31,49.0,49.0,retained_flat
U02048,B2C,B2C,2024-02-29,49.0,49.0,retained_flat
U02048,B2C,B2C,2024-03-31,49.0,49.0,retained_flat
U02048,B2C,B2C,2024-04-30,49.0,49.0,retained_flat
U02086,B2C,B2C,2023-09-30,33.25,,new
U02086,B2C,B2C,2023-10-31,33.25,33.25,retained_flat
U02086,B2C,B2C,2023-11-30,33.25,33.25,retained_flat
U02086,B2C,B2C,2023-12-31,33.25,33.25,retained_flat
U02086,B2C,B2C,2024-01-31,33.25,33.25,retained_flat
U02086,B2C,B2C,2024-02-29,33.25,33.25,retained_flat
U02086,B2C,B2C,2024-03-31,33.25,33.25,retained_flat
U02086,B2C,B2C,2024-04-30,33.25,33.25,retained_flat
U02101,B2C,B2C,2023-09-30,49.0,,new
U02101,B2C,B2C,2023-10-31,49.0,49.0,retained_flat
U02101,B2C,B2C,2023-11-30,0.0,49.0,churn
U02101,B2C,B2C,2023-12-31,0.0,0.0,inactive
U02101,B2C,B2C,2024-01-31,0.0,0.0,inactive
U02101,B2C,B2C,2024-02-29,0.0,0.0,inactive
U02101,B2C,B2C,2024-03-31,0.0,0.0,inactive
U02101,B2C,B2C,2024-04-30,0.0,0.0,inactive
U02125,B2C,B2C,2023-09-30,49.0,,new
U02125,B2C,B2C,2023-10-31,49.0,49.0,retained_flat
U02125,B2C,B2C,2023-11-30,49.0,49.0,retained_flat
U02125,B2C,B2C,2023-12-31,49.0,49.0,retained_flat
U02125,B2C,B2C,2024-01-31,49.0,49.0,retained_flat
U02125,B2C,B2C,2024-02-29,49.0,49.0,retained_flat
U02125,B2C,B2C,2024-03-31,49.0,49.0,retained_flat
U02125,B2C,B2C,2024-04-30,49.0,49.0,retained_flat
U02136,B2C,B2C,2023-09-30,49.0,,new
U02136,B2C,B2C,2023-10-31,49.0,49.0,retained_flat
U02136,B2C,B2C,2023-11-30,49.0,49.0,retained_flat
U02136,B2C,B2C,2023-12-31,49.0,49.0,retained_flat
U02136,B2C,B2C,2024-01-31,49.0,49.0,retained_flat
U02136,B2C,B2C,2024-02-29,49.0,49.0,retained_flat
U02136,B2C,B2C,2024-03-31,49.0,49.0,retained_flat
U02136,B2C,B2C,2024-04-30,49.0,49.0,retained_flat
U02147,B2C,B2C,2023-09-30,33.25,,new
U02147,B2C,B2C,2023-10-31,33.25,33.25,retained_flat
U02147,B2C,B2C,2023-11-30,33.25,33.25,retained_flat
U02147,B2C,B2C,2023-12-31,33.25,33.25,retained_flat
U02147,B2C,B2C,2024-01-31,33.25,33.25,retained_flat
U02147,B2C,B2C,2024-02-29,33.25,33.25,retained_flat
U02147,B2C,B2C,2024-03-31,33.25,33.25,retained_flat
U02147,B2C,B2C,2024-04-30,33.25,33.25,retained_flat
U02152,B2C,B2C,2023-09-30,49.0,,new
U02152,B2C,B2C,2023-10-31,49.0,49.0,retained_flat
U02152,B2C,B2C,2023-11-30,49.0,49.0,retained_flat
U02152,B2C,B2C,2023-12-31,49.0,49.0,retained_flat
U02152,B2C,B2C,2024-01-31,49.0,49.0,retained_flat
U02152,B2C,B2C,2024-02-29,49.0,49.0,retained_flat
U02152,B2C,B2C,2024-03-31,49.0,49.0,retained_flat
U02152,B2C,B2C,2024-04-30,49.0,49.0,retained_flat
U02187,SMB,B2B,2023-09-30,149.92,,new
U02187,SMB,B2B,2023-10-31,149.92,149.92,retained_flat
U02187,SMB,B2B,2023-11-30,149.92,149.92,retained_flat
U02187,SMB,B2B,2023-12-31,149.92,149.92,retained_flat
U02187,SMB,B2B,2024-01-31,149.92,149.92,retained_flat
U02187,SMB,B2B,2024-02-29,149.92,149.92,retained_flat
U02187,SMB,B2B,2024-03-31,149.92,149.92,retained_flat
U02187,SMB,B2B,2024-04-30,149.92,149.92,retained_flat
U02190,SMB,B2B,2023-09-30,149.92,,new
U02190,SMB,B2B,2023-10-31,149.92,149.92,retained_flat
U02190,SMB,B2B,2023-11-30,149.92,149.92,retained_flat
U02190,SMB,B2B,2023-12-31,149.92,149.92,retained_flat
U02190,SMB,B2B,2024-01-31,149.92,149.92,retained_flat
U02190,SMB,B2B,2024-02-29,149.92,149.92,retained_flat
U02190,SMB,B2B,2024-03-31,149.92,149.92,retained_flat
U02190,SMB,B2B,2024-04-30,149.92,149.92,retained_flat
U02195,SMB,B2B,2023-09-30,149.92,,new
U02195,SMB,B2B,2023-10-31,149.92,149.92,retained_flat
U02195,SMB,B2B,2023-11-30,149.92,149.92,retained_flat
U02195,SMB,B2B,2023-12-31,149.92,149.92,retained_flat
U02195,SMB,B2B,2024-01-31,149.92,149.92,retained_flat
U02195,SMB,B2B,2024-02-29,149.92,149.92,retained_flat
U02195,SMB,B2B,2024-03-31,149.92,149.92,retained_flat
U02195,SMB,B2B,2024-04-30,149.92,149.92,retained_flat
U02236,B2C,B2C,2023-10-31,49.0,,new
U02236,B2C,B2C,2023-11-30,49.0,49.0,retained_flat
U02236,B2C,B2C,2023-12-31,0.0,49.0,churn
U02236,B2C,B2C,2024-01-31,0.0,0.0,inactive
U02236,B2C,B2C,2024-02-29,0.0,0.0,inactive
U02236,B2C,B2C,2024-03-31,0.0,0.0,inactive
U02236,B2C,B2C,2024-04-30,0.0,0.0,inactive
U02284,B2C,B2C,2023-10-31,49.0,,new
U02284,B2C,B2C,2023-11-30,0.0,49.0,churn
U02284,B2C,B2C,2023-12-31,0.0,0.0,inactive
U02284,B2C,B2C,2024-01-31,0.0,0.0,inactive
U02284,B2C,B2C,2024-02-29,0.0,0.0,inactive
U02284,B2C,B2C,2024-03-31,0.0,0.0,inactive
U02284,B2C,B2C,2024-04-30,0.0,0.0,inactive
U02310,B2C,B2C,2023-10-31,49.0,,new
U02310,B2C,B2C,2023-11-30,49.0,49.0,retained_flat
U02310,B2C,B2C,2023-12-31,49.0,49.0,retained_flat
U02310,B2C,B2C,2024-01-31,49.0,49.0,retained_flat
U02310,B2C,B2C,2024-02-29,49.0,49.0,retained_flat
U02310,B2C,B2C,2024-03-31,49.0,49.0,retained_flat
U02310,B2C,B2C,2024-04-30,49.0,49.0,retained_flat
U02318,B2C,B2C,2023-10-31,49.0,,new
U02318,B2C,B2C,2023-11-30,49.0,49.0,retained_flat
U02318,B2C,B2C,2023-12-31,49.0,49.0,retained_flat
U02318,B2C,B2C,2024-01-31,49.0,49.0,retained_flat
U02318,B2C,B2C,2024-02-29,0.0,49.0,churn
U02318,B2C,B2C,2024-03-31,0.0,0.0,inactive
U02318,B2C,B2C,2024-04-30,0.0,0.0,inactive
U02339,B2C,B2C,2023-10-31,49.0,,new
U02339,B2C,B2C,2023-11-30,49.0,49.0,retained_flat
U02339,B2C,B2C,2023-12-31,0.0,49.0,churn
U02339,B2C,B2C,2024-01-31,0.0,0.0,inactive
U02339,B2C,B2C,2024-02-29,0.0,0.0,inactive
U02339,B2C,B2C,2024-03-31,0.0,0.0,inactive
U02339,B2C,B2C,2024-04-30,0.0,0.0,inactive
U02351,B2C,B2C,2023-10-31,49.0,,new
U02351,B2C,B2C,2023-11-30,49.0,49.0,retained_flat
U02351,B2C,B2C,2023-12-31,49.0,49.0,retained_flat
U02351,B2C,B2C,2024-01-31,0.0,49.0,churn
U02351,B2C,B2C,2024-02-29,0.0,0.0,inactive
U02351,B2C,B2C,2024-03-31,0.0,0.0,inactive
U02351,B2C,B2C,2024-04-30,0.0,0.0,inactive
U02356,B2C,B2C,2023-10-31,49.0,,new
U02356,B2C,B2C,2023-11-30,49.0,49.0,retained_flat
U02356,B2C,B2C,2023-12-31,0.0,49.0,churn
U02356,B2C,B2C,2024-01-31,0.0,0.0,inactive
U02356,B2C,B2C,2024-02-29,0.0,0.0,inactive
U02356,B2C,B2C,2024-03-31,0.0,0.0,inactive
U02356,B2C,B2C,2024-04-30,0.0,0.0,inactive
U02357,B2C,B2C,2023-10-31,49.0,,new
U02357,B2C,B2C,2023-11-30,49.0,49.0,retained_flat
U02357,B2C,B2C,2023-12-31,49.0,49.0,retained_flat
U02357,B2C,B2C,2024-01-31,49.0,49.0,retained_flat
U02357,B2C,B2C,2024-02-29,49.0,49.0,retained_flat
U02357,B2C,B2C,2024-03-31,49.0,49.0,retained_flat
U02357,B2C,B2C,2024-04-30,49.0,49.0,retained_flat
U02362,B2C,B2C,2023-10-31,33.25,,new
U02362,B2C,B2C,2023-11-30,33.25,33.25,retained_flat
U02362,B2C,B2C,2023-12-31,33.25,33.25,retained_flat
U02362,B2C,B2C,2024-01-31,33.25,33.25,retained_flat
U02362,B2C,B2C,2024-02-29,33.25,33.25,retained_flat
U02362,B2C,B2C,2024-03-31,33.25,33.25,retained_flat
U02362,B2C,B2C,2024-04-30,33.25,33.25,retained_flat
U02392,SMB,B2B,2023-10-31,199.0,,new
U02392,SMB,B2B,2023-11-30,199.0,199.0,retained_flat
U02392,SMB,B2B,2023-12-31,199.0,199.0,retained_flat
U02392,SMB,B2B,2024-01-31,230.82,199.0,expansion
U02392,SMB,B2B,2024-02-29,269.69,230.82,expansion
U02392,SMB,B2B,2024-03-31,269.69,269.69,retained_flat
U02392,SMB,B2B,2024-04-30,269.69,269.69,retained_flat
U02405,B2C,B2C,2023-11-30,49.0,,new
U02405,B2C,B2C,2023-12-31,49.0,49.0,retained_flat
U02405,B2C,B2C,2024-01-31,49.0,49.0,retained_flat
U02405,B2C,B2C,2024-02-29,49.0,49.0,retained_flat
U02405,B2C,B2C,2024-03-31,49.0,49.0,retained_flat
U02405,B2C,B2C,2024-04-30,49.0,49.0,retained_flat
U02422,B2C,B2C,2023-11-30,49.0,,new
U02422,B2C,B2C,2023-12-31,0.0,49.0,churn
U02422,B2C,B2C,2024-01-31,0.0,0.0,inactive
U02422,B2C,B2C,2024-02-29,0.0,0.0,inactive
U02422,B2C,B2C,2024-03-31,0.0,0.0,inactive
U02422,B2C,B2C,2024-04-30,0.0,0.0,inactive
U02437,B2C,B2C,2023-11-30,49.0,,new
U02437,B2C,B2C,2023-12-31,49.0,49.0,retained_flat
U02437,B2C,B2C,2024-01-31,49.0,49.0,retained_flat
U02437,B2C,B2C,2024-02-29,49.0,49.0,retained_flat
U02437,B2C,B2C,2024-03-31,49.0,49.0,retained_flat
U02437,B2C,B2C,2024-04-30,49.0,49.0,retained_flat
U02441,B2C,B2C,2023-11-30,49.0,,new
U02441,B2C,B2C,2023-12-31,49.0,49.0,retained_flat
U02441,B2C,B2C,2024-01-31,49.0,49.0,retained_flat
U02441,B2C,B2C,2024-02-29,49.0,49.0,retained_flat
U02441,B2C,B2C,2024-03-31,49.0,49.0,retained_flat
U02441,B2C,B2C,2024-04-30,49.0,49.0,retained_flat
U02442,B2C,B2C,2023-11-30,33.25,,new
U02442,B2C,B2C,2023-12-31,33.25,33.25,retained_flat
U02442,B2C,B2C,2024-01-31,33.25,33.25,retained_flat
U02442,B2C,B2C,2024-02-29,33.25,33.25,retained_flat
U02442,B2C,B2C,2024-03-31,33.25,33.25,retained_flat
U02442,B2C,B2C,2024-04-30,33.25,33.25,retained_flat
U02456,B2C,B2C,2023-11-30,49.0,,new
U02456,B2C,B2C,2023-12-31,49.0,49.0,retained_flat
U02456,B2C,B2C,2024-01-31,49.0,49.0,retained_flat
U02456,B2C,B2C,2024-02-29,49.0,49.0,retained_flat
U02456,B2C,B2C,2024-03-31,49.0,49.0,retained_flat
U02456,B2C,B2C,2024-04-30,49.0,49.0,retained_flat
U02468,B2C,B2C,2023-11-30,49.0,,new
U02468,B2C,B2C,2023-12-31,0.0,49.0,churn
U02468,B2C,B2C,2024-01-31,0.0,0.0,inactive
U02468,B2C,B2C,2024-02-29,0.0,0.0,inactive
U02468,B2C,B2C,2024-03-31,0.0,0.0,inactive
U02468,B2C,B2C,2024-04-30,0.0,0.0,inactive
U02484,B2C,B2C,2023-11-30,49.0,,new
U02484,B2C,B2C,2023-12-31,49.0,49.0,retained_flat
U02484,B2C,B2C,2024-01-31,49.0,49.0,retained_flat
U02484,B2C,B2C,2024-02-29,49.0,49.0,retained_flat
U02484,B2C,B2C,2024-03-31,49.0,49.0,retained_flat
U02484,B2C,B2C,2024-04-30,49.0,49.0,retained_flat
U02521,B2C,B2C,2023-11-30,49.0,,new
U02521,B2C,B2C,2023-12-31,0.0,49.0,churn
U02521,B2C,B2C,2024-01-31,0.0,0.0,inactive
U02521,B2C,B2C,2024-02-29,0.0,0.0,inactive
U02521,B2C,B2C,2024-03-31,0.0,0.0,inactive
U02521,B2C,B2C,2024-04-30,0.0,0.0,inactive
U02526,B2C,B2C,2023-11-30,49.0,,new
U02526,B2C,B2C,2023-12-31,49.0,49.0,retained_flat
U02526,B2C,B2C,2024-01-31,49.0,49.0,retained_flat
U02526,B2C,B2C,2024-02-29,49.0,49.0,retained_flat
U02526,B2C,B2C,2024-03-31,49.0,49.0,retained_flat
U02526,B2C,B2C,2024-04-30,49.0,49.0,retained_flat
U02573,SMB,B2B,2023-11-30,149.92,,new
U02573,SMB,B2B,2023-12-31,149.92,149.92,retained_flat
U02573,SMB,B2B,2024-01-31,149.92,149.92,retained_flat
U02573,SMB,B2B,2024-02-29,149.92,149.92,retained_flat
U02573,SMB,B2B,2024-03-31,149.92,149.92,retained_flat
U02573,SMB,B2B,2024-04-30,149.92,149.92,retained_flat
U02584,Enterprise,B2B,2023-11-30,990.0,,new
U02584,Enterprise,B2B,2023-12-31,990.0,990.0,retained_flat
U02584,Enterprise,B2B,2024-01-31,990.0,990.0,retained_flat
U02584,Enterprise,B2B,2024-02-29,0.0,990.0,churn
U02584,Enterprise,B2B,2024-03-31,0.0,0.0,inactive
U02584,Enterprise,B2B,2024-04-30,0.0,0.0,inactive
U02591,B2C,B2C,2023-12-31,33.25,,new
U02591,B2C,B2C,2024-01-31,33.25,33.25,retained_flat
U02591,B2C,B2C,2024-02-29,33.25,33.25,retained_flat
U02591,B2C,B2C,2024-03-31,33.25,33.25,retained_flat
U02591,B2C,B2C,2024-04-30,33.25,33.25,retained_flat
U02597,B2C,B2C,2023-12-31,49.0,,new
U02597,B2C,B2C,2024-01-31,49.0,49.0,retained_flat
U02597,B2C,B2C,2024-02-29,49.0,49.0,retained_flat
U02597,B2C,B2C,2024-03-31,49.0,49.0,retained_flat
U02597,B2C,B2C,2024-04-30,49.0,49.0,retained_flat
U02603,B2C,B2C,2023-12-31,33.25,,new
U02603,B2C,B2C,2024-01-31,33.25,33.25,retained_flat
U02603,B2C,B2C,2024-02-29,33.25,33.25,retained_flat
U02603,B2C,B2C,2024-03-31,33.25,33.25,retained_flat
U02603,B2C,B2C,2024-04-30,33.25,33.25,retained_flat
U02640,B2C,B2C,2023-12-31,33.25,,new
U02640,B2C,B2C,2024-01-31,33.25,33.25,retained_flat
U02640,B2C,B2C,2024-02-29,33.25,33.25,retained_flat
U02640,B2C,B2C,2024-03-31,33.25,33.25,retained_flat
U02640,B2C,B2C,2024-04-30,33.25,33.25,retained_flat
U02650,B2C,B2C,2023-12-31,33.25,,new
U02650,B2C,B2C,2024-01-31,33.25,33.25,retained_flat
U02650,B2C,B2C,2024-02-29,33.25,33.25,retained_flat
U02650,B2C,B2C,2024-03-31,33.25,33.25,retained_flat
U02650,B2C,B2C,2024-04-30,33.25,33.25,retained_flat
U02679,B2C,B2C,2023-12-31,33.25,,new
U02679,B2C,B2C,2024-01-31,33.25,33.25,retained_flat
U02679,B2C,B2C,2024-02-29,33.25,33.25,retained_flat
U02679,B2C,B2C,2024-03-31,33.25,33.25,retained_flat
U02679,B2C,B2C,2024-04-30,33.25,33.25,retained_flat
U02713,B2C,B2C,2023-12-31,49.0,,new
U02713,B2C,B2C,2024-01-31,49.0,49.0,retained_flat
U02713,B2C,B2C,2024-02-29,49.0,49.0,retained_flat
U02713,B2C,B2C,2024-03-31,49.0,49.0,retained_flat
U02713,B2C,B2C,2024-04-30,49.0,49.0,retained_flat
U02718,B2C,B2C,2023-12-31,33.25,,new
U02718,B2C,B2C,2024-01-31,33.25,33.25,retained_flat
U02718,B2C,B2C,2024-02-29,33.25,33.25,retained_flat
U02718,B2C,B2C,2024-03-31,33.25,33.25,retained_flat
U02718,B2C,B2C,2024-04-30,33.25,33.25,retained_flat
U02719,B2C,B2C,2023-12-31,49.0,,new
U02719,B2C,B2C,2024-01-31,49.0,49.0,retained_flat
U02719,B2C,B2C,2024-02-29,49.0,49.0,retained_flat
U02719,B2C,B2C,2024-03-31,0.0,49.0,churn
U02719,B2C,B2C,2024-04-30,0.0,0.0,inactive
U02770,SMB,B2B,2023-12-31,199.0,,new
U02770,SMB,B2B,2024-01-31,199.0,199.0,retained_flat
U02770,SMB,B2B,2024-02-29,238.26,199.0,expansion
U02770,SMB,B2B,2024-03-31,238.26,238.26,retained_flat
U02770,SMB,B2B,2024-04-30,259.15,238.26,expansion
U02799,B2C,B2C,2024-01-31,49.0,,new
U02799,B2C,B2C,2024-02-29,49.0,49.0,retained_flat
U02799,B2C,B2C,2024-03-31,0.0,49.0,churn
U02799,B2C,B2C,2024-04-30,0.0,0.0,inactive
U02808,B2C,B2C,2024-01-31,49.0,,new
U02808,B2C,B2C,2024-02-29,0.0,49.0,churn
U02808,B2C,B2C,2024-03-31,0.0,0.0,inactive
U02808,B2C,B2C,2024-04-30,0.0,0.0,inactive
U02813,B2C,B2C,2024-01-31,33.25,,new
U02813,B2C,B2C,2024-02-29,33.25,33.25,retained_flat
U02813,B2C,B2C,2024-03-31,33.25,33.25,retained_flat
U02813,B2C,B2C,2024-04-30,33.25,33.25,retained_flat
U02819,B2C,B2C,2024-01-31,49.0,,new
U02819,B2C,B2C,2024-02-29,49.0,49.0,retained_flat
U02819,B2C,B2C,2024-03-31,0.0,49.0,churn
U02819,B2C,B2C,2024-04-30,0.0,0.0,inactive
U02825,B2C,B2C,2024-01-31,33.25,,new
U02825,B2C,B2C,2024-02-29,33.25,33.25,retained_flat
U02825,B2C,B2C,2024-03-31,33.25,33.25,retained_flat
U02825,B2C,B2C,2024-04-30,33.25,33.25,retained_flat
U02855,B2C,B2C,2024-01-31,49.0,,new
U02855,B2C,B2C,2024-02-29,49.0,49.0,retained_flat
U02855,B2C,B2C,2024-03-31,49.0,49.0,retained_flat
U02855,B2C,B2C,2024-04-30,49.0,49.0,retained_flat
U02863,B2C,B2C,2024-01-31,49.0,,new
U02863,B2C,B2C,2024-02-29,49.0,49.0,retained_flat
U02863,B2C,B2C,2024-03-31,49.0,49.0,retained_flat
U02863,B2C,B2C,2024-04-30,49.0,49.0,retained_flat
U02887,B2C,B2C,2024-01-31,33.25,,new
U02887,B2C,B2C,2024-02-29,33.25,33.25,retained_flat
U02887,B2C,B2C,2024-03-31,33.25,33.25,retained_flat
U02887,B2C,B2C,2024-04-30,33.25,33.25,retained_flat
U02890,B2C,B2C,2024-01-31,33.25,,new
U02890,B2C,B2C,2024-02-29,33.25,33.25,retained_flat
U02890,B2C,B2C,2024-03-31,33.25,33.25,retained_flat
U02890,B2C,B2C,2024-04-30,33.25,33.25,retained_flat
U02915,B2C,B2C,2024-01-31,49.0,,new
U02915,B2C,B2C,2024-02-29,49.0,49.0,retained_flat
U02915,B2C,B2C,2024-03-31,49.0,49.0,retained_flat
U02915,B2C,B2C,2024-04-30,49.0,49.0,retained_flat
U02916,B2C,B2C,2024-01-31,33.25,,new
U02916,B2C,B2C,2024-02-29,33.25,33.25,retained_flat
U02916,B2C,B2C,2024-03-31,33.25,33.25,retained_flat
U02916,B2C,B2C,2024-04-30,33.25,33.25,retained_flat
U02965,SMB,B2B,2024-01-31,199.0,,new
U02965,SMB,B2B,2024-02-29,199.0,199.0,retained_flat
U02965,SMB,B2B,2024-03-31,199.0,199.0,retained_flat
U02965,SMB,B2B,2024-04-30,228.58,199.0,expansion
U02984,SMB,B2B,2024-01-31,149.92,,new
U02984,SMB,B2B,2024-02-29,149.92,149.92,retained_flat
U02984,SMB,B2B,2024-03-31,149.92,149.92,retained_flat
U02984,SMB,B2B,2024-04-30,149.92,149.92,retained_flat
U02987,Enterprise,B2B,2024-01-31,990.0,,new
U02987,Enterprise,B2B,2024-02-29,990.0,990.0,retained_flat
U02987,Enterprise,B2B,2024-03-31,990.0,990.0,retained_flat
U02987,Enterprise,B2B,2024-04-30,990.0,990.0,retained_flat
U02995,B2C,B2C,2024-02-29,49.0,,new
U02995,B2C,B2C,2024-03-31,49.0,49.0,retained_flat
U02995,B2C,B2C,2024-04-30,49.0,49.0,retained_flat
U03029,B2C,B2C,2024-02-29,49.0,,new
U03029,B2C,B2C,2024-03-31,49.0,49.0,retained_flat
U03029,B2C,B2C,2024-04-30,0.0,49.0,churn
U03036,B2C,B2C,2024-02-29,49.0,,new
U03036,B2C,B2C,2024-03-31,49.0,49.0,retained_flat
U03036,B2C,B2C,2024-04-30,49.0,49.0,retained_flat
U03070,B2C,B2C,2024-02-29,49.0,,new
U03070,B2C,B2C,2024-03-31,49.0,49.0,retained_flat
U03070,B2C,B2C,2024-04-30,49.0,49.0,retained_flat
U03086,B2C,B2C,2024-02-29,33.25,,new
U03086,B2C,B2C,2024-03-31,33.25,33.25,retained_flat
U03086,B2C,B2C,2024-04-30,33.25,33.25,retained_flat
U03089,B2C,B2C,2024-02-29,49.0,,new
U03089,B2C,B2C,2024-03-31,0.0,49.0,churn
U03089,B2C,B2C,2024-04-30,0.0,0.0,inactive
U03129,B2C,B2C,2024-02-29,49.0,,new
U03129,B2C,B2C,2024-03-31,49.0,49.0,retained_flat
U03129,B2C,B2C,2024-04-30,49.0,49.0,retained_flat
U03149,B2C,B2C,2024-02-29,49.0,,new
U03149,B2C,B2C,2024-03-31,49.0,49.0,retained_flat
U03149,B2C,B2C,2024-04-30,0.0,49.0,churn
U03167,B2C,B2C,2024-02-29,33.25,,new
U03167,B2C,B2C,2024-03-31,33.25,33.25,retained_flat
U03167,B2C,B2C,2024-04-30,33.25,33.25,retained_flat
U03169,B2C,B2C,2024-02-29,33.25,,new
U03169,B2C,B2C,2024-03-31,33.25,33.25,retained_flat
U03169,B2C,B2C,2024-04-30,33.25,33.25,retained_flat
U03201,SMB,B2B,2024-02-29,149.92,,new
U03201,SMB,B2B,2024-03-31,149.92,149.92,retained_flat
U03201,SMB,B2B,2024-04-30,149.92,149.92,retained_flat
U03203,SMB,B2B,2024-02-29,199.0,,new
U03203,SMB,B2B,2024-03-31,199.0,199.0,retained_flat
U03203,SMB,B2B,2024-04-30,199.0,199.0,retained_flat
U03207,SMB,B2B,2024-02-29,149.92,,new
U03207,SMB,B2B,2024-03-31,149.92,149.92,retained_flat
U03207,SMB,B2B,2024-04-30,149.92,149.92,retained_flat
U03217,Enterprise,B2B,2024-02-29,825.0,,new
U03217,Enterprise,B2B,2024-03-31,825.0,825.0,retained_flat
U03217,Enterprise,B2B,2024-04-30,825.0,825.0,retained_flat
U03231,B2C,B2C,2024-03-31,49.0,,new
U03231,B2C,B2C,2024-04-30,49.0,49.0,retained_flat
U03234,B2C,B2C,2024-03-31,49.0,,new
U03234,B2C,B2C,2024-04-30,0.0,49.0,churn
U03254,B2C,B2C,2024-03-31,49.0,,new
U03254,B2C,B2C,2024-04-30,49.0,49.0,retained_flat
U03268,B2C,B2C,2024-03-31,33.25,,new
U03268,B2C,B2C,2024-04-30,33.25,33.25,retained_flat
U03290,B2C,B2C,2024-03-31,49.0,,new
U03290,B2C,B2C,2024-04-30,49.0,49.0,retained_flat
U03303,B2C,B2C,2024-03-31,49.0,,new
U03303,B2C,B2C,2024-04-30,49.0,49.0,retained_flat
U03305,B2C,B2C,2024-03-31,33.25,,new
U03305,B2C,B2C,2024-04-30,33.25,33.25,retained_flat
U03312,B2C,B2C,2024-03-31,33.25,,new
U03312,B2C,B2C,2024-04-30,33.25,33.25,retained_flat
U03323,B2C,B2C,2024-03-31,49.0,,new
U03323,B2C,B2C,2024-04-30,49.0,49.0,retained_flat
U03342,B2C,B2C,2024-03-31,49.0,,new
U03342,B2C,B2C,2024-04-30,49.0,49.0,retained_flat
U03355,B2C,B2C,2024-03-31,49.0,,new
U03355,B2C,B2C,2024-04-30,49.0,49.0,retained_flat
U03362,B2C,B2C,2024-03-31,49.0,,new
U03362,B2C,B2C,2024-04-30,49.0,49.0,retained_flat
U03406,B2C,B2C,2024-03-31,49.0,,new
U03406,B2C,B2C,2024-04-30,49.0,49.0,retained_flat
U03413,SMB,B2B,2024-03-31,149.92,,new
U03413,SMB,B2B,2024-04-30,149.92,149.92,retained_flat
U03447,Enterprise,B2B,2024-03-31,825.0,,new
U03447,Enterprise,B2B,2024-04-30,825.0,825.0,retained_flat
U03454,Enterprise,B2B,2024-03-31,990.0,,new
U03454,Enterprise,B2B,2024-04-30,990.0,990.0,retained_flat
U03462,B2C,B2C,2024-04-30,49.0,,new
U03477,B2C,B2C,2024-04-30,33.25,,new
U03497,B2C,B2C,2024-04-30,49.0,,new
U03512,B2C,B2C,2024-04-30,49.0,,new
U03519,B2C,B2C,2024-04-30,49.0,,new
U03575,B2C,B2C,2024-04-30,49.0,,new
U03595,B2C,B2C,2024-04-30,49.0,,new
U03604,B2C,B2C,2024-04-30,33.25,,new
U03616,B2C,B2C,2024-04-30,49.0,,new
U03620,B2C,B2C,2024-04-30,33.25,,new
U03626,B2C,B2C,2024-04-30,33.25,,new
U03657,SMB,B2B,2024-04-30,149.92,,new
U03669,SMB,B2B,2024-04-30,199.0,,new
U03675,SMB,B2B,2024-04-30,149.92,,new
U03680,SMB,B2B,2024-04-30,149.92,,new
U01008,B2C,B2C,2023-01-31,49.0,,new
U01008,B2C,B2C,2023-02-28,0.0,49.0,churn
U01008,B2C,B2C,2023-03-31,0.0,0.0,inactive
U01008,B2C,B2C,2023-04-30,0.0,0.0,inactive
U01008,B2C,B2C,2023-05-31,0.0,0.0,inactive
U01008,B2C,B2C,2023-06-30,0.0,0.0,inactive
U01008,B2C,B2C,2023-07-31,0.0,0.0,inactive
U01008,B2C,B2C,2023-08-31,0.0,0.0,inactive
U01008,B2C,B2C,2023-09-30,0.0,0.0,inactive
U01008,B2C,B2C,2023-10-31,0.0,0.0,inactive
U01008,B2C,B2C,2023-11-30,0.0,0.0,inactive
U01008,B2C,B2C,2023-12-31,0.0,0.0,inactive
U01008,B2C,B2C,2024-01-31,0.0,0.0,inactive
U01008,B2C,B2C,2024-02-29,0.0,0.0,inactive
U01008,B2C,B2C,2024-03-31,0.0,0.0,inactive
U01008,B2C,B2C,2024-04-30,0.0,0.0,inactive
U01036,B2C,B2C,2023-01-31,33.25,,new
U01036,B2C,B2C,2023-02-28,33.25,33.25,retained_flat
U01036,B2C,B2C,2023-03-31,33.25,33.25,retained_flat
U01036,B2C,B2C,2023-04-30,33.25,33.25,retained_flat
U01036,B2C,B2C,2023-05-31,33.25,33.25,retained_flat
U01036,B2C,B2C,2023-06-30,33.25,33.25,retained_flat
U01036,B2C,B2C,2023-07-31,33.25,33.25,retained_flat
U01036,B2C,B2C,2023-08-31,33.25,33.25,retained_flat
U01036,B2C,B2C,2023-09-30,33.25,33.25,retained_flat
U01036,B2C,B2C,2023-10-31,33.25,33.25,retained_flat
U01036,B2C,B2C,2023-11-30,33.25,33.25,retained_flat
U01036,B2C,B2C,2023-12-31,33.25,33.25,retained_flat
U01036,B2C,B2C,2024-01-31,33.25,33.25,retained_flat
U01036,B2C,B2C,2024-02-29,33.25,33.25,retained_flat
U01036,B2C,B2C,2024-03-31,33.25,33.25,retained_flat
U01036,B2C,B2C,2024-04-30,33.25,33.25,retained_flat
U01045,B2C,B2C,2023-01-31,49.0,,new
U01045,B2C,B2C,2023-02-28,49.0,49.0,retained_flat
U01045,B2C,B2C,2023-03-31,49.0,49.0,retained_flat
U01045,B2C,B2C,2023-04-30,49.0,49.0,retained_flat
U01045,B2C,B2C,2023-05-31,49.0,49.0,retained_flat
U01045,B2C,B2C,2023-06-30,49.0,49.0,retained_flat
U01045,B2C,B2C,2023-07-31,49.0,49.0,retained_flat
U01045,B2C,B2C,2023-08-31,49.0,49.0,retained_flat
U01045,B2C,B2C,2023-09-30,49.0,49.0,retained_flat
U01045,B2C,B2C,2023-10-31,49.0,49.0,retained_flat
U01045,B2C,B2C,2023-11-30,49.0,49.0,retained_flat
U01045,B2C,B2C,2023-12-31,49.0,49.0,retained_flat
U01045,B2C,B2C,2024-01-31,0.0,49.0,churn
U01045,B2C,B2C,2024-02-29,0.0,0.0,inactive
U01045,B2C,B2C,2024-03-31,0.0,0.0,inactive
U01045,B2C,B2C,2024-04-30,0.0,0.0,inactive
U01053,B2C,B2C,2023-01-31,49.0,,new
U01053,B2C,B2C,2023-02-28,49.0,49.0,retained_flat
U01053,B2C,B2C,2023-03-31,49.0,49.0,retained_flat
U01053,B2C,B2C,2023-04-30,0.0,49.0,churn
U01053,B2C,B2C,2023-05-31,0.0,0.0,inactive
U01053,B2C,B2C,2023-06-30,0.0,0.0,inactive
U01053,B2C,B2C,2023-07-31,0.0,0.0,inactive
U01053,B2C,B2C,2023-08-31,0.0,0.0,inactive
U01053,B2C,B2C,2023-09-30,0.0,0.0,inactive
U01053,B2C,B2C,2023-10-31,0.0,0.0,inactive
U01053,B2C,B2C,2023-11-30,0.0,0.0,inactive
U01053,B2C,B2C,2023-12-31,0.0,0.0,inactive
U01053,B2C,B2C,2024-01-31,0.0,0.0,inactive
U01053,B2C,B2C,2024-02-29,0.0,0.0,inactive
U01053,B2C,B2C,2024-03-31,0.0,0.0,inactive
U01053,B2C,B2C,2024-04-30,0.0,0.0,inactive
U01057,B2C,B2C,2023-01-31,33.25,,new
U01057,B2C,B2C,2023-02-28,33.25,33.25,retained_flat
U01057,B2C,B2C,2023-03-31,33.25,33.25,retained_flat
U01057,B2C,B2C,2023-04-30,33.25,33.25,retained_flat
U01057,B2C,B2C,2023-05-31,33.25,33.25,retained_flat
U01057,B2C,B2C,2023-06-30,33.25,33.25,retained_flat
U01057,B2C,B2C,2023-07-31,33.25,33.25,retained_flat
U01057,B2C,B2C,2023-08-31,33.25,33.25,retained_flat
U01057,B2C,B2C,2023-09-30,33.25,33.25,retained_flat
U01057,B2C,B2C,2023-10-31,33.25,33.25,retained_flat
U01057,B2C,B2C,2023-11-30,33.25,33.25,retained_flat
U01057,B2C,B2C,2023-12-31,33.25,33.25,retained_flat
U01057,B2C,B2C,2024-01-31,33.25,33.25,retained_flat
U01057,B2C,B2C,2024-02-29,33.25,33.25,retained_flat
U01057,B2C,B2C,2024-03-31,33.25,33.25,retained_flat
U01057,B2C,B2C,2024-04-30,33.25,33.25,retained_flat
U01065,B2C,B2C,2023-01-31,49.0,,new
U01065,B2C,B2C,2023-02-28,49.0,49.0,retained_flat
U01065,B2C,B2C,2023-03-31,49.0,49.0,retained_flat
U01065,B2C,B2C,2023-04-30,0.0,49.0,churn
U01065,B2C,B2C,2023-05-31,0.0,0.0,inactive
U01065,B2C,B2C,2023-06-30,0.0,0.0,inactive
U01065,B2C,B2C,2023-07-31,0.0,0.0,inactive
U01065,B2C,B2C,2023-08-31,0.0,0.0,inactive
U01065,B2C,B2C,2023-09-30,0.0,0.0,inactive
U01065,B2C,B2C,2023-10-31,0.0,0.0,inactive
U01065,B2C,B2C,2023-11-30,0.0,0.0,inactive
U01065,B2C,B2C,2023-12-31,0.0,0.0,inactive
U01065,B2C,B2C,2024-01-31,0.0,0.0,inactive
U01065,B2C,B2C,2024-02-29,0.0,0.0,inactive
U01065,B2C,B2C,2024-03-31,0.0,0.0,inactive
U01065,B2C,B2C,2024-04-30,0.0,0.0,inactive
U01072,B2C,B2C,2023-01-31,49.0,,new
U01072,B2C,B2C,2023-02-28,49.0,49.0,retained_flat
U01072,B2C,B2C,2023-03-31,49.0,49.0,retained_flat
U01072,B2C,B2C,2023-04-30,49.0,49.0,retained_flat
U01072,B2C,B2C,2023-05-31,49.0,49.0,retained_flat
U01072,B2C,B2C,2023-06-30,0.0,49.0,churn
U01072,B2C,B2C,2023-07-31,0.0,0.0,inactive
U01072,B2C,B2C,2023-08-31,0.0,0.0,inactive
U01072,B2C,B2C,2023-09-30,0.0,0.0,inactive
U01072,B2C,B2C,2023-10-31,0.0,0.0,inactive
U01072,B2C,B2C,2023-11-30,0.0,0.0,inactive
U01072,B2C,B2C,2023-12-31,0.0,0.0,inactive
U01072,B2C,B2C,2024-01-31,0.0,0.0,inactive
U01072,B2C,B2C,2024-02-29,0.0,0.0,inactive
U01072,B2C,B2C,2024-03-31,0.0,0.0,inactive
U01072,B2C,B2C,2024-04-30,0.0,0.0,inactive
U01090,SMB,B2B,2023-01-31,149.92,,new
U01090,SMB,B2B,2023-02-28,149.92,149.92,retained_flat
U01090,SMB,B2B,2023-03-31,149.92,149.92,retained_flat
U01090,SMB,B2B,2023-04-30,149.92,149.92,retained_flat
U01090,SMB,B2B,2023-05-31,149.92,149.92,retained_flat
U01090,SMB,B2B,2023-06-30,149.92,149.92,retained_flat
U01090,SMB,B2B,2023-07-31,149.92,149.92,retained_flat
U01090,SMB,B2B,2023-08-31,149.92,149.92,retained_flat
U01090,SMB,B2B,2023-09-30,149.92,149.92,retained_flat
U01090,SMB,B2B,2023-10-31,149.92,149.92,retained_flat
U01090,SMB,B2B,2023-11-30,149.92,149.92,retained_flat
U01090,SMB,B2B,2023-12-31,149.92,149.92,retained_flat
U01090,SMB,B2B,2024-01-31,149.92,149.92,retained_flat
U01090,SMB,B2B,2024-02-29,149.92,149.92,retained_flat
U01090,SMB,B2B,2024-03-31,149.92,149.92,retained_flat
U01090,SMB,B2B,2024-04-30,149.92,149.92,retained_flat
U01102,B2C,B2C,2023-02-28,49.0,,new
U01102,B2C,B2C,2023-03-31,49.0,49.0,retained_flat
U01102,B2C,B2C,2023-04-30,49.0,49.0,retained_flat
U01102,B2C,B2C,2023-05-31,49.0,49.0,retained_flat
U01102,B2C,B2C,2023-06-30,49.0,49.0,retained_flat
U01102,B2C,B2C,2023-07-31,49.0,49.0,retained_flat
U01102,B2C,B2C,2023-08-31,49.0,49.0,retained_flat
U01102,B2C,B2C,2023-09-30,49.0,49.0,retained_flat
U01102,B2C,B2C,2023-10-31,0.0,49.0,churn
U01102,B2C,B2C,2023-11-30,0.0,0.0,inactive
U01102,B2C,B2C,2023-12-31,0.0,0.0,inactive
U01102,B2C,B2C,2024-01-31,0.0,0.0,inactive
U01102,B2C,B2C,2024-02-29,0.0,0.0,inactive
U01102,B2C,B2C,2024-03-31,0.0,0.0,inactive
U01102,B2C,B2C,2024-04-30,0.0,0.0,inactive
U01112,B2C,B2C,2023-02-28,49.0,,new
U01112,B2C,B2C,2023-03-31,49.0,49.0,retained_flat
U01112,B2C,B2C,2023-04-30,49.0,49.0,retained_flat
U01112,B2C,B2C,2023-05-31,49.0,49.0,retained_flat
U01112,B2C,B2C,2023-06-30,49.0,49.0,retained_flat
U01112,B2C,B2C,2023-07-31,49.0,49.0,retained_flat
U01112,B2C,B2C,2023-08-31,49.0,49.0,retained_flat
U01112,B2C,B2C,2023-09-30,49.0,49.0,retained_flat
U01112,B2C,B2C,2023-10-31,49.0,49.0,retained_flat
U01112,B2C,B2C,2023-11-30,49.0,49.0,retained_flat
U01112,B2C,B2C,2023-12-31,49.0,49.0,retained_flat
U01112,B2C,B2C,2024-01-31,49.0,49.0,retained_flat
U01112,B2C,B2C,2024-02-29,49.0,49.0,retained_flat
U01112,B2C,B2C,2024-03-31,49.0,49.0,retained_flat
U01112,B2C,B2C,2024-04-30,49.0,49.0,retained_flat
U01123,B2C,B2C,2023-02-28,49.0,,new
U01123,B2C,B2C,2023-03-31,0.0,49.0,churn
U01123,B2C,B2C,2023-04-30,0.0,0.0,inactive
U01123,B2C,B2C,2023-05-31,0.0,0.0,inactive
U01123,B2C,B2C,2023-06-30,0.0,0.0,inactive
U01123,B2C,B2C,2023-07-31,0.0,0.0,inactive
U01123,B2C,B2C,2023-08-31,0.0,0.0,inactive
U01123,B2C,B2C,2023-09-30,0.0,0.0,inactive
U01123,B2C,B2C,2023-10-31,0.0,0.0,inactive
U01123,B2C,B2C,2023-11-30,0.0,0.0,inactive
U01123,B2C,B2C,2023-12-31,0.0,0.0,inactive
U01123,B2C,B2C,2024-01-31,0.0,0.0,inactive
U01123,B2C,B2C,2024-02-29,0.0,0.0,inactive
U01123,B2C,B2C,2024-03-31,0.0,0.0,inactive
U01123,B2C,B2C,2024-04-30,0.0,0.0,inactive
U01139,B2C,B2C,2023-02-28,49.0,,new
U01139,B2C,B2C,2023-03-31,49.0,49.0,retained_flat
U01139,B2C,B2C,2023-04-30,49.0,49.0,retained_flat
U01139,B2C,B2C,2023-05-31,49.0,49.0,retained_flat
U01139,B2C,B2C,2023-06-30,49.0,49.0,retained_flat
U01139,B2C,B2C,2023-07-31,49.0,49.0,retained_flat
U01139,B2C,B2C,2023-08-31,49.0,49.0,retained_flat
U01139,B2C,B2C,2023-09-30,49.0,49.0,retained_flat
U01139,B2C,B2C,2023-10-31,49.0,49.0,retained_flat
U01139,B2C,B2C,2023-11-30,0.0,49.0,churn
U01139,B2C,B2C,2023-12-31,0.0,0.0,inactive
U01139,B2C,B2C,2024-01-31,0.0,0.0,inactive
U01139,B2C,B2C,2024-02-29,0.0,0.0,inactive
U01139,B2C,B2C,2024-03-31,0.0,0.0,inactive
U01139,B2C,B2C,2024-04-30,0.0,0.0,inactive
U01146,B2C,B2C,2023-02-28,49.0,,new
U01146,B2C,B2C,2023-03-31,49.0,49.0,retained_flat
U01146,B2C,B2C,2023-04-30,49.0,49.0,retained_flat
U01146,B2C,B2C,2023-05-31,49.0,49.0,retained_flat
U01146,B2C,B2C,2023-06-30,0.0,49.0,churn
U01146,B2C,B2C,2023-07-31,0.0,0.0,inactive
U01146,B2C,B2C,2023-08-31,0.0,0.0,inactive
U01146,B2C,B2C,2023-09-30,0.0,0.0,inactive
U01146,B2C,B2C,2023-10-31,0.0,0.0,inactive
U01146,B2C,B2C,2023-11-30,0.0,0.0,inactive
U01146,B2C,B2C,2023-12-31,0.0,0.0,inactive
U01146,B2C,B2C,2024-01-31,0.0,0.0,inactive
U01146,B2C,B2C,2024-02-29,0.0,0.0,inactive
U01146,B2C,B2C,2024-03-31,0.0,0.0,inactive
U01146,B2C,B2C,2024-04-30,0.0,0.0,inactive
U01153,B2C,B2C,2023-02-28,49.0,,new
U01153,B2C,B2C,2023-03-31,49.0,49.0,retained_flat
U01153,B2C,B2C,2023-04-30,49.0,49.0,retained_flat
U01153,B2C,B2C,2023-05-31,49.0,49.0,retained_flat
U01153,B2C,B2C,2023-06-30,49.0,49.0,retained_flat
U01153,B2C,B2C,2023-07-31,49.0,49.0,retained_flat
U01153,B2C,B2C,2023-08-31,49.0,49.0,retained_flat
U01153,B2C,B2C,2023-09-30,49.0,49.0,retained_flat
U01153,B2C,B2C,2023-10-31,49.0,49.0,retained_flat
U01153,B2C,B2C,2023-11-30,0.0,49.0,churn
U01153,B2C,B2C,2023-12-31,0.0,0.0,inactive
U01153,B2C,B2C,2024-01-31,0.0,0.0,inactive
U01153,B2C,B2C,2024-02-29,0.0,0.0,inactive
U01153,B2C,B2C,2024-03-31,0.0,0.0,inactive
U01153,B2C,B2C,2024-04-30,0.0,0.0,inactive
U01160,B2C,B2C,2023-02-28,33.25,,new
U01160,B2C,B2C,2023-03-31,33.25,33.25,retained_flat
U01160,B2C,B2C,2023-04-30,33.25,33.25,retained_flat
U01160,B2C,B2C,2023-05-31,33.25,33.25,retained_flat
U01160,B2C,B2C,2023-06-30,33.25,33.25,retained_flat
U01160,B2C,B2C,2023-07-31,33.25,33.25,retained_flat
U01160,B2C,B2C,2023-08-31,33.25,33.25,retained_flat
U01160,B2C,B2C,2023-09-30,33.25,33.25,retained_flat
U01160,B2C,B2C,2023-10-31,33.25,33.25,retained_flat
U01160,B2C,B2C,2023-11-30,33.25,33.25,retained_flat
U01160,B2C,B2C,2023-12-31,33.25,33.25,retained_flat
U01160,B2C,B2C,2024-01-31,33.25,33.25,retained_flat
U01160,B2C,B2C,2024-02-29,33.25,33.25,retained_flat
U01160,B2C,B2C,2024-03-31,33.25,33.25,retained_flat
U01160,B2C,B2C,2024-04-30,33.25,33.25,retained_flat
U01161,B2C,B2C,2023-02-28,49.0,,new
U01161,B2C,B2C,2023-03-31,49.0,49.0,retained_flat
U01161,B2C,B2C,2023-04-30,49.0,49.0,retained_flat
U01161,B2C,B2C,2023-05-31,49.0,49.0,retained_flat
U01161,B2C,B2C,2023-06-30,49.0,49.0,retained_flat
U01161,B2C,B2C,2023-07-31,0.0,49.0,churn
U01161,B2C,B2C,2023-08-31,0.0,0.0,inactive
U01161,B2C,B2C,2023-09-30,0.0,0.0,inactive
U01161,B2C,B2C,2023-10-31,0.0,0.0,inactive
U01161,B2C,B2C,2023-11-30,0.0,0.0,inactive
U01161,B2C,B2C,2023-12-31,0.0,0.0,inactive
U01161,B2C,B2C,2024-01-31,0.0,0.0,inactive
U01161,B2C,B2C,2024-02-29,0.0,0.0,inactive
U01161,B2C,B2C,2024-03-31,0.0,0.0,inactive
U01161,B2C,B2C,2024-04-30,0.0,0.0,inactive
U01165,B2C,B2C,2023-02-28,49.0,,new
U01165,B2C,B2C,2023-03-31,49.0,49.0,retained_flat
U01165,B2C,B2C,2023-04-30,49.0,49.0,retained_flat
U01165,B2C,B2C,2023-05-31,49.0,49.0,retained_flat
U01165,B2C,B2C,2023-06-30,49.0,49.0,retained_flat
U01165,B2C,B2C,2023-07-31,49.0,49.0,retained_flat
U01165,B2C,B2C,2023-08-31,49.0,49.0,retained_flat
U01165,B2C,B2C,2023-09-30,49.0,49.0,retained_flat
U01165,B2C,B2C,2023-10-31,49.0,49.0,retained_flat
U01165,B2C,B2C,2023-11-30,49.0,49.0,retained_flat
U01165,B2C,B2C,2023-12-31,49.0,49.0,retained_flat
U01165,B2C,B2C,2024-01-31,49.0,49.0,retained_flat
U01165,B2C,B2C,2024-02-29,49.0,49.0,retained_flat
U01165,B2C,B2C,2024-03-31,49.0,49.0,retained_flat
U01165,B2C,B2C,2024-04-30,49.0,49.0,retained_flat
U01176,B2C,B2C,2023-02-28,49.0,,new
U01176,B2C,B2C,2023-03-31,49.0,49.0,retained_flat
U01176,B2C,B2C,2023-04-30,49.0,49.0,retained_flat
U01176,B2C,B2C,2023-05-31,49.0,49.0,retained_flat
U01176,B2C,B2C,2023-06-30,49.0,49.0,retained_flat
U01176,B2C,B2C,2023-07-31,49.0,49.0,retained_flat
U01176,B2C,B2C,2023-08-31,49.0,49.0,retained_flat
U01176,B2C,B2C,2023-09-30,49.0,49.0,retained_flat
U01176,B2C,B2C,2023-10-31,49.0,49.0,retained_flat
U01176,B2C,B2C,2023-11-30,0.0,49.0,churn
U01176,B2C,B2C,2023-12-31,0.0,0.0,inactive
U01176,B2C,B2C,2024-01-31,0.0,0.0,inactive
U01176,B2C,B2C,2024-02-29,0.0,0.0,inactive
U01176,B2C,B2C,2024-03-31,0.0,0.0,inactive
U01176,B2C,B2C,2024-04-30,0.0,0.0,inactive
U01178,B2C,B2C,2023-02-28,49.0,,new
U01178,B2C,B2C,2023-03-31,49.0,49.0,retained_flat
U01178,B2C,B2C,2023-04-30,49.0,49.0,retained_flat
U01178,B2C,B2C,2023-05-31,49.0,49.0,retained_flat
U01178,B2C,B2C,2023-06-30,49.0,49.0,retained_flat
U01178,B2C,B2C,2023-07-31,49.0,49.0,retained_flat
U01178,B2C,B2C,2023-08-31,49.0,49.0,retained_flat
U01178,B2C,B2C,2023-09-30,49.0,49.0,retained_flat
U01178,B2C,B2C,2023-10-31,49.0,49.0,retained_flat
U01178,B2C,B2C,2023-11-30,49.0,49.0,retained_flat
U01178,B2C,B2C,2023-12-31,49.0,49.0,retained_flat
U01178,B2C,B2C,2024-01-31,49.0,49.0,retained_flat
U01178,B2C,B2C,2024-02-29,49.0,49.0,retained_flat
U01178,B2C,B2C,2024-03-31,49.0,49.0,retained_flat
U01178,B2C,B2C,2024-04-30,0.0,49.0,churn
U01191,SMB,B2B,2023-02-28,149.92,,new
U01191,SMB,B2B,2023-03-31,149.92,149.92,retained_flat
U01191,SMB,B2B,2023-04-30,149.92,149.92,retained_flat
U01191,SMB,B2B,2023-05-31,149.92,149.92,retained_flat
U01191,SMB,B2B,2023-06-30,149.92,149.92,retained_flat
U01191,SMB,B2B,2023-07-31,149.92,149.92,retained_flat
U01191,SMB,B2B,2023-08-31,149.92,149.92,retained_flat
U01191,SMB,B2B,2023-09-30,149.92,149.92,retained_flat
U01191,SMB,B2B,2023-10-31,149.92,149.92,retained_flat
U01191,SMB,B2B,2023-11-30,149.92,149.92,retained_flat
U01191,SMB,B2B,2023-12-31,149.92,149.92,retained_flat
U01191,SMB,B2B,2024-01-31,149.92,149.92,retained_flat
U01191,SMB,B2B,2024-02-29,149.92,149.92,retained_flat
U01191,SMB,B2B,2024-03-31,149.92,149.92,retained_flat
U01191,SMB,B2B,2024-04-30,149.92,149.92,retained_flat
U01216,B2C,B2C,2023-03-31,49.0,,new
U01216,B2C,B2C,2023-04-30,49.0,49.0,retained_flat
U01216,B2C,B2C,2023-05-31,49.0,49.0,retained_flat
U01216,B2C,B2C,2023-06-30,49.0,49.0,retained_flat
U01216,B2C,B2C,2023-07-31,49.0,49.0,retained_flat
U01216,B2C,B2C,2023-08-31,49.0,49.0,retained_flat
U01216,B2C,B2C,2023-09-30,49.0,49.0,retained_flat
U01216,B2C,B2C,2023-10-31,0.0,49.0,churn
U01216,B2C,B2C,2023-11-30,0.0,0.0,inactive
U01216,B2C,B2C,2023-12-31,0.0,0.0,inactive
U01216,B2C,B2C,2024-01-31,0.0,0.0,inactive
U01216,B2C,B2C,2024-02-29,0.0,0.0,inactive
U01216,B2C,B2C,2024-03-31,0.0,0.0,inactive
U01216,B2C,B2C,2024-04-30,0.0,0.0,inactive
U01234,B2C,B2C,2023-03-31,49.0,,new
U01234,B2C,B2C,2023-04-30,49.0,49.0,retained_flat
U01234,B2C,B2C,2023-05-31,49.0,49.0,retained_flat
U01234,B2C,B2C,2023-06-30,49.0,49.0,retained_flat
U01234,B2C,B2C,2023-07-31,49.0,49.0,retained_flat
U01234,B2C,B2C,2023-08-31,49.0,49.0,retained_flat
U01234,B2C,B2C,2023-09-30,49.0,49.0,retained_flat
U01234,B2C,B2C,2023-10-31,49.0,49.0,retained_flat
U01234,B2C,B2C,2023-11-30,49.0,49.0,retained_flat
U01234,B2C,B2C,2023-12-31,49.0,49.0,retained_flat
U01234,B2C,B2C,2024-01-31,49.0,49.0,retained_flat
U01234,B2C,B2C,2024-02-29,49.0,49.0,retained_flat
U01234,B2C,B2C,2024-03-31,49.0,49.0,retained_flat
U01234,B2C,B2C,2024-04-30,49.0,49.0,retained_flat
U01239,B2C,B2C,2023-03-31,49.0,,new
U01239,B2C,B2C,2023-04-30,49.0,49.0,retained_flat
U01239,B2C,B2C,2023-05-31,49.0,49.0,retained_flat
U01239,B2C,B2C,2023-06-30,49.0,49.0,retained_flat
U01239,B2C,B2C,2023-07-31,49.0,49.0,retained_flat
U01239,B2C,B2C,2023-08-31,49.0,49.0,retained_flat
U01239,B2C,B2C,2023-09-30,49.0,49.0,retained_flat
U01239,B2C,B2C,2023-10-31,49.0,49.0,retained_flat
U01239,B2C,B2C,2023-11-30,49.0,49.0,retained_flat
U01239,B2C,B2C,2023-12-31,49.0,49.0,retained_flat
U01239,B2C,B2C,2024-01-31,49.0,49.0,retained_flat
U01239,B2C,B2C,2024-02-29,49.0,49.0,retained_flat
U01239,B2C,B2C,2024-03-31,49.0,49.0,retained_flat
U01239,B2C,B2C,2024-04-30,49.0,49.0,retained_flat
U01240,B2C,B2C,2023-03-31,33.25,,new
U01240,B2C,B2C,2023-04-30,33.25,33.25,retained_flat
U01240,B2C,B2C,2023-05-31,33.25,33.25,retained_flat
U01240,B2C,B2C,2023-06-30,33.25,33.25,retained_flat
U01240,B2C,B2C,2023-07-31,33.25,33.25,retained_flat
U01240,B2C,B2C,2023-08-31,33.25,33.25,retained_flat
U01240,B2C,B2C,2023-09-30,33.25,33.25,retained_flat
U01240,B2C,B2C,2023-10-31,33.25,33.25,retained_flat
U01240,B2C,B2C,2023-11-30,33.25,33.25,retained_flat
U01240,B2C,B2C,2023-12-31,33.25,33.25,retained_flat
U01240,B2C,B2C,2024-01-31,33.25,33.25,retained_flat
U01240,B2C,B2C,2024-02-29,33.25,33.25,retained_flat
U01240,B2C,B2C,2024-03-31,33.25,33.25,retained_flat
U01240,B2C,B2C,2024-04-30,33.25,33.25,retained_flat
U01253,B2C,B2C,2023-03-31,49.0,,new
U01253,B2C,B2C,2023-04-30,49.0,49.0,retained_flat
U01253,B2C,B2C,2023-05-31,49.0,49.0,retained_flat
U01253,B2C,B2C,2023-06-30,49.0,49.0,retained_flat
U01253,B2C,B2C,2023-07-31,49.0,49.0,retained_flat
U01253,B2C,B2C,2023-08-31,49.0,49.0,retained_flat
U01253,B2C,B2C,2023-09-30,0.0,49.0,churn
U01253,B2C,B2C,2023-10-31,0.0,0.0,inactive
U01253,B2C,B2C,2023-11-30,0.0,0.0,inactive
U01253,B2C,B2C,2023-12-31,0.0,0.0,inactive
U01253,B2C,B2C,2024-01-31,0.0,0.0,inactive
U01253,B2C,B2C,2024-02-29,0.0,0.0,inactive
U01253,B2C,B2C,2024-03-31,0.0,0.0,inactive
U01253,B2C,B2C,2024-04-30,0.0,0.0,inactive
U01258,B2C,B2C,2023-03-31,49.0,,new
U01258,B2C,B2C,2023-04-30,49.0,49.0,retained_flat
U01258,B2C,B2C,2023-05-31,49.0,49.0,retained_flat
U01258,B2C,B2C,2023-06-30,49.0,49.0,retained_flat
U01258,B2C,B2C,2023-07-31,49.0,49.0,retained_flat
U01258,B2C,B2C,2023-08-31,49.0,49.0,retained_flat
U01258,B2C,B2C,2023-09-30,49.0,49.0,retained_flat
U01258,B2C,B2C,2023-10-31,0.0,49.0,churn
U01258,B2C,B2C,2023-11-30,0.0,0.0,inactive
U01258,B2C,B2C,2023-12-31,0.0,0.0,inactive
U01258,B2C,B2C,2024-01-31,0.0,0.0,inactive
U01258,B2C,B2C,2024-02-29,0.0,0.0,inactive
U01258,B2C,B2C,2024-03-31,0.0,0.0,inactive
U01258,B2C,B2C,2024-04-30,0.0,0.0,inactive
U01259,B2C,B2C,2023-03-31,49.0,,new
U01259,B2C,B2C,2023-04-30,49.0,49.0,retained_flat
U01259,B2C,B2C,2023-05-31,0.0,49.0,churn
U01259,B2C,B2C,2023-06-30,0.0,0.0,inactive
U01259,B2C,B2C,2023-07-31,0.0,0.0,inactive
U01259,B2C,B2C,2023-08-31,0.0,0.0,inactive
U01259,B2C,B2C,2023-09-30,0.0,0.0,inactive
U01259,B2C,B2C,2023-10-31,0.0,0.0,inactive
U01259,B2C,B2C,2023-11-30,0.0,0.0,inactive
U01259,B2C,B2C,2023-12-31,0.0,0.0,inactive
U01259,B2C,B2C,2024-01-31,0.0,0.0,inactive
U01259,B2C,B2C,2024-02-29,0.0,0.0,inactive
U01259,B2C,B2C,2024-03-31,0.0,0.0,inactive
U01259,B2C,B2C,2024-04-30,0.0,0.0,inactive
U01265,B2C,B2C,2023-03-31,49.0,,new
U01265,B2C,B2C,2023-04-30,49.0,49.0,retained_flat
U01265,B2C,B2C,2023-05-31,0.0,49.0,churn
U01265,B2C,B2C,2023-06-30,0.0,0.0,inactive
U01265,B2C,B2C,2023-07-31,0.0,0.0,inactive
U01265,B2C,B2C,2023-08-31,0.0,0.0,inactive
U01265,B2C,B2C,2023-09-30,0.0,0.0,inactive
U01265,B2C,B2C,2023-10-31,0.0,0.0,inactive
U01265,B2C,B2C,2023-11-30,0.0,0.0,inactive
U01265,B2C,B2C,2023-12-31,0.0,0.0,inactive
U01265,B2C,B2C,2024-01-31,0.0,0.0,inactive
U01265,B2C,B2C,2024-02-29,0.0,0.0,inactive
U01265,B2C,B2C,2024-03-31,0.0,0.0,inactive
U01265,B2C,B2C,2024-04-30,0.0,0.0,inactive
U01275,B2C,B2C,2023-03-31,49.0,,new
U01275,B2C,B2C,2023-04-30,49.0,49.0,retained_flat
U01275,B2C,B2C,2023-05-31,49.0,49.0,retained_flat
U01275,B2C,B2C,2023-06-30,49.0,49.0,retained_flat
U01275,B2C,B2C,2023-07-31,49.0,49.0,retained_flat
U01275,B2C,B2C,2023-08-31,49.0,49.0,retained_flat
U01275,B2C,B2C,2023-09-30,49.0,49.0,retained_flat
U01275,B2C,B2C,2023-10-31,49.0,49.0,retained_flat
U01275,B2C,B2C,2023-11-30,49.0,49.0,retained_flat
U01275,B2C,B2C,2023-12-31,49.0,49.0,retained_flat
U01275,B2C,B2C,2024-01-31,0.0,49.0,churn
U01275,B2C,B2C,2024-02-29,0.0,0.0,inactive
U01275,B2C,B2C,2024-03-31,0.0,0.0,inactive
U01275,B2C,B2C,2024-04-30,0.0,0.0,inactive
U01276,B2C,B2C,2023-03-31,49.0,,new
U01276,B2C,B2C,2023-04-30,49.0,49.0,retained_flat
U01276,B2C,B2C,2023-05-31,49.0,49.0,retained_flat
U01276,B2C,B2C,2023-06-30,49.0,49.0,retained_flat
U01276,B2C,B2C,2023-07-31,0.0,49.0,churn
U01276,B2C,B2C,2023-08-31,0.0,0.0,inactive
U01276,B2C,B2C,2023-09-30,0.0,0.0,inactive
U01276,B2C,B2C,2023-10-31,0.0,0.0,inactive
U01276,B2C,B2C,2023-11-30,0.0,0.0,inactive
U01276,B2C,B2C,2023-12-31,0.0,0.0,inactive
U01276,B2C,B2C,2024-01-31,0.0,0.0,inactive
U01276,B2C,B2C,2024-02-29,0.0,0.0,inactive
U01276,B2C,B2C,2024-03-31,0.0,0.0,inactive
U01276,B2C,B2C,2024-04-30,0.0,0.0,inactive
U01297,B2C,B2C,2023-03-31,49.0,,new
U01297,B2C,B2C,2023-04-30,49.0,49.0,retained_flat
U01297,B2C,B2C,2023-05-31,49.0,49.0,retained_flat
U01297,B2C,B2C,2023-06-30,49.0,49.0,retained_flat
U01297,B2C,B2C,2023-07-31,49.0,49.0,retained_flat
U01297,B2C,B2C,2023-08-31,0.0,49.0,churn
U01297,B2C,B2C,2023-09-30,0.0,0.0,inactive
U01297,B2C,B2C,2023-10-31,0.0,0.0,inactive
U01297,B2C,B2C,2023-11-30,0.0,0.0,inactive
U01297,B2C,B2C,2023-12-31,0.0,0.0,inactive
U01297,B2C,B2C,2024-01-31,0.0,0.0,inactive
U01297,B2C,B2C,2024-02-29,0.0,0.0,inactive
U01297,B2C,B2C,2024-03-31,0.0,0.0,inactive
U01297,B2C,B2C,2024-04-30,0.0,0.0,inactive
U01310,SMB,B2B,2023-03-31,149.92,,new
U01310,SMB,B2B,2023-04-30,149.92,149.92,retained_flat
U01310,SMB,B2B,2023-05-31,149.92,149.92,retained_flat
U01310,SMB,B2B,2023-06-30,149.92,149.92,retained_flat
U01310,SMB,B2B,2023-07-31,149.92,149.92,retained_flat
U01310,SMB,B2B,2023-08-31,149.92,149.92,retained_flat
U01310,SMB,B2B,2023-09-30,149.92,149.92,retained_flat
U01310,SMB,B2B,2023-10-31,149.92,149.92,retained_flat
U01310,SMB,B2B,2023-11-30,149.92,149.92,retained_flat
U01310,SMB,B2B,2023-12-31,149.92,149.92,retained_flat
U01310,SMB,B2B,2024-01-31,149.92,149.92,retained_flat
U01310,SMB,B2B,2024-02-29,149.92,149.92,retained_flat
U01310,SMB,B2B,2024-03-31,149.92,149.92,retained_flat
U01310,SMB,B2B,2024-04-30,149.92,149.92,retained_flat
U01325,Enterprise,B2B,2023-03-31,990.0,,new
U01325,Enterprise,B2B,2023-04-30,990.0,990.0,retained_flat
U01325,Enterprise,B2B,2023-05-31,990.0,990.0,retained_flat
U01325,Enterprise,B2B,2023-06-30,0.0,990.0,churn
U01325,Enterprise,B2B,2023-07-31,0.0,0.0,inactive
U01325,Enterprise,B2B,2023-08-31,0.0,0.0,inactive
U01325,Enterprise,B2B,2023-09-30,0.0,0.0,inactive
U01325,Enterprise,B2B,2023-10-31,0.0,0.0,inactive
U01325,Enterprise,B2B,2023-11-30,0.0,0.0,inactive
U01325,Enterprise,B2B,2023-12-31,0.0,0.0,inactive
U01325,Enterprise,B2B,2024-01-31,0.0,0.0,inactive
U01325,Enterprise,B2B,2024-02-29,0.0,0.0,inactive
U01325,Enterprise,B2B,2024-03-31,0.0,0.0,inactive
U01325,Enterprise,B2B,2024-04-30,0.0,0.0,inactive
U01349,B2C,B2C,2023-04-30,49.0,,new
U01349,B2C,B2C,2023-05-31,49.0,49.0,retained_flat
U01349,B2C,B2C,2023-06-30,49.0,49.0,retained_flat
U01349,B2C,B2C,2023-07-31,49.0,49.0,retained_flat
U01349,B2C,B2C,2023-08-31,49.0,49.0,retained_flat
U01349,B2C,B2C,2023-09-30,49.0,49.0,retained_flat
U01349,B2C,B2C,2023-10-31,49.0,49.0,retained_flat
U01349,B2C,B2C,2023-11-30,49.0,49.0,retained_flat
U01349,B2C,B2C,2023-12-31,49.0,49.0,retained_flat
U01349,B2C,B2C,2024-01-31,49.0,49.0,retained_flat
U01349,B2C,B2C,2024-02-29,49.0,49.0,retained_flat
U01349,B2C,B2C,2024-03-31,49.0,49.0,retained_flat
U01349,B2C,B2C,2024-04-30,49.0,49.0,retained_flat
U01378,B2C,B2C,2023-04-30,49.0,,new
U01378,B2C,B2C,2023-05-31,49.0,49.0,retained_flat
U01378,B2C,B2C,2023-06-30,49.0,49.0,retained_flat
U01378,B2C,B2C,2023-07-31,49.0,49.0,retained_flat
U01378,B2C,B2C,2023-08-31,49.0,49.0,retained_flat
U01378,B2C,B2C,2023-09-30,49.0,49.0,retained_flat
U01378,B2C,B2C,2023-10-31,49.0,49.0,retained_flat
U01378,B2C,B2C,2023-11-30,49.0,49.0,retained_flat
U01378,B2C,B2C,2023-12-31,49.0,49.0,retained_flat
U01378,B2C,B2C,2024-01-31,0.0,49.0,churn
U01378,B2C,B2C,2024-02-29,0.0,0.0,inactive
U01378,B2C,B2C,2024-03-31,0.0,0.0,inactive
U01378,B2C,B2C,2024-04-30,0.0,0.0,inactive
U01388,B2C,B2C,2023-04-30,49.0,,new
U01388,B2C,B2C,2023-05-31,49.0,49.0,retained_flat
U01388,B2C,B2C,2023-06-30,49.0,49.0,retained_flat
U01388,B2C,B2C,2023-07-31,49.0,49.0,retained_flat
U01388,B2C,B2C,2023-08-31,49.0,49.0,retained_flat
U01388,B2C,B2C,2023-09-30,49.0,49.0,retained_flat
U01388,B2C,B2C,2023-10-31,49.0,49.0,retained_flat
U01388,B2C,B2C,2023-11-30,0.0,49.0,churn
U01388,B2C,B2C,2023-12-31,0.0,0.0,inactive
U01388,B2C,B2C,2024-01-31,0.0,0.0,inactive
U01388,B2C,B2C,2024-02-29,0.0,0.0,inactive
U01388,B2C,B2C,2024-03-31,0.0,0.0,inactive
U01388,B2C,B2C,2024-04-30,0.0,0.0,inactive
U01389,B2C,B2C,2023-04-30,33.25,,new
U01389,B2C,B2C,2023-05-31,33.25,33.25,retained_flat
U01389,B2C,B2C,2023-06-30,33.25,33.25,retained_flat
U01389,B2C,B2C,2023-07-31,33.25,33.25,retained_flat
U01389,B2C,B2C,2023-08-31,33.25,33.25,retained_flat
U01389,B2C,B2C,2023-09-30,33.25,33.25,retained_flat
U01389,B2C,B2C,2023-10-31,33.25,33.25,retained_flat
U01389,B2C,B2C,2023-11-30,33.25,33.25,retained_flat
U01389,B2C,B2C,2023-12-31,33.25,33.25,retained_flat
U01389,B2C,B2C,2024-01-31,33.25,33.25,retained_flat
U01389,B2C,B2C,2024-02-29,33.25,33.25,retained_flat
U01389,B2C,B2C,2024-03-31,33.25,33.25,retained_flat
U01389,B2C,B2C,2024-04-30,33.25,33.25,retained_flat
U01397,B2C,B2C,2023-04-30,33.25,,new
U01397,B2C,B2C,2023-05-31,33.25,33.25,retained_flat
U01397,B2C,B2C,2023-06-30,33.25,33.25,retained_flat
U01397,B2C,B2C,2023-07-31,33.25,33.25,retained_flat
U01397,B2C,B2C,2023-08-31,33.25,33.25,retained_flat
U01397,B2C,B2C,2023-09-30,33.25,33.25,retained_flat
U01397,B2C,B2C,2023-10-31,33.25,33.25,retained_flat
U01397,B2C,B2C,2023-11-30,33.25,33.25,retained_flat
U01397,B2C,B2C,2023-12-31,33.25,33.25,retained_flat
U01397,B2C,B2C,2024-01-31,33.25,33.25,retained_flat
U01397,B2C,B2C,2024-02-29,33.25,33.25,retained_flat
U01397,B2C,B2C,2024-03-31,33.25,33.25,retained_flat
U01397,B2C,B2C,2024-04-30,33.25,33.25,retained_flat
U01411,B2C,B2C,2023-04-30,49.0,,new
U01411,B2C,B2C,2023-05-31,49.0,49.0,retained_flat
U01411,B2C,B2C,2023-06-30,49.0,49.0,retained_flat
U01411,B2C,B2C,2023-07-31,0.0,49.0,churn
U01411,B2C,B2C,2023-08-31,0.0,0.0,inactive
U01411,B2C,B2C,2023-09-30,0.0,0.0,inactive
U01411,B2C,B2C,2023-10-31,0.0,0.0,inactive
U01411,B2C,B2C,2023-11-30,0.0,0.0,inactive
U01411,B2C,B2C,2023-12-31,0.0,0.0,inactive
U01411,B2C,B2C,2024-01-31,0.0,0.0,inactive
U01411,B2C,B2C,2024-02-29,0.0,0.0,inactive
U01411,B2C,B2C,2024-03-31,0.0,0.0,inactive
U01411,B2C,B2C,2024-04-30,0.0,0.0,inactive
U01421,B2C,B2C,2023-04-30,49.0,,new
U01421,B2C,B2C,2023-05-31,49.0,49.0,retained_flat
U01421,B2C,B2C,2023-06-30,49.0,49.0,retained_flat
U01421,B2C,B2C,2023-07-31,49.0,49.0,retained_flat
U01421,B2C,B2C,2023-08-31,49.0,49.0,retained_flat
U01421,B2C,B2C,2023-09-30,49.0,49.0,retained_flat
U01421,B2C,B2C,2023-10-31,49.0,49.0,retained_flat
U01421,B2C,B2C,2023-11-30,49.0,49.0,retained_flat
U01421,B2C,B2C,2023-12-31,49.0,49.0,retained_flat
U01421,B2C,B2C,2024-01-31,49.0,49.0,retained_flat
U01421,B2C,B2C,2024-02-29,49.0,49.0,retained_flat
U01421,B2C,B2C,2024-03-31,49.0,49.0,retained_flat
U01421,B2C,B2C,2024-04-30,49.0,49.0,retained_flat
U01518,B2C,B2C,2023-05-31,33.25,,new
U01518,B2C,B2C,2023-06-30,33.25,33.25,retained_flat
U01518,B2C,B2C,2023-07-31,33.25,33.25,retained_flat
U01518,B2C,B2C,2023-08-31,33.25,33.25,retained_flat
U01518,B2C,B2C,2023-09-30,33.25,33.25,retained_flat
U01518,B2C,B2C,2023-10-31,33.25,33.25,retained_flat
U01518,B2C,B2C,2023-11-30,33.25,33.25,retained_flat
U01518,B2C,B2C,2023-12-31,33.25,33.25,retained_flat
U01518,B2C,B2C,2024-01-31,33.25,33.25,retained_flat
U01518,B2C,B2C,2024-02-29,33.25,33.25,retained_flat
U01518,B2C,B2C,2024-03-31,33.25,33.25,retained_flat
U01518,B2C,B2C,2024-04-30,33.25,33.25,retained_flat
U01532,B2C,B2C,2023-05-31,33.25,,new
U01532,B2C,B2C,2023-06-30,33.25,33.25,retained_flat
U01532,B2C,B2C,2023-07-31,33.25,33.25,retained_flat
U01532,B2C,B2C,2023-08-31,33.25,33.25,retained_flat
U01532,B2C,B2C,2023-09-30,33.25,33.25,retained_flat
U01532,B2C,B2C,2023-10-31,33.25,33.25,retained_flat
U01532,B2C,B2C,2023-11-30,33.25,33.25,retained_flat
U01532,B2C,B2C,2023-12-31,33.25,33.25,retained_flat
U01532,B2C,B2C,2024-01-31,33.25,33.25,retained_flat
U01532,B2C,B2C,2024-02-29,33.25,33.25,retained_flat
U01532,B2C,B2C,2024-03-31,33.25,33.25,retained_flat
U01532,B2C,B2C,2024-04-30,33.25,33.25,retained_flat
U01534,B2C,B2C,2023-05-31,49.0,,new
U01534,B2C,B2C,2023-06-30,49.0,49.0,retained_flat
U01534,B2C,B2C,2023-07-31,49.0,49.0,retained_flat
U01534,B2C,B2C,2023-08-31,0.0,49.0,churn
U01534,B2C,B2C,2023-09-30,0.0,0.0,inactive
U01534,B2C,B2C,2023-10-31,0.0,0.0,inactive
U01534,B2C,B2C,2023-11-30,0.0,0.0,inactive
U01534,B2C,B2C,2023-12-31,0.0,0.0,inactive
U01534,B2C,B2C,2024-01-31,0.0,0.0,inactive
U01534,B2C,B2C,2024-02-29,0.0,0.0,inactive
U01534,B2C,B2C,2024-03-31,0.0,0.0,inactive
U01534,B2C,B2C,2024-04-30,0.0,0.0,inactive
U01573,SMB,B2B,2023-05-31,199.0,,new
U01573,SMB,B2B,2023-06-30,226.3,199.0,expansion
U01573,SMB,B2B,2023-07-31,226.3,226.3,retained_flat
U01573,SMB,B2B,2023-08-31,238.61,226.3,expansion
U01573,SMB,B2B,2023-09-30,254.06,238.61,expansion
U01573,SMB,B2B,2023-10-31,254.06,254.06,retained_flat
U01573,SMB,B2B,2023-11-30,254.06,254.06,retained_flat
U01573,SMB,B2B,2023-12-31,254.06,254.06,retained_flat
U01573,SMB,B2B,2024-01-31,210.36,254.06,contraction
U01573,SMB,B2B,2024-02-29,210.36,210.36,retained_flat
U01573,SMB,B2B,2024-03-31,210.36,210.36,retained_flat
U01573,SMB,B2B,2024-04-30,210.36,210.36,retained_flat
U01582,Enterprise,B2B,2023-05-31,825.0,,new
U01582,Enterprise,B2B,2023-06-30,825.0,825.0,retained_flat
U01582,Enterprise,B2B,2023-07-31,825.0,825.0,retained_flat
U01582,Enterprise,B2B,2023-08-31,825.0,825.0,retained_flat
U01582,Enterprise,B2B,2023-09-30,825.0,825.0,retained_flat
U01582,Enterprise,B2B,2023-10-31,825.0,825.0,retained_flat
U01582,Enterprise,B2B,2023-11-30,825.0,825.0,retained_flat
U01582,Enterprise,B2B,2023-12-31,825.0,825.0,retained_flat
U01582,Enterprise,B2B,2024-01-31,825.0,825.0,retained_flat
U01582,Enterprise,B2B,2024-02-29,825.0,825.0,retained_flat
U01582,Enterprise,B2B,2024-03-31,825.0,825.0,retained_flat
U01582,Enterprise,B2B,2024-04-30,825.0,825.0,retained_flat
U01592,B2C,B2C,2023-06-30,49.0,,new
U01592,B2C,B2C,2023-07-31,49.0,49.0,retained_flat
U01592,B2C,B2C,2023-08-31,49.0,49.0,retained_flat
U01592,B2C,B2C,2023-09-30,49.0,49.0,retained_flat
U01592,B2C,B2C,2023-10-31,49.0,49.0,retained_flat
U01592,B2C,B2C,2023-11-30,49.0,49.0,retained_flat
U01592,B2C,B2C,2023-12-31,49.0,49.0,retained_flat
U01592,B2C,B2C,2024-01-31,49.0,49.0,retained_flat
U01592,B2C,B2C,2024-02-29,49.0,49.0,retained_flat
U01592,B2C,B2C,2024-03-31,49.0,49.0,retained_flat
U01592,B2C,B2C,2024-04-30,49.0,49.0,retained_flat
U01598,B2C,B2C,2023-06-30,33.25,,new
U01598,B2C,B2C,2023-07-31,33.25,33.25,retained_flat
U01598,B2C,B2C,2023-08-31,33.25,33.25,retained_flat
U01598,B2C,B2C,2023-09-30,33.25,33.25,retained_flat
U01598,B2C,B2C,2023-10-31,33.25,33.25,retained_flat
U01598,B2C,B2C,2023-11-30,33.25,33.25,retained_flat
U01598,B2C,B2C,2023-12-31,33.25,33.25,retained_flat
U01598,B2C,B2C,2024-01-31,33.25,33.25,retained_flat
U01598,B2C,B2C,2024-02-29,33.25,33.25,retained_flat
U01598,B2C,B2C,2024-03-31,33.25,33.25,retained_flat
U01598,B2C,B2C,2024-04-30,33.25,33.25,retained_flat
U01604,B2C,B2C,2023-06-30,49.0,,new
U01604,B2C,B2C,2023-07-31,49.0,49.0,retained_flat
U01604,B2C,B2C,2023-08-31,49.0,49.0,retained_flat
U01604,B2C,B2C,2023-09-30,49.0,49.0,retained_flat
U01604,B2C,B2C,2023-10-31,49.0,49.0,retained_flat
U01604,B2C,B2C,2023-11-30,49.0,49.0,retained_flat
U01604,B2C,B2C,2023-12-31,49.0,49.0,retained_flat
U01604,B2C,B2C,2024-01-31,49.0,49.0,retained_flat
U01604,B2C,B2C,2024-02-29,49.0,49.0,retained_flat
U01604,B2C,B2C,2024-03-31,49.0,49.0,retained_flat
U01604,B2C,B2C,2024-04-30,49.0,49.0,retained_flat
U01607,B2C,B2C,2023-06-30,49.0,,new
U01607,B2C,B2C,2023-07-31,49.0,49.0,retained_flat
U01607,B2C,B2C,2023-08-31,49.0,49.0,retained_flat
U01607,B2C,B2C,2023-09-30,49.0,49.0,retained_flat
U01607,B2C,B2C,2023-10-31,49.0,49.0,retained_flat
U01607,B2C,B2C,2023-11-30,49.0,49.0,retained_flat
U01607,B2C,B2C,2023-12-31,0.0,49.0,churn
U01607,B2C,B2C,2024-01-31,0.0,0.0,inactive
U01607,B2C,B2C,2024-02-29,0.0,0.0,inactive
U01607,B2C,B2C,2024-03-31,0.0,0.0,inactive
U01607,B2C,B2C,2024-04-30,0.0,0.0,inactive
U01642,B2C,B2C,2023-06-30,33.25,,new
U01642,B2C,B2C,2023-07-31,33.25,33.25,retained_flat
U01642,B2C,B2C,2023-08-31,33.25,33.25,retained_flat
U01642,B2C,B2C,2023-09-30,33.25,33.25,retained_flat
U01642,B2C,B2C,2023-10-31,33.25,33.25,retained_flat
U01642,B2C,B2C,2023-11-30,33.25,33.25,retained_flat
U01642,B2C,B2C,2023-12-31,33.25,33.25,retained_flat
U01642,B2C,B2C,2024-01-31,33.25,33.25,retained_flat
U01642,B2C,B2C,2024-02-29,33.25,33.25,retained_flat
U01642,B2C,B2C,2024-03-31,33.25,33.25,retained_flat
U01642,B2C,B2C,2024-04-30,33.25,33.25,retained_flat
U01683,B2C,B2C,2023-06-30,33.25,,new
U01683,B2C,B2C,2023-07-31,33.25,33.25,retained_flat
U01683,B2C,B2C,2023-08-31,33.25,33.25,retained_flat
U01683,B2C,B2C,2023-09-30,33.25,33.25,retained_flat
U01683,B2C,B2C,2023-10-31,33.25,33.25,retained_flat
U01683,B2C,B2C,2023-11-30,33.25,33.25,retained_flat
U01683,B2C,B2C,2023-12-31,33.25,33.25,retained_flat
U01683,B2C,B2C,2024-01-31,33.25,33.25,retained_flat
U01683,B2C,B2C,2024-02-29,33.25,33.25,retained_flat
U01683,B2C,B2C,2024-03-31,33.25,33.25,retained_flat
U01683,B2C,B2C,2024-04-30,33.25,33.25,retained_flat
U01713,SMB,B2B,2023-06-30,199.0,,new
U01713,SMB,B2B,2023-07-31,199.0,199.0,retained_flat
U01713,SMB,B2B,2023-08-31,199.0,199.0,retained_flat
U01713,SMB,B2B,2023-09-30,199.0,199.0,retained_flat
U01713,SMB,B2B,2023-10-31,199.0,199.0,retained_flat
U01713,SMB,B2B,2023-11-30,0.0,199.0,churn
U01713,SMB,B2B,2023-12-31,0.0,0.0,inactive
U01713,SMB,B2B,2024-01-31,0.0,0.0,inactive
U01713,SMB,B2B,2024-02-29,0.0,0.0,inactive
U01713,SMB,B2B,2024-03-31,0.0,0.0,inactive
U01713,SMB,B2B,2024-04-30,0.0,0.0,inactive
U01766,B2C,B2C,2023-07-31,49.0,,new
U01766,B2C,B2C,2023-08-31,49.0,49.0,retained_flat
U01766,B2C,B2C,2023-09-30,49.0,49.0,retained_flat
U01766,B2C,B2C,2023-10-31,49.0,49.0,retained_flat
U01766,B2C,B2C,2023-11-30,49.0,49.0,retained_flat
U01766,B2C,B2C,2023-12-31,49.0,49.0,retained_flat
U01766,B2C,B2C,2024-01-31,49.0,49.0,retained_flat
U01766,B2C,B2C,2024-02-29,49.0,49.0,retained_flat
U01766,B2C,B2C,2024-03-31,49.0,49.0,retained_flat
U01766,B2C,B2C,2024-04-30,49.0,49.0,retained_flat
U01769,B2C,B2C,2023-07-31,49.0,,new
U01769,B2C,B2C,2023-08-31,49.0,49.0,retained_flat
U01769,B2C,B2C,2023-09-30,49.0,49.0,retained_flat
U01769,B2C,B2C,2023-10-31,49.0,49.0,retained_flat
U01769,B2C,B2C,2023-11-30,49.0,49.0,retained_flat
U01769,B2C,B2C,2023-12-31,0.0,49.0,churn
U01769,B2C,B2C,2024-01-31,0.0,0.0,inactive
U01769,B2C,B2C,2024-02-29,0.0,0.0,inactive
U01769,B2C,B2C,2024-03-31,0.0,0.0,inactive
U01769,B2C,B2C,2024-04-30,0.0,0.0,inactive
U01770,B2C,B2C,2023-07-31,49.0,,new
U01770,B2C,B2C,2023-08-31,49.0,49.0,retained_flat
U01770,B2C,B2C,2023-09-30,49.0,49.0,retained_flat
U01770,B2C,B2C,2023-10-31,49.0,49.0,retained_flat
U01770,B2C,B2C,2023-11-30,0.0,49.0,churn
U01770,B2C,B2C,2023-12-31,0.0,0.0,inactive
U01770,B2C,B2C,2024-01-31,0.0,0.0,inactive
U01770,B2C,B2C,2024-02-29,0.0,0.0,inactive
U01770,B2C,B2C,2024-03-31,0.0,0.0,inactive
U01770,B2C,B2C,2024-04-30,0.0,0.0,inactive
U01800,B2C,B2C,2023-07-31,33.25,,new
U01800,B2C,B2C,2023-08-31,33.25,33.25,retained_flat
U01800,B2C,B2C,2023-09-30,33.25,33.25,retained_flat
U01800,B2C,B2C,2023-10-31,33.25,33.25,retained_flat
U01800,B2C,B2C,2023-11-30,33.25,33.25,retained_flat
U01800,B2C,B2C,2023-12-31,33.25,33.25,retained_flat
U01800,B2C,B2C,2024-01-31,33.25,33.25,retained_flat
U01800,B2C,B2C,2024-02-29,33.25,33.25,retained_flat
U01800,B2C,B2C,2024-03-31,33.25,33.25,retained_flat
U01800,B2C,B2C,2024-04-30,33.25,33.25,retained_flat
U01843,B2C,B2C,2023-07-31,49.0,,new
U01843,B2C,B2C,2023-08-31,49.0,49.0,retained_flat
U01843,B2C,B2C,2023-09-30,49.0,49.0,retained_flat
U01843,B2C,B2C,2023-10-31,49.0,49.0,retained_flat
U01843,B2C,B2C,2023-11-30,0.0,49.0,churn
U01843,B2C,B2C,2023-12-31,0.0,0.0,inactive
U01843,B2C,B2C,2024-01-31,0.0,0.0,inactive
U01843,B2C,B2C,2024-02-29,0.0,0.0,inactive
U01843,B2C,B2C,2024-03-31,0.0,0.0,inactive
U01843,B2C,B2C,2024-04-30,0.0,0.0,inactive
U01858,SMB,B2B,2023-07-31,149.92,,new
U01858,SMB,B2B,2023-08-31,149.92,149.92,retained_flat
U01858,SMB,B2B,2023-09-30,149.92,149.92,retained_flat
U01858,SMB,B2B,2023-10-31,149.92,149.92,retained_flat
U01858,SMB,B2B,2023-11-30,149.92,149.92,retained_flat
U01858,SMB,B2B,2023-12-31,149.92,149.92,retained_flat
U01858,SMB,B2B,2024-01-31,149.92,149.92,retained_flat
U01858,SMB,B2B,2024-02-29,149.92,149.92,retained_flat
U01858,SMB,B2B,2024-03-31,149.92,149.92,retained_flat
U01858,SMB,B2B,2024-04-30,149.92,149.92,retained_flat
U01886,B2C,B2C,2023-08-31,49.0,,new
U01886,B2C,B2C,2023-09-30,49.0,49.0,retained_flat
U01886,B2C,B2C,2023-10-31,49.0,49.0,retained_flat
U01886,B2C,B2C,2023-11-30,49.0,49.0,retained_flat
U01886,B2C,B2C,2023-12-31,0.0,49.0,churn
U01886,B2C,B2C,2024-01-31,0.0,0.0,inactive
U01886,B2C,B2C,2024-02-29,0.0,0.0,inactive
U01886,B2C,B2C,2024-03-31,0.0,0.0,inactive
U01886,B2C,B2C,2024-04-30,0.0,0.0,inactive
U01917,B2C,B2C,2023-08-31,49.0,,new
U01917,B2C,B2C,2023-09-30,49.0,49.0,retained_flat
U01917,B2C,B2C,2023-10-31,49.0,49.0,retained_flat
U01917,B2C,B2C,2023-11-30,49.0,49.0,retained_flat
U01917,B2C,B2C,2023-12-31,0.0,49.0,churn
U01917,B2C,B2C,2024-01-31,0.0,0.0,inactive
U01917,B2C,B2C,2024-02-29,0.0,0.0,inactive
U01917,B2C,B2C,2024-03-31,0.0,0.0,inactive
U01917,B2C,B2C,2024-04-30,0.0,0.0,inactive
U01995,B2C,B2C,2023-08-31,49.0,,new
U01995,B2C,B2C,2023-09-30,49.0,49.0,retained_flat
U01995,B2C,B2C,2023-10-31,49.0,49.0,retained_flat
U01995,B2C,B2C,2023-11-30,49.0,49.0,retained_flat
U01995,B2C,B2C,2023-12-31,49.0,49.0,retained_flat
U01995,B2C,B2C,2024-01-31,49.0,49.0,retained_flat
U01995,B2C,B2C,2024-02-29,49.0,49.0,retained_flat
U01995,B2C,B2C,2024-03-31,49.0,49.0,retained_flat
U01995,B2C,B2C,2024-04-30,49.0,49.0,retained_flat
U02011,SMB,B2B,2023-08-31,149.92,,new
U02011,SMB,B2B,2023-09-30,149.92,149.92,retained_flat
U02011,SMB,B2B,2023-10-31,149.92,149.92,retained_flat
U02011,SMB,B2B,2023-11-30,149.92,149.92,retained_flat
U02011,SMB,B2B,2023-12-31,149.92,149.92,retained_flat
U02011,SMB,B2B,2024-01-31,149.92,149.92,retained_flat
U02011,SMB,B2B,2024-02-29,149.92,149.92,retained_flat
U02011,SMB,B2B,2024-03-31,149.92,149.92,retained_flat
U02011,SMB,B2B,2024-04-30,149.92,149.92,retained_flat
U02045,B2C,B2C,2023-09-30,33.25,,new
U02045,B2C,B2C,2023-10-31,33.25,33.25,retained_flat
U02045,B2C,B2C,2023-11-30,33.25,33.25,retained_flat
U02045,B2C,B2C,2023-12-31,33.25,33.25,retained_flat
U02045,B2C,B2C,2024-01-31,33.25,33.25,retained_flat
U02045,B2C,B2C,2024-02-29,33.25,33.25,retained_flat
U02045,B2C,B2C,2024-03-31,33.25,33.25,retained_flat
U02045,B2C,B2C,2024-04-30,33.25,33.25,retained_flat
U02070,B2C,B2C,2023-09-30,49.0,,new
U02070,B2C,B2C,2023-10-31,49.0,49.0,retained_flat
U02070,B2C,B2C,2023-11-30,49.0,49.0,retained_flat
U02070,B2C,B2C,2023-12-31,49.0,49.0,retained_flat
U02070,B2C,B2C,2024-01-31,49.0,49.0,retained_flat
U02070,B2C,B2C,2024-02-29,49.0,49.0,retained_flat
U02070,B2C,B2C,2024-03-31,49.0,49.0,retained_flat
U02070,B2C,B2C,2024-04-30,49.0,49.0,retained_flat
U02090,B2C,B2C,2023-09-30,49.0,,new
U02090,B2C,B2C,2023-10-31,49.0,49.0,retained_flat
U02090,B2C,B2C,2023-11-30,0.0,49.0,churn
U02090,B2C,B2C,2023-12-31,0.0,0.0,inactive
U02090,B2C,B2C,2024-01-31,0.0,0.0,inactive
U02090,B2C,B2C,2024-02-29,0.0,0.0,inactive
U02090,B2C,B2C,2024-03-31,0.0,0.0,inactive
U02090,B2C,B2C,2024-04-30,0.0,0.0,inactive
U02098,B2C,B2C,2023-09-30,49.0,,new
U02098,B2C,B2C,2023-10-31,49.0,49.0,retained_flat
U02098,B2C,B2C,2023-11-30,49.0,49.0,retained_flat
U02098,B2C,B2C,2023-12-31,0.0,49.0,churn
U02098,B2C,B2C,2024-01-31,0.0,0.0,inactive
U02098,B2C,B2C,2024-02-29,0.0,0.0,inactive
U02098,B2C,B2C,2024-03-31,0.0,0.0,inactive
U02098,B2C,B2C,2024-04-30,0.0,0.0,inactive
U02132,B2C,B2C,2023-09-30,49.0,,new
U02132,B2C,B2C,2023-10-31,49.0,49.0,retained_flat
U02132,B2C,B2C,2023-11-30,49.0,49.0,retained_flat
U02132,B2C,B2C,2023-12-31,49.0,49.0,retained_flat
U02132,B2C,B2C,2024-01-31,0.0,49.0,churn
U02132,B2C,B2C,2024-02-29,0.0,0.0,inactive
U02132,B2C,B2C,2024-03-31,0.0,0.0,inactive
U02132,B2C,B2C,2024-04-30,0.0,0.0,inactive
U02148,B2C,B2C,2023-09-30,49.0,,new
U02148,B2C,B2C,2023-10-31,49.0,49.0,retained_flat
U02148,B2C,B2C,2023-11-30,49.0,49.0,retained_flat
U02148,B2C,B2C,2023-12-31,0.0,49.0,churn
U02148,B2C,B2C,2024-01-31,0.0,0.0,inactive
U02148,B2C,B2C,2024-02-29,0.0,0.0,inactive
U02148,B2C,B2C,2024-03-31,0.0,0.0,inactive
U02148,B2C,B2C,2024-04-30,0.0,0.0,inactive
U02231,B2C,B2C,2023-10-31,49.0,,new
U02231,B2C,B2C,2023-11-30,0.0,49.0,churn
U02231,B2C,B2C,2023-12-31,0.0,0.0,inactive
U02231,B2C,B2C,2024-01-31,0.0,0.0,inactive
U02231,B2C,B2C,2024-02-29,0.0,0.0,inactive
U02231,B2C,B2C,2024-03-31,0.0,0.0,inactive
U02231,B2C,B2C,2024-04-30,0.0,0.0,inactive
U02250,B2C,B2C,2023-10-31,49.0,,new
U02250,B2C,B2C,2023-11-30,49.0,49.0,retained_flat
U02250,B2C,B2C,2023-12-31,49.0,49.0,retained_flat
U02250,B2C,B2C,2024-01-31,49.0,49.0,retained_flat
U02250,B2C,B2C,2024-02-29,49.0,49.0,retained_flat
U02250,B2C,B2C,2024-03-31,49.0,49.0,retained_flat
U02250,B2C,B2C,2024-04-30,0.0,49.0,churn
U02253,B2C,B2C,2023-10-31,49.0,,new
U02253,B2C,B2C,2023-11-30,0.0,49.0,churn
U02253,B2C,B2C,2023-12-31,0.0,0.0,inactive
U02253,B2C,B2C,2024-01-31,0.0,0.0,inactive
U02253,B2C,B2C,2024-02-29,0.0,0.0,inactive
U02253,B2C,B2C,2024-03-31,0.0,0.0,inactive
U02253,B2C,B2C,2024-04-30,0.0,0.0,inactive
U02256,B2C,B2C,2023-10-31,33.25,,new
U02256,B2C,B2C,2023-11-30,33.25,33.25,retained_flat
U02256,B2C,B2C,2023-12-31,33.25,33.25,retained_flat
U02256,B2C,B2C,2024-01-31,33.25,33.25,retained_flat
U02256,B2C,B2C,2024-02-29,33.25,33.25,retained_flat
U02256,B2C,B2C,2024-03-31,33.25,33.25,retained_flat
U02256,B2C,B2C,2024-04-30,33.25,33.25,retained_flat
U02286,B2C,B2C,2023-10-31,49.0,,new
U02286,B2C,B2C,2023-11-30,49.0,49.0,retained_flat
U02286,B2C,B2C,2023-12-31,49.0,49.0,retained_flat
U02286,B2C,B2C,2024-01-31,49.0,49.0,retained_flat
U02286,B2C,B2C,2024-02-29,49.0,49.0,retained_flat
U02286,B2C,B2C,2024-03-31,49.0,49.0,retained_flat
U02286,B2C,B2C,2024-04-30,0.0,49.0,churn
U02304,B2C,B2C,2023-10-31,49.0,,new
U02304,B2C,B2C,2023-11-30,0.0,49.0,churn
U02304,B2C,B2C,2023-12-31,0.0,0.0,inactive
U02304,B2C,B2C,2024-01-31,0.0,0.0,inactive
U02304,B2C,B2C,2024-02-29,0.0,0.0,inactive
U02304,B2C,B2C,2024-03-31,0.0,0.0,inactive
U02304,B2C,B2C,2024-04-30,0.0,0.0,inactive
U02322,B2C,B2C,2023-10-31,49.0,,new
U02322,B2C,B2C,2023-11-30,49.0,49.0,retained_flat
U02322,B2C,B2C,2023-12-31,0.0,49.0,churn
U02322,B2C,B2C,2024-01-31,0.0,0.0,inactive
U02322,B2C,B2C,2024-02-29,0.0,0.0,inactive
U02322,B2C,B2C,2024-03-31,0.0,0.0,inactive
U02322,B2C,B2C,2024-04-30,0.0,0.0,inactive
U02332,B2C,B2C,2023-10-31,33.25,,new
U02332,B2C,B2C,2023-11-30,33.25,33.25,retained_flat
U02332,B2C,B2C,2023-12-31,33.25,33.25,retained_flat
U02332,B2C,B2C,2024-01-31,33.25,33.25,retained_flat
U02332,B2C,B2C,2024-02-29,33.25,33.25,retained_flat
U02332,B2C,B2C,2024-03-31,33.25,33.25,retained_flat
U02332,B2C,B2C,2024-04-30,33.25,33.25,retained_flat
U02341,B2C,B2C,2023-10-31,49.0,,new
U02341,B2C,B2C,2023-11-30,49.0,49.0,retained_flat
U02341,B2C,B2C,2023-12-31,49.0,49.0,retained_flat
U02341,B2C,B2C,2024-01-31,49.0,49.0,retained_flat
U02341,B2C,B2C,2024-02-29,49.0,49.0,retained_flat
U02341,B2C,B2C,2024-03-31,49.0,49.0,retained_flat
U02341,B2C,B2C,2024-04-30,49.0,49.0,retained_flat
U02354,B2C,B2C,2023-10-31,49.0,,new
U02354,B2C,B2C,2023-11-30,49.0,49.0,retained_flat
U02354,B2C,B2C,2023-12-31,49.0,49.0,retained_flat
U02354,B2C,B2C,2024-01-31,49.0,49.0,retained_flat
U02354,B2C,B2C,2024-02-29,49.0,49.0,retained_flat
U02354,B2C,B2C,2024-03-31,49.0,49.0,retained_flat
U02354,B2C,B2C,2024-04-30,49.0,49.0,retained_flat
U02394,SMB,B2B,2023-10-31,149.92,,new
U02394,SMB,B2B,2023-11-30,149.92,149.92,retained_flat
U02394,SMB,B2B,2023-12-31,149.92,149.92,retained_flat
U02394,SMB,B2B,2024-01-31,149.92,149.92,retained_flat
U02394,SMB,B2B,2024-02-29,149.92,149.92,retained_flat
U02394,SMB,B2B,2024-03-31,149.92,149.92,retained_flat
U02394,SMB,B2B,2024-04-30,149.92,149.92,retained_flat
U02426,B2C,B2C,2023-11-30,49.0,,new
U02426,B2C,B2C,2023-12-31,49.0,49.0,retained_flat
U02426,B2C,B2C,2024-01-31,0.0,49.0,churn
U02426,B2C,B2C,2024-02-29,0.0,0.0,inactive
U02426,B2C,B2C,2024-03-31,0.0,0.0,inactive
U02426,B2C,B2C,2024-04-30,0.0,0.0,inactive
U02462,B2C,B2C,2023-11-30,33.25,,new
U02462,B2C,B2C,2023-12-31,33.25,33.25,retained_flat
U02462,B2C,B2C,2024-01-31,33.25,33.25,retained_flat
U02462,B2C,B2C,2024-02-29,33.25,33.25,retained_flat
U02462,B2C,B2C,2024-03-31,33.25,33.25,retained_flat
U02462,B2C,B2C,2024-04-30,33.25,33.25,retained_flat
U02471,B2C,B2C,2023-11-30,49.0,,new
U02471,B2C,B2C,2023-12-31,49.0,49.0,retained_flat
U02471,B2C,B2C,2024-01-31,49.0,49.0,retained_flat
U02471,B2C,B2C,2024-02-29,49.0,49.0,retained_flat
U02471,B2C,B2C,2024-03-31,49.0,49.0,retained_flat
U02471,B2C,B2C,2024-04-30,0.0,49.0,churn
U02488,B2C,B2C,2023-11-30,49.0,,new
U02488,B2C,B2C,2023-12-31,49.0,49.0,retained_flat
U02488,B2C,B2C,2024-01-31,49.0,49.0,retained_flat
U02488,B2C,B2C,2024-02-29,49.0,49.0,retained_flat
U02488,B2C,B2C,2024-03-31,49.0,49.0,retained_flat
U02488,B2C,B2C,2024-04-30,49.0,49.0,retained_flat
U02574,SMB,B2B,2023-11-30,149.92,,new
U02574,SMB,B2B,2023-12-31,149.92,149.92,retained_flat
U02574,SMB,B2B,2024-01-31,149.92,149.92,retained_flat
U02574,SMB,B2B,2024-02-29,149.92,149.92,retained_flat
U02574,SMB,B2B,2024-03-31,149.92,149.92,retained_flat
U02574,SMB,B2B,2024-04-30,149.92,149.92,retained_flat
U02576,SMB,B2B,2023-11-30,149.92,,new
U02576,SMB,B2B,2023-12-31,149.92,149.92,retained_flat
U02576,SMB,B2B,2024-01-31,149.92,149.92,retained_flat
U02576,SMB,B2B,2024-02-29,149.92,149.92,retained_flat
U02576,SMB,B2B,2024-03-31,149.92,149.92,retained_flat
U02576,SMB,B2B,2024-04-30,149.92,149.92,retained_flat
U02578,Enterprise,B2B,2023-11-30,825.0,,new
U02578,Enterprise,B2B,2023-12-31,825.0,825.0,retained_flat
U02578,Enterprise,B2B,2024-01-31,825.0,825.0,retained_flat
U02578,Enterprise,B2B,2024-02-29,825.0,825.0,retained_flat
U02578,Enterprise,B2B,2024-03-31,825.0,825.0,retained_flat
U02578,Enterprise,B2B,2024-04-30,825.0,825.0,retained_flat
U02579,Enterprise,B2B,2023-11-30,825.0,,new
U02579,Enterprise,B2B,2023-12-31,825.0,825.0,retained_flat
U02579,Enterprise,B2B,2024-01-31,825.0,825.0,retained_flat
U02579,Enterprise,B2B,2024-02-29,825.0,825.0,retained_flat
U02579,Enterprise,B2B,2024-03-31,825.0,825.0,retained_flat
U02579,Enterprise,B2B,2024-04-30,825.0,825.0,retained_flat
U02622,B2C,B2C,2023-12-31,33.25,,new
U02622,B2C,B2C,2024-01-31,33.25,33.25,retained_flat
U02622,B2C,B2C,2024-02-29,33.25,33.25,retained_flat
U02622,B2C,B2C,2024-03-31,33.25,33.25,retained_flat
U02622,B2C,B2C,2024-04-30,33.25,33.25,retained_flat
U02636,B2C,B2C,2023-12-31,33.25,,new
U02636,B2C,B2C,2024-01-31,33.25,33.25,retained_flat
U02636,B2C,B2C,2024-02-29,33.25,33.25,retained_flat
U02636,B2C,B2C,2024-03-31,33.25,33.25,retained_flat
U02636,B2C,B2C,2024-04-30,33.25,33.25,retained_flat
U02676,B2C,B2C,2023-12-31,49.0,,new
U02676,B2C,B2C,2024-01-31,49.0,49.0,retained_flat
U02676,B2C,B2C,2024-02-29,49.0,49.0,retained_flat
U02676,B2C,B2C,2024-03-31,0.0,49.0,churn
U02676,B2C,B2C,2024-04-30,0.0,0.0,inactive
U02688,B2C,B2C,2023-12-31,49.0,,new
U02688,B2C,B2C,2024-01-31,49.0,49.0,retained_flat
U02688,B2C,B2C,2024-02-29,49.0,49.0,retained_flat
U02688,B2C,B2C,2024-03-31,49.0,49.0,retained_flat
U02688,B2C,B2C,2024-04-30,49.0,49.0,retained_flat
U02717,B2C,B2C,2023-12-31,49.0,,new
U02717,B2C,B2C,2024-01-31,49.0,49.0,retained_flat
U02717,B2C,B2C,2024-02-29,49.0,49.0,retained_flat
U02717,B2C,B2C,2024-03-31,49.0,49.0,retained_flat
U02717,B2C,B2C,2024-04-30,49.0,49.0,retained_flat
U02730,B2C,B2C,2023-12-31,49.0,,new
U02730,B2C,B2C,2024-01-31,49.0,49.0,retained_flat
U02730,B2C,B2C,2024-02-29,49.0,49.0,retained_flat
U02730,B2C,B2C,2024-03-31,49.0,49.0,retained_flat
U02730,B2C,B2C,2024-04-30,49.0,49.0,retained_flat
U02753,SMB,B2B,2023-12-31,149.92,,new
U02753,SMB,B2B,2024-01-31,149.92,149.92,retained_flat
U02753,SMB,B2B,2024-02-29,149.92,149.92,retained_flat
U02753,SMB,B2B,2024-03-31,149.92,149.92,retained_flat
U02753,SMB,B2B,2024-04-30,149.92,149.92,retained_flat
U02818,B2C,B2C,2024-01-31,49.0,,new
U02818,B2C,B2C,2024-02-29,49.0,49.0,retained_flat
U02818,B2C,B2C,2024-03-31,49.0,49.0,retained_flat
U02818,B2C,B2C,2024-04-30,49.0,49.0,retained_flat
U02822,B2C,B2C,2024-01-31,49.0,,new
U02822,B2C,B2C,2024-02-29,49.0,49.0,retained_flat
U02822,B2C,B2C,2024-03-31,49.0,49.0,retained_flat
U02822,B2C,B2C,2024-04-30,49.0,49.0,retained_flat
U02828,B2C,B2C,2024-01-31,33.25,,new
U02828,B2C,B2C,2024-02-29,33.25,33.25,retained_flat
U02828,B2C,B2C,2024-03-31,33.25,33.25,retained_flat
U02828,B2C,B2C,2024-04-30,33.25,33.25,retained_flat
U02839,B2C,B2C,2024-01-31,49.0,,new
U02839,B2C,B2C,2024-02-29,49.0,49.0,retained_flat
U02839,B2C,B2C,2024-03-31,49.0,49.0,retained_flat
U02839,B2C,B2C,2024-04-30,0.0,49.0,churn
U02861,B2C,B2C,2024-01-31,33.25,,new
U02861,B2C,B2C,2024-02-29,33.25,33.25,retained_flat
U02861,B2C,B2C,2024-03-31,33.25,33.25,retained_flat
U02861,B2C,B2C,2024-04-30,33.25,33.25,retained_flat
U02865,B2C,B2C,2024-01-31,49.0,,new
U02865,B2C,B2C,2024-02-29,49.0,49.0,retained_flat
U02865,B2C,B2C,2024-03-31,49.0,49.0,retained_flat
U02865,B2C,B2C,2024-04-30,49.0,49.0,retained_flat
U02877,B2C,B2C,2024-01-31,49.0,,new
U02877,B2C,B2C,2024-02-29,49.0,49.0,retained_flat
U02877,B2C,B2C,2024-03-31,0.0,49.0,churn
U02877,B2C,B2C,2024-04-30,0.0,0.0,inactive
U02902,B2C,B2C,2024-01-31,49.0,,new
U02902,B2C,B2C,2024-02-29,49.0,49.0,retained_flat
U02902,B2C,B2C,2024-03-31,49.0,49.0,retained_flat
U02902,B2C,B2C,2024-04-30,49.0,49.0,retained_flat
U02921,B2C,B2C,2024-01-31,49.0,,new
U02921,B2C,B2C,2024-02-29,49.0,49.0,retained_flat
U02921,B2C,B2C,2024-03-31,49.0,49.0,retained_flat
U02921,B2C,B2C,2024-04-30,49.0,49.0,retained_flat
U02943,B2C,B2C,2024-01-31,33.25,,new
U02943,B2C,B2C,2024-02-29,33.25,33.25,retained_flat
U02943,B2C,B2C,2024-03-31,33.25,33.25,retained_flat
U02943,B2C,B2C,2024-04-30,33.25,33.25,retained_flat
U02966,SMB,B2B,2024-01-31,149.92,,new
U02966,SMB,B2B,2024-02-29,149.92,149.92,retained_flat
U02966,SMB,B2B,2024-03-31,149.92,149.92,retained_flat
U02966,SMB,B2B,2024-04-30,149.92,149.92,retained_flat
U03015,B2C,B2C,2024-02-29,33.25,,new
U03015,B2C,B2C,2024-03-31,33.25,33.25,retained_flat
U03015,B2C,B2C,2024-04-30,33.25,33.25,retained_flat
U03021,B2C,B2C,2024-02-29,33.25,,new
U03021,B2C,B2C,2024-03-31,33.25,33.25,retained_flat
U03021,B2C,B2C,2024-04-30,33.25,33.25,retained_flat
U03022,B2C,B2C,2024-02-29,49.0,,new
U03022,B2C,B2C,2024-03-31,49.0,49.0,retained_flat
U03022,B2C,B2C,2024-04-30,49.0,49.0,retained_flat
U03031,B2C,B2C,2024-02-29,49.0,,new
U03031,B2C,B2C,2024-03-31,49.0,49.0,retained_flat
U03031,B2C,B2C,2024-04-30,49.0,49.0,retained_flat
U03044,B2C,B2C,2024-02-29,33.25,,new
U03044,B2C,B2C,2024-03-31,33.25,33.25,retained_flat
U03044,B2C,B2C,2024-04-30,33.25,33.25,retained_flat
U03075,B2C,B2C,2024-02-29,33.25,,new
U03075,B2C,B2C,2024-03-31,33.25,33.25,retained_flat
U03075,B2C,B2C,2024-04-30,33.25,33.25,retained_flat
U03079,B2C,B2C,2024-02-29,33.25,,new
U03079,B2C,B2C,2024-03-31,33.25,33.25,retained_flat
U03079,B2C,B2C,2024-04-30,33.25,33.25,retained_flat
U03143,B2C,B2C,2024-02-29,49.0,,new
U03143,B2C,B2C,2024-03-31,0.0,49.0,churn
U03143,B2C,B2C,2024-04-30,0.0,0.0,inactive
U03151,B2C,B2C,2024-02-29,49.0,,new
U03151,B2C,B2C,2024-03-31,49.0,49.0,retained_flat
U03151,B2C,B2C,2024-04-30,49.0,49.0,retained_flat
U03202,SMB,B2B,2024-02-29,149.92,,new
U03202,SMB,B2B,2024-03-31,149.92,149.92,retained_flat
U03202,SMB,B2B,2024-04-30,149.92,149.92,retained_flat
U03209,SMB,B2B,2024-02-29,149.92,,new
U03209,SMB,B2B,2024-03-31,149.92,149.92,retained_flat
U03209,SMB,B2B,2024-04-30,149.92,149.92,retained_flat
U03258,B2C,B2C,2024-03-31,33.25,,new
U03258,B2C,B2C,2024-04-30,33.25,33.25,retained_flat
U03265,B2C,B2C,2024-03-31,33.25,,new
U03265,B2C,B2C,2024-04-30,33.25,33.25,retained_flat
U03326,B2C,B2C,2024-03-31,49.0,,new
U03326,B2C,B2C,2024-04-30,49.0,49.0,retained_flat
U03366,B2C,B2C,2024-03-31,33.25,,new
U03366,B2C,B2C,2024-04-30,33.25,33.25,retained_flat
U03374,B2C,B2C,2024-03-31,49.0,,new
U03374,B2C,B2C,2024-04-30,49.0,49.0,retained_flat
U03375,B2C,B2C,2024-03-31,49.0,,new
U03375,B2C,B2C,2024-04-30,49.0,49.0,retained_flat
U03405,B2C,B2C,2024-03-31,33.25,,new
U03405,B2C,B2C,2024-04-30,33.25,33.25,retained_flat
U03422,SMB,B2B,2024-03-31,199.0,,new
U03422,SMB,B2B,2024-04-30,199.0,199.0,retained_flat
U03431,SMB,B2B,2024-03-31,149.92,,new
U03431,SMB,B2B,2024-04-30,149.92,149.92,retained_flat
U03457,B2C,B2C,2024-04-30,49.0,,new
U03468,B2C,B2C,2024-04-30,33.25,,new
U03469,B2C,B2C,2024-04-30,49.0,,new
U03520,B2C,B2C,2024-04-30,49.0,,new
U03525,B2C,B2C,2024-04-30,49.0,,new
U03527,B2C,B2C,2024-04-30,49.0,,new
U03540,B2C,B2C,2024-04-30,49.0,,new
U03551,B2C,B2C,2024-04-30,49.0,,new
U03558,B2C,B2C,2024-04-30,49.0,,new
U03567,B2C,B2C,2024-04-30,33.25,,new
U03608,B2C,B2C,2024-04-30,49.0,,new
U03610,B2C,B2C,2024-04-30,49.0,,new
U03645,B2C,B2C,2024-04-30,33.25,,new
U03672,SMB,B2B,2024-04-30,199.0,,new
U03691,Enterprise,B2B,2024-04-30,825.0,,new
U01011,B2C,B2C,2023-01-31,49.0,,new
U01011,B2C,B2C,2023-02-28,49.0,49.0,retained_flat
U01011,B2C,B2C,2023-03-31,49.0,49.0,retained_flat
U01011,B2C,B2C,2023-04-30,49.0,49.0,retained_flat
U01011,B2C,B2C,2023-05-31,49.0,49.0,retained_flat
U01011,B2C,B2C,2023-06-30,49.0,49.0,retained_flat
U01011,B2C,B2C,2023-07-31,0.0,49.0,churn
U01011,B2C,B2C,2023-08-31,0.0,0.0,inactive
U01011,B2C,B2C,2023-09-30,0.0,0.0,inactive
U01011,B2C,B2C,2023-10-31,0.0,0.0,inactive
U01011,B2C,B2C,2023-11-30,0.0,0.0,inactive
U01011,B2C,B2C,2023-12-31,0.0,0.0,inactive
U01011,B2C,B2C,2024-01-31,0.0,0.0,inactive
U01011,B2C,B2C,2024-02-29,0.0,0.0,inactive
U01011,B2C,B2C,2024-03-31,0.0,0.0,inactive
U01011,B2C,B2C,2024-04-30,0.0,0.0,inactive
U01032,B2C,B2C,2023-01-31,49.0,,new
U01032,B2C,B2C,2023-02-28,49.0,49.0,retained_flat
U01032,B2C,B2C,2023-03-31,49.0,49.0,retained_flat
U01032,B2C,B2C,2023-04-30,49.0,49.0,retained_flat
U01032,B2C,B2C,2023-05-31,49.0,49.0,retained_flat
U01032,B2C,B2C,2023-06-30,49.0,49.0,retained_flat
U01032,B2C,B2C,2023-07-31,49.0,49.0,retained_flat
U01032,B2C,B2C,2023-08-31,49.0,49.0,retained_flat
U01032,B2C,B2C,2023-09-30,49.0,49.0,retained_flat
U01032,B2C,B2C,2023-10-31,49.0,49.0,retained_flat
U01032,B2C,B2C,2023-11-30,49.0,49.0,retained_flat
U01032,B2C,B2C,2023-12-31,49.0,49.0,retained_flat
U01032,B2C,B2C,2024-01-31,49.0,49.0,retained_flat
U01032,B2C,B2C,2024-02-29,49.0,49.0,retained_flat
U01032,B2C,B2C,2024-03-31,49.0,49.0,retained_flat
U01032,B2C,B2C,2024-04-30,0.0,49.0,churn
U01037,B2C,B2C,2023-01-31,49.0,,new
U01037,B2C,B2C,2023-02-28,49.0,49.0,retained_flat
U01037,B2C,B2C,2023-03-31,49.0,49.0,retained_flat
U01037,B2C,B2C,2023-04-30,49.0,49.0,retained_flat
U01037,B2C,B2C,2023-05-31,49.0,49.0,retained_flat
U01037,B2C,B2C,2023-06-30,0.0,49.0,churn
U01037,B2C,B2C,2023-07-31,0.0,0.0,inactive
U01037,B2C,B2C,2023-08-31,0.0,0.0,inactive
U01037,B2C,B2C,2023-09-30,0.0,0.0,inactive
U01037,B2C,B2C,2023-10-31,0.0,0.0,inactive
U01037,B2C,B2C,2023-11-30,0.0,0.0,inactive
U01037,B2C,B2C,2023-12-31,0.0,0.0,inactive
U01037,B2C,B2C,2024-01-31,0.0,0.0,inactive
U01037,B2C,B2C,2024-02-29,0.0,0.0,inactive
U01037,B2C,B2C,2024-03-31,0.0,0.0,inactive
U01037,B2C,B2C,2024-04-30,0.0,0.0,inactive
U01049,B2C,B2C,2023-01-31,49.0,,new
U01049,B2C,B2C,2023-02-28,49.0,49.0,retained_flat
U01049,B2C,B2C,2023-03-31,0.0,49.0,churn
U01049,B2C,B2C,2023-04-30,0.0,0.0,inactive
U01049,B2C,B2C,2023-05-31,0.0,0.0,inactive
U01049,B2C,B2C,2023-06-30,0.0,0.0,inactive
U01049,B2C,B2C,2023-07-31,0.0,0.0,inactive
U01049,B2C,B2C,2023-08-31,0.0,0.0,inactive
U01049,B2C,B2C,2023-09-30,0.0,0.0,inactive
U01049,B2C,B2C,2023-10-31,0.0,0.0,inactive
U01049,B2C,B2C,2023-11-30,0.0,0.0,inactive
U01049,B2C,B2C,2023-12-31,0.0,0.0,inactive
U01049,B2C,B2C,2024-01-31,0.0,0.0,inactive
U01049,B2C,B2C,2024-02-29,0.0,0.0,inactive
U01049,B2C,B2C,2024-03-31,0.0,0.0,inactive
U01049,B2C,B2C,2024-04-30,0.0,0.0,inactive
U01059,B2C,B2C,2023-01-31,33.25,,new
U01059,B2C,B2C,2023-02-28,33.25,33.25,retained_flat
U01059,B2C,B2C,2023-03-31,33.25,33.25,retained_flat
U01059,B2C,B2C,2023-04-30,33.25,33.25,retained_flat
U01059,B2C,B2C,2023-05-31,33.25,33.25,retained_flat
U01059,B2C,B2C,2023-06-30,33.25,33.25,retained_flat
U01059,B2C,B2C,2023-07-31,33.25,33.25,retained_flat
U01059,B2C,B2C,2023-08-31,33.25,33.25,retained_flat
U01059,B2C,B2C,2023-09-30,33.25,33.25,retained_flat
U01059,B2C,B2C,2023-10-31,33.25,33.25,retained_flat
U01059,B2C,B2C,2023-11-30,33.25,33.25,retained_flat
U01059,B2C,B2C,2023-12-31,33.25,33.25,retained_flat
U01059,B2C,B2C,2024-01-31,33.25,33.25,retained_flat
U01059,B2C,B2C,2024-02-29,33.25,33.25,retained_flat
U01059,B2C,B2C,2024-03-31,33.25,33.25,retained_flat
U01059,B2C,B2C,2024-04-30,33.25,33.25,retained_flat
U01067,B2C,B2C,2023-01-31,49.0,,new
U01067,B2C,B2C,2023-02-28,0.0,49.0,churn
U01067,B2C,B2C,2023-03-31,0.0,0.0,inactive
U01067,B2C,B2C,2023-04-30,0.0,0.0,inactive
U01067,B2C,B2C,2023-05-31,0.0,0.0,inactive
U01067,B2C,B2C,2023-06-30,0.0,0.0,inactive
U01067,B2C,B2C,2023-07-31,0.0,0.0,inactive
U01067,B2C,B2C,2023-08-31,0.0,0.0,inactive
U01067,B2C,B2C,2023-09-30,0.0,0.0,inactive
U01067,B2C,B2C,2023-10-31,0.0,0.0,inactive
U01067,B2C,B2C,2023-11-30,0.0,0.0,inactive
U01067,B2C,B2C,2023-12-31,0.0,0.0,inactive
U01067,B2C,B2C,2024-01-31,0.0,0.0,inactive
U01067,B2C,B2C,2024-02-29,0.0,0.0,inactive
U01067,B2C,B2C,2024-03-31,0.0,0.0,inactive
U01067,B2C,B2C,2024-04-30,0.0,0.0,inactive
U01098,SMB,B2B,2023-01-31,199.0,,new
U01098,SMB,B2B,2023-02-28,159.72,199.0,contraction
U01098,SMB,B2B,2023-03-31,159.72,159.72,retained_flat
U01098,SMB,B2B,2023-04-30,193.39,159.72,expansion
U01098,SMB,B2B,2023-05-31,193.39,193.39,retained_flat
U01098,SMB,B2B,2023-06-30,193.39,193.39,retained_flat
U01098,SMB,B2B,2023-07-31,193.39,193.39,retained_flat
U01098,SMB,B2B,2023-08-31,193.39,193.39,retained_flat
U01098,SMB,B2B,2023-09-30,193.39,193.39,retained_flat
U01098,SMB,B2B,2023-10-31,171.47,193.39,contraction
U01098,SMB,B2B,2023-11-30,211.62,171.47,expansion
U01098,SMB,B2B,2023-12-31,233.79,211.62,expansion
U01098,SMB,B2B,2024-01-31,233.79,233.79,retained_flat
U01098,SMB,B2B,2024-02-29,233.79,233.79,retained_flat
U01098,SMB,B2B,2024-03-31,233.79,233.79,retained_flat
U01098,SMB,B2B,2024-04-30,233.79,233.79,retained_flat
U01101,B2C,B2C,2023-02-28,49.0,,new
U01101,B2C,B2C,2023-03-31,49.0,49.0,retained_flat
U01101,B2C,B2C,2023-04-30,49.0,49.0,retained_flat
U01101,B2C,B2C,2023-05-31,0.0,49.0,churn
U01101,B2C,B2C,2023-06-30,0.0,0.0,inactive
U01101,B2C,B2C,2023-07-31,0.0,0.0,inactive
U01101,B2C,B2C,2023-08-31,0.0,0.0,inactive
U01101,B2C,B2C,2023-09-30,0.0,0.0,inactive
U01101,B2C,B2C,2023-10-31,0.0,0.0,inactive
U01101,B2C,B2C,2023-11-30,0.0,0.0,inactive
U01101,B2C,B2C,2023-12-31,0.0,0.0,inactive
U01101,B2C,B2C,2024-01-31,0.0,0.0,inactive
U01101,B2C,B2C,2024-02-29,0.0,0.0,inactive
U01101,B2C,B2C,2024-03-31,0.0,0.0,inactive
U01101,B2C,B2C,2024-04-30,0.0,0.0,inactive
U01113,B2C,B2C,2023-02-28,49.0,,new
U01113,B2C,B2C,2023-03-31,49.0,49.0,retained_flat
U01113,B2C,B2C,2023-04-30,0.0,49.0,churn
U01113,B2C,B2C,2023-05-31,0.0,0.0,inactive
U01113,B2C,B2C,2023-06-30,0.0,0.0,inactive
U01113,B2C,B2C,2023-07-31,0.0,0.0,inactive
U01113,B2C,B2C,2023-08-31,0.0,0.0,inactive
U01113,B2C,B2C,2023-09-30,0.0,0.0,inactive
U01113,B2C,B2C,2023-10-31,0.0,0.0,inactive
U01113,B2C,B2C,2023-11-30,0.0,0.0,inactive
U01113,B2C,B2C,2023-12-31,0.0,0.0,inactive
U01113,B2C,B2C,2024-01-31,0.0,0.0,inactive
U01113,B2C,B2C,2024-02-29,0.0,0.0,inactive
U01113,B2C,B2C,2024-03-31,0.0,0.0,inactive
U01113,B2C,B2C,2024-04-30,0.0,0.0,inactive
U01116,B2C,B2C,2023-02-28,33.25,,new
U01116,B2C,B2C,2023-03-31,33.25,33.25,retained_flat
U01116,B2C,B2C,2023-04-30,33.25,33.25,retained_flat
U01116,B2C,B2C,2023-05-31,33.25,33.25,retained_flat
U01116,B2C,B2C,2023-06-30,33.25,33.25,retained_flat
U01116,B2C,B2C,2023-07-31,33.25,33.25,retained_flat
U01116,B2C,B2C,2023-08-31,33.25,33.25,retained_flat
U01116,B2C,B2C,2023-09-30,33.25,33.25,retained_flat
U01116,B2C,B2C,2023-10-31,33.25,33.25,retained_flat
U01116,B2C,B2C,2023-11-30,33.25,33.25,retained_flat
U01116,B2C,B2C,2023-12-31,33.25,33.25,retained_flat
U01116,B2C,B2C,2024-01-31,33.25,33.25,retained_flat
U01116,B2C,B2C,2024-02-29,33.25,33.25,retained_flat
U01116,B2C,B2C,2024-03-31,33.25,33.25,retained_flat
U01116,B2C,B2C,2024-04-30,33.25,33.25,retained_flat
U01221,B2C,B2C,2023-03-31,49.0,,new
U01221,B2C,B2C,2023-04-30,49.0,49.0,retained_flat
U01221,B2C,B2C,2023-05-31,49.0,49.0,retained_flat
U01221,B2C,B2C,2023-06-30,49.0,49.0,retained_flat
U01221,B2C,B2C,2023-07-31,49.0,49.0,retained_flat
U01221,B2C,B2C,2023-08-31,49.0,49.0,retained_flat
U01221,B2C,B2C,2023-09-30,49.0,49.0,retained_flat
U01221,B2C,B2C,2023-10-31,49.0,49.0,retained_flat
U01221,B2C,B2C,2023-11-30,49.0,49.0,retained_flat
U01221,B2C,B2C,2023-12-31,49.0,49.0,retained_flat
U01221,B2C,B2C,2024-01-31,49.0,49.0,retained_flat
U01221,B2C,B2C,2024-02-29,49.0,49.0,retained_flat
U01221,B2C,B2C,2024-03-31,49.0,49.0,retained_flat
U01221,B2C,B2C,2024-04-30,49.0,49.0,retained_flat
U01236,B2C,B2C,2023-03-31,49.0,,new
U01236,B2C,B2C,2023-04-30,49.0,49.0,retained_flat
U01236,B2C,B2C,2023-05-31,49.0,49.0,retained_flat
U01236,B2C,B2C,2023-06-30,49.0,49.0,retained_flat
U01236,B2C,B2C,2023-07-31,49.0,49.0,retained_flat
U01236,B2C,B2C,2023-08-31,49.0,49.0,retained_flat
U01236,B2C,B2C,2023-09-30,49.0,49.0,retained_flat
U01236,B2C,B2C,2023-10-31,0.0,49.0,churn
U01236,B2C,B2C,2023-11-30,0.0,0.0,inactive
U01236,B2C,B2C,2023-12-31,0.0,0.0,inactive
U01236,B2C,B2C,2024-01-31,0.0,0.0,inactive
U01236,B2C,B2C,2024-02-29,0.0,0.0,inactive
U01236,B2C,B2C,2024-03-31,0.0,0.0,inactive
U01236,B2C,B2C,2024-04-30,0.0,0.0,inactive
U01261,B2C,B2C,2023-03-31,33.25,,new
U01261,B2C,B2C,2023-04-30,33.25,33.25,retained_flat
U01261,B2C,B2C,2023-05-31,33.25,33.25,retained_flat
U01261,B2C,B2C,2023-06-30,33.25,33.25,retained_flat
U01261,B2C,B2C,2023-07-31,33.25,33.25,retained_flat
U01261,B2C,B2C,2023-08-31,33.25,33.25,retained_flat
U01261,B2C,B2C,2023-09-30,33.25,33.25,retained_flat
U01261,B2C,B2C,2023-10-31,33.25,33.25,retained_flat
U01261,B2C,B2C,2023-11-30,33.25,33.25,retained_flat
U01261,B2C,B2C,2023-12-31,33.25,33.25,retained_flat
U01261,B2C,B2C,2024-01-31,33.25,33.25,retained_flat
U01261,B2C,B2C,2024-02-29,33.25,33.25,retained_flat
U01261,B2C,B2C,2024-03-31,33.25,33.25,retained_flat
U01261,B2C,B2C,2024-04-30,33.25,33.25,retained_flat
U01268,B2C,B2C,2023-03-31,49.0,,new
U01268,B2C,B2C,2023-04-30,49.0,49.0,retained_flat
U01268,B2C,B2C,2023-05-31,49.0,49.0,retained_flat
U01268,B2C,B2C,2023-06-30,49.0,49.0,retained_flat
U01268,B2C,B2C,2023-07-31,49.0,49.0,retained_flat
U01268,B2C,B2C,2023-08-31,0.0,49.0,churn
U01268,B2C,B2C,2023-09-30,0.0,0.0,inactive
U01268,B2C,B2C,2023-10-31,0.0,0.0,inactive
U01268,B2C,B2C,2023-11-30,0.0,0.0,inactive
U01268,B2C,B2C,2023-12-31,0.0,0.0,inactive
U01268,B2C,B2C,2024-01-31,0.0,0.0,inactive
U01268,B2C,B2C,2024-02-29,0.0,0.0,inactive
U01268,B2C,B2C,2024-03-31,0.0,0.0,inactive
U01268,B2C,B2C,2024-04-30,0.0,0.0,inactive
U01277,B2C,B2C,2023-03-31,49.0,,new
U01277,B2C,B2C,2023-04-30,49.0,49.0,retained_flat
U01277,B2C,B2C,2023-05-31,49.0,49.0,retained_flat
U01277,B2C,B2C,2023-06-30,49.0,49.0,retained_flat
U01277,B2C,B2C,2023-07-31,49.0,49.0,retained_flat
U01277,B2C,B2C,2023-08-31,49.0,49.0,retained_flat
U01277,B2C,B2C,2023-09-30,49.0,49.0,retained_flat
U01277,B2C,B2C,2023-10-31,49.0,49.0,retained_flat
U01277,B2C,B2C,2023-11-30,49.0,49.0,retained_flat
U01277,B2C,B2C,2023-12-31,49.0,49.0,retained_flat
U01277,B2C,B2C,2024-01-31,49.0,49.0,retained_flat
U01277,B2C,B2C,2024-02-29,49.0,49.0,retained_flat
U01277,B2C,B2C,2024-03-31,49.0,49.0,retained_flat
U01277,B2C,B2C,2024-04-30,49.0,49.0,retained_flat
U01279,B2C,B2C,2023-03-31,49.0,,new
U01279,B2C,B2C,2023-04-30,49.0,49.0,retained_flat
U01279,B2C,B2C,2023-05-31,49.0,49.0,retained_flat
U01279,B2C,B2C,2023-06-30,49.0,49.0,retained_flat
U01279,B2C,B2C,2023-07-31,49.0,49.0,retained_flat
U01279,B2C,B2C,2023-08-31,49.0,49.0,retained_flat
U01279,B2C,B2C,2023-09-30,49.0,49.0,retained_flat
U01279,B2C,B2C,2023-10-31,49.0,49.0,retained_flat
U01279,B2C,B2C,2023-11-30,49.0,49.0,retained_flat
U01279,B2C,B2C,2023-12-31,49.0,49.0,retained_flat
U01279,B2C,B2C,2024-01-31,49.0,49.0,retained_flat
U01279,B2C,B2C,2024-02-29,49.0,49.0,retained_flat
U01279,B2C,B2C,2024-03-31,0.0,49.0,churn
U01279,B2C,B2C,2024-04-30,0.0,0.0,inactive
U01302,B2C,B2C,2023-03-31,49.0,,new
U01302,B2C,B2C,2023-04-30,0.0,49.0,churn
U01302,B2C,B2C,2023-05-31,0.0,0.0,inactive
U01302,B2C,B2C,2023-06-30,0.0,0.0,inactive
U01302,B2C,B2C,2023-07-31,0.0,0.0,inactive
U01302,B2C,B2C,2023-08-31,0.0,0.0,inactive
U01302,B2C,B2C,2023-09-30,0.0,0.0,inactive
U01302,B2C,B2C,2023-10-31,0.0,0.0,inactive
U01302,B2C,B2C,2023-11-30,0.0,0.0,inactive
U01302,B2C,B2C,2023-12-31,0.0,0.0,inactive
U01302,B2C,B2C,2024-01-31,0.0,0.0,inactive
U01302,B2C,B2C,2024-02-29,0.0,0.0,inactive
U01302,B2C,B2C,2024-03-31,0.0,0.0,inactive
U01302,B2C,B2C,2024-04-30,0.0,0.0,inactive
U01329,B2C,B2C,2023-04-30,49.0,,new
U01329,B2C,B2C,2023-05-31,49.0,49.0,retained_flat
U01329,B2C,B2C,2023-06-30,0.0,49.0,churn
U01329,B2C,B2C,2023-07-31,0.0,0.0,inactive
U01329,B2C,B2C,2023-08-31,0.0,0.0,inactive
U01329,B2C,B2C,2023-09-30,0.0,0.0,inactive
U01329,B2C,B2C,2023-10-31,0.0,0.0,inactive
U01329,B2C,B2C,2023-11-30,0.0,0.0,inactive
U01329,B2C,B2C,2023-12-31,0.0,0.0,inactive
U01329,B2C,B2C,2024-01-31,0.0,0.0,inactive
U01329,B2C,B2C,2024-02-29,0.0,0.0,inactive
U01329,B2C,B2C,2024-03-31,0.0,0.0,inactive
U01329,B2C,B2C,2024-04-30,0.0,0.0,inactive
U01341,B2C,B2C,2023-04-30,49.0,,new
U01341,B2C,B2C,2023-05-31,49.0,49.0,retained_flat
U01341,B2C,B2C,2023-06-30,49.0,49.0,retained_flat
U01341,B2C,B2C,2023-07-31,49.0,49.0,retained_flat
U01341,B2C,B2C,2023-08-31,49.0,49.0,retained_flat
U01341,B2C,B2C,2023-09-30,49.0,49.0,retained_flat
U01341,B2C,B2C,2023-10-31,49.0,49.0,retained_flat
U01341,B2C,B2C,2023-11-30,49.0,49.0,retained_flat
U01341,B2C,B2C,2023-12-31,0.0,49.0,churn
U01341,B2C,B2C,2024-01-31,0.0,0.0,inactive
U01341,B2C,B2C,2024-02-29,0.0,0.0,inactive
U01341,B2C,B2C,2024-03-31,0.0,0.0,inactive
U01341,B2C,B2C,2024-04-30,0.0,0.0,inactive
U01345,B2C,B2C,2023-04-30,49.0,,new
U01345,B2C,B2C,2023-05-31,49.0,49.0,retained_flat
U01345,B2C,B2C,2023-06-30,49.0,49.0,retained_flat
U01345,B2C,B2C,2023-07-31,49.0,49.0,retained_flat
U01345,B2C,B2C,2023-08-31,0.0,49.0,churn
U01345,B2C,B2C,2023-09-30,0.0,0.0,inactive
U01345,B2C,B2C,2023-10-31,0.0,0.0,inactive
U01345,B2C,B2C,2023-11-30,0.0,0.0,inactive
U01345,B2C,B2C,2023-12-31,0.0,0.0,inactive
U01345,B2C,B2C,2024-01-31,0.0,0.0,inactive
U01345,B2C,B2C,2024-02-29,0.0,0.0,inactive
U01345,B2C,B2C,2024-03-31,0.0,0.0,inactive
U01345,B2C,B2C,2024-04-30,0.0,0.0,inactive
U01351,B2C,B2C,2023-04-30,49.0,,new
U01351,B2C,B2C,2023-05-31,49.0,49.0,retained_flat
U01351,B2C,B2C,2023-06-30,0.0,49.0,churn
U01351,B2C,B2C,2023-07-31,0.0,0.0,inactive
U01351,B2C,B2C,2023-08-31,0.0,0.0,inactive
U01351,B2C,B2C,2023-09-30,0.0,0.0,inactive
U01351,B2C,B2C,2023-10-31,0.0,0.0,inactive
U01351,B2C,B2C,2023-11-30,0.0,0.0,inactive
U01351,B2C,B2C,2023-12-31,0.0,0.0,inactive
U01351,B2C,B2C,2024-01-31,0.0,0.0,inactive
U01351,B2C,B2C,2024-02-29,0.0,0.0,inactive
U01351,B2C,B2C,2024-03-31,0.0,0.0,inactive
U01351,B2C,B2C,2024-04-30,0.0,0.0,inactive
U01398,B2C,B2C,2023-04-30,33.25,,new
U01398,B2C,B2C,2023-05-31,33.25,33.25,retained_flat
U01398,B2C,B2C,2023-06-30,33.25,33.25,retained_flat
U01398,B2C,B2C,2023-07-31,33.25,33.25,retained_flat
U01398,B2C,B2C,2023-08-31,33.25,33.25,retained_flat
U01398,B2C,B2C,2023-09-30,33.25,33.25,retained_flat
U01398,B2C,B2C,2023-10-31,33.25,33.25,retained_flat
U01398,B2C,B2C,2023-11-30,33.25,33.25,retained_flat
U01398,B2C,B2C,2023-12-31,33.25,33.25,retained_flat
U01398,B2C,B2C,2024-01-31,33.25,33.25,retained_flat
U01398,B2C,B2C,2024-02-29,33.25,33.25,retained_flat
U01398,B2C,B2C,2024-03-31,33.25,33.25,retained_flat
U01398,B2C,B2C,2024-04-30,33.25,33.25,retained_flat
U01416,B2C,B2C,2023-04-30,33.25,,new
U01416,B2C,B2C,2023-05-31,33.25,33.25,retained_flat
U01416,B2C,B2C,2023-06-30,33.25,33.25,retained_flat
U01416,B2C,B2C,2023-07-31,33.25,33.25,retained_flat
U01416,B2C,B2C,2023-08-31,33.25,33.25,retained_flat
U01416,B2C,B2C,2023-09-30,33.25,33.25,retained_flat
U01416,B2C,B2C,2023-10-31,33.25,33.25,retained_flat
U01416,B2C,B2C,2023-11-30,33.25,33.25,retained_flat
U01416,B2C,B2C,2023-12-31,33.25,33.25,retained_flat
U01416,B2C,B2C,2024-01-31,33.25,33.25,retained_flat
U01416,B2C,B2C,2024-02-29,33.25,33.25,retained_flat
U01416,B2C,B2C,2024-03-31,33.25,33.25,retained_flat
U01416,B2C,B2C,2024-04-30,33.25,33.25,retained_flat
U01424,B2C,B2C,2023-04-30,49.0,,new
U01424,B2C,B2C,2023-05-31,49.0,49.0,retained_flat
U01424,B2C,B2C,2023-06-30,49.0,49.0,retained_flat
U01424,B2C,B2C,2023-07-31,49.0,49.0,retained_flat
U01424,B2C,B2C,2023-08-31,49.0,49.0,retained_flat
U01424,B2C,B2C,2023-09-30,49.0,49.0,retained_flat
U01424,B2C,B2C,2023-10-31,49.0,49.0,retained_flat
U01424,B2C,B2C,2023-11-30,0.0,49.0,churn
U01424,B2C,B2C,2023-12-31,0.0,0.0,inactive
U01424,B2C,B2C,2024-01-31,0.0,0.0,inactive
U01424,B2C,B2C,2024-02-29,0.0,0.0,inactive
U01424,B2C,B2C,2024-03-31,0.0,0.0,inactive
U01424,B2C,B2C,2024-04-30,0.0,0.0,inactive
U01462,B2C,B2C,2023-05-31,33.25,,new
U01462,B2C,B2C,2023-06-30,33.25,33.25,retained_flat
U01462,B2C,B2C,2023-07-31,33.25,33.25,retained_flat
U01462,B2C,B2C,2023-08-31,33.25,33.25,retained_flat
U01462,B2C,B2C,2023-09-30,33.25,33.25,retained_flat
U01462,B2C,B2C,2023-10-31,33.25,33.25,retained_flat
U01462,B2C,B2C,2023-11-30,33.25,33.25,retained_flat
U01462,B2C,B2C,2023-12-31,33.25,33.25,retained_flat
U01462,B2C,B2C,2024-01-31,33.25,33.25,retained_flat
U01462,B2C,B2C,2024-02-29,33.25,33.25,retained_flat
U01462,B2C,B2C,2024-03-31,33.25,33.25,retained_flat
U01462,B2C,B2C,2024-04-30,33.25,33.25,retained_flat
U01464,B2C,B2C,2023-05-31,33.25,,new
U01464,B2C,B2C,2023-06-30,33.25,33.25,retained_flat
U01464,B2C,B2C,2023-07-31,33.25,33.25,retained_flat
U01464,B2C,B2C,2023-08-31,33.25,33.25,retained_flat
U01464,B2C,B2C,2023-09-30,33.25,33.25,retained_flat
U01464,B2C,B2C,2023-10-31,33.25,33.25,retained_flat
U01464,B2C,B2C,2023-11-30,33.25,33.25,retained_flat
U01464,B2C,B2C,2023-12-31,33.25,33.25,retained_flat
U01464,B2C,B2C,2024-01-31,33.25,33.25,retained_flat
U01464,B2C,B2C,2024-02-29,33.25,33.25,retained_flat
U01464,B2C,B2C,2024-03-31,33.25,33.25,retained_flat
U01464,B2C,B2C,2024-04-30,33.25,33.25,retained_flat
U01471,B2C,B2C,2023-05-31,33.25,,new
U01471,B2C,B2C,2023-06-30,33.25,33.25,retained_flat
U01471,B2C,B2C,2023-07-31,33.25,33.25,retained_flat
U01471,B2C,B2C,2023-08-31,33.25,33.25,retained_flat
U01471,B2C,B2C,2023-09-30,33.25,33.25,retained_flat
U01471,B2C,B2C,2023-10-31,33.25,33.25,retained_flat
U01471,B2C,B2C,2023-11-30,33.25,33.25,retained_flat
U01471,B2C,B2C,2023-12-31,33.25,33.25,retained_flat
U01471,B2C,B2C,2024-01-31,33.25,33.25,retained_flat
U01471,B2C,B2C,2024-02-29,33.25,33.25,retained_flat
U01471,B2C,B2C,2024-03-31,33.25,33.25,retained_flat
U01471,B2C,B2C,2024-04-30,33.25,33.25,retained_flat
U01476,B2C,B2C,2023-05-31,49.0,,new
U01476,B2C,B2C,2023-06-30,49.0,49.0,retained_flat
U01476,B2C,B2C,2023-07-31,49.0,49.0,retained_flat
U01476,B2C,B2C,2023-08-31,49.0,49.0,retained_flat
U01476,B2C,B2C,2023-09-30,49.0,49.0,retained_flat
U01476,B2C,B2C,2023-10-31,49.0,49.0,retained_flat
U01476,B2C,B2C,2023-11-30,49.0,49.0,retained_flat
U01476,B2C,B2C,2023-12-31,49.0,49.0,retained_flat
U01476,B2C,B2C,2024-01-31,49.0,49.0,retained_flat
U01476,B2C,B2C,2024-02-29,49.0,49.0,retained_flat
U01476,B2C,B2C,2024-03-31,49.0,49.0,retained_flat
U01476,B2C,B2C,2024-04-30,49.0,49.0,retained_flat
U01484,B2C,B2C,2023-05-31,33.25,,new
U01484,B2C,B2C,2023-06-30,33.25,33.25,retained_flat
U01484,B2C,B2C,2023-07-31,33.25,33.25,retained_flat
U01484,B2C,B2C,2023-08-31,33.25,33.25,retained_flat
U01484,B2C,B2C,2023-09-30,33.25,33.25,retained_flat
U01484,B2C,B2C,2023-10-31,33.25,33.25,retained_flat
U01484,B2C,B2C,2023-11-30,33.25,33.25,retained_flat
U01484,B2C,B2C,2023-12-31,33.25,33.25,retained_flat
U01484,B2C,B2C,2024-01-31,33.25,33.25,retained_flat
U01484,B2C,B2C,2024-02-29,33.25,33.25,retained_flat
U01484,B2C,B2C,2024-03-31,33.25,33.25,retained_flat
U01484,B2C,B2C,2024-04-30,33.25,33.25,retained_flat
U01498,B2C,B2C,2023-05-31,49.0,,new
U01498,B2C,B2C,2023-06-30,49.0,49.0,retained_flat
U01498,B2C,B2C,2023-07-31,49.0,49.0,retained_flat
U01498,B2C,B2C,2023-08-31,49.0,49.0,retained_flat
U01498,B2C,B2C,2023-09-30,49.0,49.0,retained_flat
U01498,B2C,B2C,2023-10-31,49.0,49.0,retained_flat
U01498,B2C,B2C,2023-11-30,49.0,49.0,retained_flat
U01498,B2C,B2C,2023-12-31,49.0,49.0,retained_flat
U01498,B2C,B2C,2024-01-31,49.0,49.0,retained_flat
U01498,B2C,B2C,2024-02-29,49.0,49.0,retained_flat
U01498,B2C,B2C,2024-03-31,49.0,49.0,retained_flat
U01498,B2C,B2C,2024-04-30,49.0,49.0,retained_flat
U01499,B2C,B2C,2023-05-31,49.0,,new
U01499,B2C,B2C,2023-06-30,49.0,49.0,retained_flat
U01499,B2C,B2C,2023-07-31,49.0,49.0,retained_flat
U01499,B2C,B2C,2023-08-31,0.0,49.0,churn
U01499,B2C,B2C,2023-09-30,0.0,0.0,inactive
U01499,B2C,B2C,2023-10-31,0.0,0.0,inactive
U01499,B2C,B2C,2023-11-30,0.0,0.0,inactive
U01499,B2C,B2C,2023-12-31,0.0,0.0,inactive
U01499,B2C,B2C,2024-01-31,0.0,0.0,inactive
U01499,B2C,B2C,2024-02-29,0.0,0.0,inactive
U01499,B2C,B2C,2024-03-31,0.0,0.0,inactive
U01499,B2C,B2C,2024-04-30,0.0,0.0,inactive
U01510,B2C,B2C,2023-05-31,49.0,,new
U01510,B2C,B2C,2023-06-30,0.0,49.0,churn
U01510,B2C,B2C,2023-07-31,0.0,0.0,inactive
U01510,B2C,B2C,2023-08-31,0.0,0.0,inactive
U01510,B2C,B2C,2023-09-30,0.0,0.0,inactive
U01510,B2C,B2C,2023-10-31,0.0,0.0,inactive
U01510,B2C,B2C,2023-11-30,0.0,0.0,inactive
U01510,B2C,B2C,2023-12-31,0.0,0.0,inactive
U01510,B2C,B2C,2024-01-31,0.0,0.0,inactive
U01510,B2C,B2C,2024-02-29,0.0,0.0,inactive
U01510,B2C,B2C,2024-03-31,0.0,0.0,inactive
U01510,B2C,B2C,2024-04-30,0.0,0.0,inactive
U01528,B2C,B2C,2023-05-31,49.0,,new
U01528,B2C,B2C,2023-06-30,49.0,49.0,retained_flat
U01528,B2C,B2C,2023-07-31,49.0,49.0,retained_flat
U01528,B2C,B2C,2023-08-31,49.0,49.0,retained_flat
U01528,B2C,B2C,2023-09-30,49.0,49.0,retained_flat
U01528,B2C,B2C,2023-10-31,49.0,49.0,retained_flat
U01528,B2C,B2C,2023-11-30,49.0,49.0,retained_flat
U01528,B2C,B2C,2023-12-31,49.0,49.0,retained_flat
U01528,B2C,B2C,2024-01-31,49.0,49.0,retained_flat
U01528,B2C,B2C,2024-02-29,49.0,49.0,retained_flat
U01528,B2C,B2C,2024-03-31,49.0,49.0,retained_flat
U01528,B2C,B2C,2024-04-30,49.0,49.0,retained_flat
U01544,B2C,B2C,2023-05-31,49.0,,new
U01544,B2C,B2C,2023-06-30,0.0,49.0,churn
U01544,B2C,B2C,2023-07-31,0.0,0.0,inactive
U01544,B2C,B2C,2023-08-31,0.0,0.0,inactive
U01544,B2C,B2C,2023-09-30,0.0,0.0,inactive
U01544,B2C,B2C,2023-10-31,0.0,0.0,inactive
U01544,B2C,B2C,2023-11-30,0.0,0.0,inactive
U01544,B2C,B2C,2023-12-31,0.0,0.0,inactive
U01544,B2C,B2C,2024-01-31,0.0,0.0,inactive
U01544,B2C,B2C,2024-02-29,0.0,0.0,inactive
U01544,B2C,B2C,2024-03-31,0.0,0.0,inactive
U01544,B2C,B2C,2024-04-30,0.0,0.0,inactive
U01547,B2C,B2C,2023-05-31,49.0,,new
U01547,B2C,B2C,2023-06-30,49.0,49.0,retained_flat
U01547,B2C,B2C,2023-07-31,49.0,49.0,retained_flat
U01547,B2C,B2C,2023-08-31,49.0,49.0,retained_flat
U01547,B2C,B2C,2023-09-30,49.0,49.0,retained_flat
U01547,B2C,B2C,2023-10-31,49.0,49.0,retained_flat
U01547,B2C,B2C,2023-11-30,49.0,49.0,retained_flat
U01547,B2C,B2C,2023-12-31,49.0,49.0,retained_flat
U01547,B2C,B2C,2024-01-31,49.0,49.0,retained_flat
U01547,B2C,B2C,2024-02-29,49.0,49.0,retained_flat
U01547,B2C,B2C,2024-03-31,0.0,49.0,churn
U01547,B2C,B2C,2024-04-30,0.0,0.0,inactive
U01552,B2C,B2C,2023-05-31,49.0,,new
U01552,B2C,B2C,2023-06-30,49.0,49.0,retained_flat
U01552,B2C,B2C,2023-07-31,49.0,49.0,retained_flat
U01552,B2C,B2C,2023-08-31,49.0,49.0,retained_flat
U01552,B2C,B2C,2023-09-30,49.0,49.0,retained_flat
U01552,B2C,B2C,2023-10-31,49.0,49.0,retained_flat
U01552,B2C,B2C,2023-11-30,49.0,49.0,retained_flat
U01552,B2C,B2C,2023-12-31,49.0,49.0,retained_flat
U01552,B2C,B2C,2024-01-31,49.0,49.0,retained_flat
U01552,B2C,B2C,2024-02-29,49.0,49.0,retained_flat
U01552,B2C,B2C,2024-03-31,49.0,49.0,retained_flat
U01552,B2C,B2C,2024-04-30,0.0,49.0,churn
U01556,B2C,B2C,2023-05-31,49.0,,new
U01556,B2C,B2C,2023-06-30,49.0,49.0,retained_flat
U01556,B2C,B2C,2023-07-31,49.0,49.0,retained_flat
U01556,B2C,B2C,2023-08-31,49.0,49.0,retained_flat
U01556,B2C,B2C,2023-09-30,49.0,49.0,retained_flat
U01556,B2C,B2C,2023-10-31,49.0,49.0,retained_flat
U01556,B2C,B2C,2023-11-30,49.0,49.0,retained_flat
U01556,B2C,B2C,2023-12-31,49.0,49.0,retained_flat
U01556,B2C,B2C,2024-01-31,49.0,49.0,retained_flat
U01556,B2C,B2C,2024-02-29,49.0,49.0,retained_flat
U01556,B2C,B2C,2024-03-31,49.0,49.0,retained_flat
U01556,B2C,B2C,2024-04-30,0.0,49.0,churn
U01593,B2C,B2C,2023-06-30,49.0,,new
U01593,B2C,B2C,2023-07-31,49.0,49.0,retained_flat
U01593,B2C,B2C,2023-08-31,0.0,49.0,churn
U01593,B2C,B2C,2023-09-30,0.0,0.0,inactive
U01593,B2C,B2C,2023-10-31,0.0,0.0,inactive
U01593,B2C,B2C,2023-11-30,0.0,0.0,inactive
U01593,B2C,B2C,2023-12-31,0.0,0.0,inactive
U01593,B2C,B2C,2024-01-31,0.0,0.0,inactive
U01593,B2C,B2C,2024-02-29,0.0,0.0,inactive
U01593,B2C,B2C,2024-03-31,0.0,0.0,inactive
U01593,B2C,B2C,2024-04-30,0.0,0.0,inactive
U01622,B2C,B2C,2023-06-30,49.0,,new
U01622,B2C,B2C,2023-07-31,49.0,49.0,retained_flat
U01622,B2C,B2C,2023-08-31,49.0,49.0,retained_flat
U01622,B2C,B2C,2023-09-30,49.0,49.0,retained_flat
U01622,B2C,B2C,2023-10-31,49.0,49.0,retained_flat
U01622,B2C,B2C,2023-11-30,49.0,49.0,retained_flat
U01622,B2C,B2C,2023-12-31,49.0,49.0,retained_flat
U01622,B2C,B2C,2024-01-31,49.0,49.0,retained_flat
U01622,B2C,B2C,2024-02-29,49.0,49.0,retained_flat
U01622,B2C,B2C,2024-03-31,49.0,49.0,retained_flat
U01622,B2C,B2C,2024-04-30,49.0,49.0,retained_flat
U01630,B2C,B2C,2023-06-30,33.25,,new
U01630,B2C,B2C,2023-07-31,33.25,33.25,retained_flat
U01630,B2C,B2C,2023-08-31,33.25,33.25,retained_flat
U01630,B2C,B2C,2023-09-30,33.25,33.25,retained_flat
U01630,B2C,B2C,2023-10-31,33.25,33.25,retained_flat
U01630,B2C,B2C,2023-11-30,33.25,33.25,retained_flat
U01630,B2C,B2C,2023-12-31,33.25,33.25,retained_flat
U01630,B2C,B2C,2024-01-31,33.25,33.25,retained_flat
U01630,B2C,B2C,2024-02-29,33.25,33.25,retained_flat
U01630,B2C,B2C,2024-03-31,33.25,33.25,retained_flat
U01630,B2C,B2C,2024-04-30,33.25,33.25,retained_flat
U01643,B2C,B2C,2023-06-30,49.0,,new
U01643,B2C,B2C,2023-07-31,49.0,49.0,retained_flat
U01643,B2C,B2C,2023-08-31,49.0,49.0,retained_flat
U01643,B2C,B2C,2023-09-30,49.0,49.0,retained_flat
U01643,B2C,B2C,2023-10-31,49.0,49.0,retained_flat
U01643,B2C,B2C,2023-11-30,49.0,49.0,retained_flat
U01643,B2C,B2C,2023-12-31,49.0,49.0,retained_flat
U01643,B2C,B2C,2024-01-31,49.0,49.0,retained_flat
U01643,B2C,B2C,2024-02-29,49.0,49.0,retained_flat
U01643,B2C,B2C,2024-03-31,49.0,49.0,retained_flat
U01643,B2C,B2C,2024-04-30,49.0,49.0,retained_flat
U01651,B2C,B2C,2023-06-30,33.25,,new
U01651,B2C,B2C,2023-07-31,33.25,33.25,retained_flat
U01651,B2C,B2C,2023-08-31,33.25,33.25,retained_flat
U01651,B2C,B2C,2023-09-30,33.25,33.25,retained_flat
U01651,B2C,B2C,2023-10-31,33.25,33.25,retained_flat
U01651,B2C,B2C,2023-11-30,33.25,33.25,retained_flat
U01651,B2C,B2C,2023-12-31,33.25,33.25,retained_flat
U01651,B2C,B2C,2024-01-31,33.25,33.25,retained_flat
U01651,B2C,B2C,2024-02-29,33.25,33.25,retained_flat
U01651,B2C,B2C,2024-03-31,33.25,33.25,retained_flat
U01651,B2C,B2C,2024-04-30,33.25,33.25,retained_flat
U01652,B2C,B2C,2023-06-30,49.0,,new
U01652,B2C,B2C,2023-07-31,49.0,49.0,retained_flat
U01652,B2C,B2C,2023-08-31,49.0,49.0,retained_flat
U01652,B2C,B2C,2023-09-30,49.0,49.0,retained_flat
U01652,B2C,B2C,2023-10-31,49.0,49.0,retained_flat
U01652,B2C,B2C,2023-11-30,0.0,49.0,churn
U01652,B2C,B2C,2023-12-31,0.0,0.0,inactive
U01652,B2C,B2C,2024-01-31,0.0,0.0,inactive
U01652,B2C,B2C,2024-02-29,0.0,0.0,inactive
U01652,B2C,B2C,2024-03-31,0.0,0.0,inactive
U01652,B2C,B2C,2024-04-30,0.0,0.0,inactive
U01660,B2C,B2C,2023-06-30,49.0,,new
U01660,B2C,B2C,2023-07-31,49.0,49.0,retained_flat
U01660,B2C,B2C,2023-08-31,0.0,49.0,churn
U01660,B2C,B2C,2023-09-30,0.0,0.0,inactive
U01660,B2C,B2C,2023-10-31,0.0,0.0,inactive
U01660,B2C,B2C,2023-11-30,0.0,0.0,inactive
U01660,B2C,B2C,2023-12-31,0.0,0.0,inactive
U01660,B2C,B2C,2024-01-31,0.0,0.0,inactive
U01660,B2C,B2C,2024-02-29,0.0,0.0,inactive
U01660,B2C,B2C,2024-03-31,0.0,0.0,inactive
U01660,B2C,B2C,2024-04-30,0.0,0.0,inactive
U01661,B2C,B2C,2023-06-30,33.25,,new
U01661,B2C,B2C,2023-07-31,33.25,33.25,retained_flat
U01661,B2C,B2C,2023-08-31,33.25,33.25,retained_flat
U01661,B2C,B2C,2023-09-30,33.25,33.25,retained_flat
U01661,B2C,B2C,2023-10-31,33.25,33.25,retained_flat
U01661,B2C,B2C,2023-11-30,33.25,33.25,retained_flat
U01661,B2C,B2C,2023-12-31,33.25,33.25,retained_flat
U01661,B2C,B2C,2024-01-31,33.25,33.25,retained_flat
U01661,B2C,B2C,2024-02-29,33.25,33.25,retained_flat
U01661,B2C,B2C,2024-03-31,33.25,33.25,retained_flat
U01661,B2C,B2C,2024-04-30,33.25,33.25,retained_flat
U01689,B2C,B2C,2023-06-30,49.0,,new
U01689,B2C,B2C,2023-07-31,49.0,49.0,retained_flat
U01689,B2C,B2C,2023-08-31,49.0,49.0,retained_flat
U01689,B2C,B2C,2023-09-30,49.0,49.0,retained_flat
U01689,B2C,B2C,2023-10-31,49.0,49.0,retained_flat
U01689,B2C,B2C,2023-11-30,49.0,49.0,retained_flat
U01689,B2C,B2C,2023-12-31,49.0,49.0,retained_flat
U01689,B2C,B2C,2024-01-31,0.0,49.0,churn
U01689,B2C,B2C,2024-02-29,0.0,0.0,inactive
U01689,B2C,B2C,2024-03-31,0.0,0.0,inactive
U01689,B2C,B2C,2024-04-30,0.0,0.0,inactive
U01721,SMB,B2B,2023-06-30,199.0,,new
U01721,SMB,B2B,2023-07-31,199.0,199.0,retained_flat
U01721,SMB,B2B,2023-08-31,0.0,199.0,churn
U01721,SMB,B2B,2023-09-30,0.0,0.0,inactive
U01721,SMB,B2B,2023-10-31,0.0,0.0,inactive
U01721,SMB,B2B,2023-11-30,0.0,0.0,inactive
U01721,SMB,B2B,2023-12-31,0.0,0.0,inactive
U01721,SMB,B2B,2024-01-31,0.0,0.0,inactive
U01721,SMB,B2B,2024-02-29,0.0,0.0,inactive
U01721,SMB,B2B,2024-03-31,0.0,0.0,inactive
U01721,SMB,B2B,2024-04-30,0.0,0.0,inactive
U01725,SMB,B2B,2023-06-30,149.92,,new
U01725,SMB,B2B,2023-07-31,149.92,149.92,retained_flat
U01725,SMB,B2B,2023-08-31,149.92,149.92,retained_flat
U01725,SMB,B2B,2023-09-30,149.92,149.92,retained_flat
U01725,SMB,B2B,2023-10-31,149.92,149.92,retained_flat
U01725,SMB,B2B,2023-11-30,149.92,149.92,retained_flat
U01725,SMB,B2B,2023-12-31,149.92,149.92,retained_flat
U01725,SMB,B2B,2024-01-31,149.92,149.92,retained_flat
U01725,SMB,B2B,2024-02-29,149.92,149.92,retained_flat
U01725,SMB,B2B,2024-03-31,149.92,149.92,retained_flat
U01725,SMB,B2B,2024-04-30,149.92,149.92,retained_flat
U01733,B2C,B2C,2023-07-31,49.0,,new
U01733,B2C,B2C,2023-08-31,49.0,49.0,retained_flat
U01733,B2C,B2C,2023-09-30,49.0,49.0,retained_flat
U01733,B2C,B2C,2023-10-31,49.0,49.0,retained_flat
U01733,B2C,B2C,2023-11-30,49.0,49.0,retained_flat
U01733,B2C,B2C,2023-12-31,49.0,49.0,retained_flat
U01733,B2C,B2C,2024-01-31,0.0,49.0,churn
U01733,B2C,B2C,2024-02-29,0.0,0.0,inactive
U01733,B2C,B2C,2024-03-31,0.0,0.0,inactive
U01733,B2C,B2C,2024-04-30,0.0,0.0,inactive
U01745,B2C,B2C,2023-07-31,49.0,,new
U01745,B2C,B2C,2023-08-31,49.0,49.0,retained_flat
U01745,B2C,B2C,2023-09-30,0.0,49.0,churn
U01745,B2C,B2C,2023-10-31,0.0,0.0,inactive
U01745,B2C,B2C,2023-11-30,0.0,0.0,inactive
U01745,B2C,B2C,2023-12-31,0.0,0.0,inactive
U01745,B2C,B2C,2024-01-31,0.0,0.0,inactive
U01745,B2C,B2C,2024-02-29,0.0,0.0,inactive
U01745,B2C,B2C,2024-03-31,0.0,0.0,inactive
U01745,B2C,B2C,2024-04-30,0.0,0.0,inactive
U01763,B2C,B2C,2023-07-31,49.0,,new
U01763,B2C,B2C,2023-08-31,49.0,49.0,retained_flat
U01763,B2C,B2C,2023-09-30,49.0,49.0,retained_flat
U01763,B2C,B2C,2023-10-31,49.0,49.0,retained_flat
U01763,B2C,B2C,2023-11-30,49.0,49.0,retained_flat
U01763,B2C,B2C,2023-12-31,49.0,49.0,retained_flat
U01763,B2C,B2C,2024-01-31,49.0,49.0,retained_flat
U01763,B2C,B2C,2024-02-29,49.0,49.0,retained_flat
U01763,B2C,B2C,2024-03-31,49.0,49.0,retained_flat
U01763,B2C,B2C,2024-04-30,49.0,49.0,retained_flat
U01765,B2C,B2C,2023-07-31,49.0,,new
U01765,B2C,B2C,2023-08-31,49.0,49.0,retained_flat
U01765,B2C,B2C,2023-09-30,49.0,49.0,retained_flat
U01765,B2C,B2C,2023-10-31,49.0,49.0,retained_flat
U01765,B2C,B2C,2023-11-30,49.0,49.0,retained_flat
U01765,B2C,B2C,2023-12-31,49.0,49.0,retained_flat
U01765,B2C,B2C,2024-01-31,49.0,49.0,retained_flat
U01765,B2C,B2C,2024-02-29,49.0,49.0,retained_flat
U01765,B2C,B2C,2024-03-31,49.0,49.0,retained_flat
U01765,B2C,B2C,2024-04-30,49.0,49.0,retained_flat
U01779,B2C,B2C,2023-07-31,49.0,,new
U01779,B2C,B2C,2023-08-31,49.0,49.0,retained_flat
U01779,B2C,B2C,2023-09-30,49.0,49.0,retained_flat
U01779,B2C,B2C,2023-10-31,49.0,49.0,retained_flat
U01779,B2C,B2C,2023-11-30,49.0,49.0,retained_flat
U01779,B2C,B2C,2023-12-31,49.0,49.0,retained_flat
U01779,B2C,B2C,2024-01-31,49.0,49.0,retained_flat
U01779,B2C,B2C,2024-02-29,49.0,49.0,retained_flat
U01779,B2C,B2C,2024-03-31,49.0,49.0,retained_flat
U01779,B2C,B2C,2024-04-30,49.0,49.0,retained_flat
U01784,B2C,B2C,2023-07-31,49.0,,new
U01784,B2C,B2C,2023-08-31,49.0,49.0,retained_flat
U01784,B2C,B2C,2023-09-30,49.0,49.0,retained_flat
U01784,B2C,B2C,2023-10-31,49.0,49.0,retained_flat
U01784,B2C,B2C,2023-11-30,49.0,49.0,retained_flat
U01784,B2C,B2C,2023-12-31,49.0,49.0,retained_flat
U01784,B2C,B2C,2024-01-31,49.0,49.0,retained_flat
U01784,B2C,B2C,2024-02-29,49.0,49.0,retained_flat
U01784,B2C,B2C,2024-03-31,49.0,49.0,retained_flat
U01784,B2C,B2C,2024-04-30,49.0,49.0,retained_flat
U01792,B2C,B2C,2023-07-31,33.25,,new
U01792,B2C,B2C,2023-08-31,33.25,33.25,retained_flat
U01792,B2C,B2C,2023-09-30,33.25,33.25,retained_flat
U01792,B2C,B2C,2023-10-31,33.25,33.25,retained_flat
U01792,B2C,B2C,2023-11-30,33.25,33.25,retained_flat
U01792,B2C,B2C,2023-12-31,33.25,33.25,retained_flat
U01792,B2C,B2C,2024-01-31,33.25,33.25,retained_flat
U01792,B2C,B2C,2024-02-29,33.25,33.25,retained_flat
U01792,B2C,B2C,2024-03-31,33.25,33.25,retained_flat
U01792,B2C,B2C,2024-04-30,33.25,33.25,retained_flat
U01798,B2C,B2C,2023-07-31,49.0,,new
U01798,B2C,B2C,2023-08-31,49.0,49.0,retained_flat
U01798,B2C,B2C,2023-09-30,49.0,49.0,retained_flat
U01798,B2C,B2C,2023-10-31,49.0,49.0,retained_flat
U01798,B2C,B2C,2023-11-30,0.0,49.0,churn
U01798,B2C,B2C,2023-12-31,0.0,0.0,inactive
U01798,B2C,B2C,2024-01-31,0.0,0.0,inactive
U01798,B2C,B2C,2024-02-29,0.0,0.0,inactive
U01798,B2C,B2C,2024-03-31,0.0,0.0,inactive
U01798,B2C,B2C,2024-04-30,0.0,0.0,inactive
U01814,B2C,B2C,2023-07-31,49.0,,new
U01814,B2C,B2C,2023-08-31,49.0,49.0,retained_flat
U01814,B2C,B2C,2023-09-30,0.0,49.0,churn
U01814,B2C,B2C,2023-10-31,0.0,0.0,inactive
U01814,B2C,B2C,2023-11-30,0.0,0.0,inactive
U01814,B2C,B2C,2023-12-31,0.0,0.0,inactive
U01814,B2C,B2C,2024-01-31,0.0,0.0,inactive
U01814,B2C,B2C,2024-02-29,0.0,0.0,inactive
U01814,B2C,B2C,2024-03-31,0.0,0.0,inactive
U01814,B2C,B2C,2024-04-30,0.0,0.0,inactive
U01838,B2C,B2C,2023-07-31,49.0,,new
U01838,B2C,B2C,2023-08-31,49.0,49.0,retained_flat
U01838,B2C,B2C,2023-09-30,49.0,49.0,retained_flat
U01838,B2C,B2C,2023-10-31,49.0,49.0,retained_flat
U01838,B2C,B2C,2023-11-30,49.0,49.0,retained_flat
U01838,B2C,B2C,2023-12-31,49.0,49.0,retained_flat
U01838,B2C,B2C,2024-01-31,49.0,49.0,retained_flat
U01838,B2C,B2C,2024-02-29,0.0,49.0,churn
U01838,B2C,B2C,2024-03-31,0.0,0.0,inactive
U01838,B2C,B2C,2024-04-30,0.0,0.0,inactive
U01879,B2C,B2C,2023-08-31,49.0,,new
U01879,B2C,B2C,2023-09-30,49.0,49.0,retained_flat
U01879,B2C,B2C,2023-10-31,49.0,49.0,retained_flat
U01879,B2C,B2C,2023-11-30,49.0,49.0,retained_flat
U01879,B2C,B2C,2023-12-31,49.0,49.0,retained_flat
U01879,B2C,B2C,2024-01-31,49.0,49.0,retained_flat
U01879,B2C,B2C,2024-02-29,49.0,49.0,retained_flat
U01879,B2C,B2C,2024-03-31,49.0,49.0,retained_flat
U01879,B2C,B2C,2024-04-30,49.0,49.0,retained_flat
U01895,B2C,B2C,2023-08-31,49.0,,new
U01895,B2C,B2C,2023-09-30,49.0,49.0,retained_flat
U01895,B2C,B2C,2023-10-31,49.0,49.0,retained_flat
U01895,B2C,B2C,2023-11-30,49.0,49.0,retained_flat
U01895,B2C,B2C,2023-12-31,49.0,49.0,retained_flat
U01895,B2C,B2C,2024-01-31,49.0,49.0,retained_flat
U01895,B2C,B2C,2024-02-29,49.0,49.0,retained_flat
U01895,B2C,B2C,2024-03-31,49.0,49.0,retained_flat
U01895,B2C,B2C,2024-04-30,49.0,49.0,retained_flat
U01924,B2C,B2C,2023-08-31,49.0,,new
U01924,B2C,B2C,2023-09-30,49.0,49.0,retained_flat
U01924,B2C,B2C,2023-10-31,49.0,49.0,retained_flat
U01924,B2C,B2C,2023-11-30,0.0,49.0,churn
U01924,B2C,B2C,2023-12-31,0.0,0.0,inactive
U01924,B2C,B2C,2024-01-31,0.0,0.0,inactive
U01924,B2C,B2C,2024-02-29,0.0,0.0,inactive
U01924,B2C,B2C,2024-03-31,0.0,0.0,inactive
U01924,B2C,B2C,2024-04-30,0.0,0.0,inactive
U01926,B2C,B2C,2023-08-31,49.0,,new
U01926,B2C,B2C,2023-09-30,49.0,49.0,retained_flat
U01926,B2C,B2C,2023-10-31,49.0,49.0,retained_flat
U01926,B2C,B2C,2023-11-30,49.0,49.0,retained_flat
U01926,B2C,B2C,2023-12-31,49.0,49.0,retained_flat
U01926,B2C,B2C,2024-01-31,49.0,49.0,retained_flat
U01926,B2C,B2C,2024-02-29,49.0,49.0,retained_flat
U01926,B2C,B2C,2024-03-31,0.0,49.0,churn
U01926,B2C,B2C,2024-04-30,0.0,0.0,inactive
U01930,B2C,B2C,2023-08-31,49.0,,new
U01930,B2C,B2C,2023-09-30,49.0,49.0,retained_flat
U01930,B2C,B2C,2023-10-31,49.0,49.0,retained_flat
U01930,B2C,B2C,2023-11-30,49.0,49.0,retained_flat
U01930,B2C,B2C,2023-12-31,49.0,49.0,retained_flat
U01930,B2C,B2C,2024-01-31,49.0,49.0,retained_flat
U01930,B2C,B2C,2024-02-29,49.0,49.0,retained_flat
U01930,B2C,B2C,2024-03-31,49.0,49.0,retained_flat
U01930,B2C,B2C,2024-04-30,49.0,49.0,retained_flat
U01932,B2C,B2C,2023-08-31,33.25,,new
U01932,B2C,B2C,2023-09-30,33.25,33.25,retained_flat
U01932,B2C,B2C,2023-10-31,33.25,33.25,retained_flat
U01932,B2C,B2C,2023-11-30,33.25,33.25,retained_flat
U01932,B2C,B2C,2023-12-31,33.25,33.25,retained_flat
U01932,B2C,B2C,2024-01-31,33.25,33.25,retained_flat
U01932,B2C,B2C,2024-02-29,33.25,33.25,retained_flat
U01932,B2C,B2C,2024-03-31,33.25,33.25,retained_flat
U01932,B2C,B2C,2024-04-30,33.25,33.25,retained_flat
U01947,B2C,B2C,2023-08-31,49.0,,new
U01947,B2C,B2C,2023-09-30,0.0,49.0,churn
U01947,B2C,B2C,2023-10-31,0.0,0.0,inactive
U01947,B2C,B2C,2023-11-30,0.0,0.0,inactive
U01947,B2C,B2C,2023-12-31,0.0,0.0,inactive
U01947,B2C,B2C,2024-01-31,0.0,0.0,inactive
U01947,B2C,B2C,2024-02-29,0.0,0.0,inactive
U01947,B2C,B2C,2024-03-31,0.0,0.0,inactive
U01947,B2C,B2C,2024-04-30,0.0,0.0,inactive
U01965,B2C,B2C,2023-08-31,33.25,,new
U01965,B2C,B2C,2023-09-30,33.25,33.25,retained_flat
U01965,B2C,B2C,2023-10-31,33.25,33.25,retained_flat
U01965,B2C,B2C,2023-11-30,33.25,33.25,retained_flat
U01965,B2C,B2C,2023-12-31,33.25,33.25,retained_flat
U01965,B2C,B2C,2024-01-31,33.25,33.25,retained_flat
U01965,B2C,B2C,2024-02-29,33.25,33.25,retained_flat
U01965,B2C,B2C,2024-03-31,33.25,33.25,retained_flat
U01965,B2C,B2C,2024-04-30,33.25,33.25,retained_flat
U01966,B2C,B2C,2023-08-31,49.0,,new
U01966,B2C,B2C,2023-09-30,49.0,49.0,retained_flat
U01966,B2C,B2C,2023-10-31,49.0,49.0,retained_flat
U01966,B2C,B2C,2023-11-30,49.0,49.0,retained_flat
U01966,B2C,B2C,2023-12-31,0.0,49.0,churn
U01966,B2C,B2C,2024-01-31,0.0,0.0,inactive
U01966,B2C,B2C,2024-02-29,0.0,0.0,inactive
U01966,B2C,B2C,2024-03-31,0.0,0.0,inactive
U01966,B2C,B2C,2024-04-30,0.0,0.0,inactive
U02016,SMB,B2B,2023-08-31,199.0,,new
U02016,SMB,B2B,2023-09-30,199.0,199.0,retained_flat
U02016,SMB,B2B,2023-10-31,199.0,199.0,retained_flat
U02016,SMB,B2B,2023-11-30,199.0,199.0,retained_flat
U02016,SMB,B2B,2023-12-31,0.0,199.0,churn
U02016,SMB,B2B,2024-01-31,0.0,0.0,inactive
U02016,SMB,B2B,2024-02-29,0.0,0.0,inactive
U02016,SMB,B2B,2024-03-31,0.0,0.0,inactive
U02016,SMB,B2B,2024-04-30,0.0,0.0,inactive
U02034,Enterprise,B2B,2023-08-31,990.0,,new
U02034,Enterprise,B2B,2023-09-30,1222.84,990.0,expansion
U02034,Enterprise,B2B,2023-10-31,1293.77,1222.84,expansion
U02034,Enterprise,B2B,2023-11-30,1293.77,1293.77,retained_flat
U02034,Enterprise,B2B,2023-12-31,1293.77,1293.77,retained_flat
U02034,Enterprise,B2B,2024-01-31,1293.77,1293.77,retained_flat
U02034,Enterprise,B2B,2024-02-29,1293.77,1293.77,retained_flat
U02034,Enterprise,B2B,2024-03-31,1293.77,1293.77,retained_flat
U02034,Enterprise,B2B,2024-04-30,1293.77,1293.77,retained_flat
U02038,B2C,B2C,2023-09-30,33.25,,new
U02038,B2C,B2C,2023-10-31,33.25,33.25,retained_flat
U02038,B2C,B2C,2023-11-30,33.25,33.25,retained_flat
U02038,B2C,B2C,2023-12-31,33.25,33.25,retained_flat
U02038,B2C,B2C,2024-01-31,33.25,33.25,retained_flat
U02038,B2C,B2C,2024-02-29,33.25,33.25,retained_flat
U02038,B2C,B2C,2024-03-31,33.25,33.25,retained_flat
U02038,B2C,B2C,2024-04-30,33.25,33.25,retained_flat
U02054,B2C,B2C,2023-09-30,49.0,,new
U02054,B2C,B2C,2023-10-31,49.0,49.0,retained_flat
U02054,B2C,B2C,2023-11-30,49.0,49.0,retained_flat
U02054,B2C,B2C,2023-12-31,49.0,49.0,retained_flat
U02054,B2C,B2C,2024-01-31,49.0,49.0,retained_flat
U02054,B2C,B2C,2024-02-29,0.0,49.0,churn
U02054,B2C,B2C,2024-03-31,0.0,0.0,inactive
U02054,B2C,B2C,2024-04-30,0.0,0.0,inactive
U02055,B2C,B2C,2023-09-30,49.0,,new
U02055,B2C,B2C,2023-10-31,49.0,49.0,retained_flat
U02055,B2C,B2C,2023-11-30,0.0,49.0,churn
U02055,B2C,B2C,2023-12-31,0.0,0.0,inactive
U02055,B2C,B2C,2024-01-31,0.0,0.0,inactive
U02055,B2C,B2C,2024-02-29,0.0,0.0,inactive
U02055,B2C,B2C,2024-03-31,0.0,0.0,inactive
U02055,B2C,B2C,2024-04-30,0.0,0.0,inactive
U02056,B2C,B2C,2023-09-30,49.0,,new
U02056,B2C,B2C,2023-10-31,49.0,49.0,retained_flat
U02056,B2C,B2C,2023-11-30,49.0,49.0,retained_flat
U02056,B2C,B2C,2023-12-31,49.0,49.0,retained_flat
U02056,B2C,B2C,2024-01-31,49.0,49.0,retained_flat
U02056,B2C,B2C,2024-02-29,49.0,49.0,retained_flat
U02056,B2C,B2C,2024-03-31,49.0,49.0,retained_flat
U02056,B2C,B2C,2024-04-30,49.0,49.0,retained_flat
U02063,B2C,B2C,2023-09-30,49.0,,new
U02063,B2C,B2C,2023-10-31,49.0,49.0,retained_flat
U02063,B2C,B2C,2023-11-30,49.0,49.0,retained_flat
U02063,B2C,B2C,2023-12-31,49.0,49.0,retained_flat
U02063,B2C,B2C,2024-01-31,49.0,49.0,retained_flat
U02063,B2C,B2C,2024-02-29,0.0,49.0,churn
U02063,B2C,B2C,2024-03-31,0.0,0.0,inactive
U02063,B2C,B2C,2024-04-30,0.0,0.0,inactive
U02079,B2C,B2C,2023-09-30,49.0,,new
U02079,B2C,B2C,2023-10-31,49.0,49.0,retained_flat
U02079,B2C,B2C,2023-11-30,49.0,49.0,retained_flat
U02079,B2C,B2C,2023-12-31,49.0,49.0,retained_flat
U02079,B2C,B2C,2024-01-31,49.0,49.0,retained_flat
U02079,B2C,B2C,2024-02-29,0.0,49.0,churn
U02079,B2C,B2C,2024-03-31,0.0,0.0,inactive
U02079,B2C,B2C,2024-04-30,0.0,0.0,inactive
U02088,B2C,B2C,2023-09-30,49.0,,new
U02088,B2C,B2C,2023-10-31,49.0,49.0,retained_flat
U02088,B2C,B2C,2023-11-30,49.0,49.0,retained_flat
U02088,B2C,B2C,2023-12-31,49.0,49.0,retained_flat
U02088,B2C,B2C,2024-01-31,49.0,49.0,retained_flat
U02088,B2C,B2C,2024-02-29,49.0,49.0,retained_flat
U02088,B2C,B2C,2024-03-31,49.0,49.0,retained_flat
U02088,B2C,B2C,2024-04-30,49.0,49.0,retained_flat
U02089,B2C,B2C,2023-09-30,49.0,,new
U02089,B2C,B2C,2023-10-31,49.0,49.0,retained_flat
U02089,B2C,B2C,2023-11-30,49.0,49.0,retained_flat
U02089,B2C,B2C,2023-12-31,49.0,49.0,retained_flat
U02089,B2C,B2C,2024-01-31,49.0,49.0,retained_flat
U02089,B2C,B2C,2024-02-29,49.0,49.0,retained_flat
U02089,B2C,B2C,2024-03-31,49.0,49.0,retained_flat
U02089,B2C,B2C,2024-04-30,49.0,49.0,retained_flat
U02102,B2C,B2C,2023-09-30,49.0,,new
U02102,B2C,B2C,2023-10-31,49.0,49.0,retained_flat
U02102,B2C,B2C,2023-11-30,49.0,49.0,retained_flat
U02102,B2C,B2C,2023-12-31,49.0,49.0,retained_flat
U02102,B2C,B2C,2024-01-31,49.0,49.0,retained_flat
U02102,B2C,B2C,2024-02-29,49.0,49.0,retained_flat
U02102,B2C,B2C,2024-03-31,49.0,49.0,retained_flat
U02102,B2C,B2C,2024-04-30,49.0,49.0,retained_flat
U02103,B2C,B2C,2023-09-30,49.0,,new
U02103,B2C,B2C,2023-10-31,49.0,49.0,retained_flat
U02103,B2C,B2C,2023-11-30,0.0,49.0,churn
U02103,B2C,B2C,2023-12-31,0.0,0.0,inactive
U02103,B2C,B2C,2024-01-31,0.0,0.0,inactive
U02103,B2C,B2C,2024-02-29,0.0,0.0,inactive
U02103,B2C,B2C,2024-03-31,0.0,0.0,inactive
U02103,B2C,B2C,2024-04-30,0.0,0.0,inactive
U02114,B2C,B2C,2023-09-30,49.0,,new
U02114,B2C,B2C,2023-10-31,49.0,49.0,retained_flat
U02114,B2C,B2C,2023-11-30,49.0,49.0,retained_flat
U02114,B2C,B2C,2023-12-31,49.0,49.0,retained_flat
U02114,B2C,B2C,2024-01-31,49.0,49.0,retained_flat
U02114,B2C,B2C,2024-02-29,49.0,49.0,retained_flat
U02114,B2C,B2C,2024-03-31,0.0,49.0,churn
U02114,B2C,B2C,2024-04-30,0.0,0.0,inactive
U02119,B2C,B2C,2023-09-30,49.0,,new
U02119,B2C,B2C,2023-10-31,49.0,49.0,retained_flat
U02119,B2C,B2C,2023-11-30,49.0,49.0,retained_flat
U02119,B2C,B2C,2023-12-31,49.0,49.0,retained_flat
U02119,B2C,B2C,2024-01-31,49.0,49.0,retained_flat
U02119,B2C,B2C,2024-02-29,49.0,49.0,retained_flat
U02119,B2C,B2C,2024-03-31,49.0,49.0,retained_flat
U02119,B2C,B2C,2024-04-30,49.0,49.0,retained_flat
U02130,B2C,B2C,2023-09-30,33.25,,new
U02130,B2C,B2C,2023-10-31,33.25,33.25,retained_flat
U02130,B2C,B2C,2023-11-30,33.25,33.25,retained_flat
U02130,B2C,B2C,2023-12-31,33.25,33.25,retained_flat
U02130,B2C,B2C,2024-01-31,33.25,33.25,retained_flat
U02130,B2C,B2C,2024-02-29,33.25,33.25,retained_flat
U02130,B2C,B2C,2024-03-31,33.25,33.25,retained_flat
U02130,B2C,B2C,2024-04-30,33.25,33.25,retained_flat
U02133,B2C,B2C,2023-09-30,49.0,,new
U02133,B2C,B2C,2023-10-31,49.0,49.0,retained_flat
U02133,B2C,B2C,2023-11-30,49.0,49.0,retained_flat
U02133,B2C,B2C,2023-12-31,49.0,49.0,retained_flat
U02133,B2C,B2C,2024-01-31,49.0,49.0,retained_flat
U02133,B2C,B2C,2024-02-29,49.0,49.0,retained_flat
U02133,B2C,B2C,2024-03-31,49.0,49.0,retained_flat
U02133,B2C,B2C,2024-04-30,49.0,49.0,retained_flat
U02140,B2C,B2C,2023-09-30,49.0,,new
U02140,B2C,B2C,2023-10-31,49.0,49.0,retained_flat
U02140,B2C,B2C,2023-11-30,49.0,49.0,retained_flat
U02140,B2C,B2C,2023-12-31,49.0,49.0,retained_flat
U02140,B2C,B2C,2024-01-31,49.0,49.0,retained_flat
U02140,B2C,B2C,2024-02-29,49.0,49.0,retained_flat
U02140,B2C,B2C,2024-03-31,49.0,49.0,retained_flat
U02140,B2C,B2C,2024-04-30,49.0,49.0,retained_flat
U02144,B2C,B2C,2023-09-30,49.0,,new
U02144,B2C,B2C,2023-10-31,49.0,49.0,retained_flat
U02144,B2C,B2C,2023-11-30,49.0,49.0,retained_flat
U02144,B2C,B2C,2023-12-31,0.0,49.0,churn
U02144,B2C,B2C,2024-01-31,0.0,0.0,inactive
U02144,B2C,B2C,2024-02-29,0.0,0.0,inactive
U02144,B2C,B2C,2024-03-31,0.0,0.0,inactive
U02144,B2C,B2C,2024-04-30,0.0,0.0,inactive
U02158,B2C,B2C,2023-09-30,49.0,,new
U02158,B2C,B2C,2023-10-31,49.0,49.0,retained_flat
U02158,B2C,B2C,2023-11-30,49.0,49.0,retained_flat
U02158,B2C,B2C,2023-12-31,49.0,49.0,retained_flat
U02158,B2C,B2C,2024-01-31,49.0,49.0,retained_flat
U02158,B2C,B2C,2024-02-29,49.0,49.0,retained_flat
U02158,B2C,B2C,2024-03-31,49.0,49.0,retained_flat
U02158,B2C,B2C,2024-04-30,49.0,49.0,retained_flat
U02162,B2C,B2C,2023-09-30,49.0,,new
U02162,B2C,B2C,2023-10-31,49.0,49.0,retained_flat
U02162,B2C,B2C,2023-11-30,49.0,49.0,retained_flat
U02162,B2C,B2C,2023-12-31,49.0,49.0,retained_flat
U02162,B2C,B2C,2024-01-31,49.0,49.0,retained_flat
U02162,B2C,B2C,2024-02-29,0.0,49.0,churn
U02162,B2C,B2C,2024-03-31,0.0,0.0,inactive
U02162,B2C,B2C,2024-04-30,0.0,0.0,inactive
U02172,B2C,B2C,2023-09-30,33.25,,new
U02172,B2C,B2C,2023-10-31,33.25,33.25,retained_flat
U02172,B2C,B2C,2023-11-30,33.25,33.25,retained_flat
U02172,B2C,B2C,2023-12-31,33.25,33.25,retained_flat
U02172,B2C,B2C,2024-01-31,33.25,33.25,retained_flat
U02172,B2C,B2C,2024-02-29,33.25,33.25,retained_flat
U02172,B2C,B2C,2024-03-31,33.25,33.25,retained_flat
U02172,B2C,B2C,2024-04-30,33.25,33.25,retained_flat
U02177,B2C,B2C,2023-09-30,49.0,,new
U02177,B2C,B2C,2023-10-31,49.0,49.0,retained_flat
U02177,B2C,B2C,2023-11-30,49.0,49.0,retained_flat
U02177,B2C,B2C,2023-12-31,49.0,49.0,retained_flat
U02177,B2C,B2C,2024-01-31,49.0,49.0,retained_flat
U02177,B2C,B2C,2024-02-29,49.0,49.0,retained_flat
U02177,B2C,B2C,2024-03-31,49.0,49.0,retained_flat
U02177,B2C,B2C,2024-04-30,49.0,49.0,retained_flat
U02198,SMB,B2B,2023-09-30,149.92,,new
U02198,SMB,B2B,2023-10-31,149.92,149.92,retained_flat
U02198,SMB,B2B,2023-11-30,149.92,149.92,retained_flat
U02198,SMB,B2B,2023-12-31,149.92,149.92,retained_flat
U02198,SMB,B2B,2024-01-31,149.92,149.92,retained_flat
U02198,SMB,B2B,2024-02-29,149.92,149.92,retained_flat
U02198,SMB,B2B,2024-03-31,149.92,149.92,retained_flat
U02198,SMB,B2B,2024-04-30,149.92,149.92,retained_flat
U02205,Enterprise,B2B,2023-09-30,825.0,,new
U02205,Enterprise,B2B,2023-10-31,825.0,825.0,retained_flat
U02205,Enterprise,B2B,2023-11-30,825.0,825.0,retained_flat
U02205,Enterprise,B2B,2023-12-31,825.0,825.0,retained_flat
U02205,Enterprise,B2B,2024-01-31,825.0,825.0,retained_flat
U02205,Enterprise,B2B,2024-02-29,825.0,825.0,retained_flat
U02205,Enterprise,B2B,2024-03-31,825.0,825.0,retained_flat
U02205,Enterprise,B2B,2024-04-30,825.0,825.0,retained_flat
U02224,B2C,B2C,2023-10-31,33.25,,new
U02224,B2C,B2C,2023-11-30,33.25,33.25,retained_flat
U02224,B2C,B2C,2023-12-31,33.25,33.25,retained_flat
U02224,B2C,B2C,2024-01-31,33.25,33.25,retained_flat
U02224,B2C,B2C,2024-02-29,33.25,33.25,retained_flat
U02224,B2C,B2C,2024-03-31,33.25,33.25,retained_flat
U02224,B2C,B2C,2024-04-30,33.25,33.25,retained_flat
U02239,B2C,B2C,2023-10-31,49.0,,new
U02239,B2C,B2C,2023-11-30,49.0,49.0,retained_flat
U02239,B2C,B2C,2023-12-31,49.0,49.0,retained_flat
U02239,B2C,B2C,2024-01-31,49.0,49.0,retained_flat
U02239,B2C,B2C,2024-02-29,49.0,49.0,retained_flat
U02239,B2C,B2C,2024-03-31,49.0,49.0,retained_flat
U02239,B2C,B2C,2024-04-30,49.0,49.0,retained_flat
U02245,B2C,B2C,2023-10-31,49.0,,new
U02245,B2C,B2C,2023-11-30,49.0,49.0,retained_flat
U02245,B2C,B2C,2023-12-31,49.0,49.0,retained_flat
U02245,B2C,B2C,2024-01-31,49.0,49.0,retained_flat
U02245,B2C,B2C,2024-02-29,49.0,49.0,retained_flat
U02245,B2C,B2C,2024-03-31,49.0,49.0,retained_flat
U02245,B2C,B2C,2024-04-30,49.0,49.0,retained_flat
U02267,B2C,B2C,2023-10-31,49.0,,new
U02267,B2C,B2C,2023-11-30,49.0,49.0,retained_flat
U02267,B2C,B2C,2023-12-31,0.0,49.0,churn
U02267,B2C,B2C,2024-01-31,0.0,0.0,inactive
U02267,B2C,B2C,2024-02-29,0.0,0.0,inactive
U02267,B2C,B2C,2024-03-31,0.0,0.0,inactive
U02267,B2C,B2C,2024-04-30,0.0,0.0,inactive
U02281,B2C,B2C,2023-10-31,33.25,,new
U02281,B2C,B2C,2023-11-30,33.25,33.25,retained_flat
U02281,B2C,B2C,2023-12-31,33.25,33.25,retained_flat
U02281,B2C,B2C,2024-01-31,33.25,33.25,retained_flat
U02281,B2C,B2C,2024-02-29,33.25,33.25,retained_flat
U02281,B2C,B2C,2024-03-31,33.25,33.25,retained_flat
U02281,B2C,B2C,2024-04-30,33.25,33.25,retained_flat
U02287,B2C,B2C,2023-10-31,49.0,,new
U02287,B2C,B2C,2023-11-30,49.0,49.0,retained_flat
U02287,B2C,B2C,2023-12-31,49.0,49.0,retained_flat
U02287,B2C,B2C,2024-01-31,49.0,49.0,retained_flat
U02287,B2C,B2C,2024-02-29,49.0,49.0,retained_flat
U02287,B2C,B2C,2024-03-31,49.0,49.0,retained_flat
U02287,B2C,B2C,2024-04-30,49.0,49.0,retained_flat
U02312,B2C,B2C,2023-10-31,33.25,,new
U02312,B2C,B2C,2023-11-30,33.25,33.25,retained_flat
U02312,B2C,B2C,2023-12-31,33.25,33.25,retained_flat
U02312,B2C,B2C,2024-01-31,33.25,33.25,retained_flat
U02312,B2C,B2C,2024-02-29,33.25,33.25,retained_flat
U02312,B2C,B2C,2024-03-31,33.25,33.25,retained_flat
U02312,B2C,B2C,2024-04-30,33.25,33.25,retained_flat
U02324,B2C,B2C,2023-10-31,49.0,,new
U02324,B2C,B2C,2023-11-30,49.0,49.0,retained_flat
U02324,B2C,B2C,2023-12-31,49.0,49.0,retained_flat
U02324,B2C,B2C,2024-01-31,49.0,49.0,retained_flat
U02324,B2C,B2C,2024-02-29,49.0,49.0,retained_flat
U02324,B2C,B2C,2024-03-31,49.0,49.0,retained_flat
U02324,B2C,B2C,2024-04-30,49.0,49.0,retained_flat
U02347,B2C,B2C,2023-10-31,49.0,,new
U02347,B2C,B2C,2023-11-30,0.0,49.0,churn
U02347,B2C,B2C,2023-12-31,0.0,0.0,inactive
U02347,B2C,B2C,2024-01-31,0.0,0.0,inactive
U02347,B2C,B2C,2024-02-29,0.0,0.0,inactive
U02347,B2C,B2C,2024-03-31,0.0,0.0,inactive
U02347,B2C,B2C,2024-04-30,0.0,0.0,inactive
U02371,B2C,B2C,2023-10-31,49.0,,new
U02371,B2C,B2C,2023-11-30,49.0,49.0,retained_flat
U02371,B2C,B2C,2023-12-31,49.0,49.0,retained_flat
U02371,B2C,B2C,2024-01-31,49.0,49.0,retained_flat
U02371,B2C,B2C,2024-02-29,49.0,49.0,retained_flat
U02371,B2C,B2C,2024-03-31,49.0,49.0,retained_flat
U02371,B2C,B2C,2024-04-30,49.0,49.0,retained_flat
U02399,Enterprise,B2B,2023-10-31,825.0,,new
U02399,Enterprise,B2B,2023-11-30,825.0,825.0,retained_flat
U02399,Enterprise,B2B,2023-12-31,825.0,825.0,retained_flat
U02399,Enterprise,B2B,2024-01-31,825.0,825.0,retained_flat
U02399,Enterprise,B2B,2024-02-29,825.0,825.0,retained_flat
U02399,Enterprise,B2B,2024-03-31,825.0,825.0,retained_flat
U02399,Enterprise,B2B,2024-04-30,825.0,825.0,retained_flat
U02402,B2C,B2C,2023-11-30,49.0,,new
U02402,B2C,B2C,2023-12-31,49.0,49.0,retained_flat
U02402,B2C,B2C,2024-01-31,49.0,49.0,retained_flat
U02402,B2C,B2C,2024-02-29,49.0,49.0,retained_flat
U02402,B2C,B2C,2024-03-31,49.0,49.0,retained_flat
U02402,B2C,B2C,2024-04-30,49.0,49.0,retained_flat
U02410,B2C,B2C,2023-11-30,33.25,,new
U02410,B2C,B2C,2023-12-31,33.25,33.25,retained_flat
U02410,B2C,B2C,2024-01-31,33.25,33.25,retained_flat
U02410,B2C,B2C,2024-02-29,33.25,33.25,retained_flat
U02410,B2C,B2C,2024-03-31,33.25,33.25,retained_flat
U02410,B2C,B2C,2024-04-30,33.25,33.25,retained_flat
U02439,B2C,B2C,2023-11-30,33.25,,new
U02439,B2C,B2C,2023-12-31,33.25,33.25,retained_flat
U02439,B2C,B2C,2024-01-31,33.25,33.25,retained_flat
U02439,B2C,B2C,2024-02-29,33.25,33.25,retained_flat
U02439,B2C,B2C,2024-03-31,33.25,33.25,retained_flat
U02439,B2C,B2C,2024-04-30,33.25,33.25,retained_flat
U02457,B2C,B2C,2023-11-30,49.0,,new
U02457,B2C,B2C,2023-12-31,49.0,49.0,retained_flat
U02457,B2C,B2C,2024-01-31,49.0,49.0,retained_flat
U02457,B2C,B2C,2024-02-29,0.0,49.0,churn
U02457,B2C,B2C,2024-03-31,0.0,0.0,inactive
U02457,B2C,B2C,2024-04-30,0.0,0.0,inactive
U02460,B2C,B2C,2023-11-30,49.0,,new
U02460,B2C,B2C,2023-12-31,0.0,49.0,churn
U02460,B2C,B2C,2024-01-31,0.0,0.0,inactive
U02460,B2C,B2C,2024-02-29,0.0,0.0,inactive
U02460,B2C,B2C,2024-03-31,0.0,0.0,inactive
U02460,B2C,B2C,2024-04-30,0.0,0.0,inactive
U02482,B2C,B2C,2023-11-30,49.0,,new
U02482,B2C,B2C,2023-12-31,49.0,49.0,retained_flat
U02482,B2C,B2C,2024-01-31,49.0,49.0,retained_flat
U02482,B2C,B2C,2024-02-29,0.0,49.0,churn
U02482,B2C,B2C,2024-03-31,0.0,0.0,inactive
U02482,B2C,B2C,2024-04-30,0.0,0.0,inactive
U02502,B2C,B2C,2023-11-30,49.0,,new
U02502,B2C,B2C,2023-12-31,49.0,49.0,retained_flat
U02502,B2C,B2C,2024-01-31,49.0,49.0,retained_flat
U02502,B2C,B2C,2024-02-29,49.0,49.0,retained_flat
U02502,B2C,B2C,2024-03-31,49.0,49.0,retained_flat
U02502,B2C,B2C,2024-04-30,49.0,49.0,retained_flat
U02529,B2C,B2C,2023-11-30,49.0,,new
U02529,B2C,B2C,2023-12-31,49.0,49.0,retained_flat
U02529,B2C,B2C,2024-01-31,0.0,49.0,churn
U02529,B2C,B2C,2024-02-29,0.0,0.0,inactive
U02529,B2C,B2C,2024-03-31,0.0,0.0,inactive
U02529,B2C,B2C,2024-04-30,0.0,0.0,inactive
U02534,B2C,B2C,2023-11-30,33.25,,new
U02534,B2C,B2C,2023-12-31,33.25,33.25,retained_flat
U02534,B2C,B2C,2024-01-31,33.25,33.25,retained_flat
U02534,B2C,B2C,2024-02-29,33.25,33.25,retained_flat
U02534,B2C,B2C,2024-03-31,33.25,33.25,retained_flat
U02534,B2C,B2C,2024-04-30,33.25,33.25,retained_flat
U02535,B2C,B2C,2023-11-30,49.0,,new
U02535,B2C,B2C,2023-12-31,0.0,49.0,churn
U02535,B2C,B2C,2024-01-31,0.0,0.0,inactive
U02535,B2C,B2C,2024-02-29,0.0,0.0,inactive
U02535,B2C,B2C,2024-03-31,0.0,0.0,inactive
U02535,B2C,B2C,2024-04-30,0.0,0.0,inactive
U02565,SMB,B2B,2023-11-30,199.0,,new
U02565,SMB,B2B,2023-12-31,0.0,199.0,churn
U02565,SMB,B2B,2024-01-31,0.0,0.0,inactive
U02565,SMB,B2B,2024-02-29,0.0,0.0,inactive
U02565,SMB,B2B,2024-03-31,0.0,0.0,inactive
U02565,SMB,B2B,2024-04-30,0.0,0.0,inactive
U02587,B2C,B2C,2023-12-31,49.0,,new
U02587,B2C,B2C,2024-01-31,0.0,49.0,churn
U02587,B2C,B2C,2024-02-29,0.0,0.0,inactive
U02587,B2C,B2C,2024-03-31,0.0,0.0,inactive
U02587,B2C,B2C,2024-04-30,0.0,0.0,inactive
U02589,B2C,B2C,2023-12-31,33.25,,new
U02589,B2C,B2C,2024-01-31,33.25,33.25,retained_flat
U02589,B2C,B2C,2024-02-29,33.25,33.25,retained_flat
U02589,B2C,B2C,2024-03-31,33.25,33.25,retained_flat
U02589,B2C,B2C,2024-04-30,33.25,33.25,retained_flat
U02594,B2C,B2C,2023-12-31,33.25,,new
U02594,B2C,B2C,2024-01-31,33.25,33.25,retained_flat
U02594,B2C,B2C,2024-02-29,33.25,33.25,retained_flat
U02594,B2C,B2C,2024-03-31,33.25,33.25,retained_flat
U02594,B2C,B2C,2024-04-30,33.25,33.25,retained_flat
U02598,B2C,B2C,2023-12-31,33.25,,new
U02598,B2C,B2C,2024-01-31,33.25,33.25,retained_flat
U02598,B2C,B2C,2024-02-29,33.25,33.25,retained_flat
U02598,B2C,B2C,2024-03-31,33.25,33.25,retained_flat
U02598,B2C,B2C,2024-04-30,33.25,33.25,retained_flat
U02601,B2C,B2C,2023-12-31,49.0,,new
U02601,B2C,B2C,2024-01-31,49.0,49.0,retained_flat
U02601,B2C,B2C,2024-02-29,49.0,49.0,retained_flat
U02601,B2C,B2C,2024-03-31,49.0,49.0,retained_flat
U02601,B2C,B2C,2024-04-30,49.0,49.0,retained_flat
U02612,B2C,B2C,2023-12-31,49.0,,new
U02612,B2C,B2C,2024-01-31,49.0,49.0,retained_flat
U02612,B2C,B2C,2024-02-29,49.0,49.0,retained_flat
U02612,B2C,B2C,2024-03-31,49.0,49.0,retained_flat
U02612,B2C,B2C,2024-04-30,49.0,49.0,retained_flat
U02616,B2C,B2C,2023-12-31,49.0,,new
U02616,B2C,B2C,2024-01-31,49.0,49.0,retained_flat
U02616,B2C,B2C,2024-02-29,49.0,49.0,retained_flat
U02616,B2C,B2C,2024-03-31,49.0,49.0,retained_flat
U02616,B2C,B2C,2024-04-30,49.0,49.0,retained_flat
U02631,B2C,B2C,2023-12-31,49.0,,new
U02631,B2C,B2C,2024-01-31,49.0,49.0,retained_flat
U02631,B2C,B2C,2024-02-29,49.0,49.0,retained_flat
U02631,B2C,B2C,2024-03-31,49.0,49.0,retained_flat
U02631,B2C,B2C,2024-04-30,0.0,49.0,churn
U02664,B2C,B2C,2023-12-31,49.0,,new
U02664,B2C,B2C,2024-01-31,49.0,49.0,retained_flat
U02664,B2C,B2C,2024-02-29,49.0,49.0,retained_flat
U02664,B2C,B2C,2024-03-31,49.0,49.0,retained_flat
U02664,B2C,B2C,2024-04-30,49.0,49.0,retained_flat
U02678,B2C,B2C,2023-12-31,49.0,,new
U02678,B2C,B2C,2024-01-31,0.0,49.0,churn
U02678,B2C,B2C,2024-02-29,0.0,0.0,inactive
U02678,B2C,B2C,2024-03-31,0.0,0.0,inactive
U02678,B2C,B2C,2024-04-30,0.0,0.0,inactive
U02682,B2C,B2C,2023-12-31,49.0,,new
U02682,B2C,B2C,2024-01-31,49.0,49.0,retained_flat
U02682,B2C,B2C,2024-02-29,49.0,49.0,retained_flat
U02682,B2C,B2C,2024-03-31,49.0,49.0,retained_flat
U02682,B2C,B2C,2024-04-30,49.0,49.0,retained_flat
U02691,B2C,B2C,2023-12-31,49.0,,new
U02691,B2C,B2C,2024-01-31,49.0,49.0,retained_flat
U02691,B2C,B2C,2024-02-29,49.0,49.0,retained_flat
U02691,B2C,B2C,2024-03-31,49.0,49.0,retained_flat
U02691,B2C,B2C,2024-04-30,49.0,49.0,retained_flat
U02702,B2C,B2C,2023-12-31,49.0,,new
U02702,B2C,B2C,2024-01-31,49.0,49.0,retained_flat
U02702,B2C,B2C,2024-02-29,49.0,49.0,retained_flat
U02702,B2C,B2C,2024-03-31,49.0,49.0,retained_flat
U02702,B2C,B2C,2024-04-30,49.0,49.0,retained_flat
U02722,B2C,B2C,2023-12-31,33.25,,new
U02722,B2C,B2C,2024-01-31,33.25,33.25,retained_flat
U02722,B2C,B2C,2024-02-29,33.25,33.25,retained_flat
U02722,B2C,B2C,2024-03-31,33.25,33.25,retained_flat
U02722,B2C,B2C,2024-04-30,33.25,33.25,retained_flat
U02741,B2C,B2C,2023-12-31,49.0,,new
U02741,B2C,B2C,2024-01-31,0.0,49.0,churn
U02741,B2C,B2C,2024-02-29,0.0,0.0,inactive
U02741,B2C,B2C,2024-03-31,0.0,0.0,inactive
U02741,B2C,B2C,2024-04-30,0.0,0.0,inactive
U02754,SMB,B2B,2023-12-31,199.0,,new
U02754,SMB,B2B,2024-01-31,209.06,199.0,expansion
U02754,SMB,B2B,2024-02-29,238.29,209.06,expansion
U02754,SMB,B2B,2024-03-31,238.29,238.29,retained_flat
U02754,SMB,B2B,2024-04-30,238.29,238.29,retained_flat
U02767,SMB,B2B,2023-12-31,149.92,,new
U02767,SMB,B2B,2024-01-31,149.92,149.92,retained_flat
U02767,SMB,B2B,2024-02-29,149.92,149.92,retained_flat
U02767,SMB,B2B,2024-03-31,149.92,149.92,retained_flat
U02767,SMB,B2B,2024-04-30,149.92,149.92,retained_flat
U02768,SMB,B2B,2023-12-31,149.92,,new
U02768,SMB,B2B,2024-01-31,149.92,149.92,retained_flat
U02768,SMB,B2B,2024-02-29,149.92,149.92,retained_flat
U02768,SMB,B2B,2024-03-31,149.92,149.92,retained_flat
U02768,SMB,B2B,2024-04-30,149.92,149.92,retained_flat
U02782,Enterprise,B2B,2023-12-31,825.0,,new
U02782,Enterprise,B2B,2024-01-31,825.0,825.0,retained_flat
U02782,Enterprise,B2B,2024-02-29,825.0,825.0,retained_flat
U02782,Enterprise,B2B,2024-03-31,825.0,825.0,retained_flat
U02782,Enterprise,B2B,2024-04-30,825.0,825.0,retained_flat
U02792,B2C,B2C,2024-01-31,49.0,,new
U02792,B2C,B2C,2024-02-29,49.0,49.0,retained_flat
U02792,B2C,B2C,2024-03-31,49.0,49.0,retained_flat
U02792,B2C,B2C,2024-04-30,49.0,49.0,retained_flat
U02815,B2C,B2C,2024-01-31,49.0,,new
U02815,B2C,B2C,2024-02-29,49.0,49.0,retained_flat
U02815,B2C,B2C,2024-03-31,49.0,49.0,retained_flat
U02815,B2C,B2C,2024-04-30,0.0,49.0,churn
U02835,B2C,B2C,2024-01-31,49.0,,new
U02835,B2C,B2C,2024-02-29,49.0,49.0,retained_flat
U02835,B2C,B2C,2024-03-31,49.0,49.0,retained_flat
U02835,B2C,B2C,2024-04-30,49.0,49.0,retained_flat
U02872,B2C,B2C,2024-01-31,49.0,,new
U02872,B2C,B2C,2024-02-29,49.0,49.0,retained_flat
U02872,B2C,B2C,2024-03-31,49.0,49.0,retained_flat
U02872,B2C,B2C,2024-04-30,49.0,49.0,retained_flat
U02880,B2C,B2C,2024-01-31,33.25,,new
U02880,B2C,B2C,2024-02-29,33.25,33.25,retained_flat
U02880,B2C,B2C,2024-03-31,33.25,33.25,retained_flat
U02880,B2C,B2C,2024-04-30,33.25,33.25,retained_flat
U02900,B2C,B2C,2024-01-31,49.0,,new
U02900,B2C,B2C,2024-02-29,49.0,49.0,retained_flat
U02900,B2C,B2C,2024-03-31,49.0,49.0,retained_flat
U02900,B2C,B2C,2024-04-30,49.0,49.0,retained_flat
U02929,B2C,B2C,2024-01-31,49.0,,new
U02929,B2C,B2C,2024-02-29,49.0,49.0,retained_flat
U02929,B2C,B2C,2024-03-31,49.0,49.0,retained_flat
U02929,B2C,B2C,2024-04-30,49.0,49.0,retained_flat
U02944,B2C,B2C,2024-01-31,33.25,,new
U02944,B2C,B2C,2024-02-29,33.25,33.25,retained_flat
U02944,B2C,B2C,2024-03-31,33.25,33.25,retained_flat
U02944,B2C,B2C,2024-04-30,33.25,33.25,retained_flat
U02950,B2C,B2C,2024-01-31,49.0,,new
U02950,B2C,B2C,2024-02-29,49.0,49.0,retained_flat
U02950,B2C,B2C,2024-03-31,49.0,49.0,retained_flat
U02950,B2C,B2C,2024-04-30,49.0,49.0,retained_flat
U02958,SMB,B2B,2024-01-31,149.92,,new
U02958,SMB,B2B,2024-02-29,149.92,149.92,retained_flat
U02958,SMB,B2B,2024-03-31,149.92,149.92,retained_flat
U02958,SMB,B2B,2024-04-30,149.92,149.92,retained_flat
U02973,SMB,B2B,2024-01-31,199.0,,new
U02973,SMB,B2B,2024-02-29,199.0,199.0,retained_flat
U02973,SMB,B2B,2024-03-31,199.0,199.0,retained_flat
U02973,SMB,B2B,2024-04-30,199.0,199.0,retained_flat
U02978,SMB,B2B,2024-01-31,199.0,,new
U02978,SMB,B2B,2024-02-29,199.0,199.0,retained_flat
U02978,SMB,B2B,2024-03-31,218.14,199.0,expansion
U02978,SMB,B2B,2024-04-30,0.0,218.14,churn
U02989,Enterprise,B2B,2024-01-31,825.0,,new
U02989,Enterprise,B2B,2024-02-29,825.0,825.0,retained_flat
U02989,Enterprise,B2B,2024-03-31,825.0,825.0,retained_flat
U02989,Enterprise,B2B,2024-04-30,825.0,825.0,retained_flat
U02994,Enterprise,B2B,2024-01-31,825.0,,new
U02994,Enterprise,B2B,2024-02-29,825.0,825.0,retained_flat
U02994,Enterprise,B2B,2024-03-31,825.0,825.0,retained_flat
U02994,Enterprise,B2B,2024-04-30,825.0,825.0,retained_flat
U03009,B2C,B2C,2024-02-29,33.25,,new
U03009,B2C,B2C,2024-03-31,33.25,33.25,retained_flat
U03009,B2C,B2C,2024-04-30,33.25,33.25,retained_flat
U03012,B2C,B2C,2024-02-29,49.0,,new
U03012,B2C,B2C,2024-03-31,49.0,49.0,retained_flat
U03012,B2C,B2C,2024-04-30,49.0,49.0,retained_flat
U03053,B2C,B2C,2024-02-29,49.0,,new
U03053,B2C,B2C,2024-03-31,49.0,49.0,retained_flat
U03053,B2C,B2C,2024-04-30,49.0,49.0,retained_flat
U03072,B2C,B2C,2024-02-29,49.0,,new
U03072,B2C,B2C,2024-03-31,49.0,49.0,retained_flat
U03072,B2C,B2C,2024-04-30,49.0,49.0,retained_flat
U03091,B2C,B2C,2024-02-29,33.25,,new
U03091,B2C,B2C,2024-03-31,33.25,33.25,retained_flat
U03091,B2C,B2C,2024-04-30,33.25,33.25,retained_flat
U03120,B2C,B2C,2024-02-29,33.25,,new
U03120,B2C,B2C,2024-03-31,33.25,33.25,retained_flat
U03120,B2C,B2C,2024-04-30,33.25,33.25,retained_flat
U03122,B2C,B2C,2024-02-29,49.0,,new
U03122,B2C,B2C,2024-03-31,49.0,49.0,retained_flat
U03122,B2C,B2C,2024-04-30,49.0,49.0,retained_flat
U03133,B2C,B2C,2024-02-29,33.25,,new
U03133,B2C,B2C,2024-03-31,33.25,33.25,retained_flat
U03133,B2C,B2C,2024-04-30,33.25,33.25,retained_flat
U03156,B2C,B2C,2024-02-29,49.0,,new
U03156,B2C,B2C,2024-03-31,49.0,49.0,retained_flat
U03156,B2C,B2C,2024-04-30,49.0,49.0,retained_flat
U03170,B2C,B2C,2024-02-29,49.0,,new
U03170,B2C,B2C,2024-03-31,49.0,49.0,retained_flat
U03170,B2C,B2C,2024-04-30,0.0,49.0,churn
U03171,B2C,B2C,2024-02-29,49.0,,new
U03171,B2C,B2C,2024-03-31,49.0,49.0,retained_flat
U03171,B2C,B2C,2024-04-30,49.0,49.0,retained_flat
U03179,B2C,B2C,2024-02-29,49.0,,new
U03179,B2C,B2C,2024-03-31,49.0,49.0,retained_flat
U03179,B2C,B2C,2024-04-30,49.0,49.0,retained_flat
U03216,SMB,B2B,2024-02-29,199.0,,new
U03216,SMB,B2B,2024-03-31,199.0,199.0,retained_flat
U03216,SMB,B2B,2024-04-30,199.0,199.0,retained_flat
U03243,B2C,B2C,2024-03-31,49.0,,new
U03243,B2C,B2C,2024-04-30,0.0,49.0,churn
U03251,B2C,B2C,2024-03-31,49.0,,new
U03251,B2C,B2C,2024-04-30,49.0,49.0,retained_flat
U03269,B2C,B2C,2024-03-31,49.0,,new
U03269,B2C,B2C,2024-04-30,49.0,49.0,retained_flat
U03271,B2C,B2C,2024-03-31,33.25,,new
U03271,B2C,B2C,2024-04-30,33.25,33.25,retained_flat
U03316,B2C,B2C,2024-03-31,49.0,,new
U03316,B2C,B2C,2024-04-30,49.0,49.0,retained_flat
U03353,B2C,B2C,2024-03-31,49.0,,new
U03353,B2C,B2C,2024-04-30,49.0,49.0,retained_flat
U03364,B2C,B2C,2024-03-31,33.25,,new
U03364,B2C,B2C,2024-04-30,33.25,33.25,retained_flat
U03367,B2C,B2C,2024-03-31,49.0,,new
U03367,B2C,B2C,2024-04-30,49.0,49.0,retained_flat
U03381,B2C,B2C,2024-03-31,49.0,,new
U03381,B2C,B2C,2024-04-30,49.0,49.0,retained_flat
U03420,SMB,B2B,2024-03-31,149.92,,new
U03420,SMB,B2B,2024-04-30,149.92,149.92,retained_flat
U03424,SMB,B2B,2024-03-31,149.92,,new
U03424,SMB,B2B,2024-04-30,149.92,149.92,retained_flat
U03425,SMB,B2B,2024-03-31,149.92,,new
U03425,SMB,B2B,2024-04-30,149.92,149.92,retained_flat
U03441,SMB,B2B,2024-03-31,199.0,,new
U03441,SMB,B2B,2024-04-30,209.26,199.0,expansion
U03452,Enterprise,B2B,2024-03-31,825.0,,new
U03452,Enterprise,B2B,2024-04-30,825.0,825.0,retained_flat
U03459,B2C,B2C,2024-04-30,49.0,,new
U03476,B2C,B2C,2024-04-30,33.25,,new
U03478,B2C,B2C,2024-04-30,33.25,,new
U03508,B2C,B2C,2024-04-30,49.0,,new
U03514,B2C,B2C,2024-04-30,49.0,,new
U03535,B2C,B2C,2024-04-30,49.0,,new
U03560,B2C,B2C,2024-04-30,49.0,,new
U03564,B2C,B2C,2024-04-30,49.0,,new
U03578,B2C,B2C,2024-04-30,49.0,,new
U03582,B2C,B2C,2024-04-30,49.0,,new
U03596,B2C,B2C,2024-04-30,33.25,,new
U03603,B2C,B2C,2024-04-30,33.25,,new
U03664,SMB,B2B,2024-04-30,149.92,,new
U03692,Enterprise,B2B,2024-04-30,825.0,,new
U01000,B2C,B2C,2023-01-31,49.0,,new
U01000,B2C,B2C,2023-02-28,49.0,49.0,retained_flat
U01000,B2C,B2C,2023-03-31,49.0,49.0,retained_flat
U01000,B2C,B2C,2023-04-30,49.0,49.0,retained_flat
U01000,B2C,B2C,2023-05-31,0.0,49.0,churn
U01000,B2C,B2C,2023-06-30,0.0,0.0,inactive
U01000,B2C,B2C,2023-07-31,0.0,0.0,inactive
U01000,B2C,B2C,2023-08-31,0.0,0.0,inactive
U01000,B2C,B2C,2023-09-30,0.0,0.0,inactive
U01000,B2C,B2C,2023-10-31,0.0,0.0,inactive
U01000,B2C,B2C,2023-11-30,0.0,0.0,inactive
U01000,B2C,B2C,2023-12-31,0.0,0.0,inactive
U01000,B2C,B2C,2024-01-31,0.0,0.0,inactive
U01000,B2C,B2C,2024-02-29,0.0,0.0,inactive
U01000,B2C,B2C,2024-03-31,0.0,0.0,inactive
U01000,B2C,B2C,2024-04-30,0.0,0.0,inactive
U01001,B2C,B2C,2023-01-31,49.0,,new
U01001,B2C,B2C,2023-02-28,49.0,49.0,retained_flat
U01001,B2C,B2C,2023-03-31,49.0,49.0,retained_flat
U01001,B2C,B2C,2023-04-30,49.0,49.0,retained_flat
U01001,B2C,B2C,2023-05-31,49.0,49.0,retained_flat
U01001,B2C,B2C,2023-06-30,49.0,49.0,retained_flat
U01001,B2C,B2C,2023-07-31,49.0,49.0,retained_flat
U01001,B2C,B2C,2023-08-31,49.0,49.0,retained_flat
U01001,B2C,B2C,2023-09-30,49.0,49.0,retained_flat
U01001,B2C,B2C,2023-10-31,49.0,49.0,retained_flat
U01001,B2C,B2C,2023-11-30,49.0,49.0,retained_flat
U01001,B2C,B2C,2023-12-31,49.0,49.0,retained_flat
U01001,B2C,B2C,2024-01-31,0.0,49.0,churn
U01001,B2C,B2C,2024-02-29,0.0,0.0,inactive
U01001,B2C,B2C,2024-03-31,0.0,0.0,inactive
U01001,B2C,B2C,2024-04-30,0.0,0.0,inactive
U01039,B2C,B2C,2023-01-31,49.0,,new
U01039,B2C,B2C,2023-02-28,49.0,49.0,retained_flat
U01039,B2C,B2C,2023-03-31,49.0,49.0,retained_flat
U01039,B2C,B2C,2023-04-30,49.0,49.0,retained_flat
U01039,B2C,B2C,2023-05-31,49.0,49.0,retained_flat
U01039,B2C,B2C,2023-06-30,49.0,49.0,retained_flat
U01039,B2C,B2C,2023-07-31,49.0,49.0,retained_flat
U01039,B2C,B2C,2023-08-31,49.0,49.0,retained_flat
U01039,B2C,B2C,2023-09-30,49.0,49.0,retained_flat
U01039,B2C,B2C,2023-10-31,49.0,49.0,retained_flat
U01039,B2C,B2C,2023-11-30,49.0,49.0,retained_flat
U01039,B2C,B2C,2023-12-31,49.0,49.0,retained_flat
U01039,B2C,B2C,2024-01-31,49.0,49.0,retained_flat
U01039,B2C,B2C,2024-02-29,49.0,49.0,retained_flat
U01039,B2C,B2C,2024-03-31,49.0,49.0,retained_flat
U01039,B2C,B2C,2024-04-30,49.0,49.0,retained_flat
U01040,B2C,B2C,2023-01-31,49.0,,new
U01040,B2C,B2C,2023-02-28,49.0,49.0,retained_flat
U01040,B2C,B2C,2023-03-31,49.0,49.0,retained_flat
U01040,B2C,B2C,2023-04-30,49.0,49.0,retained_flat
U01040,B2C,B2C,2023-05-31,49.0,49.0,retained_flat
U01040,B2C,B2C,2023-06-30,49.0,49.0,retained_flat
U01040,B2C,B2C,2023-07-31,49.0,49.0,retained_flat
U01040,B2C,B2C,2023-08-31,49.0,49.0,retained_flat
U01040,B2C,B2C,2023-09-30,49.0,49.0,retained_flat
U01040,B2C,B2C,2023-10-31,49.0,49.0,retained_flat
U01040,B2C,B2C,2023-11-30,49.0,49.0,retained_flat
U01040,B2C,B2C,2023-12-31,49.0,49.0,retained_flat
U01040,B2C,B2C,2024-01-31,49.0,49.0,retained_flat
U01040,B2C,B2C,2024-02-29,49.0,49.0,retained_flat
U01040,B2C,B2C,2024-03-31,0.0,49.0,churn
U01040,B2C,B2C,2024-04-30,0.0,0.0,inactive
U01044,B2C,B2C,2023-01-31,49.0,,new
U01044,B2C,B2C,2023-02-28,49.0,49.0,retained_flat
U01044,B2C,B2C,2023-03-31,49.0,49.0,retained_flat
U01044,B2C,B2C,2023-04-30,49.0,49.0,retained_flat
U01044,B2C,B2C,2023-05-31,49.0,49.0,retained_flat
U01044,B2C,B2C,2023-06-30,49.0,49.0,retained_flat
U01044,B2C,B2C,2023-07-31,49.0,49.0,retained_flat
U01044,B2C,B2C,2023-08-31,49.0,49.0,retained_flat
U01044,B2C,B2C,2023-09-30,49.0,49.0,retained_flat
U01044,B2C,B2C,2023-10-31,49.0,49.0,retained_flat
U01044,B2C,B2C,2023-11-30,49.0,49.0,retained_flat
U01044,B2C,B2C,2023-12-31,49.0,49.0,retained_flat
U01044,B2C,B2C,2024-01-31,49.0,49.0,retained_flat
U01044,B2C,B2C,2024-02-29,49.0,49.0,retained_flat
U01044,B2C,B2C,2024-03-31,49.0,49.0,retained_flat
U01044,B2C,B2C,2024-04-30,49.0,49.0,retained_flat
U01096,SMB,B2B,2023-01-31,199.0,,new
U01096,SMB,B2B,2023-02-28,199.0,199.0,retained_flat
U01096,SMB,B2B,2023-03-31,199.0,199.0,retained_flat
U01096,SMB,B2B,2023-04-30,199.0,199.0,retained_flat
U01096,SMB,B2B,2023-05-31,199.0,199.0,retained_flat
U01096,SMB,B2B,2023-06-30,164.72,199.0,contraction
U01096,SMB,B2B,2023-07-31,164.72,164.72,retained_flat
U01096,SMB,B2B,2023-08-31,164.72,164.72,retained_flat
U01096,SMB,B2B,2023-09-30,0.0,164.72,churn
U01096,SMB,B2B,2023-10-31,0.0,0.0,inactive
U01096,SMB,B2B,2023-11-30,0.0,0.0,inactive
U01096,SMB,B2B,2023-12-31,0.0,0.0,inactive
U01096,SMB,B2B,2024-01-31,0.0,0.0,inactive
U01096,SMB,B2B,2024-02-29,0.0,0.0,inactive
U01096,SMB,B2B,2024-03-31,0.0,0.0,inactive
U01096,SMB,B2B,2024-04-30,0.0,0.0,inactive
U01126,B2C,B2C,2023-02-28,49.0,,new
U01126,B2C,B2C,2023-03-31,49.0,49.0,retained_flat
U01126,B2C,B2C,2023-04-30,49.0,49.0,retained_flat
U01126,B2C,B2C,2023-05-31,49.0,49.0,retained_flat
U01126,B2C,B2C,2023-06-30,49.0,49.0,retained_flat
U01126,B2C,B2C,2023-07-31,49.0,49.0,retained_flat
U01126,B2C,B2C,2023-08-31,49.0,49.0,retained_flat
U01126,B2C,B2C,2023-09-30,49.0,49.0,retained_flat
U01126,B2C,B2C,2023-10-31,49.0,49.0,retained_flat
U01126,B2C,B2C,2023-11-30,49.0,49.0,retained_flat
U01126,B2C,B2C,2023-12-31,0.0,49.0,churn
U01126,B2C,B2C,2024-01-31,0.0,0.0,inactive
U01126,B2C,B2C,2024-02-29,0.0,0.0,inactive
U01126,B2C,B2C,2024-03-31,0.0,0.0,inactive
U01126,B2C,B2C,2024-04-30,0.0,0.0,inactive
U01127,B2C,B2C,2023-02-28,49.0,,new
U01127,B2C,B2C,2023-03-31,49.0,49.0,retained_flat
U01127,B2C,B2C,2023-04-30,49.0,49.0,retained_flat
U01127,B2C,B2C,2023-05-31,0.0,49.0,churn
U01127,B2C,B2C,2023-06-30,0.0,0.0,inactive
U01127,B2C,B2C,2023-07-31,0.0,0.0,inactive
U01127,B2C,B2C,2023-08-31,0.0,0.0,inactive
U01127,B2C,B2C,2023-09-30,0.0,0.0,inactive
U01127,B2C,B2C,2023-10-31,0.0,0.0,inactive
U01127,B2C,B2C,2023-11-30,0.0,0.0,inactive
U01127,B2C,B2C,2023-12-31,0.0,0.0,inactive
U01127,B2C,B2C,2024-01-31,0.0,0.0,inactive
U01127,B2C,B2C,2024-02-29,0.0,0.0,inactive
U01127,B2C,B2C,2024-03-31,0.0,0.0,inactive
U01127,B2C,B2C,2024-04-30,0.0,0.0,inactive
U01133,B2C,B2C,2023-02-28,49.0,,new
U01133,B2C,B2C,2023-03-31,49.0,49.0,retained_flat
U01133,B2C,B2C,2023-04-30,49.0,49.0,retained_flat
U01133,B2C,B2C,2023-05-31,49.0,49.0,retained_flat
U01133,B2C,B2C,2023-06-30,49.0,49.0,retained_flat
U01133,B2C,B2C,2023-07-31,49.0,49.0,retained_flat
U01133,B2C,B2C,2023-08-31,49.0,49.0,retained_flat
U01133,B2C,B2C,2023-09-30,49.0,49.0,retained_flat
U01133,B2C,B2C,2023-10-31,49.0,49.0,retained_flat
U01133,B2C,B2C,2023-11-30,49.0,49.0,retained_flat
U01133,B2C,B2C,2023-12-31,49.0,49.0,retained_flat
U01133,B2C,B2C,2024-01-31,49.0,49.0,retained_flat
U01133,B2C,B2C,2024-02-29,49.0,49.0,retained_flat
U01133,B2C,B2C,2024-03-31,49.0,49.0,retained_flat
U01133,B2C,B2C,2024-04-30,49.0,49.0,retained_flat
U01140,B2C,B2C,2023-02-28,49.0,,new
U01140,B2C,B2C,2023-03-31,49.0,49.0,retained_flat
U01140,B2C,B2C,2023-04-30,49.0,49.0,retained_flat
U01140,B2C,B2C,2023-05-31,0.0,49.0,churn
U01140,B2C,B2C,2023-06-30,0.0,0.0,inactive
U01140,B2C,B2C,2023-07-31,0.0,0.0,inactive
U01140,B2C,B2C,2023-08-31,0.0,0.0,inactive
U01140,B2C,B2C,2023-09-30,0.0,0.0,inactive
U01140,B2C,B2C,2023-10-31,0.0,0.0,inactive
U01140,B2C,B2C,2023-11-30,0.0,0.0,inactive
U01140,B2C,B2C,2023-12-31,0.0,0.0,inactive
U01140,B2C,B2C,2024-01-31,0.0,0.0,inactive
U01140,B2C,B2C,2024-02-29,0.0,0.0,inactive
U01140,B2C,B2C,2024-03-31,0.0,0.0,inactive
U01140,B2C,B2C,2024-04-30,0.0,0.0,inactive
U01144,B2C,B2C,2023-02-28,33.25,,new
U01144,B2C,B2C,2023-03-31,33.25,33.25,retained_flat
U01144,B2C,B2C,2023-04-30,33.25,33.25,retained_flat
U01144,B2C,B2C,2023-05-31,33.25,33.25,retained_flat
U01144,B2C,B2C,2023-06-30,33.25,33.25,retained_flat
U01144,B2C,B2C,2023-07-31,33.25,33.25,retained_flat
U01144,B2C,B2C,2023-08-31,33.25,33.25,retained_flat
U01144,B2C,B2C,2023-09-30,33.25,33.25,retained_flat
U01144,B2C,B2C,2023-10-31,33.25,33.25,retained_flat
U01144,B2C,B2C,2023-11-30,33.25,33.25,retained_flat
U01144,B2C,B2C,2023-12-31,33.25,33.25,retained_flat
U01144,B2C,B2C,2024-01-31,33.25,33.25,retained_flat
U01144,B2C,B2C,2024-02-29,33.25,33.25,retained_flat
U01144,B2C,B2C,2024-03-31,33.25,33.25,retained_flat
U01144,B2C,B2C,2024-04-30,33.25,33.25,retained_flat
U01162,B2C,B2C,2023-02-28,49.0,,new
U01162,B2C,B2C,2023-03-31,49.0,49.0,retained_flat
U01162,B2C,B2C,2023-04-30,0.0,49.0,churn
U01162,B2C,B2C,2023-05-31,0.0,0.0,inactive
U01162,B2C,B2C,2023-06-30,0.0,0.0,inactive
U01162,B2C,B2C,2023-07-31,0.0,0.0,inactive
U01162,B2C,B2C,2023-08-31,0.0,0.0,inactive
U01162,B2C,B2C,2023-09-30,0.0,0.0,inactive
U01162,B2C,B2C,2023-10-31,0.0,0.0,inactive
U01162,B2C,B2C,2023-11-30,0.0,0.0,inactive
U01162,B2C,B2C,2023-12-31,0.0,0.0,inactive
U01162,B2C,B2C,2024-01-31,0.0,0.0,inactive
U01162,B2C,B2C,2024-02-29,0.0,0.0,inactive
U01162,B2C,B2C,2024-03-31,0.0,0.0,inactive
U01162,B2C,B2C,2024-04-30,0.0,0.0,inactive
U01167,B2C,B2C,2023-02-28,49.0,,new
U01167,B2C,B2C,2023-03-31,49.0,49.0,retained_flat
U01167,B2C,B2C,2023-04-30,49.0,49.0,retained_flat
U01167,B2C,B2C,2023-05-31,49.0,49.0,retained_flat
U01167,B2C,B2C,2023-06-30,49.0,49.0,retained_flat
U01167,B2C,B2C,2023-07-31,49.0,49.0,retained_flat
U01167,B2C,B2C,2023-08-31,49.0,49.0,retained_flat
U01167,B2C,B2C,2023-09-30,49.0,49.0,retained_flat
U01167,B2C,B2C,2023-10-31,49.0,49.0,retained_flat
U01167,B2C,B2C,2023-11-30,49.0,49.0,retained_flat
U01167,B2C,B2C,2023-12-31,49.0,49.0,retained_flat
U01167,B2C,B2C,2024-01-31,49.0,49.0,retained_flat
U01167,B2C,B2C,2024-02-29,49.0,49.0,retained_flat
U01167,B2C,B2C,2024-03-31,49.0,49.0,retained_flat
U01167,B2C,B2C,2024-04-30,49.0,49.0,retained_flat
U01170,B2C,B2C,2023-02-28,49.0,,new
U01170,B2C,B2C,2023-03-31,49.0,49.0,retained_flat
U01170,B2C,B2C,2023-04-30,49.0,49.0,retained_flat
U01170,B2C,B2C,2023-05-31,49.0,49.0,retained_flat
U01170,B2C,B2C,2023-06-30,49.0,49.0,retained_flat
U01170,B2C,B2C,2023-07-31,49.0,49.0,retained_flat
U01170,B2C,B2C,2023-08-31,49.0,49.0,retained_flat
U01170,B2C,B2C,2023-09-30,49.0,49.0,retained_flat
U01170,B2C,B2C,2023-10-31,49.0,49.0,retained_flat
U01170,B2C,B2C,2023-11-30,0.0,49.0,churn
U01170,B2C,B2C,2023-12-31,0.0,0.0,inactive
U01170,B2C,B2C,2024-01-31,0.0,0.0,inactive
U01170,B2C,B2C,2024-02-29,0.0,0.0,inactive
U01170,B2C,B2C,2024-03-31,0.0,0.0,inactive
U01170,B2C,B2C,2024-04-30,0.0,0.0,inactive
U01188,SMB,B2B,2023-02-28,149.92,,new
U01188,SMB,B2B,2023-03-31,149.92,149.92,retained_flat
U01188,SMB,B2B,2023-04-30,149.92,149.92,retained_flat
U01188,SMB,B2B,2023-05-31,149.92,149.92,retained_flat
U01188,SMB,B2B,2023-06-30,149.92,149.92,retained_flat
U01188,SMB,B2B,2023-07-31,149.92,149.92,retained_flat
U01188,SMB,B2B,2023-08-31,149.92,149.92,retained_flat
U01188,SMB,B2B,2023-09-30,149.92,149.92,retained_flat
U01188,SMB,B2B,2023-10-31,149.92,149.92,retained_flat
U01188,SMB,B2B,2023-11-30,149.92,149.92,retained_flat
U01188,SMB,B2B,2023-12-31,149.92,149.92,retained_flat
U01188,SMB,B2B,2024-01-31,149.92,149.92,retained_flat
U01188,SMB,B2B,2024-02-29,149.92,149.92,retained_flat
U01188,SMB,B2B,2024-03-31,149.92,149.92,retained_flat
U01188,SMB,B2B,2024-04-30,149.92,149.92,retained_flat
U01199,SMB,B2B,2023-02-28,149.92,,new
U01199,SMB,B2B,2023-03-31,149.92,149.92,retained_flat
U01199,SMB,B2B,2023-04-30,149.92,149.92,retained_flat
U01199,SMB,B2B,2023-05-31,149.92,149.92,retained_flat
U01199,SMB,B2B,2023-06-30,149.92,149.92,retained_flat
U01199,SMB,B2B,2023-07-31,149.92,149.92,retained_flat
U01199,SMB,B2B,2023-08-31,149.92,149.92,retained_flat
U01199,SMB,B2B,2023-09-30,149.92,149.92,retained_flat
U01199,SMB,B2B,2023-10-31,149.92,149.92,retained_flat
U01199,SMB,B2B,2023-11-30,149.92,149.92,retained_flat
U01199,SMB,B2B,2023-12-31,149.92,149.92,retained_flat
U01199,SMB,B2B,2024-01-31,149.92,149.92,retained_flat
U01199,SMB,B2B,2024-02-29,149.92,149.92,retained_flat
U01199,SMB,B2B,2024-03-31,149.92,149.92,retained_flat
U01199,SMB,B2B,2024-04-30,149.92,149.92,retained_flat
U01202,Enterprise,B2B,2023-02-28,825.0,,new
U01202,Enterprise,B2B,2023-03-31,825.0,825.0,retained_flat
U01202,Enterprise,B2B,2023-04-30,825.0,825.0,retained_flat
U01202,Enterprise,B2B,2023-05-31,825.0,825.0,retained_flat
U01202,Enterprise,B2B,2023-06-30,825.0,825.0,retained_flat
U01202,Enterprise,B2B,2023-07-31,825.0,825.0,retained_flat
U01202,Enterprise,B2B,2023-08-31,825.0,825.0,retained_flat
U01202,Enterprise,B2B,2023-09-30,825.0,825.0,retained_flat
U01202,Enterprise,B2B,2023-10-31,825.0,825.0,retained_flat
U01202,Enterprise,B2B,2023-11-30,825.0,825.0,retained_flat
U01202,Enterprise,B2B,2023-12-31,825.0,825.0,retained_flat
U01202,Enterprise,B2B,2024-01-31,825.0,825.0,retained_flat
U01202,Enterprise,B2B,2024-02-29,697.36,825.0,contraction
U01202,Enterprise,B2B,2024-03-31,697.36,697.36,retained_flat
U01202,Enterprise,B2B,2024-04-30,697.36,697.36,retained_flat
U01203,B2C,B2C,2023-03-31,49.0,,new
U01203,B2C,B2C,2023-04-30,49.0,49.0,retained_flat
U01203,B2C,B2C,2023-05-31,49.0,49.0,retained_flat
U01203,B2C,B2C,2023-06-30,49.0,49.0,retained_flat
U01203,B2C,B2C,2023-07-31,49.0,49.0,retained_flat
U01203,B2C,B2C,2023-08-31,49.0,49.0,retained_flat
U01203,B2C,B2C,2023-09-30,49.0,49.0,retained_flat
U01203,B2C,B2C,2023-10-31,49.0,49.0,retained_flat
U01203,B2C,B2C,2023-11-30,49.0,49.0,retained_flat
U01203,B2C,B2C,2023-12-31,49.0,49.0,retained_flat
U01203,B2C,B2C,2024-01-31,49.0,49.0,retained_flat
U01203,B2C,B2C,2024-02-29,49.0,49.0,retained_flat
U01203,B2C,B2C,2024-03-31,49.0,49.0,retained_flat
U01203,B2C,B2C,2024-04-30,49.0,49.0,retained_flat
U01208,B2C,B2C,2023-03-31,49.0,,new
U01208,B2C,B2C,2023-04-30,49.0,49.0,retained_flat
U01208,B2C,B2C,2023-05-31,49.0,49.0,retained_flat
U01208,B2C,B2C,2023-06-30,49.0,49.0,retained_flat
U01208,B2C,B2C,2023-07-31,49.0,49.0,retained_flat
U01208,B2C,B2C,2023-08-31,49.0,49.0,retained_flat
U01208,B2C,B2C,2023-09-30,49.0,49.0,retained_flat
U01208,B2C,B2C,2023-10-31,49.0,49.0,retained_flat
U01208,B2C,B2C,2023-11-30,49.0,49.0,retained_flat
U01208,B2C,B2C,2023-12-31,49.0,49.0,retained_flat
U01208,B2C,B2C,2024-01-31,49.0,49.0,retained_flat
U01208,B2C,B2C,2024-02-29,49.0,49.0,retained_flat
U01208,B2C,B2C,2024-03-31,0.0,49.0,churn
U01208,B2C,B2C,2024-04-30,0.0,0.0,inactive
U01219,B2C,B2C,2023-03-31,49.0,,new
U01219,B2C,B2C,2023-04-30,49.0,49.0,retained_flat
U01219,B2C,B2C,2023-05-31,49.0,49.0,retained_flat
U01219,B2C,B2C,2023-06-30,49.0,49.0,retained_flat
U01219,B2C,B2C,2023-07-31,49.0,49.0,retained_flat
U01219,B2C,B2C,2023-08-31,49.0,49.0,retained_flat
U01219,B2C,B2C,2023-09-30,49.0,49.0,retained_flat
U01219,B2C,B2C,2023-10-31,49.0,49.0,retained_flat
U01219,B2C,B2C,2023-11-30,49.0,49.0,retained_flat
U01219,B2C,B2C,2023-12-31,49.0,49.0,retained_flat
U01219,B2C,B2C,2024-01-31,49.0,49.0,retained_flat
U01219,B2C,B2C,2024-02-29,49.0,49.0,retained_flat
U01219,B2C,B2C,2024-03-31,49.0,49.0,retained_flat
U01219,B2C,B2C,2024-04-30,49.0,49.0,retained_flat
U01244,B2C,B2C,2023-03-31,33.25,,new
U01244,B2C,B2C,2023-04-30,33.25,33.25,retained_flat
U01244,B2C,B2C,2023-05-31,33.25,33.25,retained_flat
U01244,B2C,B2C,2023-06-30,33.25,33.25,retained_flat
U01244,B2C,B2C,2023-07-31,33.25,33.25,retained_flat
U01244,B2C,B2C,2023-08-31,33.25,33.25,retained_flat
U01244,B2C,B2C,2023-09-30,33.25,33.25,retained_flat
U01244,B2C,B2C,2023-10-31,33.25,33.25,retained_flat
U01244,B2C,B2C,2023-11-30,33.25,33.25,retained_flat
U01244,B2C,B2C,2023-12-31,33.25,33.25,retained_flat
U01244,B2C,B2C,2024-01-31,33.25,33.25,retained_flat
U01244,B2C,B2C,2024-02-29,33.25,33.25,retained_flat
U01244,B2C,B2C,2024-03-31,33.25,33.25,retained_flat
U01244,B2C,B2C,2024-04-30,33.25,33.25,retained_flat
U01264,B2C,B2C,2023-03-31,33.25,,new
U01264,B2C,B2C,2023-04-30,33.25,33.25,retained_flat
U01264,B2C,B2C,2023-05-31,33.25,33.25,retained_flat
U01264,B2C,B2C,2023-06-30,33.25,33.25,retained_flat
U01264,B2C,B2C,2023-07-31,33.25,33.25,retained_flat
U01264,B2C,B2C,2023-08-31,33.25,33.25,retained_flat
U01264,B2C,B2C,2023-09-30,33.25,33.25,retained_flat
U01264,B2C,B2C,2023-10-31,33.25,33.25,retained_flat
U01264,B2C,B2C,2023-11-30,33.25,33.25,retained_flat
U01264,B2C,B2C,2023-12-31,33.25,33.25,retained_flat
U01264,B2C,B2C,2024-01-31,33.25,33.25,retained_flat
U01264,B2C,B2C,2024-02-29,33.25,33.25,retained_flat
U01264,B2C,B2C,2024-03-31,33.25,33.25,retained_flat
U01264,B2C,B2C,2024-04-30,33.25,33.25,retained_flat
U01272,B2C,B2C,2023-03-31,49.0,,new
U01272,B2C,B2C,2023-04-30,49.0,49.0,retained_flat
U01272,B2C,B2C,2023-05-31,49.0,49.0,retained_flat
U01272,B2C,B2C,2023-06-30,49.0,49.0,retained_flat
U01272,B2C,B2C,2023-07-31,49.0,49.0,retained_flat
U01272,B2C,B2C,2023-08-31,49.0,49.0,retained_flat
U01272,B2C,B2C,2023-09-30,49.0,49.0,retained_flat
U01272,B2C,B2C,2023-10-31,49.0,49.0,retained_flat
U01272,B2C,B2C,2023-11-30,49.0,49.0,retained_flat
U01272,B2C,B2C,2023-12-31,49.0,49.0,retained_flat
U01272,B2C,B2C,2024-01-31,49.0,49.0,retained_flat
U01272,B2C,B2C,2024-02-29,49.0,49.0,retained_flat
U01272,B2C,B2C,2024-03-31,49.0,49.0,retained_flat
U01272,B2C,B2C,2024-04-30,49.0,49.0,retained_flat
U01296,B2C,B2C,2023-03-31,49.0,,new
U01296,B2C,B2C,2023-04-30,49.0,49.0,retained_flat
U01296,B2C,B2C,2023-05-31,49.0,49.0,retained_flat
U01296,B2C,B2C,2023-06-30,49.0,49.0,retained_flat
U01296,B2C,B2C,2023-07-31,49.0,49.0,retained_flat
U01296,B2C,B2C,2023-08-31,49.0,49.0,retained_flat
U01296,B2C,B2C,2023-09-30,0.0,49.0,churn
U01296,B2C,B2C,2023-10-31,0.0,0.0,inactive
U01296,B2C,B2C,2023-11-30,0.0,0.0,inactive
U01296,B2C,B2C,2023-12-31,0.0,0.0,inactive
U01296,B2C,B2C,2024-01-31,0.0,0.0,inactive
U01296,B2C,B2C,2024-02-29,0.0,0.0,inactive
U01296,B2C,B2C,2024-03-31,0.0,0.0,inactive
U01296,B2C,B2C,2024-04-30,0.0,0.0,inactive
U01313,SMB,B2B,2023-03-31,199.0,,new
U01313,SMB,B2B,2023-04-30,0.0,199.0,churn
U01313,SMB,B2B,2023-05-31,0.0,0.0,inactive
U01313,SMB,B2B,2023-06-30,0.0,0.0,inactive
U01313,SMB,B2B,2023-07-31,0.0,0.0,inactive
U01313,SMB,B2B,2023-08-31,0.0,0.0,inactive
U01313,SMB,B2B,2023-09-30,0.0,0.0,inactive
U01313,SMB,B2B,2023-10-31,0.0,0.0,inactive
U01313,SMB,B2B,2023-11-30,0.0,0.0,inactive
U01313,SMB,B2B,2023-12-31,0.0,0.0,inactive
U01313,SMB,B2B,2024-01-31,0.0,0.0,inactive
U01313,SMB,B2B,2024-02-29,0.0,0.0,inactive
U01313,SMB,B2B,2024-03-31,0.0,0.0,inactive
U01313,SMB,B2B,2024-04-30,0.0,0.0,inactive
U01318,SMB,B2B,2023-03-31,199.0,,new
U01318,SMB,B2B,2023-04-30,199.0,199.0,retained_flat
U01318,SMB,B2B,2023-05-31,199.0,199.0,retained_flat
U01318,SMB,B2B,2023-06-30,185.78,199.0,contraction
U01318,SMB,B2B,2023-07-31,185.78,185.78,retained_flat
U01318,SMB,B2B,2023-08-31,223.15,185.78,expansion
U01318,SMB,B2B,2023-09-30,223.15,223.15,retained_flat
U01318,SMB,B2B,2023-10-31,223.15,223.15,retained_flat
U01318,SMB,B2B,2023-11-30,223.15,223.15,retained_flat
U01318,SMB,B2B,2023-12-31,223.15,223.15,retained_flat
U01318,SMB,B2B,2024-01-31,223.15,223.15,retained_flat
U01318,SMB,B2B,2024-02-29,223.15,223.15,retained_flat
U01318,SMB,B2B,2024-03-31,223.15,223.15,retained_flat
U01318,SMB,B2B,2024-04-30,223.15,223.15,retained_flat
U01332,B2C,B2C,2023-04-30,33.25,,new
U01332,B2C,B2C,2023-05-31,33.25,33.25,retained_flat
U01332,B2C,B2C,2023-06-30,33.25,33.25,retained_flat
U01332,B2C,B2C,2023-07-31,33.25,33.25,retained_flat
U01332,B2C,B2C,2023-08-31,33.25,33.25,retained_flat
U01332,B2C,B2C,2023-09-30,33.25,33.25,retained_flat
U01332,B2C,B2C,2023-10-31,33.25,33.25,retained_flat
U01332,B2C,B2C,2023-11-30,33.25,33.25,retained_flat
U01332,B2C,B2C,2023-12-31,33.25,33.25,retained_flat
U01332,B2C,B2C,2024-01-31,33.25,33.25,retained_flat
U01332,B2C,B2C,2024-02-29,33.25,33.25,retained_flat
U01332,B2C,B2C,2024-03-31,33.25,33.25,retained_flat
U01332,B2C,B2C,2024-04-30,33.25,33.25,retained_flat
U01367,B2C,B2C,2023-04-30,33.25,,new
U01367,B2C,B2C,2023-05-31,33.25,33.25,retained_flat
U01367,B2C,B2C,2023-06-30,33.25,33.25,retained_flat
U01367,B2C,B2C,2023-07-31,33.25,33.25,retained_flat
U01367,B2C,B2C,2023-08-31,33.25,33.25,retained_flat
U01367,B2C,B2C,2023-09-30,33.25,33.25,retained_flat
U01367,B2C,B2C,2023-10-31,33.25,33.25,retained_flat
U01367,B2C,B2C,2023-11-30,33.25,33.25,retained_flat
U01367,B2C,B2C,2023-12-31,33.25,33.25,retained_flat
U01367,B2C,B2C,2024-01-31,33.25,33.25,retained_flat
U01367,B2C,B2C,2024-02-29,33.25,33.25,retained_flat
U01367,B2C,B2C,2024-03-31,33.25,33.25,retained_flat
U01367,B2C,B2C,2024-04-30,33.25,33.25,retained_flat
U01412,B2C,B2C,2023-04-30,33.25,,new
U01412,B2C,B2C,2023-05-31,33.25,33.25,retained_flat
U01412,B2C,B2C,2023-06-30,33.25,33.25,retained_flat
U01412,B2C,B2C,2023-07-31,33.25,33.25,retained_flat
U01412,B2C,B2C,2023-08-31,33.25,33.25,retained_flat
U01412,B2C,B2C,2023-09-30,33.25,33.25,retained_flat
U01412,B2C,B2C,2023-10-31,33.25,33.25,retained_flat
U01412,B2C,B2C,2023-11-30,33.25,33.25,retained_flat
U01412,B2C,B2C,2023-12-31,33.25,33.25,retained_flat
U01412,B2C,B2C,2024-01-31,33.25,33.25,retained_flat
U01412,B2C,B2C,2024-02-29,33.25,33.25,retained_flat
U01412,B2C,B2C,2024-03-31,33.25,33.25,retained_flat
U01412,B2C,B2C,2024-04-30,33.25,33.25,retained_flat
U01449,Enterprise,B2B,2023-04-30,990.0,,new
U01449,Enterprise,B2B,2023-05-31,990.0,990.0,retained_flat
U01449,Enterprise,B2B,2023-06-30,0.0,990.0,churn
U01449,Enterprise,B2B,2023-07-31,0.0,0.0,inactive
U01449,Enterprise,B2B,2023-08-31,0.0,0.0,inactive
U01449,Enterprise,B2B,2023-09-30,0.0,0.0,inactive
U01449,Enterprise,B2B,2023-10-31,0.0,0.0,inactive
U01449,Enterprise,B2B,2023-11-30,0.0,0.0,inactive
U01449,Enterprise,B2B,2023-12-31,0.0,0.0,inactive
U01449,Enterprise,B2B,2024-01-31,0.0,0.0,inactive
U01449,Enterprise,B2B,2024-02-29,0.0,0.0,inactive
U01449,Enterprise,B2B,2024-03-31,0.0,0.0,inactive
U01449,Enterprise,B2B,2024-04-30,0.0,0.0,inactive
U01450,Enterprise,B2B,2023-04-30,825.0,,new
U01450,Enterprise,B2B,2023-05-31,825.0,825.0,retained_flat
U01450,Enterprise,B2B,2023-06-30,825.0,825.0,retained_flat
U01450,Enterprise,B2B,2023-07-31,825.0,825.0,retained_flat
U01450,Enterprise,B2B,2023-08-31,825.0,825.0,retained_flat
U01450,Enterprise,B2B,2023-09-30,825.0,825.0,retained_flat
U01450,Enterprise,B2B,2023-10-31,825.0,825.0,retained_flat
U01450,Enterprise,B2B,2023-11-30,825.0,825.0,retained_flat
U01450,Enterprise,B2B,2023-12-31,825.0,825.0,retained_flat
U01450,Enterprise,B2B,2024-01-31,825.0,825.0,retained_flat
U01450,Enterprise,B2B,2024-02-29,825.0,825.0,retained_flat
U01450,Enterprise,B2B,2024-03-31,825.0,825.0,retained_flat
U01450,Enterprise,B2B,2024-04-30,825.0,825.0,retained_flat
U01463,B2C,B2C,2023-05-31,33.25,,new
U01463,B2C,B2C,2023-06-30,33.25,33.25,retained_flat
U01463,B2C,B2C,2023-07-31,33.25,33.25,retained_flat
U01463,B2C,B2C,2023-08-31,33.25,33.25,retained_flat
U01463,B2C,B2C,2023-09-30,33.25,33.25,retained_flat
U01463,B2C,B2C,2023-10-31,33.25,33.25,retained_flat
U01463,B2C,B2C,2023-11-30,33.25,33.25,retained_flat
U01463,B2C,B2C,2023-12-31,33.25,33.25,retained_flat
U01463,B2C,B2C,2024-01-31,33.25,33.25,retained_flat
U01463,B2C,B2C,2024-02-29,33.25,33.25,retained_flat
U01463,B2C,B2C,2024-03-31,33.25,33.25,retained_flat
U01463,B2C,B2C,2024-04-30,33.25,33.25,retained_flat
U01496,B2C,B2C,2023-05-31,49.0,,new
U01496,B2C,B2C,2023-06-30,49.0,49.0,retained_flat
U01496,B2C,B2C,2023-07-31,49.0,49.0,retained_flat
U01496,B2C,B2C,2023-08-31,49.0,49.0,retained_flat
U01496,B2C,B2C,2023-09-30,49.0,49.0,retained_flat
U01496,B2C,B2C,2023-10-31,49.0,49.0,retained_flat
U01496,B2C,B2C,2023-11-30,49.0,49.0,retained_flat
U01496,B2C,B2C,2023-12-31,49.0,49.0,retained_flat
U01496,B2C,B2C,2024-01-31,49.0,49.0,retained_flat
U01496,B2C,B2C,2024-02-29,49.0,49.0,retained_flat
U01496,B2C,B2C,2024-03-31,0.0,49.0,churn
U01496,B2C,B2C,2024-04-30,0.0,0.0,inactive
U01501,B2C,B2C,2023-05-31,33.25,,new
U01501,B2C,B2C,2023-06-30,33.25,33.25,retained_flat
U01501,B2C,B2C,2023-07-31,33.25,33.25,retained_flat
U01501,B2C,B2C,2023-08-31,33.25,33.25,retained_flat
U01501,B2C,B2C,2023-09-30,33.25,33.25,retained_flat
U01501,B2C,B2C,2023-10-31,33.25,33.25,retained_flat
U01501,B2C,B2C,2023-11-30,33.25,33.25,retained_flat
U01501,B2C,B2C,2023-12-31,33.25,33.25,retained_flat
U01501,B2C,B2C,2024-01-31,33.25,33.25,retained_flat
U01501,B2C,B2C,2024-02-29,33.25,33.25,retained_flat
U01501,B2C,B2C,2024-03-31,33.25,33.25,retained_flat
U01501,B2C,B2C,2024-04-30,33.25,33.25,retained_flat
U01516,B2C,B2C,2023-05-31,49.0,,new
U01516,B2C,B2C,2023-06-30,49.0,49.0,retained_flat
U01516,B2C,B2C,2023-07-31,49.0,49.0,retained_flat
U01516,B2C,B2C,2023-08-31,0.0,49.0,churn
U01516,B2C,B2C,2023-09-30,0.0,0.0,inactive
U01516,B2C,B2C,2023-10-31,0.0,0.0,inactive
U01516,B2C,B2C,2023-11-30,0.0,0.0,inactive
U01516,B2C,B2C,2023-12-31,0.0,0.0,inactive
U01516,B2C,B2C,2024-01-31,0.0,0.0,inactive
U01516,B2C,B2C,2024-02-29,0.0,0.0,inactive
U01516,B2C,B2C,2024-03-31,0.0,0.0,inactive
U01516,B2C,B2C,2024-04-30,0.0,0.0,inactive
U01525,B2C,B2C,2023-05-31,49.0,,new
U01525,B2C,B2C,2023-06-30,49.0,49.0,retained_flat
U01525,B2C,B2C,2023-07-31,49.0,49.0,retained_flat
U01525,B2C,B2C,2023-08-31,49.0,49.0,retained_flat
U01525,B2C,B2C,2023-09-30,49.0,49.0,retained_flat
U01525,B2C,B2C,2023-10-31,49.0,49.0,retained_flat
U01525,B2C,B2C,2023-11-30,49.0,49.0,retained_flat
U01525,B2C,B2C,2023-12-31,49.0,49.0,retained_flat
U01525,B2C,B2C,2024-01-31,49.0,49.0,retained_flat
U01525,B2C,B2C,2024-02-29,49.0,49.0,retained_flat
U01525,B2C,B2C,2024-03-31,0.0,49.0,churn
U01525,B2C,B2C,2024-04-30,0.0,0.0,inactive
U01533,B2C,B2C,2023-05-31,49.0,,new
U01533,B2C,B2C,2023-06-30,49.0,49.0,retained_flat
U01533,B2C,B2C,2023-07-31,49.0,49.0,retained_flat
U01533,B2C,B2C,2023-08-31,49.0,49.0,retained_flat
U01533,B2C,B2C,2023-09-30,49.0,49.0,retained_flat
U01533,B2C,B2C,2023-10-31,49.0,49.0,retained_flat
U01533,B2C,B2C,2023-11-30,49.0,49.0,retained_flat
U01533,B2C,B2C,2023-12-31,49.0,49.0,retained_flat
U01533,B2C,B2C,2024-01-31,49.0,49.0,retained_flat
U01533,B2C,B2C,2024-02-29,49.0,49.0,retained_flat
U01533,B2C,B2C,2024-03-31,49.0,49.0,retained_flat
U01533,B2C,B2C,2024-04-30,49.0,49.0,retained_flat
U01550,B2C,B2C,2023-05-31,49.0,,new
U01550,B2C,B2C,2023-06-30,49.0,49.0,retained_flat
U01550,B2C,B2C,2023-07-31,49.0,49.0,retained_flat
U01550,B2C,B2C,2023-08-31,49.0,49.0,retained_flat
U01550,B2C,B2C,2023-09-30,49.0,49.0,retained_flat
U01550,B2C,B2C,2023-10-31,49.0,49.0,retained_flat
U01550,B2C,B2C,2023-11-30,49.0,49.0,retained_flat
U01550,B2C,B2C,2023-12-31,49.0,49.0,retained_flat
U01550,B2C,B2C,2024-01-31,49.0,49.0,retained_flat
U01550,B2C,B2C,2024-02-29,49.0,49.0,retained_flat
U01550,B2C,B2C,2024-03-31,49.0,49.0,retained_flat
U01550,B2C,B2C,2024-04-30,49.0,49.0,retained_flat
U01553,B2C,B2C,2023-05-31,49.0,,new
U01553,B2C,B2C,2023-06-30,0.0,49.0,churn
U01553,B2C,B2C,2023-07-31,0.0,0.0,inactive
U01553,B2C,B2C,2023-08-31,0.0,0.0,inactive
U01553,B2C,B2C,2023-09-30,0.0,0.0,inactive
U01553,B2C,B2C,2023-10-31,0.0,0.0,inactive
U01553,B2C,B2C,2023-11-30,0.0,0.0,inactive
U01553,B2C,B2C,2023-12-31,0.0,0.0,inactive
U01553,B2C,B2C,2024-01-31,0.0,0.0,inactive
U01553,B2C,B2C,2024-02-29,0.0,0.0,inactive
U01553,B2C,B2C,2024-03-31,0.0,0.0,inactive
U01553,B2C,B2C,2024-04-30,0.0,0.0,inactive
U01568,SMB,B2B,2023-05-31,149.92,,new
U01568,SMB,B2B,2023-06-30,149.92,149.92,retained_flat
U01568,SMB,B2B,2023-07-31,149.92,149.92,retained_flat
U01568,SMB,B2B,2023-08-31,149.92,149.92,retained_flat
U01568,SMB,B2B,2023-09-30,149.92,149.92,retained_flat
U01568,SMB,B2B,2023-10-31,149.92,149.92,retained_flat
U01568,SMB,B2B,2023-11-30,149.92,149.92,retained_flat
U01568,SMB,B2B,2023-12-31,149.92,149.92,retained_flat
U01568,SMB,B2B,2024-01-31,149.92,149.92,retained_flat
U01568,SMB,B2B,2024-02-29,149.92,149.92,retained_flat
U01568,SMB,B2B,2024-03-31,149.92,149.92,retained_flat
U01568,SMB,B2B,2024-04-30,149.92,149.92,retained_flat
U01596,B2C,B2C,2023-06-30,49.0,,new
U01596,B2C,B2C,2023-07-31,49.0,49.0,retained_flat
U01596,B2C,B2C,2023-08-31,49.0,49.0,retained_flat
U01596,B2C,B2C,2023-09-30,49.0,49.0,retained_flat
U01596,B2C,B2C,2023-10-31,49.0,49.0,retained_flat
U01596,B2C,B2C,2023-11-30,49.0,49.0,retained_flat
U01596,B2C,B2C,2023-12-31,49.0,49.0,retained_flat
U01596,B2C,B2C,2024-01-31,49.0,49.0,retained_flat
U01596,B2C,B2C,2024-02-29,49.0,49.0,retained_flat
U01596,B2C,B2C,2024-03-31,49.0,49.0,retained_flat
U01596,B2C,B2C,2024-04-30,49.0,49.0,retained_flat
U01645,B2C,B2C,2023-06-30,33.25,,new
U01645,B2C,B2C,2023-07-31,33.25,33.25,retained_flat
U01645,B2C,B2C,2023-08-31,33.25,33.25,retained_flat
U01645,B2C,B2C,2023-09-30,33.25,33.25,retained_flat
U01645,B2C,B2C,2023-10-31,33.25,33.25,retained_flat
U01645,B2C,B2C,2023-11-30,33.25,33.25,retained_flat
U01645,B2C,B2C,2023-12-31,33.25,33.25,retained_flat
U01645,B2C,B2C,2024-01-31,33.25,33.25,retained_flat
U01645,B2C,B2C,2024-02-29,33.25,33.25,retained_flat
U01645,B2C,B2C,2024-03-31,33.25,33.25,retained_flat
U01645,B2C,B2C,2024-04-30,33.25,33.25,retained_flat
U01658,B2C,B2C,2023-06-30,49.0,,new
U01658,B2C,B2C,2023-07-31,49.0,49.0,retained_flat
U01658,B2C,B2C,2023-08-31,49.0,49.0,retained_flat
U01658,B2C,B2C,2023-09-30,49.0,49.0,retained_flat
U01658,B2C,B2C,2023-10-31,49.0,49.0,retained_flat
U01658,B2C,B2C,2023-11-30,49.0,49.0,retained_flat
U01658,B2C,B2C,2023-12-31,49.0,49.0,retained_flat
U01658,B2C,B2C,2024-01-31,49.0,49.0,retained_flat
U01658,B2C,B2C,2024-02-29,0.0,49.0,churn
U01658,B2C,B2C,2024-03-31,0.0,0.0,inactive
U01658,B2C,B2C,2024-04-30,0.0,0.0,inactive
U01659,B2C,B2C,2023-06-30,49.0,,new
U01659,B2C,B2C,2023-07-31,49.0,49.0,retained_flat
U01659,B2C,B2C,2023-08-31,49.0,49.0,retained_flat
U01659,B2C,B2C,2023-09-30,49.0,49.0,retained_flat
U01659,B2C,B2C,2023-10-31,49.0,49.0,retained_flat
U01659,B2C,B2C,2023-11-30,49.0,49.0,retained_flat
U01659,B2C,B2C,2023-12-31,49.0,49.0,retained_flat
U01659,B2C,B2C,2024-01-31,0.0,49.0,churn
U01659,B2C,B2C,2024-02-29,0.0,0.0,inactive
U01659,B2C,B2C,2024-03-31,0.0,0.0,inactive
U01659,B2C,B2C,2024-04-30,0.0,0.0,inactive
U01665,B2C,B2C,2023-06-30,49.0,,new
U01665,B2C,B2C,2023-07-31,49.0,49.0,retained_flat
U01665,B2C,B2C,2023-08-31,49.0,49.0,retained_flat
U01665,B2C,B2C,2023-09-30,49.0,49.0,retained_flat
U01665,B2C,B2C,2023-10-31,0.0,49.0,churn
U01665,B2C,B2C,2023-11-30,0.0,0.0,inactive
U01665,B2C,B2C,2023-12-31,0.0,0.0,inactive
U01665,B2C,B2C,2024-01-31,0.0,0.0,inactive
U01665,B2C,B2C,2024-02-29,0.0,0.0,inactive
U01665,B2C,B2C,2024-03-31,0.0,0.0,inactive
U01665,B2C,B2C,2024-04-30,0.0,0.0,inactive
U01670,B2C,B2C,2023-06-30,33.25,,new
U01670,B2C,B2C,2023-07-31,33.25,33.25,retained_flat
U01670,B2C,B2C,2023-08-31,33.25,33.25,retained_flat
U01670,B2C,B2C,2023-09-30,33.25,33.25,retained_flat
U01670,B2C,B2C,2023-10-31,33.25,33.25,retained_flat
U01670,B2C,B2C,2023-11-30,33.25,33.25,retained_flat
U01670,B2C,B2C,2023-12-31,33.25,33.25,retained_flat
U01670,B2C,B2C,2024-01-31,33.25,33.25,retained_flat
U01670,B2C,B2C,2024-02-29,33.25,33.25,retained_flat
U01670,B2C,B2C,2024-03-31,33.25,33.25,retained_flat
U01670,B2C,B2C,2024-04-30,33.25,33.25,retained_flat
U01676,B2C,B2C,2023-06-30,33.25,,new
U01676,B2C,B2C,2023-07-31,33.25,33.25,retained_flat
U01676,B2C,B2C,2023-08-31,33.25,33.25,retained_flat
U01676,B2C,B2C,2023-09-30,33.25,33.25,retained_flat
U01676,B2C,B2C,2023-10-31,33.25,33.25,retained_flat
U01676,B2C,B2C,2023-11-30,33.25,33.25,retained_flat
U01676,B2C,B2C,2023-12-31,33.25,33.25,retained_flat
U01676,B2C,B2C,2024-01-31,33.25,33.25,retained_flat
U01676,B2C,B2C,2024-02-29,33.25,33.25,retained_flat
U01676,B2C,B2C,2024-03-31,33.25,33.25,retained_flat
U01676,B2C,B2C,2024-04-30,33.25,33.25,retained_flat
U01679,B2C,B2C,2023-06-30,49.0,,new
U01679,B2C,B2C,2023-07-31,49.0,49.0,retained_flat
U01679,B2C,B2C,2023-08-31,49.0,49.0,retained_flat
U01679,B2C,B2C,2023-09-30,49.0,49.0,retained_flat
U01679,B2C,B2C,2023-10-31,49.0,49.0,retained_flat
U01679,B2C,B2C,2023-11-30,49.0,49.0,retained_flat
U01679,B2C,B2C,2023-12-31,49.0,49.0,retained_flat
U01679,B2C,B2C,2024-01-31,49.0,49.0,retained_flat
U01679,B2C,B2C,2024-02-29,49.0,49.0,retained_flat
U01679,B2C,B2C,2024-03-31,49.0,49.0,retained_flat
U01679,B2C,B2C,2024-04-30,49.0,49.0,retained_flat
U01680,B2C,B2C,2023-06-30,49.0,,new
U01680,B2C,B2C,2023-07-31,49.0,49.0,retained_flat
U01680,B2C,B2C,2023-08-31,49.0,49.0,retained_flat
U01680,B2C,B2C,2023-09-30,49.0,49.0,retained_flat
U01680,B2C,B2C,2023-10-31,49.0,49.0,retained_flat
U01680,B2C,B2C,2023-11-30,49.0,49.0,retained_flat
U01680,B2C,B2C,2023-12-31,49.0,49.0,retained_flat
U01680,B2C,B2C,2024-01-31,49.0,49.0,retained_flat
U01680,B2C,B2C,2024-02-29,49.0,49.0,retained_flat
U01680,B2C,B2C,2024-03-31,49.0,49.0,retained_flat
U01680,B2C,B2C,2024-04-30,49.0,49.0,retained_flat
U01681,B2C,B2C,2023-06-30,49.0,,new
U01681,B2C,B2C,2023-07-31,49.0,49.0,retained_flat
U01681,B2C,B2C,2023-08-31,49.0,49.0,retained_flat
U01681,B2C,B2C,2023-09-30,49.0,49.0,retained_flat
U01681,B2C,B2C,2023-10-31,49.0,49.0,retained_flat
U01681,B2C,B2C,2023-11-30,49.0,49.0,retained_flat
U01681,B2C,B2C,2023-12-31,49.0,49.0,retained_flat
U01681,B2C,B2C,2024-01-31,49.0,49.0,retained_flat
U01681,B2C,B2C,2024-02-29,49.0,49.0,retained_flat
U01681,B2C,B2C,2024-03-31,49.0,49.0,retained_flat
U01681,B2C,B2C,2024-04-30,49.0,49.0,retained_flat
U01684,B2C,B2C,2023-06-30,49.0,,new
U01684,B2C,B2C,2023-07-31,49.0,49.0,retained_flat
U01684,B2C,B2C,2023-08-31,49.0,49.0,retained_flat
U01684,B2C,B2C,2023-09-30,49.0,49.0,retained_flat
U01684,B2C,B2C,2023-10-31,49.0,49.0,retained_flat
U01684,B2C,B2C,2023-11-30,49.0,49.0,retained_flat
U01684,B2C,B2C,2023-12-31,49.0,49.0,retained_flat
U01684,B2C,B2C,2024-01-31,49.0,49.0,retained_flat
U01684,B2C,B2C,2024-02-29,49.0,49.0,retained_flat
U01684,B2C,B2C,2024-03-31,49.0,49.0,retained_flat
U01684,B2C,B2C,2024-04-30,49.0,49.0,retained_flat
U01686,B2C,B2C,2023-06-30,33.25,,new
U01686,B2C,B2C,2023-07-31,33.25,33.25,retained_flat
U01686,B2C,B2C,2023-08-31,33.25,33.25,retained_flat
U01686,B2C,B2C,2023-09-30,33.25,33.25,retained_flat
U01686,B2C,B2C,2023-10-31,33.25,33.25,retained_flat
U01686,B2C,B2C,2023-11-30,33.25,33.25,retained_flat
U01686,B2C,B2C,2023-12-31,33.25,33.25,retained_flat
U01686,B2C,B2C,2024-01-31,33.25,33.25,retained_flat
U01686,B2C,B2C,2024-02-29,33.25,33.25,retained_flat
U01686,B2C,B2C,2024-03-31,33.25,33.25,retained_flat
U01686,B2C,B2C,2024-04-30,33.25,33.25,retained_flat
U01687,B2C,B2C,2023-06-30,33.25,,new
U01687,B2C,B2C,2023-07-31,33.25,33.25,retained_flat
U01687,B2C,B2C,2023-08-31,33.25,33.25,retained_flat
U01687,B2C,B2C,2023-09-30,33.25,33.25,retained_flat
U01687,B2C,B2C,2023-10-31,33.25,33.25,retained_flat
U01687,B2C,B2C,2023-11-30,33.25,33.25,retained_flat
U01687,B2C,B2C,2023-12-31,33.25,33.25,retained_flat
U01687,B2C,B2C,2024-01-31,33.25,33.25,retained_flat
U01687,B2C,B2C,2024-02-29,33.25,33.25,retained_flat
U01687,B2C,B2C,2024-03-31,33.25,33.25,retained_flat
U01687,B2C,B2C,2024-04-30,33.25,33.25,retained_flat
U01707,B2C,B2C,2023-06-30,33.25,,new
U01707,B2C,B2C,2023-07-31,33.25,33.25,retained_flat
U01707,B2C,B2C,2023-08-31,33.25,33.25,retained_flat
U01707,B2C,B2C,2023-09-30,33.25,33.25,retained_flat
U01707,B2C,B2C,2023-10-31,33.25,33.25,retained_flat
U01707,B2C,B2C,2023-11-30,33.25,33.25,retained_flat
U01707,B2C,B2C,2023-12-31,33.25,33.25,retained_flat
U01707,B2C,B2C,2024-01-31,33.25,33.25,retained_flat
U01707,B2C,B2C,2024-02-29,33.25,33.25,retained_flat
U01707,B2C,B2C,2024-03-31,33.25,33.25,retained_flat
U01707,B2C,B2C,2024-04-30,33.25,33.25,retained_flat
U01735,B2C,B2C,2023-07-31,49.0,,new
U01735,B2C,B2C,2023-08-31,49.0,49.0,retained_flat
U01735,B2C,B2C,2023-09-30,49.0,49.0,retained_flat
U01735,B2C,B2C,2023-10-31,49.0,49.0,retained_flat
U01735,B2C,B2C,2023-11-30,49.0,49.0,retained_flat
U01735,B2C,B2C,2023-12-31,49.0,49.0,retained_flat
U01735,B2C,B2C,2024-01-31,0.0,49.0,churn
U01735,B2C,B2C,2024-02-29,0.0,0.0,inactive
U01735,B2C,B2C,2024-03-31,0.0,0.0,inactive
U01735,B2C,B2C,2024-04-30,0.0,0.0,inactive
U01739,B2C,B2C,2023-07-31,49.0,,new
U01739,B2C,B2C,2023-08-31,49.0,49.0,retained_flat
U01739,B2C,B2C,2023-09-30,49.0,49.0,retained_flat
U01739,B2C,B2C,2023-10-31,0.0,49.0,churn
U01739,B2C,B2C,2023-11-30,0.0,0.0,inactive
U01739,B2C,B2C,2023-12-31,0.0,0.0,inactive
U01739,B2C,B2C,2024-01-31,0.0,0.0,inactive
U01739,B2C,B2C,2024-02-29,0.0,0.0,inactive
U01739,B2C,B2C,2024-03-31,0.0,0.0,inactive
U01739,B2C,B2C,2024-04-30,0.0,0.0,inactive
U01759,B2C,B2C,2023-07-31,49.0,,new
U01759,B2C,B2C,2023-08-31,49.0,49.0,retained_flat
U01759,B2C,B2C,2023-09-30,49.0,49.0,retained_flat
U01759,B2C,B2C,2023-10-31,49.0,49.0,retained_flat
U01759,B2C,B2C,2023-11-30,0.0,49.0,churn
U01759,B2C,B2C,2023-12-31,0.0,0.0,inactive
U01759,B2C,B2C,2024-01-31,0.0,0.0,inactive
U01759,B2C,B2C,2024-02-29,0.0,0.0,inactive
U01759,B2C,B2C,2024-03-31,0.0,0.0,inactive
U01759,B2C,B2C,2024-04-30,0.0,0.0,inactive
U01764,B2C,B2C,2023-07-31,49.0,,new
U01764,B2C,B2C,2023-08-31,49.0,49.0,retained_flat
U01764,B2C,B2C,2023-09-30,49.0,49.0,retained_flat
U01764,B2C,B2C,2023-10-31,49.0,49.0,retained_flat
U01764,B2C,B2C,2023-11-30,0.0,49.0,churn
U01764,B2C,B2C,2023-12-31,0.0,0.0,inactive
U01764,B2C,B2C,2024-01-31,0.0,0.0,inactive
U01764,B2C,B2C,2024-02-29,0.0,0.0,inactive
U01764,B2C,B2C,2024-03-31,0.0,0.0,inactive
U01764,B2C,B2C,2024-04-30,0.0,0.0,inactive
U01767,B2C,B2C,2023-07-31,33.25,,new
U01767,B2C,B2C,2023-08-31,33.25,33.25,retained_flat
U01767,B2C,B2C,2023-09-30,33.25,33.25,retained_flat
U01767,B2C,B2C,2023-10-31,33.25,33.25,retained_flat
U01767,B2C,B2C,2023-11-30,33.25,33.25,retained_flat
U01767,B2C,B2C,2023-12-31,33.25,33.25,retained_flat
U01767,B2C,B2C,2024-01-31,33.25,33.25,retained_flat
U01767,B2C,B2C,2024-02-29,33.25,33.25,retained_flat
U01767,B2C,B2C,2024-03-31,33.25,33.25,retained_flat
U01767,B2C,B2C,2024-04-30,33.25,33.25,retained_flat
U01771,B2C,B2C,2023-07-31,33.25,,new
U01771,B2C,B2C,2023-08-31,33.25,33.25,retained_flat
U01771,B2C,B2C,2023-09-30,33.25,33.25,retained_flat
U01771,B2C,B2C,2023-10-31,33.25,33.25,retained_flat
U01771,B2C,B2C,2023-11-30,33.25,33.25,retained_flat
U01771,B2C,B2C,2023-12-31,33.25,33.25,retained_flat
U01771,B2C,B2C,2024-01-31,33.25,33.25,retained_flat
U01771,B2C,B2C,2024-02-29,33.25,33.25,retained_flat
U01771,B2C,B2C,2024-03-31,33.25,33.25,retained_flat
U01771,B2C,B2C,2024-04-30,33.25,33.25,retained_flat
U01795,B2C,B2C,2023-07-31,49.0,,new
U01795,B2C,B2C,2023-08-31,0.0,49.0,churn
U01795,B2C,B2C,2023-09-30,0.0,0.0,inactive
U01795,B2C,B2C,2023-10-31,0.0,0.0,inactive
U01795,B2C,B2C,2023-11-30,0.0,0.0,inactive
U01795,B2C,B2C,2023-12-31,0.0,0.0,inactive
U01795,B2C,B2C,2024-01-31,0.0,0.0,inactive
U01795,B2C,B2C,2024-02-29,0.0,0.0,inactive
U01795,B2C,B2C,2024-03-31,0.0,0.0,inactive
U01795,B2C,B2C,2024-04-30,0.0,0.0,inactive
U01809,B2C,B2C,2023-07-31,33.25,,new
U01809,B2C,B2C,2023-08-31,33.25,33.25,retained_flat
U01809,B2C,B2C,2023-09-30,33.25,33.25,retained_flat
U01809,B2C,B2C,2023-10-31,33.25,33.25,retained_flat
U01809,B2C,B2C,2023-11-30,33.25,33.25,retained_flat
U01809,B2C,B2C,2023-12-31,33.25,33.25,retained_flat
U01809,B2C,B2C,2024-01-31,33.25,33.25,retained_flat
U01809,B2C,B2C,2024-02-29,33.25,33.25,retained_flat
U01809,B2C,B2C,2024-03-31,33.25,33.25,retained_flat
U01809,B2C,B2C,2024-04-30,33.25,33.25,retained_flat
U01819,B2C,B2C,2023-07-31,33.25,,new
U01819,B2C,B2C,2023-08-31,33.25,33.25,retained_flat
U01819,B2C,B2C,2023-09-30,33.25,33.25,retained_flat
U01819,B2C,B2C,2023-10-31,33.25,33.25,retained_flat
U01819,B2C,B2C,2023-11-30,33.25,33.25,retained_flat
U01819,B2C,B2C,2023-12-31,33.25,33.25,retained_flat
U01819,B2C,B2C,2024-01-31,33.25,33.25,retained_flat
U01819,B2C,B2C,2024-02-29,33.25,33.25,retained_flat
U01819,B2C,B2C,2024-03-31,33.25,33.25,retained_flat
U01819,B2C,B2C,2024-04-30,33.25,33.25,retained_flat
U01826,B2C,B2C,2023-07-31,49.0,,new
U01826,B2C,B2C,2023-08-31,49.0,49.0,retained_flat
U01826,B2C,B2C,2023-09-30,49.0,49.0,retained_flat
U01826,B2C,B2C,2023-10-31,49.0,49.0,retained_flat
U01826,B2C,B2C,2023-11-30,49.0,49.0,retained_flat
U01826,B2C,B2C,2023-12-31,49.0,49.0,retained_flat
U01826,B2C,B2C,2024-01-31,49.0,49.0,retained_flat
U01826,B2C,B2C,2024-02-29,49.0,49.0,retained_flat
U01826,B2C,B2C,2024-03-31,49.0,49.0,retained_flat
U01826,B2C,B2C,2024-04-30,49.0,49.0,retained_flat
U01861,SMB,B2B,2023-07-31,149.92,,new
U01861,SMB,B2B,2023-08-31,149.92,149.92,retained_flat
U01861,SMB,B2B,2023-09-30,149.92,149.92,retained_flat
U01861,SMB,B2B,2023-10-31,149.92,149.92,retained_flat
U01861,SMB,B2B,2023-11-30,149.92,149.92,retained_flat
U01861,SMB,B2B,2023-12-31,149.92,149.92,retained_flat
U01861,SMB,B2B,2024-01-31,149.92,149.92,retained_flat
U01861,SMB,B2B,2024-02-29,149.92,149.92,retained_flat
U01861,SMB,B2B,2024-03-31,149.92,149.92,retained_flat
U01861,SMB,B2B,2024-04-30,149.92,149.92,retained_flat
U01882,B2C,B2C,2023-08-31,49.0,,new
U01882,B2C,B2C,2023-09-30,49.0,49.0,retained_flat
U01882,B2C,B2C,2023-10-31,49.0,49.0,retained_flat
U01882,B2C,B2C,2023-11-30,49.0,49.0,retained_flat
U01882,B2C,B2C,2023-12-31,49.0,49.0,retained_flat
U01882,B2C,B2C,2024-01-31,49.0,49.0,retained_flat
U01882,B2C,B2C,2024-02-29,49.0,49.0,retained_flat
U01882,B2C,B2C,2024-03-31,49.0,49.0,retained_flat
U01882,B2C,B2C,2024-04-30,49.0,49.0,retained_flat
U01905,B2C,B2C,2023-08-31,49.0,,new
U01905,B2C,B2C,2023-09-30,0.0,49.0,churn
U01905,B2C,B2C,2023-10-31,0.0,0.0,inactive
U01905,B2C,B2C,2023-11-30,0.0,0.0,inactive
U01905,B2C,B2C,2023-12-31,0.0,0.0,inactive
U01905,B2C,B2C,2024-01-31,0.0,0.0,inactive
U01905,B2C,B2C,2024-02-29,0.0,0.0,inactive
U01905,B2C,B2C,2024-03-31,0.0,0.0,inactive
U01905,B2C,B2C,2024-04-30,0.0,0.0,inactive
U01964,B2C,B2C,2023-08-31,49.0,,new
U01964,B2C,B2C,2023-09-30,49.0,49.0,retained_flat
U01964,B2C,B2C,2023-10-31,49.0,49.0,retained_flat
U01964,B2C,B2C,2023-11-30,49.0,49.0,retained_flat
U01964,B2C,B2C,2023-12-31,49.0,49.0,retained_flat
U01964,B2C,B2C,2024-01-31,49.0,49.0,retained_flat
U01964,B2C,B2C,2024-02-29,49.0,49.0,retained_flat
U01964,B2C,B2C,2024-03-31,49.0,49.0,retained_flat
U01964,B2C,B2C,2024-04-30,49.0,49.0,retained_flat
U01973,B2C,B2C,2023-08-31,49.0,,new
U01973,B2C,B2C,2023-09-30,0.0,49.0,churn
U01973,B2C,B2C,2023-10-31,0.0,0.0,inactive
U01973,B2C,B2C,2023-11-30,0.0,0.0,inactive
U01973,B2C,B2C,2023-12-31,0.0,0.0,inactive
U01973,B2C,B2C,2024-01-31,0.0,0.0,inactive
U01973,B2C,B2C,2024-02-29,0.0,0.0,inactive
U01973,B2C,B2C,2024-03-31,0.0,0.0,inactive
U01973,B2C,B2C,2024-04-30,0.0,0.0,inactive
U01983,B2C,B2C,2023-08-31,33.25,,new
U01983,B2C,B2C,2023-09-30,33.25,33.25,retained_flat
U01983,B2C,B2C,2023-10-31,33.25,33.25,retained_flat
U01983,B2C,B2C,2023-11-30,33.25,33.25,retained_flat
U01983,B2C,B2C,2023-12-31,33.25,33.25,retained_flat
U01983,B2C,B2C,2024-01-31,33.25,33.25,retained_flat
U01983,B2C,B2C,2024-02-29,33.25,33.25,retained_flat
U01983,B2C,B2C,2024-03-31,33.25,33.25,retained_flat
U01983,B2C,B2C,2024-04-30,33.25,33.25,retained_flat
U01992,B2C,B2C,2023-08-31,33.25,,new
U01992,B2C,B2C,2023-09-30,33.25,33.25,retained_flat
U01992,B2C,B2C,2023-10-31,33.25,33.25,retained_flat
U01992,B2C,B2C,2023-11-30,33.25,33.25,retained_flat
U01992,B2C,B2C,2023-12-31,33.25,33.25,retained_flat
U01992,B2C,B2C,2024-01-31,33.25,33.25,retained_flat
U01992,B2C,B2C,2024-02-29,33.25,33.25,retained_flat
U01992,B2C,B2C,2024-03-31,33.25,33.25,retained_flat
U01992,B2C,B2C,2024-04-30,33.25,33.25,retained_flat
U02002,B2C,B2C,2023-08-31,33.25,,new
U02002,B2C,B2C,2023-09-30,33.25,33.25,retained_flat
U02002,B2C,B2C,2023-10-31,33.25,33.25,retained_flat
U02002,B2C,B2C,2023-11-30,33.25,33.25,retained_flat
U02002,B2C,B2C,2023-12-31,33.25,33.25,retained_flat
U02002,B2C,B2C,2024-01-31,33.25,33.25,retained_flat
U02002,B2C,B2C,2024-02-29,33.25,33.25,retained_flat
U02002,B2C,B2C,2024-03-31,33.25,33.25,retained_flat
U02002,B2C,B2C,2024-04-30,33.25,33.25,retained_flat
U02017,SMB,B2B,2023-08-31,149.92,,new
U02017,SMB,B2B,2023-09-30,149.92,149.92,retained_flat
U02017,SMB,B2B,2023-10-31,149.92,149.92,retained_flat
U02017,SMB,B2B,2023-11-30,149.92,149.92,retained_flat
U02017,SMB,B2B,2023-12-31,149.92,149.92,retained_flat
U02017,SMB,B2B,2024-01-31,149.92,149.92,retained_flat
U02017,SMB,B2B,2024-02-29,149.92,149.92,retained_flat
U02017,SMB,B2B,2024-03-31,149.92,149.92,retained_flat
U02017,SMB,B2B,2024-04-30,149.92,149.92,retained_flat
U02027,SMB,B2B,2023-08-31,149.92,,new
U02027,SMB,B2B,2023-09-30,149.92,149.92,retained_flat
U02027,SMB,B2B,2023-10-31,149.92,149.92,retained_flat
U02027,SMB,B2B,2023-11-30,149.92,149.92,retained_flat
U02027,SMB,B2B,2023-12-31,149.92,149.92,retained_flat
U02027,SMB,B2B,2024-01-31,149.92,149.92,retained_flat
U02027,SMB,B2B,2024-02-29,149.92,149.92,retained_flat
U02027,SMB,B2B,2024-03-31,149.92,149.92,retained_flat
U02027,SMB,B2B,2024-04-30,149.92,149.92,retained_flat
U02031,Enterprise,B2B,2023-08-31,825.0,,new
U02031,Enterprise,B2B,2023-09-30,825.0,825.0,retained_flat
U02031,Enterprise,B2B,2023-10-31,825.0,825.0,retained_flat
U02031,Enterprise,B2B,2023-11-30,825.0,825.0,retained_flat
U02031,Enterprise,B2B,2023-12-31,825.0,825.0,retained_flat
U02031,Enterprise,B2B,2024-01-31,825.0,825.0,retained_flat
U02031,Enterprise,B2B,2024-02-29,825.0,825.0,retained_flat
U02031,Enterprise,B2B,2024-03-31,825.0,825.0,retained_flat
U02031,Enterprise,B2B,2024-04-30,825.0,825.0,retained_flat
U02051,B2C,B2C,2023-09-30,33.25,,new
U02051,B2C,B2C,2023-10-31,33.25,33.25,retained_flat
U02051,B2C,B2C,2023-11-30,33.25,33.25,retained_flat
U02051,B2C,B2C,2023-12-31,33.25,33.25,retained_flat
U02051,B2C,B2C,2024-01-31,33.25,33.25,retained_flat
U02051,B2C,B2C,2024-02-29,33.25,33.25,retained_flat
U02051,B2C,B2C,2024-03-31,33.25,33.25,retained_flat
U02051,B2C,B2C,2024-04-30,33.25,33.25,retained_flat
U02075,B2C,B2C,2023-09-30,33.25,,new
U02075,B2C,B2C,2023-10-31,33.25,33.25,retained_flat
U02075,B2C,B2C,2023-11-30,33.25,33.25,retained_flat
U02075,B2C,B2C,2023-12-31,33.25,33.25,retained_flat
U02075,B2C,B2C,2024-01-31,33.25,33.25,retained_flat
U02075,B2C,B2C,2024-02-29,33.25,33.25,retained_flat
U02075,B2C,B2C,2024-03-31,33.25,33.25,retained_flat
U02075,B2C,B2C,2024-04-30,33.25,33.25,retained_flat
U02092,B2C,B2C,2023-09-30,49.0,,new
U02092,B2C,B2C,2023-10-31,0.0,49.0,churn
U02092,B2C,B2C,2023-11-30,0.0,0.0,inactive
U02092,B2C,B2C,2023-12-31,0.0,0.0,inactive
U02092,B2C,B2C,2024-01-31,0.0,0.0,inactive
U02092,B2C,B2C,2024-02-29,0.0,0.0,inactive
U02092,B2C,B2C,2024-03-31,0.0,0.0,inactive
U02092,B2C,B2C,2024-04-30,0.0,0.0,inactive
U02111,B2C,B2C,2023-09-30,33.25,,new
U02111,B2C,B2C,2023-10-31,33.25,33.25,retained_flat
U02111,B2C,B2C,2023-11-30,33.25,33.25,retained_flat
U02111,B2C,B2C,2023-12-31,33.25,33.25,retained_flat
U02111,B2C,B2C,2024-01-31,33.25,33.25,retained_flat
U02111,B2C,B2C,2024-02-29,33.25,33.25,retained_flat
U02111,B2C,B2C,2024-03-31,33.25,33.25,retained_flat
U02111,B2C,B2C,2024-04-30,33.25,33.25,retained_flat
U02150,B2C,B2C,2023-09-30,49.0,,new
U02150,B2C,B2C,2023-10-31,0.0,49.0,churn
U02150,B2C,B2C,2023-11-30,0.0,0.0,inactive
U02150,B2C,B2C,2023-12-31,0.0,0.0,inactive
U02150,B2C,B2C,2024-01-31,0.0,0.0,inactive
U02150,B2C,B2C,2024-02-29,0.0,0.0,inactive
U02150,B2C,B2C,2024-03-31,0.0,0.0,inactive
U02150,B2C,B2C,2024-04-30,0.0,0.0,inactive
U02153,B2C,B2C,2023-09-30,33.25,,new
U02153,B2C,B2C,2023-10-31,33.25,33.25,retained_flat
U02153,B2C,B2C,2023-11-30,33.25,33.25,retained_flat
U02153,B2C,B2C,2023-12-31,33.25,33.25,retained_flat
U02153,B2C,B2C,2024-01-31,33.25,33.25,retained_flat
U02153,B2C,B2C,2024-02-29,33.25,33.25,retained_flat
U02153,B2C,B2C,2024-03-31,33.25,33.25,retained_flat
U02153,B2C,B2C,2024-04-30,33.25,33.25,retained_flat
U02156,B2C,B2C,2023-09-30,33.25,,new
U02156,B2C,B2C,2023-10-31,33.25,33.25,retained_flat
U02156,B2C,B2C,2023-11-30,33.25,33.25,retained_flat
U02156,B2C,B2C,2023-12-31,33.25,33.25,retained_flat
U02156,B2C,B2C,2024-01-31,33.25,33.25,retained_flat
U02156,B2C,B2C,2024-02-29,33.25,33.25,retained_flat
U02156,B2C,B2C,2024-03-31,33.25,33.25,retained_flat
U02156,B2C,B2C,2024-04-30,33.25,33.25,retained_flat
U02164,B2C,B2C,2023-09-30,49.0,,new
U02164,B2C,B2C,2023-10-31,49.0,49.0,retained_flat
U02164,B2C,B2C,2023-11-30,49.0,49.0,retained_flat
U02164,B2C,B2C,2023-12-31,49.0,49.0,retained_flat
U02164,B2C,B2C,2024-01-31,49.0,49.0,retained_flat
U02164,B2C,B2C,2024-02-29,49.0,49.0,retained_flat
U02164,B2C,B2C,2024-03-31,49.0,49.0,retained_flat
U02164,B2C,B2C,2024-04-30,49.0,49.0,retained_flat
U02167,B2C,B2C,2023-09-30,33.25,,new
U02167,B2C,B2C,2023-10-31,33.25,33.25,retained_flat
U02167,B2C,B2C,2023-11-30,33.25,33.25,retained_flat
U02167,B2C,B2C,2023-12-31,33.25,33.25,retained_flat
U02167,B2C,B2C,2024-01-31,33.25,33.25,retained_flat
U02167,B2C,B2C,2024-02-29,33.25,33.25,retained_flat
U02167,B2C,B2C,2024-03-31,33.25,33.25,retained_flat
U02167,B2C,B2C,2024-04-30,33.25,33.25,retained_flat
U02173,B2C,B2C,2023-09-30,33.25,,new
U02173,B2C,B2C,2023-10-31,33.25,33.25,retained_flat
U02173,B2C,B2C,2023-11-30,33.25,33.25,retained_flat
U02173,B2C,B2C,2023-12-31,33.25,33.25,retained_flat
U02173,B2C,B2C,2024-01-31,33.25,33.25,retained_flat
U02173,B2C,B2C,2024-02-29,33.25,33.25,retained_flat
U02173,B2C,B2C,2024-03-31,33.25,33.25,retained_flat
U02173,B2C,B2C,2024-04-30,33.25,33.25,retained_flat
U02178,B2C,B2C,2023-09-30,49.0,,new
U02178,B2C,B2C,2023-10-31,49.0,49.0,retained_flat
U02178,B2C,B2C,2023-11-30,49.0,49.0,retained_flat
U02178,B2C,B2C,2023-12-31,49.0,49.0,retained_flat
U02178,B2C,B2C,2024-01-31,49.0,49.0,retained_flat
U02178,B2C,B2C,2024-02-29,49.0,49.0,retained_flat
U02178,B2C,B2C,2024-03-31,49.0,49.0,retained_flat
U02178,B2C,B2C,2024-04-30,49.0,49.0,retained_flat
U02196,SMB,B2B,2023-09-30,199.0,,new
U02196,SMB,B2B,2023-10-31,199.0,199.0,retained_flat
U02196,SMB,B2B,2023-11-30,199.0,199.0,retained_flat
U02196,SMB,B2B,2023-12-31,199.0,199.0,retained_flat
U02196,SMB,B2B,2024-01-31,199.0,199.0,retained_flat
U02196,SMB,B2B,2024-02-29,199.0,199.0,retained_flat
U02196,SMB,B2B,2024-03-31,187.23,199.0,contraction
U02196,SMB,B2B,2024-04-30,187.23,187.23,retained_flat
U02200,SMB,B2B,2023-09-30,149.92,,new
U02200,SMB,B2B,2023-10-31,149.92,149.92,retained_flat
U02200,SMB,B2B,2023-11-30,149.92,149.92,retained_flat
U02200,SMB,B2B,2023-12-31,149.92,149.92,retained_flat
U02200,SMB,B2B,2024-01-31,149.92,149.92,retained_flat
U02200,SMB,B2B,2024-02-29,149.92,149.92,retained_flat
U02200,SMB,B2B,2024-03-31,149.92,149.92,retained_flat
U02200,SMB,B2B,2024-04-30,149.92,149.92,retained_flat
U02202,SMB,B2B,2023-09-30,199.0,,new
U02202,SMB,B2B,2023-10-31,199.0,199.0,retained_flat
U02202,SMB,B2B,2023-11-30,199.0,199.0,retained_flat
U02202,SMB,B2B,2023-12-31,199.0,199.0,retained_flat
U02202,SMB,B2B,2024-01-31,0.0,199.0,churn
U02202,SMB,B2B,2024-02-29,0.0,0.0,inactive
U02202,SMB,B2B,2024-03-31,0.0,0.0,inactive
U02202,SMB,B2B,2024-04-30,0.0,0.0,inactive
U02215,B2C,B2C,2023-10-31,49.0,,new
U02215,B2C,B2C,2023-11-30,49.0,49.0,retained_flat
U02215,B2C,B2C,2023-12-31,49.0,49.0,retained_flat
U02215,B2C,B2C,2024-01-31,49.0,49.0,retained_flat
U02215,B2C,B2C,2024-02-29,49.0,49.0,retained_flat
U02215,B2C,B2C,2024-03-31,49.0,49.0,retained_flat
U02215,B2C,B2C,2024-04-30,49.0,49.0,retained_flat
U02217,B2C,B2C,2023-10-31,49.0,,new
U02217,B2C,B2C,2023-11-30,49.0,49.0,retained_flat
U02217,B2C,B2C,2023-12-31,49.0,49.0,retained_flat
U02217,B2C,B2C,2024-01-31,49.0,49.0,retained_flat
U02217,B2C,B2C,2024-02-29,49.0,49.0,retained_flat
U02217,B2C,B2C,2024-03-31,49.0,49.0,retained_flat
U02217,B2C,B2C,2024-04-30,49.0,49.0,retained_flat
U02228,B2C,B2C,2023-10-31,49.0,,new
U02228,B2C,B2C,2023-11-30,49.0,49.0,retained_flat
U02228,B2C,B2C,2023-12-31,49.0,49.0,retained_flat
U02228,B2C,B2C,2024-01-31,49.0,49.0,retained_flat
U02228,B2C,B2C,2024-02-29,49.0,49.0,retained_flat
U02228,B2C,B2C,2024-03-31,49.0,49.0,retained_flat
U02228,B2C,B2C,2024-04-30,49.0,49.0,retained_flat
U02232,B2C,B2C,2023-10-31,49.0,,new
U02232,B2C,B2C,2023-11-30,49.0,49.0,retained_flat
U02232,B2C,B2C,2023-12-31,49.0,49.0,retained_flat
U02232,B2C,B2C,2024-01-31,49.0,49.0,retained_flat
U02232,B2C,B2C,2024-02-29,49.0,49.0,retained_flat
U02232,B2C,B2C,2024-03-31,49.0,49.0,retained_flat
U02232,B2C,B2C,2024-04-30,49.0,49.0,retained_flat
U02242,B2C,B2C,2023-10-31,49.0,,new
U02242,B2C,B2C,2023-11-30,49.0,49.0,retained_flat
U02242,B2C,B2C,2023-12-31,49.0,49.0,retained_flat
U02242,B2C,B2C,2024-01-31,0.0,49.0,churn
U02242,B2C,B2C,2024-02-29,0.0,0.0,inactive
U02242,B2C,B2C,2024-03-31,0.0,0.0,inactive
U02242,B2C,B2C,2024-04-30,0.0,0.0,inactive
U02252,B2C,B2C,2023-10-31,33.25,,new
U02252,B2C,B2C,2023-11-30,33.25,33.25,retained_flat
U02252,B2C,B2C,2023-12-31,33.25,33.25,retained_flat
U02252,B2C,B2C,2024-01-31,33.25,33.25,retained_flat
U02252,B2C,B2C,2024-02-29,33.25,33.25,retained_flat
U02252,B2C,B2C,2024-03-31,33.25,33.25,retained_flat
U02252,B2C,B2C,2024-04-30,33.25,33.25,retained_flat
U02263,B2C,B2C,2023-10-31,49.0,,new
U02263,B2C,B2C,2023-11-30,0.0,49.0,churn
U02263,B2C,B2C,2023-12-31,0.0,0.0,inactive
U02263,B2C,B2C,2024-01-31,0.0,0.0,inactive
U02263,B2C,B2C,2024-02-29,0.0,0.0,inactive
U02263,B2C,B2C,2024-03-31,0.0,0.0,inactive
U02263,B2C,B2C,2024-04-30,0.0,0.0,inactive
U02266,B2C,B2C,2023-10-31,49.0,,new
U02266,B2C,B2C,2023-11-30,49.0,49.0,retained_flat
U02266,B2C,B2C,2023-12-31,0.0,49.0,churn
U02266,B2C,B2C,2024-01-31,0.0,0.0,inactive
U02266,B2C,B2C,2024-02-29,0.0,0.0,inactive
U02266,B2C,B2C,2024-03-31,0.0,0.0,inactive
U02266,B2C,B2C,2024-04-30,0.0,0.0,inactive
U02271,B2C,B2C,2023-10-31,49.0,,new
U02271,B2C,B2C,2023-11-30,49.0,49.0,retained_flat
U02271,B2C,B2C,2023-12-31,49.0,49.0,retained_flat
U02271,B2C,B2C,2024-01-31,49.0,49.0,retained_flat
U02271,B2C,B2C,2024-02-29,49.0,49.0,retained_flat
U02271,B2C,B2C,2024-03-31,49.0,49.0,retained_flat
U02271,B2C,B2C,2024-04-30,49.0,49.0,retained_flat
U02276,B2C,B2C,2023-10-31,33.25,,new
U02276,B2C,B2C,2023-11-30,33.25,33.25,retained_flat
U02276,B2C,B2C,2023-12-31,33.25,33.25,retained_flat
U02276,B2C,B2C,2024-01-31,33.25,33.25,retained_flat
U02276,B2C,B2C,2024-02-29,33.25,33.25,retained_flat
U02276,B2C,B2C,2024-03-31,33.25,33.25,retained_flat
U02276,B2C,B2C,2024-04-30,33.25,33.25,retained_flat
U02295,B2C,B2C,2023-10-31,49.0,,new
U02295,B2C,B2C,2023-11-30,49.0,49.0,retained_flat
U02295,B2C,B2C,2023-12-31,49.0,49.0,retained_flat
U02295,B2C,B2C,2024-01-31,49.0,49.0,retained_flat
U02295,B2C,B2C,2024-02-29,49.0,49.0,retained_flat
U02295,B2C,B2C,2024-03-31,49.0,49.0,retained_flat
U02295,B2C,B2C,2024-04-30,49.0,49.0,retained_flat
U02353,B2C,B2C,2023-10-31,49.0,,new
U02353,B2C,B2C,2023-11-30,49.0,49.0,retained_flat
U02353,B2C,B2C,2023-12-31,49.0,49.0,retained_flat
U02353,B2C,B2C,2024-01-31,49.0,49.0,retained_flat
U02353,B2C,B2C,2024-02-29,49.0,49.0,retained_flat
U02353,B2C,B2C,2024-03-31,49.0,49.0,retained_flat
U02353,B2C,B2C,2024-04-30,49.0,49.0,retained_flat
U02364,B2C,B2C,2023-10-31,33.25,,new
U02364,B2C,B2C,2023-11-30,33.25,33.25,retained_flat
U02364,B2C,B2C,2023-12-31,33.25,33.25,retained_flat
U02364,B2C,B2C,2024-01-31,33.25,33.25,retained_flat
U02364,B2C,B2C,2024-02-29,33.25,33.25,retained_flat
U02364,B2C,B2C,2024-03-31,33.25,33.25,retained_flat
U02364,B2C,B2C,2024-04-30,33.25,33.25,retained_flat
U02382,SMB,B2B,2023-10-31,199.0,,new
U02382,SMB,B2B,2023-11-30,199.0,199.0,retained_flat
U02382,SMB,B2B,2023-12-31,199.0,199.0,retained_flat
U02382,SMB,B2B,2024-01-31,199.0,199.0,retained_flat
U02382,SMB,B2B,2024-02-29,199.0,199.0,retained_flat
U02382,SMB,B2B,2024-03-31,199.0,199.0,retained_flat
U02382,SMB,B2B,2024-04-30,199.0,199.0,retained_flat
U02383,SMB,B2B,2023-10-31,149.92,,new
U02383,SMB,B2B,2023-11-30,149.92,149.92,retained_flat
U02383,SMB,B2B,2023-12-31,149.92,149.92,retained_flat
U02383,SMB,B2B,2024-01-31,149.92,149.92,retained_flat
U02383,SMB,B2B,2024-02-29,149.92,149.92,retained_flat
U02383,SMB,B2B,2024-03-31,149.92,149.92,retained_flat
U02383,SMB,B2B,2024-04-30,149.92,149.92,retained_flat
U02420,B2C,B2C,2023-11-30,49.0,,new
U02420,B2C,B2C,2023-12-31,0.0,49.0,churn
U02420,B2C,B2C,2024-01-31,0.0,0.0,inactive
U02420,B2C,B2C,2024-02-29,0.0,0.0,inactive
U02420,B2C,B2C,2024-03-31,0.0,0.0,inactive
U02420,B2C,B2C,2024-04-30,0.0,0.0,inactive
U02428,B2C,B2C,2023-11-30,49.0,,new
U02428,B2C,B2C,2023-12-31,49.0,49.0,retained_flat
U02428,B2C,B2C,2024-01-31,49.0,49.0,retained_flat
U02428,B2C,B2C,2024-02-29,49.0,49.0,retained_flat
U02428,B2C,B2C,2024-03-31,49.0,49.0,retained_flat
U02428,B2C,B2C,2024-04-30,49.0,49.0,retained_flat
U02436,B2C,B2C,2023-11-30,33.25,,new
U02436,B2C,B2C,2023-12-31,33.25,33.25,retained_flat
U02436,B2C,B2C,2024-01-31,33.25,33.25,retained_flat
U02436,B2C,B2C,2024-02-29,33.25,33.25,retained_flat
U02436,B2C,B2C,2024-03-31,33.25,33.25,retained_flat
U02436,B2C,B2C,2024-04-30,33.25,33.25,retained_flat
U02444,B2C,B2C,2023-11-30,49.0,,new
U02444,B2C,B2C,2023-12-31,49.0,49.0,retained_flat
U02444,B2C,B2C,2024-01-31,49.0,49.0,retained_flat
U02444,B2C,B2C,2024-02-29,49.0,49.0,retained_flat
U02444,B2C,B2C,2024-03-31,49.0,49.0,retained_flat
U02444,B2C,B2C,2024-04-30,49.0,49.0,retained_flat
U02453,B2C,B2C,2023-11-30,49.0,,new
U02453,B2C,B2C,2023-12-31,49.0,49.0,retained_flat
U02453,B2C,B2C,2024-01-31,49.0,49.0,retained_flat
U02453,B2C,B2C,2024-02-29,49.0,49.0,retained_flat
U02453,B2C,B2C,2024-03-31,49.0,49.0,retained_flat
U02453,B2C,B2C,2024-04-30,0.0,49.0,churn
U02469,B2C,B2C,2023-11-30,49.0,,new
U02469,B2C,B2C,2023-12-31,49.0,49.0,retained_flat
U02469,B2C,B2C,2024-01-31,49.0,49.0,retained_flat
U02469,B2C,B2C,2024-02-29,49.0,49.0,retained_flat
U02469,B2C,B2C,2024-03-31,49.0,49.0,retained_flat
U02469,B2C,B2C,2024-04-30,49.0,49.0,retained_flat
U02536,B2C,B2C,2023-11-30,49.0,,new
U02536,B2C,B2C,2023-12-31,49.0,49.0,retained_flat
U02536,B2C,B2C,2024-01-31,49.0,49.0,retained_flat
U02536,B2C,B2C,2024-02-29,49.0,49.0,retained_flat
U02536,B2C,B2C,2024-03-31,0.0,49.0,churn
U02536,B2C,B2C,2024-04-30,0.0,0.0,inactive
U02559,SMB,B2B,2023-11-30,199.0,,new
U02559,SMB,B2B,2023-12-31,199.0,199.0,retained_flat
U02559,SMB,B2B,2024-01-31,199.0,199.0,retained_flat
U02559,SMB,B2B,2024-02-29,199.0,199.0,retained_flat
U02559,SMB,B2B,2024-03-31,199.0,199.0,retained_flat
U02559,SMB,B2B,2024-04-30,199.0,199.0,retained_flat
U02577,SMB,B2B,2023-11-30,149.92,,new
U02577,SMB,B2B,2023-12-31,149.92,149.92,retained_flat
U02577,SMB,B2B,2024-01-31,149.92,149.92,retained_flat
U02577,SMB,B2B,2024-02-29,149.92,149.92,retained_flat
U02577,SMB,B2B,2024-03-31,149.92,149.92,retained_flat
U02577,SMB,B2B,2024-04-30,149.92,149.92,retained_flat
U02599,B2C,B2C,2023-12-31,49.0,,new
U02599,B2C,B2C,2024-01-31,49.0,49.0,retained_flat
U02599,B2C,B2C,2024-02-29,49.0,49.0,retained_flat
U02599,B2C,B2C,2024-03-31,49.0,49.0,retained_flat
U02599,B2C,B2C,2024-04-30,49.0,49.0,retained_flat
U02607,B2C,B2C,2023-12-31,49.0,,new
U02607,B2C,B2C,2024-01-31,49.0,49.0,retained_flat
U02607,B2C,B2C,2024-02-29,49.0,49.0,retained_flat
U02607,B2C,B2C,2024-03-31,49.0,49.0,retained_flat
U02607,B2C,B2C,2024-04-30,49.0,49.0,retained_flat
U02610,B2C,B2C,2023-12-31,49.0,,new
U02610,B2C,B2C,2024-01-31,0.0,49.0,churn
U02610,B2C,B2C,2024-02-29,0.0,0.0,inactive
U02610,B2C,B2C,2024-03-31,0.0,0.0,inactive
U02610,B2C,B2C,2024-04-30,0.0,0.0,inactive
U02648,B2C,B2C,2023-12-31,49.0,,new
U02648,B2C,B2C,2024-01-31,49.0,49.0,retained_flat
U02648,B2C,B2C,2024-02-29,49.0,49.0,retained_flat
U02648,B2C,B2C,2024-03-31,49.0,49.0,retained_flat
U02648,B2C,B2C,2024-04-30,49.0,49.0,retained_flat
U02652,B2C,B2C,2023-12-31,49.0,,new
U02652,B2C,B2C,2024-01-31,49.0,49.0,retained_flat
U02652,B2C,B2C,2024-02-29,49.0,49.0,retained_flat
U02652,B2C,B2C,2024-03-31,49.0,49.0,retained_flat
U02652,B2C,B2C,2024-04-30,49.0,49.0,retained_flat
U02653,B2C,B2C,2023-12-31,49.0,,new
U02653,B2C,B2C,2024-01-31,49.0,49.0,retained_flat
U02653,B2C,B2C,2024-02-29,49.0,49.0,retained_flat
U02653,B2C,B2C,2024-03-31,49.0,49.0,retained_flat
U02653,B2C,B2C,2024-04-30,49.0,49.0,retained_flat
U02658,B2C,B2C,2023-12-31,49.0,,new
U02658,B2C,B2C,2024-01-31,49.0,49.0,retained_flat
U02658,B2C,B2C,2024-02-29,49.0,49.0,retained_flat
U02658,B2C,B2C,2024-03-31,49.0,49.0,retained_flat
U02658,B2C,B2C,2024-04-30,49.0,49.0,retained_flat
U02659,B2C,B2C,2023-12-31,33.25,,new
U02659,B2C,B2C,2024-01-31,33.25,33.25,retained_flat
U02659,B2C,B2C,2024-02-29,33.25,33.25,retained_flat
U02659,B2C,B2C,2024-03-31,33.25,33.25,retained_flat
U02659,B2C,B2C,2024-04-30,33.25,33.25,retained_flat
U02685,B2C,B2C,2023-12-31,49.0,,new
U02685,B2C,B2C,2024-01-31,49.0,49.0,retained_flat
U02685,B2C,B2C,2024-02-29,49.0,49.0,retained_flat
U02685,B2C,B2C,2024-03-31,49.0,49.0,retained_flat
U02685,B2C,B2C,2024-04-30,49.0,49.0,retained_flat
U02714,B2C,B2C,2023-12-31,49.0,,new
U02714,B2C,B2C,2024-01-31,49.0,49.0,retained_flat
U02714,B2C,B2C,2024-02-29,49.0,49.0,retained_flat
U02714,B2C,B2C,2024-03-31,49.0,49.0,retained_flat
U02714,B2C,B2C,2024-04-30,49.0,49.0,retained_flat
U02721,B2C,B2C,2023-12-31,33.25,,new
U02721,B2C,B2C,2024-01-31,33.25,33.25,retained_flat
U02721,B2C,B2C,2024-02-29,33.25,33.25,retained_flat
U02721,B2C,B2C,2024-03-31,33.25,33.25,retained_flat
U02721,B2C,B2C,2024-04-30,33.25,33.25,retained_flat
U02731,B2C,B2C,2023-12-31,49.0,,new
U02731,B2C,B2C,2024-01-31,49.0,49.0,retained_flat
U02731,B2C,B2C,2024-02-29,49.0,49.0,retained_flat
U02731,B2C,B2C,2024-03-31,49.0,49.0,retained_flat
U02731,B2C,B2C,2024-04-30,49.0,49.0,retained_flat
U02779,Enterprise,B2B,2023-12-31,825.0,,new
U02779,Enterprise,B2B,2024-01-31,825.0,825.0,retained_flat
U02779,Enterprise,B2B,2024-02-29,825.0,825.0,retained_flat
U02779,Enterprise,B2B,2024-03-31,825.0,825.0,retained_flat
U02779,Enterprise,B2B,2024-04-30,825.0,825.0,retained_flat
U02781,Enterprise,B2B,2023-12-31,825.0,,new
U02781,Enterprise,B2B,2024-01-31,825.0,825.0,retained_flat
U02781,Enterprise,B2B,2024-02-29,825.0,825.0,retained_flat
U02781,Enterprise,B2B,2024-03-31,825.0,825.0,retained_flat
U02781,Enterprise,B2B,2024-04-30,825.0,825.0,retained_flat
U02798,B2C,B2C,2024-01-31,49.0,,new
U02798,B2C,B2C,2024-02-29,49.0,49.0,retained_flat
U02798,B2C,B2C,2024-03-31,49.0,49.0,retained_flat
U02798,B2C,B2C,2024-04-30,0.0,49.0,churn
U02817,B2C,B2C,2024-01-31,33.25,,new
U02817,B2C,B2C,2024-02-29,33.25,33.25,retained_flat
U02817,B2C,B2C,2024-03-31,33.25,33.25,retained_flat
U02817,B2C,B2C,2024-04-30,33.25,33.25,retained_flat
U02820,B2C,B2C,2024-01-31,49.0,,new
U02820,B2C,B2C,2024-02-29,49.0,49.0,retained_flat
U02820,B2C,B2C,2024-03-31,49.0,49.0,retained_flat
U02820,B2C,B2C,2024-04-30,49.0,49.0,retained_flat
U02841,B2C,B2C,2024-01-31,49.0,,new
U02841,B2C,B2C,2024-02-29,49.0,49.0,retained_flat
U02841,B2C,B2C,2024-03-31,49.0,49.0,retained_flat
U02841,B2C,B2C,2024-04-30,49.0,49.0,retained_flat
U02869,B2C,B2C,2024-01-31,49.0,,new
U02869,B2C,B2C,2024-02-29,49.0,49.0,retained_flat
U02869,B2C,B2C,2024-03-31,49.0,49.0,retained_flat
U02869,B2C,B2C,2024-04-30,49.0,49.0,retained_flat
U02871,B2C,B2C,2024-01-31,49.0,,new
U02871,B2C,B2C,2024-02-29,49.0,49.0,retained_flat
U02871,B2C,B2C,2024-03-31,49.0,49.0,retained_flat
U02871,B2C,B2C,2024-04-30,0.0,49.0,churn
U02889,B2C,B2C,2024-01-31,49.0,,new
U02889,B2C,B2C,2024-02-29,49.0,49.0,retained_flat
U02889,B2C,B2C,2024-03-31,49.0,49.0,retained_flat
U02889,B2C,B2C,2024-04-30,0.0,49.0,churn
U02893,B2C,B2C,2024-01-31,33.25,,new
U02893,B2C,B2C,2024-02-29,33.25,33.25,retained_flat
U02893,B2C,B2C,2024-03-31,33.25,33.25,retained_flat
U02893,B2C,B2C,2024-04-30,33.25,33.25,retained_flat
U02905,B2C,B2C,2024-01-31,49.0,,new
U02905,B2C,B2C,2024-02-29,49.0,49.0,retained_flat
U02905,B2C,B2C,2024-03-31,49.0,49.0,retained_flat
U02905,B2C,B2C,2024-04-30,49.0,49.0,retained_flat
U02911,B2C,B2C,2024-01-31,49.0,,new
U02911,B2C,B2C,2024-02-29,49.0,49.0,retained_flat
U02911,B2C,B2C,2024-03-31,49.0,49.0,retained_flat
U02911,B2C,B2C,2024-04-30,49.0,49.0,retained_flat
U02934,B2C,B2C,2024-01-31,49.0,,new
U02934,B2C,B2C,2024-02-29,49.0,49.0,retained_flat
U02934,B2C,B2C,2024-03-31,49.0,49.0,retained_flat
U02934,B2C,B2C,2024-04-30,49.0,49.0,retained_flat
U03005,B2C,B2C,2024-02-29,49.0,,new
U03005,B2C,B2C,2024-03-31,49.0,49.0,retained_flat
U03005,B2C,B2C,2024-04-30,49.0,49.0,retained_flat
U03028,B2C,B2C,2024-02-29,33.25,,new
U03028,B2C,B2C,2024-03-31,33.25,33.25,retained_flat
U03028,B2C,B2C,2024-04-30,33.25,33.25,retained_flat
U03046,B2C,B2C,2024-02-29,49.0,,new
U03046,B2C,B2C,2024-03-31,49.0,49.0,retained_flat
U03046,B2C,B2C,2024-04-30,49.0,49.0,retained_flat
U03056,B2C,B2C,2024-02-29,33.25,,new
U03056,B2C,B2C,2024-03-31,33.25,33.25,retained_flat
U03056,B2C,B2C,2024-04-30,33.25,33.25,retained_flat
U03119,B2C,B2C,2024-02-29,49.0,,new
U03119,B2C,B2C,2024-03-31,49.0,49.0,retained_flat
U03119,B2C,B2C,2024-04-30,49.0,49.0,retained_flat
U03144,B2C,B2C,2024-02-29,33.25,,new
U03144,B2C,B2C,2024-03-31,33.25,33.25,retained_flat
U03144,B2C,B2C,2024-04-30,33.25,33.25,retained_flat
U03184,SMB,B2B,2024-02-29,149.92,,new
U03184,SMB,B2B,2024-03-31,149.92,149.92,retained_flat
U03184,SMB,B2B,2024-04-30,149.92,149.92,retained_flat
U03215,SMB,B2B,2024-02-29,199.0,,new
U03215,SMB,B2B,2024-03-31,199.0,199.0,retained_flat
U03215,SMB,B2B,2024-04-30,199.0,199.0,retained_flat
U03225,Enterprise,B2B,2024-02-29,990.0,,new
U03225,Enterprise,B2B,2024-03-31,990.0,990.0,retained_flat
U03225,Enterprise,B2B,2024-04-30,990.0,990.0,retained_flat
U03227,B2C,B2C,2024-03-31,49.0,,new
U03227,B2C,B2C,2024-04-30,49.0,49.0,retained_flat
U03245,B2C,B2C,2024-03-31,49.0,,new
U03245,B2C,B2C,2024-04-30,49.0,49.0,retained_flat
U03261,B2C,B2C,2024-03-31,33.25,,new
U03261,B2C,B2C,2024-04-30,33.25,33.25,retained_flat
U03272,B2C,B2C,2024-03-31,49.0,,new
U03272,B2C,B2C,2024-04-30,49.0,49.0,retained_flat
U03311,B2C,B2C,2024-03-31,33.25,,new
U03311,B2C,B2C,2024-04-30,33.25,33.25,retained_flat
U03330,B2C,B2C,2024-03-31,33.25,,new
U03330,B2C,B2C,2024-04-30,33.25,33.25,retained_flat
U03334,B2C,B2C,2024-03-31,49.0,,new
U03334,B2C,B2C,2024-04-30,49.0,49.0,retained_flat
U03341,B2C,B2C,2024-03-31,33.25,,new
U03341,B2C,B2C,2024-04-30,33.25,33.25,retained_flat
U03346,B2C,B2C,2024-03-31,49.0,,new
U03346,B2C,B2C,2024-04-30,49.0,49.0,retained_flat
U03380,B2C,B2C,2024-03-31,49.0,,new
U03380,B2C,B2C,2024-04-30,49.0,49.0,retained_flat
U03382,B2C,B2C,2024-03-31,33.25,,new
U03382,B2C,B2C,2024-04-30,33.25,33.25,retained_flat
U03387,B2C,B2C,2024-03-31,49.0,,new
U03387,B2C,B2C,2024-04-30,49.0,49.0,retained_flat
U03393,B2C,B2C,2024-03-31,49.0,,new
U03393,B2C,B2C,2024-04-30,49.0,49.0,retained_flat
U03455,Enterprise,B2B,2024-03-31,990.0,,new
U03455,Enterprise,B2B,2024-04-30,990.0,990.0,retained_flat
U03495,B2C,B2C,2024-04-30,49.0,,new
U03531,B2C,B2C,2024-04-30,49.0,,new
U03552,B2C,B2C,2024-04-30,33.25,,new
U03574,B2C,B2C,2024-04-30,49.0,,new
U03583,B2C,B2C,2024-04-30,49.0,,new
U03586,B2C,B2C,2024-04-30,49.0,,new
U03600,B2C,B2C,2024-04-30,49.0,,new
U03605,B2C,B2C,2024-04-30,49.0,,new
U03621,B2C,B2C,2024-04-30,49.0,,new
U03633,B2C,B2C,2024-04-30,49.0,,new
U03644,B2C,B2C,2024-04-30,33.25,,new
U03678,SMB,B2B,2024-04-30,199.0,,new
U03679,SMB,B2B,2024-04-30,199.0,,new
U03686,Enterprise,B2B,2024-04-30,825.0,,new
U03688,Enterprise,B2B,2024-04-30,825.0,,new
