subscription_id,user_id,segment,customer_type,plan_type,end_date,mrr,prob_churn,risk_tier,mrr_at_risk,main_driver,main_driver_direction
S05212,U01039,B2C,B2C,monthly,2024-05-14,49.0,0.9982992789007263,High,48.91666466613559,Few materials/lessons viewed,increases risk
S05779,U01133,B2C,B2C,monthly,2024-05-02,49.0,0.9972700371958058,High,48.86623182259448,Few materials/lessons viewed,increases risk
S13480,U02936,B2C,B2C,monthly,2024-05-26,49.0,0.9957999877306797,High,48.79419939880331,Few materials/lessons viewed,increases risk
S09230,U01756,B2C,B2C,monthly,2024-05-10,49.0,0.9948699306936843,High,48.74862660399053,Few materials/lessons viewed,increases risk
S13294,U02865,B2C,B2C,monthly,2024-05-14,49.0,0.9941380658088395,High,48.71276522463313,Few materials/lessons viewed,increases risk
S07737,U01464,B2C,B2C,annual,2024-05-25,33.25,0.99049698264484,High,32.93402467294093,Few materials/lessons viewed,increases risk
S08041,U01520,B2C,B2C,monthly,2024-05-27,49.0,0.9889741468245795,High,48.45973319440439,Few materials/lessons viewed,increases risk
S13206,U02832,B2C,B2C,monthly,2024-05-21,49.0,0.9872163594044169,High,48.37360161081643,Few materials/lessons viewed,increases risk
S13298,U02866,B2C,B2C,monthly,2024-05-05,49.0,0.986941028976185,High,48.36011041983306,Few materials/lessons viewed,increases risk
S13977,U03171,B2C,B2C,monthly,2024-05-22,49.0,0.9867471639795238,High,48.35061103499667,Few materials/lessons viewed,increases risk
S12043,U02444,B2C,B2C,monthly,2024-05-29,49.0,0.986731065332926,High,48.34982220131337,Few courses viewed,increases risk
S13731,U03051,B2C,B2C,monthly,2024-05-06,49.0,0.9866286520169906,High,48.344803948832535,Few materials/lessons viewed,increases risk
S11088,U02163,B2C,B2C,monthly,2024-05-20,49.0,0.9860388005676003,High,48.31590122781241,Few materials/lessons viewed,increases risk
S11542,U02297,B2C,B2C,monthly,2024-05-24,49.0,0.9827158390975883,High,48.15307611578183,Few courses viewed,increases risk
S10748,U02084,B2C,B2C,monthly,2024-05-08,49.0,0.9790671408208305,High,47.97428990022069,Few materials/lessons viewed,increases risk
S13971,U03168,B2C,B2C,monthly,2024-05-03,49.0,0.9745592194991107,High,47.75340175545642,Few materials/lessons viewed,increases risk
S13741,U03055,B2C,B2C,monthly,2024-05-19,49.0,0.9738255765400227,High,47.71745325046111,Few materials/lessons viewed,increases risk
S14585,U03597,B2C,B2C,monthly,2024-05-01,49.0,0.97058493152568,High,47.558661644758324,Few materials/lessons viewed,increases risk
S14211,U03310,B2C,B2C,monthly,2024-05-02,49.0,0.9671471440155274,High,47.39021005676084,Few materials/lessons viewed,increases risk
S09867,U01881,B2C,B2C,monthly,2024-05-08,49.0,0.9610142923749994,High,47.08970032637497,Few materials/lessons viewed,increases risk
S11165,U02180,B2C,B2C,monthly,2024-05-11,49.0,0.9609206513141269,High,47.085111914392215,Few materials/lessons viewed,increases risk
S13227,U02840,B2C,B2C,monthly,2024-05-24,49.0,0.9581347968399163,High,46.9486050451559,Few materials/lessons viewed,increases risk
S07808,U01478,B2C,B2C,annual,2024-05-11,33.25,0.9453513492420864,High,31.432932362299372,Few materials/lessons viewed,increases risk
S10090,U01930,B2C,B2C,monthly,2024-05-16,49.0,0.9449659872805088,High,46.30333337674493,Few materials/lessons viewed,increases risk
S06528,U01256,B2C,B2C,monthly,2024-05-18,49.0,0.9430612524699323,High,46.210001371026685,Few materials/lessons viewed,increases risk
S14455,U03467,B2C,B2C,monthly,2024-05-07,49.0,0.9381981830012198,High,45.97171096705977,Few materials/lessons viewed,increases risk
S10879,U02118,B2C,B2C,monthly,2024-05-01,49.0,0.9358277757456535,High,45.85556101153702,Few courses viewed,increases risk
S14556,U03568,B2C,B2C,monthly,2024-05-01,49.0,0.9307279371440497,High,45.605668920058434,Few materials/lessons viewed,increases risk
S14261,U03342,B2C,B2C,monthly,2024-05-08,49.0,0.9302669136475257,High,45.58307876872876,Few courses viewed,increases risk
S08773,U01669,B2C,B2C,monthly,2024-05-10,49.0,0.9215573337074584,High,45.15630935166546,Few courses viewed,increases risk
S09876,U01882,B2C,B2C,monthly,2024-05-26,49.0,0.9207087351781791,High,45.11472802373078,Few materials/lessons viewed,increases risk
S08595,U01632,B2C,B2C,monthly,2024-05-08,49.0,0.9185632847485748,High,45.00960095268017,Few materials/lessons viewed,increases risk
S14558,U03570,B2C,B2C,monthly,2024-05-18,49.0,0.9150901984554916,High,44.839419724319086,Few materials/lessons viewed,increases risk
S13182,U02821,B2C,B2C,monthly,2024-05-13,49.0,0.9043705403914922,High,44.31415647918312,Few materials/lessons viewed,increases risk
S09122,U01737,B2C,B2C,monthly,2024-05-26,49.0,0.8940917174570155,High,43.81049415539376,Few materials/lessons viewed,increases risk
S13714,U03042,B2C,B2C,monthly,2024-05-27,49.0,0.889409246791075,High,43.58105309276267,Few materials/lessons viewed,increases risk
S13991,U03179,B2C,B2C,monthly,2024-05-27,49.0,0.8759933676890417,High,42.92367501676304,Few materials/lessons viewed,increases risk
S14295,U03361,B2C,B2C,monthly,2024-05-21,49.0,0.8618122109976613,High,42.228798338885404,Few materials/lessons viewed,increases risk
S13866,U03116,B2C,B2C,monthly,2024-05-14,49.0,0.8604527922225637,High,42.16218681890562,Few materials/lessons viewed,increases risk
S14418,U03436,SMB,B2B,monthly,2024-05-19,199.0,0.8566676552082719,High,170.47686338644613,Few materials/lessons viewed,increases risk
S14308,U03368,B2C,B2C,monthly,2024-05-27,49.0,0.8469786469680298,High,41.501953701433465,Few materials/lessons viewed,increases risk
S08273,U01561,SMB,B2B,annual,2024-05-30,149.92,0.8457396437252096,High,126.79328738728341,Few materials/lessons viewed,increases risk
S14571,U03583,B2C,B2C,monthly,2024-05-24,49.0,0.8440434417193045,High,41.358128644245916,Few materials/lessons viewed,increases risk
S09301,U01765,B2C,B2C,monthly,2024-05-25,49.0,0.833720286015927,High,40.85229401478042,Few materials/lessons viewed,increases risk
S10685,U02070,B2C,B2C,monthly,2024-05-26,49.0,0.7983662864582368,High,39.11994803645361,Few materials/lessons viewed,increases risk
S12143,U02473,B2C,B2C,monthly,2024-05-29,49.0,0.7848301925580228,High,38.45667943534312,Few courses viewed,increases risk
S09266,U01761,B2C,B2C,monthly,2024-05-11,49.0,0.7825506341096323,High,38.34498107137198,Few materials/lessons viewed,increases risk
S11638,U02320,B2C,B2C,monthly,2024-05-27,49.0,0.7790510220223076,High,38.173500079093074,Few courses viewed,increases risk
S10178,U01953,B2C,B2C,monthly,2024-05-28,49.0,0.7697811536612824,High,37.71927652940284,Few materials/lessons viewed,increases risk
S12595,U02612,B2C,B2C,monthly,2024-05-24,49.0,0.7448384343361643,High,36.49708328247205,Few materials/lessons viewed,increases risk
S09336,U01774,B2C,B2C,monthly,2024-05-29,49.0,0.7385086488938378,High,36.18692379579805,Few materials/lessons viewed,increases risk
S14629,U03641,B2C,B2C,monthly,2024-05-21,49.0,0.7315435544465109,High,35.845634167879034,Few materials/lessons viewed,increases risk
S12209,U02488,B2C,B2C,monthly,2024-05-09,49.0,0.726446016989856,High,35.595854832502944,Few materials/lessons viewed,increases risk
S12128,U02470,B2C,B2C,monthly,2024-05-05,49.0,0.723840578593205,High,35.46818835106705,Few materials/lessons viewed,increases risk
S13678,U03026,B2C,B2C,monthly,2024-05-19,49.0,0.7227548310614407,High,35.414986722010596,Few materials/lessons viewed,increases risk
S10766,U02088,B2C,B2C,monthly,2024-05-16,49.0,0.7205110234922057,High,35.305040151118085,Few materials/lessons viewed,increases risk
S10806,U02097,B2C,B2C,monthly,2024-05-06,49.0,0.7181286197164938,High,35.188302366108196,Few materials/lessons viewed,increases risk
S10034,U01916,B2C,B2C,monthly,2024-05-27,49.0,0.7152969497950625,High,35.04955053995806,Few materials/lessons viewed,increases risk
S14549,U03561,B2C,B2C,monthly,2024-05-10,49.0,0.700098954531704,High,34.3048487720535,Few materials/lessons viewed,increases risk
S11152,U02178,B2C,B2C,monthly,2024-05-14,49.0,0.6844123982369928,High,33.53620751361265,Few materials/lessons viewed,increases risk
S14596,U03608,B2C,B2C,monthly,2024-05-16,49.0,0.6766089543370783,High,33.15383876251684,Few materials/lessons viewed,increases risk
S13720,U03046,B2C,B2C,monthly,2024-05-26,49.0,0.6571805887737264,High,32.201848849912594,Few materials/lessons viewed,increases risk
S10636,U02059,B2C,B2C,monthly,2024-05-25,49.0,0.6384768603129779,High,31.285366155335918,Few materials/lessons viewed,increases risk
S13723,U03047,B2C,B2C,monthly,2024-05-12,49.0,0.6280684150038386,High,30.775352335188092,Few materials/lessons viewed,increases risk
S13410,U02909,B2C,B2C,monthly,2024-05-30,49.0,0.6265124251335988,High,30.699108831546344,Few materials/lessons viewed,increases risk
S13282,U02862,B2C,B2C,monthly,2024-05-07,49.0,0.6103061685126123,High,29.905002257118003,Few courses viewed,increases risk
S13670,U03022,B2C,B2C,monthly,2024-05-16,49.0,0.6043023015980232,High,29.61081277830314,Few materials/lessons viewed,increases risk
S08851,U01684,B2C,B2C,monthly,2024-05-12,49.0,0.6013513259919491,High,29.466214973605503,Few materials/lessons viewed,increases risk
S14284,U03355,B2C,B2C,monthly,2024-05-26,49.0,0.5873155985040684,High,28.778464326699353,Few courses viewed,increases risk
S12972,U02737,B2C,B2C,monthly,2024-05-18,49.0,0.5468663575392935,High,26.79645151942538,Few materials/lessons viewed,increases risk
S07532,U01423,B2C,B2C,monthly,2024-05-27,49.0,0.5254814296882393,High,25.748590054723724,Few materials/lessons viewed,increases risk
S13956,U03161,B2C,B2C,monthly,2024-05-03,49.0,0.5118294693583468,High,25.079643998558996,Few courses viewed,increases risk
S13688,U03031,B2C,B2C,monthly,2024-05-23,49.0,0.4941255341345195,Medium,24.212151172591454,Few courses viewed,increases risk
S12762,U02666,B2C,B2C,monthly,2024-05-17,49.0,0.49001010776984216,Medium,24.010495280722267,Few courses viewed,increases risk
S08735,U01664,B2C,B2C,monthly,2024-05-05,49.0,0.484836687050403,Medium,23.756997665469747,Few materials/lessons viewed,increases risk
S14093,U03238,B2C,B2C,monthly,2024-05-14,49.0,0.4696524150584967,Medium,23.012968337866337,Few materials/lessons viewed,increases risk
S12775,U02669,B2C,B2C,monthly,2024-05-02,49.0,0.4692383892805408,Medium,22.9926810747465,Few materials/lessons viewed,increases risk
S12496,U02570,SMB,B2B,monthly,2024-05-30,262.83,0.46712361848310424,Medium,122.77410064591427,Few materials/lessons viewed,increases risk
S11466,U02279,B2C,B2C,monthly,2024-05-21,49.0,0.4651075471030707,Medium,22.790269808050464,Few materials/lessons viewed,increases risk
S12020,U02437,B2C,B2C,monthly,2024-05-06,49.0,0.45587660894002047,Medium,22.337953838061004,Few materials/lessons viewed,increases risk
S11725,U02345,B2C,B2C,monthly,2024-05-23,49.0,0.4554267967378213,Medium,22.315913040153244,Few materials/lessons viewed,increases risk
S09501,U01805,B2C,B2C,monthly,2024-05-01,49.0,0.4519582874752807,Medium,22.145956086288756,Few materials/lessons viewed,increases risk
S05962,U01167,B2C,B2C,monthly,2024-05-22,49.0,0.4339606516157382,Medium,21.264071929171173,Few materials/lessons viewed,increases risk
S12050,U02446,B2C,B2C,monthly,2024-05-17,49.0,0.4312304144215851,Medium,21.13029030665767,Few materials/lessons viewed,increases risk
S14153,U03275,B2C,B2C,monthly,2024-05-26,49.0,0.4174429545952545,Medium,20.45470477516747,Few courses viewed,increases risk
S13792,U03077,B2C,B2C,monthly,2024-05-14,49.0,0.38455276847580755,Medium,18.84308565531457,Few materials/lessons viewed,increases risk
S09164,U01743,B2C,B2C,monthly,2024-05-22,49.0,0.37280431725754015,Medium,18.267411545619467,Few materials/lessons viewed,increases risk
S10111,U01935,B2C,B2C,monthly,2024-05-09,49.0,0.35964961419096136,Medium,17.622831095357107,Few materials/lessons viewed,increases risk
S13389,U02902,B2C,B2C,monthly,2024-05-05,49.0,0.33037267030597217,Medium,16.188260844992637,Few materials/lessons viewed,increases risk
S13406,U02908,B2C,B2C,monthly,2024-05-03,49.0,0.3285774290473699,Medium,16.100294023321126,Few materials/lessons viewed,increases risk
S05879,U01154,B2C,B2C,monthly,2024-05-21,49.0,0.3173618578102723,Medium,15.550731032703343,Few materials/lessons viewed,increases risk
S08335,U01573,SMB,B2B,monthly,2024-05-04,210.36,0.3006159528407446,Medium,63.23757183957904,Few courses viewed,increases risk
S11549,U02298,B2C,B2C,monthly,2024-05-14,49.0,0.2912827900222124,Medium,14.272856711088409,Few materials/lessons viewed,increases risk
S13964,U03165,B2C,B2C,monthly,2024-05-12,49.0,0.2875579496209174,Medium,14.090339531424952,Few courses viewed,increases risk
S12383,U02532,B2C,B2C,monthly,2024-05-14,49.0,0.28577184846038445,Medium,14.002820574558838,Few materials/lessons viewed,increases risk
S14290,U03358,B2C,B2C,monthly,2024-05-30,49.0,0.28161665583293305,Medium,13.799216135813719,Few materials/lessons viewed,increases risk
S11988,U02429,B2C,B2C,monthly,2024-05-06,49.0,0.2815693262073821,Medium,13.796896984161723,Few materials/lessons viewed,increases risk
S14462,U03474,B2C,B2C,monthly,2024-05-21,49.0,0.2739643152794862,Medium,13.424251448694825,Few materials/lessons viewed,increases risk
S13988,U03178,B2C,B2C,monthly,2024-05-14,49.0,0.2722927032154577,Medium,13.342342457557427,Few materials/lessons viewed,increases risk
S14529,U03541,B2C,B2C,monthly,2024-05-01,49.0,0.2577427106523085,Medium,12.629392821963117,Few materials/lessons viewed,increases risk
S08557,U01622,B2C,B2C,monthly,2024-05-28,49.0,0.2495796923921824,Low,12.229404927216937,Few materials/lessons viewed,increases risk
S13243,U02847,B2C,B2C,monthly,2024-05-01,49.0,0.24553782286921494,Low,12.031353320591531,Few materials/lessons viewed,increases risk
S12034,U02441,B2C,B2C,monthly,2024-05-15,49.0,0.2448647664776863,Low,11.998373557406628,Few materials/lessons viewed,increases risk
S06069,U01180,B2C,B2C,monthly,2024-05-16,49.0,0.23219290472986093,Low,11.377452331763186,Few courses viewed,increases risk
S07952,U01501,B2C,B2C,annual,2024-05-28,33.25,0.22607509887416813,Low,7.516997037566091,Few materials/lessons viewed,increases risk
S11458,U02277,B2C,B2C,monthly,2024-05-02,49.0,0.2227463570515002,Low,10.914571495523509,Few materials/lessons viewed,increases risk
S12402,U02538,B2C,B2C,monthly,2024-05-26,49.0,0.21567162077955823,Low,10.567909418198353,Few materials/lessons viewed,increases risk
S14593,U03605,B2C,B2C,monthly,2024-05-28,49.0,0.20532373736869686,Low,10.060863131066146,Few materials/lessons viewed,increases risk
S14116,U03251,B2C,B2C,monthly,2024-05-09,49.0,0.2051396586937311,Low,10.051843275992825,Few materials/lessons viewed,increases risk
S14601,U03613,B2C,B2C,monthly,2024-05-20,49.0,0.19861623356223893,Low,9.732195444549708,Few materials/lessons viewed,increases risk
S13734,U03052,B2C,B2C,monthly,2024-05-28,49.0,0.18009408108253985,Low,8.824609973044453,Few materials/lessons viewed,increases risk
S11250,U02211,B2C,B2C,monthly,2024-05-25,49.0,0.16403888514518722,Low,8.037905372114174,Few materials/lessons viewed,increases risk
S10593,U02049,B2C,B2C,monthly,2024-05-08,49.0,0.1612302443535875,Low,7.900281973325787,Few materials/lessons viewed,increases risk
S08495,U01611,B2C,B2C,monthly,2024-05-18,49.0,0.1583320273791794,Low,7.7582693415797905,Few materials/lessons viewed,increases risk
S13942,U03155,B2C,B2C,monthly,2024-05-11,49.0,0.15377042754503728,Low,7.534750949706827,Few materials/lessons viewed,increases risk
S12608,U02616,B2C,B2C,monthly,2024-05-08,49.0,0.1463938746263943,Low,7.173299856693321,Few materials/lessons viewed,increases risk
S14081,U03231,B2C,B2C,monthly,2024-05-03,49.0,0.14528298710422485,Low,7.1188663681070175,Few courses viewed,increases risk
S10851,U02112,B2C,B2C,monthly,2024-05-28,49.0,0.1417049431517315,Low,6.943542214434843,Few materials/lessons viewed,increases risk
S14114,U03250,B2C,B2C,monthly,2024-05-28,49.0,0.13524899576566382,Low,6.627200792517527,Few materials/lessons viewed,increases risk
S11144,U02177,B2C,B2C,monthly,2024-05-21,49.0,0.12775469320398905,Low,6.259979966995464,Few materials/lessons viewed,increases risk
S06542,U01257,B2C,B2C,monthly,2024-05-23,49.0,0.12260747998084623,Low,6.007766519061465,Few materials/lessons viewed,increases risk
S10287,U01970,B2C,B2C,monthly,2024-05-20,49.0,0.12247133506749096,Low,6.001095418307057,Few materials/lessons viewed,increases risk
S14075,U03228,B2C,B2C,monthly,2024-05-24,49.0,0.12204063113680766,Low,5.979990925703575,Few courses viewed,increases risk
S14604,U03616,B2C,B2C,monthly,2024-05-26,49.0,0.11964226306692143,Low,5.86247089027915,Few materials/lessons viewed,increases risk
S08397,U01591,B2C,B2C,monthly,2024-05-25,49.0,0.11962161067967471,Low,5.861458923304061,Few courses viewed,increases risk
S08813,U01679,B2C,B2C,monthly,2024-05-01,49.0,0.11932943643889007,Low,5.847142385505614,Few courses viewed,increases risk
S14537,U03549,B2C,B2C,monthly,2024-05-24,49.0,0.11639000884125489,Low,5.7031104332214895,Few materials/lessons viewed,increases risk
S14493,U03505,B2C,B2C,monthly,2024-05-15,49.0,0.11484762969894632,Low,5.62753385524837,Few materials/lessons viewed,increases risk
S08361,U01577,SMB,B2B,monthly,2024-05-23,197.38,0.11474647737625825,Low,22.64865970452585,Few materials/lessons viewed,increases risk
S13172,U02818,B2C,B2C,monthly,2024-05-25,49.0,0.1124465116908754,Low,5.509879072852894,Few courses viewed,increases risk
S13178,U02820,B2C,B2C,monthly,2024-05-05,49.0,0.10956681518430453,Low,5.368773944030922,Few materials/lessons viewed,increases risk
S14634,U03646,B2C,B2C,monthly,2024-05-13,49.0,0.10141147428975657,Low,4.969162240198072,Few materials/lessons viewed,increases risk
S14451,U03463,B2C,B2C,monthly,2024-05-16,49.0,0.10115866738611462,Low,4.956774701919616,Few materials/lessons viewed,increases risk
S14492,U03504,B2C,B2C,monthly,2024-05-17,49.0,0.09959844754449093,Low,4.880323929680055,Few courses viewed,increases risk
S10484,U02020,SMB,B2B,monthly,2024-05-06,199.0,0.09688945794802409,Low,19.281002131656795,Few courses viewed,increases risk
S05276,U01044,B2C,B2C,monthly,2024-05-16,49.0,0.09570013621196767,Low,4.689306674386416,Few courses viewed,increases risk
S07857,U01486,B2C,B2C,annual,2024-05-16,33.25,0.08844104231729236,Low,2.940664657049971,Few materials/lessons viewed,increases risk
S11743,U02350,B2C,B2C,monthly,2024-05-03,49.0,0.08249002473771956,Low,4.0420112121482585,Few courses viewed,increases risk
S10101,U01933,B2C,B2C,monthly,2024-05-10,49.0,0.07490609269676196,Low,3.670398542141336,Few courses viewed,increases risk
S13286,U02863,B2C,B2C,monthly,2024-05-21,49.0,0.07448563848127401,Low,3.649796285582427,Few materials/lessons viewed,increases risk
S12503,U02572,SMB,B2B,monthly,2024-05-23,222.2,0.07304851867275061,Low,16.231380849085184,Few materials/lessons viewed,increases risk
S14327,U03379,B2C,B2C,monthly,2024-05-26,49.0,0.07193544736542573,Low,3.524836920905861,Few materials/lessons viewed,increases risk
S09930,U01895,B2C,B2C,monthly,2024-05-27,49.0,0.0707444832860132,Low,3.4664796810146465,Few materials/lessons viewed,increases risk
S14635,U03647,B2C,B2C,monthly,2024-05-02,49.0,0.06843060192753848,Low,3.3530994944493857,Few courses viewed,increases risk
S11363,U02245,B2C,B2C,monthly,2024-05-20,49.0,0.06541454824567236,Low,3.205312864037946,Few materials/lessons viewed,increases risk
S12156,U02476,B2C,B2C,monthly,2024-05-24,49.0,0.062112091773097844,Low,3.0434924968817945,Few courses viewed,increases risk
S13130,U02801,B2C,B2C,monthly,2024-05-03,49.0,0.061949212210577864,Low,3.0355113983183153,Few materials/lessons viewed,increases risk
S14350,U03394,B2C,B2C,monthly,2024-05-03,49.0,0.06165969555919272,Low,3.0213250824004434,Few materials/lessons viewed,increases risk
S07772,U01471,B2C,B2C,annual,2024-05-28,33.25,0.05751551964982791,Low,1.912391028356778,Few materials/lessons viewed,increases risk
S09364,U01779,B2C,B2C,monthly,2024-05-06,49.0,0.05541714794852043,Low,2.715440249477501,Few courses viewed,increases risk
S13945,U03156,B2C,B2C,monthly,2024-05-11,49.0,0.0553442902708036,Low,2.7118702232693765,Few materials/lessons viewed,increases risk
S11558,U02300,B2C,B2C,monthly,2024-05-23,49.0,0.05510072453158964,Low,2.699935502047892,Few courses viewed,increases risk
S13711,U03041,B2C,B2C,monthly,2024-05-16,49.0,0.0549418821243166,Low,2.6921522240915134,Few materials/lessons viewed,increases risk
S11565,U02301,B2C,B2C,monthly,2024-05-01,49.0,0.05471333257127968,Low,2.6809532959927043,Few courses viewed,increases risk
S12556,U02599,B2C,B2C,monthly,2024-05-12,49.0,0.05459218883317325,Low,2.6750172528254894,Few courses viewed,increases risk
S13116,U02795,B2C,B2C,monthly,2024-05-23,49.0,0.05456989674721394,Low,2.673924940613483,Few materials/lessons viewed,increases risk
S12958,U02731,B2C,B2C,monthly,2024-05-08,49.0,0.054201550900429864,Low,2.6558759941210632,Few materials/lessons viewed,increases risk
S14341,U03388,B2C,B2C,monthly,2024-05-27,49.0,0.05102870287001286,Low,2.50040644063063,Few materials/lessons viewed,increases risk
S12659,U02634,B2C,B2C,monthly,2024-05-25,49.0,0.05009442997231312,Low,2.454627068643343,Few courses viewed,increases risk
S14277,U03352,B2C,B2C,monthly,2024-05-03,49.0,0.04800040400654123,Low,2.35201979632052,Few materials/lessons viewed,increases risk
S14557,U03569,B2C,B2C,monthly,2024-05-25,49.0,0.047131185710735206,Low,2.3094280998260253,Few materials/lessons viewed,increases risk
S09445,U01794,B2C,B2C,monthly,2024-05-12,49.0,0.04676328701840683,Low,2.291401063901935,Few materials/lessons viewed,increases risk
S08455,U01603,B2C,B2C,monthly,2024-05-22,49.0,0.04668208663555766,Low,2.2874222451423254,Few materials/lessons viewed,increases risk
S14506,U03518,B2C,B2C,monthly,2024-05-07,49.0,0.04267740040116003,Low,2.0911926196568418,Few courses viewed,increases risk
S06668,U01277,B2C,B2C,monthly,2024-05-08,49.0,0.040414788763678516,Low,1.9803246494202473,Few courses viewed,increases risk
S14038,U03203,SMB,B2B,monthly,2024-05-28,199.0,0.03824903167520422,Low,7.6115573033656405,Few materials/lessons viewed,increases risk
S14573,U03585,B2C,B2C,monthly,2024-05-23,49.0,0.037906012968563066,Low,1.8573946354595903,Few courses viewed,increases risk
S12687,U02645,B2C,B2C,monthly,2024-05-26,49.0,0.03690624476343119,Low,1.8084059934081285,Few materials/lessons viewed,increases risk
S12753,U02664,B2C,B2C,monthly,2024-05-05,49.0,0.03688734786430588,Low,1.807480045350988,Few courses viewed,increases risk
S05033,U01002,B2C,B2C,monthly,2024-05-27,49.0,0.036683518295645,Low,1.797492396486605,Few materials/lessons viewed,increases risk
S14019,U03192,SMB,B2B,monthly,2024-05-23,199.0,0.0362872016247062,Low,7.221153123316534,Few materials/lessons viewed,increases risk
S10024,U01915,B2C,B2C,monthly,2024-05-18,49.0,0.03478227425894989,Low,1.7043314386885446,Few materials/lessons viewed,increases risk
S13252,U02850,B2C,B2C,monthly,2024-05-18,49.0,0.032316173289765,Low,1.5834924911984851,Few courses viewed,increases risk
S11755,U02353,B2C,B2C,monthly,2024-05-24,49.0,0.03149660365592996,Low,1.543333579140568,Few courses viewed,increases risk
S13666,U03020,B2C,B2C,monthly,2024-05-25,49.0,0.02995992182354344,Low,1.4680361693536286,Few courses viewed,increases risk
S14519,U03531,B2C,B2C,monthly,2024-05-06,49.0,0.02963590546175448,Low,1.4521593676259694,Few materials/lessons viewed,increases risk
S08296,U01567,SMB,B2B,annual,2024-05-12,149.92,0.02959115139165722,Low,4.43630541663725,Few materials/lessons viewed,increases risk
S14538,U03550,B2C,B2C,monthly,2024-05-21,49.0,0.029496983762516693,Low,1.445352204363318,Few materials/lessons viewed,increases risk
S06004,U01172,B2C,B2C,monthly,2024-05-14,49.0,0.028573762515673184,Low,1.400114363267986,Few materials/lessons viewed,increases risk
S13521,U02954,B2C,B2C,monthly,2024-05-03,49.0,0.02843662264352179,Low,1.3933945095325677,Few courses viewed,increases risk
S13783,U03072,B2C,B2C,monthly,2024-05-04,49.0,0.027745794037263516,Low,1.3595439078259122,Few courses viewed,increases risk
S11122,U02169,B2C,B2C,monthly,2024-05-19,49.0,0.027386181239593917,Low,1.341922880740102,Few materials/lessons viewed,increases risk
S13042,U02762,SMB,B2B,monthly,2024-05-13,199.0,0.02619435381327687,Low,5.212676408842097,Few courses viewed,increases risk
S07823,U01480,B2C,B2C,monthly,2024-05-12,49.0,0.024932242501263486,Low,1.2216798825619108,Few materials/lessons viewed,increases risk
S05423,U01074,B2C,B2C,monthly,2024-05-22,49.0,0.02447352967461081,Low,1.1992029540559297,Few courses viewed,increases risk
S14581,U03593,B2C,B2C,monthly,2024-05-24,49.0,0.02363779880073775,Low,1.1582521412361497,Few courses viewed,increases risk
S07951,U01500,B2C,B2C,annual,2024-05-22,33.25,0.022402227976943242,Low,0.7448740802333628,Few materials/lessons viewed,increases risk
S12280,U02505,B2C,B2C,monthly,2024-05-01,49.0,0.022287536633633385,Low,1.0920892950480359,Few materials/lessons viewed,increases risk
S11939,U02409,B2C,B2C,monthly,2024-05-12,49.0,0.021535829315826815,Low,1.055255636475514,Few courses viewed,increases risk
S14457,U03469,B2C,B2C,monthly,2024-05-10,49.0,0.021234736450289827,Low,1.0405020860642016,Few courses viewed,increases risk
S08043,U01522,B2C,B2C,annual,2024-05-13,33.25,0.01977198928548053,Low,0.6574186437422276,Few courses viewed,increases risk
S09631,U01830,B2C,B2C,monthly,2024-05-09,49.0,0.019293827928756734,Low,0.94539756850908,Few materials/lessons viewed,increases risk
S12841,U02691,B2C,B2C,monthly,2024-05-25,49.0,0.01885626767663838,Low,0.9239571161552806,Few courses viewed,increases risk
S14362,U03401,B2C,B2C,monthly,2024-05-18,49.0,0.017810354241185707,Low,0.8727073578180996,Few courses viewed,increases risk
S13698,U03035,B2C,B2C,monthly,2024-05-01,49.0,0.017571799634874666,Low,0.8610181821088586,Few materials/lessons viewed,increases risk
S14502,U03514,B2C,B2C,monthly,2024-05-10,49.0,0.01749183092592008,Low,0.8570997153700839,Few materials/lessons viewed,increases risk
S14179,U03290,B2C,B2C,monthly,2024-05-01,49.0,0.016817591654763746,Low,0.8240619910834236,Few materials/lessons viewed,increases risk
S11982,U02428,B2C,B2C,monthly,2024-05-07,49.0,0.016695325477830845,Low,0.8180709484137114,Few materials/lessons viewed,increases risk
S13277,U02860,B2C,B2C,monthly,2024-05-24,49.0,0.016639018353272344,Low,0.8153118993103449,Few materials/lessons viewed,increases risk
S12185,U02483,B2C,B2C,monthly,2024-05-23,49.0,0.016027692107481954,Low,0.7853569132666157,Few materials/lessons viewed,increases risk
S12261,U02500,B2C,B2C,monthly,2024-05-24,49.0,0.015806866240325464,Low,0.7745364457759477,Few materials/lessons viewed,increases risk
S13952,U03159,B2C,B2C,monthly,2024-05-18,49.0,0.015649777477466976,Low,0.7668390963958818,Few courses viewed,increases risk
S14609,U03621,B2C,B2C,monthly,2024-05-21,49.0,0.01433005656085255,Low,0.7021727714817749,Few materials/lessons viewed,increases risk
S06232,U01210,B2C,B2C,monthly,2024-05-06,49.0,0.013763612172942183,Low,0.674416996474167,Few materials/lessons viewed,increases risk
S14171,U03286,B2C,B2C,monthly,2024-05-03,49.0,0.013673183113595087,Low,0.6699859725661592,Few materials/lessons viewed,increases risk
S13922,U03146,B2C,B2C,monthly,2024-05-04,49.0,0.013147233416639627,Low,0.6442144374153417,Few materials/lessons viewed,increases risk
S10080,U01928,B2C,B2C,monthly,2024-05-02,49.0,0.012943992517444741,Low,0.6342556333547923,Few materials/lessons viewed,increases risk
S12805,U02681,B2C,B2C,monthly,2024-05-13,49.0,0.012714923071845262,Low,0.6230312305204179,Few materials/lessons viewed,increases risk
S07687,U01452,B2C,B2C,monthly,2024-05-12,49.0,0.012651887647936089,Low,0.6199424947488683,Few materials/lessons viewed,increases risk
S10676,U02068,B2C,B2C,monthly,2024-05-14,49.0,0.012493625043512755,Low,0.612187627132125,Few materials/lessons viewed,increases risk
S10821,U02102,B2C,B2C,monthly,2024-05-07,49.0,0.011837889623332447,Low,0.5800565915432899,Few materials/lessons viewed,increases risk
S11388,U02254,B2C,B2C,monthly,2024-05-22,49.0,0.011338653757335835,Low,0.555594034109456,Few materials/lessons viewed,increases risk
S13324,U02875,B2C,B2C,monthly,2024-05-22,49.0,0.011295791298869599,Low,0.5534937736446104,Few courses viewed,increases risk
S08203,U01548,B2C,B2C,annual,2024-05-01,33.25,0.01075438584309283,Low,0.3575833292828366,Few materials/lessons viewed,increases risk
S05379,U01063,B2C,B2C,monthly,2024-05-28,49.0,0.010738904583653605,Low,0.5262063245990266,Few materials/lessons viewed,increases risk
S13932,U03151,B2C,B2C,monthly,2024-05-29,49.0,0.010716384849707236,Low,0.5251028576356546,Few materials/lessons viewed,increases risk
S14576,U03588,B2C,B2C,monthly,2024-05-01,49.0,0.010277645946349343,Low,0.5036046513711178,Few materials/lessons viewed,increases risk
S12028,U02440,B2C,B2C,monthly,2024-05-04,49.0,0.009848546140864127,Low,0.48257876090234225,Few materials/lessons viewed,increases risk
S13103,U02791,B2C,B2C,monthly,2024-05-20,49.0,0.009840871212241772,Low,0.48220268939984684,Few materials/lessons viewed,increases risk
S14339,U03387,B2C,B2C,monthly,2024-05-21,49.0,0.009765444953727713,Low,0.47850680273265794,Few courses viewed,increases risk
S12578,U02607,B2C,B2C,monthly,2024-05-25,49.0,0.009466652364453813,Low,0.46386596585823686,Few courses viewed,increases risk
S13167,U02816,B2C,B2C,monthly,2024-05-22,49.0,0.009449454740644217,Low,0.46302328229156664,Few materials/lessons viewed,increases risk
S12874,U02702,B2C,B2C,monthly,2024-05-17,49.0,0.009400654832975336,Low,0.4606320868157915,Few materials/lessons viewed,increases risk
S07763,U01469,B2C,B2C,annual,2024-05-02,33.25,0.00892692764100652,Low,0.2968203440634668,Few materials/lessons viewed,increases risk
S07421,U01399,B2C,B2C,monthly,2024-05-16,49.0,0.00836678246566472,Low,0.4099723408175713,Few materials/lessons viewed,increases risk
S09256,U01760,B2C,B2C,monthly,2024-05-06,49.0,0.00827680643216304,Low,0.405563515175989,Few materials/lessons viewed,increases risk
S10011,U01912,B2C,B2C,monthly,2024-05-02,49.0,0.007907049998651447,Low,0.38744544993392094,Few courses viewed,increases risk
S07344,U01390,B2C,B2C,monthly,2024-05-11,49.0,0.0075200473655531955,Low,0.3684823209121066,Few courses viewed,increases risk
S10895,U02120,B2C,B2C,monthly,2024-05-23,49.0,0.0074389452195373846,Low,0.36450831575733184,Few courses viewed,increases risk
S07203,U01363,B2C,B2C,monthly,2024-05-25,49.0,0.007426677459822131,Low,0.3639071955312844,Few courses viewed,increases risk
S07177,U01361,B2C,B2C,monthly,2024-05-19,49.0,0.006611364486010925,Low,0.3239568598145353,Few materials/lessons viewed,increases risk
S14189,U03296,B2C,B2C,monthly,2024-05-24,49.0,0.006251652036293763,Low,0.30633094977839437,Few materials/lessons viewed,increases risk
S13905,U03137,B2C,B2C,monthly,2024-05-10,49.0,0.006033675952899241,Low,0.2956501216920628,Few materials/lessons viewed,increases risk
S11907,U02402,B2C,B2C,monthly,2024-05-08,49.0,0.005994794155965158,Low,0.2937449136422927,Few materials/lessons viewed,increases risk
S10520,U02030,SMB,B2B,monthly,2024-05-04,244.24,0.005857684595066265,Low,1.4306808854989845,Few courses viewed,increases risk
S08227,U01551,B2C,B2C,annual,2024-05-05,33.25,0.005841050646978828,Low,0.194214934012046,Few courses viewed,increases risk
S14195,U03300,B2C,B2C,monthly,2024-05-17,49.0,0.00577404846529975,Low,0.28292837479968774,Few materials/lessons viewed,increases risk
S14617,U03629,B2C,B2C,monthly,2024-05-16,49.0,0.005639914553287306,Low,0.276355813111078,Few courses viewed,increases risk
S13346,U02884,B2C,B2C,monthly,2024-05-25,49.0,0.005606792040057037,Low,0.2747328099627948,Few materials/lessons viewed,increases risk
S11593,U02309,B2C,B2C,monthly,2024-05-11,49.0,0.005479345368209787,Low,0.2684879230422796,Few materials/lessons viewed,increases risk
S11810,U02368,B2C,B2C,monthly,2024-05-09,49.0,0.0054112970466176444,Low,0.2651535552842646,Few materials/lessons viewed,increases risk
S05851,U01150,B2C,B2C,monthly,2024-05-08,49.0,0.005394936889251008,Low,0.2643519075732994,Few materials/lessons viewed,increases risk
S14088,U03235,B2C,B2C,monthly,2024-05-22,49.0,0.005353501824446872,Low,0.26232158939789674,Few materials/lessons viewed,increases risk
S12738,U02661,B2C,B2C,monthly,2024-05-16,49.0,0.005303755439411804,Low,0.2598840165311784,Few materials/lessons viewed,increases risk
S14605,U03617,B2C,B2C,monthly,2024-05-24,49.0,0.005198113929129093,Low,0.25470758252732556,Few courses viewed,increases risk
S14574,U03586,B2C,B2C,monthly,2024-05-20,49.0,0.004952861676213957,Low,0.24269022213448388,Few materials/lessons viewed,increases risk
S11709,U02341,B2C,B2C,monthly,2024-05-22,49.0,0.004457014892167423,Low,0.21839372971620372,Few materials/lessons viewed,increases risk
S12396,U02537,B2C,B2C,monthly,2024-05-11,49.0,0.004163776337800828,Low,0.20402504055224058,Few materials/lessons viewed,increases risk
S07082,U01349,B2C,B2C,monthly,2024-05-08,49.0,0.004106961243701287,Low,0.20124110094136305,Few materials/lessons viewed,increases risk
S10266,U01967,B2C,B2C,monthly,2024-05-07,49.0,0.004105724542259909,Low,0.20118050257073553,Few materials/lessons viewed,increases risk
S12342,U02522,B2C,B2C,monthly,2024-05-02,49.0,0.004073056752353807,Low,0.19957978086533654,Few courses viewed,increases risk
S14257,U03339,B2C,B2C,monthly,2024-05-08,49.0,0.004069674300707899,Low,0.19941404073468708,Few courses viewed,increases risk
S09652,U01832,B2C,B2C,monthly,2024-05-14,49.0,0.004063129673452259,Low,0.19909335399916067,Few courses viewed,increases risk
S14460,U03472,B2C,B2C,monthly,2024-05-11,49.0,0.0040540205153165535,Low,0.19864700525051113,Few materials/lessons viewed,increases risk
S14475,U03487,B2C,B2C,monthly,2024-05-10,49.0,0.00400050455162886,Low,0.19602472302981414,Few materials/lessons viewed,increases risk
S14343,U03389,B2C,B2C,monthly,2024-05-07,49.0,0.003971787655701517,Low,0.19461759512937432,Few materials/lessons viewed,increases risk
S14478,U03490,B2C,B2C,monthly,2024-05-07,49.0,0.0039682938537776965,Low,0.19444639883510711,Few materials/lessons viewed,increases risk
S12590,U02611,B2C,B2C,monthly,2024-05-04,49.0,0.0039357447634103876,Low,0.192851493407109,Few materials/lessons viewed,increases risk
S07806,U01476,B2C,B2C,monthly,2024-05-23,49.0,0.003915615818991158,Low,0.19186517513056672,Few materials/lessons viewed,increases risk
S12707,U02652,B2C,B2C,monthly,2024-05-05,49.0,0.0038310514837004866,Low,0.18772152270132383,Few materials/lessons viewed,increases risk
S14292,U03359,B2C,B2C,monthly,2024-05-03,49.0,0.003810893202390543,Low,0.18673376691713658,Few materials/lessons viewed,increases risk
S14450,U03462,B2C,B2C,monthly,2024-05-28,49.0,0.003770594011441127,Low,0.18475910656061523,Few materials/lessons viewed,increases risk
S12064,U02449,B2C,B2C,monthly,2024-05-28,49.0,0.0036415078794570254,Low,0.17843388609339425,Few courses viewed,increases risk
S10712,U02076,B2C,B2C,monthly,2024-05-10,49.0,0.00362972550481389,Low,0.1778565497358806,Few courses viewed,increases risk
S13745,U03057,B2C,B2C,monthly,2024-05-05,49.0,0.0034875248151584135,Low,0.17088871594276225,Few materials/lessons viewed,increases risk
S08100,U01532,B2C,B2C,annual,2024-05-03,33.25,0.0034112474924837153,Low,0.11342397912508353,Few materials/lessons viewed,increases risk
S10926,U02125,B2C,B2C,monthly,2024-05-28,49.0,0.0033601019684367925,Low,0.16464499645340283,Few materials/lessons viewed,increases risk
S07728,U01458,B2C,B2C,annual,2024-05-19,33.25,0.0032025642243118167,Low,0.10648526045836791,Few materials/lessons viewed,increases risk
S12615,U02619,B2C,B2C,monthly,2024-05-17,49.0,0.0031224391450640405,Low,0.15299951810813797,Few courses viewed,increases risk
S13435,U02919,B2C,B2C,monthly,2024-05-07,49.0,0.003038080343086789,Low,0.14886593681125265,Few materials/lessons viewed,increases risk
S10758,U02087,B2C,B2C,monthly,2024-05-21,49.0,0.0030113943884602784,Low,0.14755832503455363,Few courses viewed,increases risk
S12926,U02720,B2C,B2C,monthly,2024-05-10,49.0,0.002893783787130984,Low,0.14179540556941822,Few courses viewed,increases risk
S13121,U02797,B2C,B2C,monthly,2024-05-12,49.0,0.002817664985804218,Low,0.13806558430440669,Few courses viewed,increases risk
S12988,U02743,B2C,B2C,monthly,2024-05-25,49.0,0.002617779779327486,Low,0.12827120918704682,Few courses viewed,increases risk
S12348,U02523,B2C,B2C,monthly,2024-05-10,49.0,0.0025396977278924183,Low,0.12444518866672849,Few materials/lessons viewed,increases risk
S14445,U03457,B2C,B2C,monthly,2024-05-07,49.0,0.0024691252333834918,Low,0.12098713643579109,Few materials/lessons viewed,increases risk
S08466,U01604,B2C,B2C,monthly,2024-05-08,49.0,0.002407834629385899,Low,0.11798389683990905,Few courses viewed,increases risk
S14023,U03194,SMB,B2B,monthly,2024-05-27,199.0,0.0022862617456957347,Low,0.4549660873934512,Few courses viewed,increases risk
S06351,U01227,B2C,B2C,monthly,2024-05-23,49.0,0.00223399302155985,Low,0.10946565805643264,Few materials/lessons viewed,increases risk
S13153,U02811,B2C,B2C,monthly,2024-05-25,49.0,0.0022108224738563447,Low,0.1083303012189609,Few materials/lessons viewed,increases risk
S13652,U03012,B2C,B2C,monthly,2024-05-26,49.0,0.0021594100966760683,Low,0.10581109473712734,Few courses viewed,increases risk
S12191,U02484,B2C,B2C,monthly,2024-05-21,49.0,0.0021303737994122986,Low,0.10438831617120263,Few materials/lessons viewed,increases risk
S13231,U02841,B2C,B2C,monthly,2024-05-07,49.0,0.0020433799243862127,Low,0.10012561629492442,Few materials/lessons viewed,increases risk
S13452,U02926,B2C,B2C,monthly,2024-05-11,49.0,0.0020378494559913207,Low,0.09985462334357471,Few materials/lessons viewed,increases risk
S06247,U01211,B2C,B2C,monthly,2024-05-28,49.0,0.0020129358358275903,Low,0.09863385595555192,Few materials/lessons viewed,increases risk
S12884,U02708,B2C,B2C,monthly,2024-05-11,49.0,0.0019452213329356441,Low,0.09531584531384656,Few materials/lessons viewed,increases risk
S10160,U01949,B2C,B2C,monthly,2024-05-29,49.0,0.0019193492017315758,Low,0.09404811088484721,Few materials/lessons viewed,increases risk
S12562,U02601,B2C,B2C,monthly,2024-05-29,49.0,0.0018163343747246074,Low,0.08900038436150576,Few courses viewed,increases risk
S14610,U03622,B2C,B2C,monthly,2024-05-28,49.0,0.0017894956189534533,Low,0.0876852853287192,Few materials/lessons viewed,increases risk
S12090,U02456,B2C,B2C,monthly,2024-05-16,49.0,0.0017866723808525366,Low,0.08754694666177429,Few materials/lessons viewed,increases risk
S14630,U03642,B2C,B2C,monthly,2024-05-26,49.0,0.0017846510671385262,Low,0.08744790228978779,Few materials/lessons viewed,increases risk
S09544,U01812,B2C,B2C,monthly,2024-05-14,49.0,0.0017835324919595475,Low,0.08739309210601783,Few materials/lessons viewed,increases risk
S12216,U02490,B2C,B2C,monthly,2024-05-17,49.0,0.0017563474483606987,Low,0.08606102496967424,Few materials/lessons viewed,increases risk
S08086,U01529,B2C,B2C,monthly,2024-05-07,49.0,0.0017542305029530686,Low,0.08595729464470037,Few materials/lessons viewed,increases risk
S14582,U03594,B2C,B2C,monthly,2024-05-04,49.0,0.001720320431132912,Low,0.08429570112551268,Few materials/lessons viewed,increases risk
S09424,U01789,B2C,B2C,monthly,2024-05-09,49.0,0.0016744732218742827,Low,0.08204918787183986,Few materials/lessons viewed,increases risk
S14583,U03595,B2C,B2C,monthly,2024-05-27,49.0,0.0016513409370343397,Low,0.08091570591468264,Few materials/lessons viewed,increases risk
S11702,U02340,B2C,B2C,monthly,2024-05-28,49.0,0.0016324551791514757,Low,0.07999030377842231,Few materials/lessons viewed,increases risk
S14446,U03458,B2C,B2C,monthly,2024-05-30,49.0,0.0016022365148167413,Low,0.07850958922602032,Few courses viewed,increases risk
S08964,U01701,B2C,B2C,monthly,2024-05-24,49.0,0.0015923023580707823,Low,0.07802281554546833,Few materials/lessons viewed,increases risk
S13576,U02975,SMB,B2B,monthly,2024-05-21,213.07,0.001495940220411557,Low,0.3187399827630904,Few materials/lessons viewed,increases risk
S07322,U01387,B2C,B2C,monthly,2024-05-30,49.0,0.0013989381047951682,Low,0.06854796713496324,Few courses viewed,increases risk
S07384,U01393,B2C,B2C,monthly,2024-05-11,49.0,0.0013849120032159972,Low,0.06786068815758386,Few courses viewed,increases risk
S07624,U01442,SMB,B2B,monthly,2024-05-04,346.54,0.0013796625643039571,Low,0.4781082650338933,Few materials/lessons viewed,increases risk
S14515,U03527,B2C,B2C,monthly,2024-05-02,49.0,0.0013774524024488546,Low,0.06749516771999388,Few materials/lessons viewed,increases risk
S11782,U02359,B2C,B2C,monthly,2024-05-06,49.0,0.0013768764156097619,Low,0.06746694436487834,Few courses viewed,increases risk
S08362,U01578,Enterprise,B2B,annual,2024-05-25,825.0,0.0013018164684578716,Low,1.0739985864777442,Few courses viewed,increases risk
S12371,U02530,B2C,B2C,monthly,2024-05-05,49.0,0.0012577963473990937,Low,0.06163202102255559,Few courses viewed,increases risk
S06417,U01238,B2C,B2C,monthly,2024-05-04,49.0,0.001256435052642602,Low,0.0615653175794875,Few materials/lessons viewed,increases risk
S13848,U03108,B2C,B2C,monthly,2024-05-26,49.0,0.0011624503102343371,Low,0.056960065201482515,Few courses viewed,increases risk
S11679,U02331,B2C,B2C,monthly,2024-05-14,49.0,0.0011615681095100013,Low,0.05691683736599006,Few materials/lessons viewed,increases risk
S14323,U03377,B2C,B2C,monthly,2024-05-20,49.0,0.0011262431800281604,Low,0.05518591582137986,Few courses viewed,increases risk
S13764,U03064,B2C,B2C,monthly,2024-05-14,49.0,0.001123607869780769,Low,0.055056785619257684,Few courses viewed,increases risk
S14589,U03601,B2C,B2C,monthly,2024-05-07,49.0,0.0010987937580015199,Low,0.05384089414207448,Few materials/lessons viewed,increases risk
S09794,U01860,SMB,B2B,monthly,2024-05-16,273.79,0.0010342869040692892,Low,0.2831774114651307,Few materials/lessons viewed,increases risk
S14360,U03400,B2C,B2C,monthly,2024-05-16,49.0,0.0009991055711222898,Low,0.0489561729849922,Few materials/lessons viewed,increases risk
S11449,U02274,B2C,B2C,monthly,2024-05-13,49.0,0.000985281112761776,Low,0.04827877452532702,Few materials/lessons viewed,increases risk
S13727,U03049,B2C,B2C,monthly,2024-05-11,49.0,0.000967512404515189,Low,0.047408107821244265,Few materials/lessons viewed,increases risk
S08017,U01515,B2C,B2C,annual,2024-05-08,33.25,0.000958006104141178,Low,0.031853702962694165,Few courses viewed,increases risk
S14223,U03318,B2C,B2C,monthly,2024-05-30,49.0,0.000947471123508824,Low,0.046426085051932374,Few materials/lessons viewed,increases risk
S10541,U02036,B2C,B2C,monthly,2024-05-07,49.0,0.0008962124770681745,Low,0.04391441137634055,Few materials/lessons viewed,increases risk
S13052,U02764,SMB,B2B,monthly,2024-05-01,199.0,0.0008900749291249392,Low,0.1771249108958629,Few materials/lessons viewed,increases risk
S14522,U03534,B2C,B2C,monthly,2024-05-02,49.0,0.000877772357858573,Low,0.04301084553507008,Few materials/lessons viewed,increases risk
S14483,U03495,B2C,B2C,monthly,2024-05-23,49.0,0.0008640716910895694,Low,0.0423395128633889,Few courses viewed,increases risk
S14097,U03240,B2C,B2C,monthly,2024-05-05,49.0,0.0008523509631118008,Low,0.04176519719247824,Few materials/lessons viewed,increases risk
S14108,U03246,B2C,B2C,monthly,2024-05-04,49.0,0.0008477869550494896,Low,0.04154156079742499,Few courses viewed,increases risk
S14530,U03542,B2C,B2C,monthly,2024-05-13,49.0,0.000835734656320784,Low,0.04095099815971842,Few courses viewed,increases risk
S13107,U02792,B2C,B2C,monthly,2024-05-30,49.0,0.0007698412284048386,Low,0.03772222019183709,Few materials/lessons viewed,increases risk
S08112,U01533,B2C,B2C,monthly,2024-05-02,49.0,0.0007205021993837788,Low,0.035304607769805166,Few courses viewed,increases risk
S07736,U01463,B2C,B2C,annual,2024-05-11,33.25,0.0006974699561477467,Low,0.02319087604191258,Few materials/lessons viewed,increases risk
S14337,U03386,B2C,B2C,monthly,2024-05-19,49.0,0.0006905210617600988,Low,0.03383553202624484,Few courses viewed,increases risk
S14192,U03298,B2C,B2C,monthly,2024-05-27,49.0,0.0006586033591231026,Low,0.032271564597032024,Few materials/lessons viewed,increases risk
S10935,U02127,B2C,B2C,monthly,2024-05-05,49.0,0.0006524883311826547,Low,0.03197192822795008,Few courses viewed,increases risk
S09058,U01723,SMB,B2B,monthly,2024-05-23,332.91,0.0006409860714797626,Low,0.21339067305632778,Few courses viewed,increases risk
S09473,U01801,B2C,B2C,monthly,2024-05-23,49.0,0.0006355586263493574,Low,0.03114237269111851,Few materials/lessons viewed,increases risk
S14225,U03319,B2C,B2C,monthly,2024-05-03,49.0,0.000634499833398334,Low,0.031090491836518366,Few materials/lessons viewed,increases risk
S14575,U03587,B2C,B2C,monthly,2024-05-09,49.0,0.0006126034227387626,Low,0.030017567714199368,Few materials/lessons viewed,increases risk
S13876,U03122,B2C,B2C,monthly,2024-05-01,49.0,0.0006049313113790703,Low,0.029641634257574444,Few materials/lessons viewed,increases risk
S08167,U01542,B2C,B2C,monthly,2024-05-26,49.0,0.0006011526942008702,Low,0.02945648201584264,Few courses viewed,increases risk
S12855,U02695,B2C,B2C,monthly,2024-05-09,49.0,0.0005824997509899529,Low,0.028542487798507696,Few materials/lessons viewed,increases risk
S13459,U02928,B2C,B2C,monthly,2024-05-25,49.0,0.0005687193682467533,Low,0.02786724904409091,Few materials/lessons viewed,increases risk
S08433,U01596,B2C,B2C,monthly,2024-05-10,49.0,0.0005608591657568019,Low,0.02748209912208329,Few courses viewed,increases risk
S05484,U01080,B2C,B2C,monthly,2024-05-09,49.0,0.0005600127625908441,Low,0.02744062536695136,Few courses viewed,increases risk
S14302,U03365,B2C,B2C,monthly,2024-05-06,49.0,0.0005569949756682284,Low,0.02729275380774319,Few courses viewed,increases risk
S14287,U03357,B2C,B2C,monthly,2024-05-15,49.0,0.0005522828776314964,Low,0.027061861003943324,Few courses viewed,increases risk
S07723,U01455,B2C,B2C,monthly,2024-05-27,49.0,0.0005409873567799148,Low,0.026508380482215824,Few materials/lessons viewed,increases risk
S13939,U03154,B2C,B2C,monthly,2024-05-15,49.0,0.0005377526019312419,Low,0.026349877494630854,Few materials/lessons viewed,increases risk
S14672,U03684,SMB,B2B,monthly,2024-05-08,199.0,0.0005306400936191778,Low,0.10559737863021638,Few courses viewed,increases risk
S14606,U03618,B2C,B2C,monthly,2024-05-28,49.0,0.0005230724217181699,Low,0.025630548664190324,Few courses viewed,increases risk
S13580,U02976,SMB,B2B,monthly,2024-05-27,165.12,0.0005188190562094248,Low,0.08566740256130023,Few materials/lessons viewed,increases risk
S14184,U03293,B2C,B2C,monthly,2024-05-13,49.0,0.0005071408563355305,Low,0.024849901960440995,Low platform activity (few days active),increases risk
S14512,U03524,B2C,B2C,monthly,2024-05-14,49.0,0.0004979019054623912,Low,0.02439719336765717,Low platform activity (few days active),increases risk
S14618,U03630,B2C,B2C,monthly,2024-05-28,49.0,0.0004965339407150596,Low,0.02433016309503792,Few materials/lessons viewed,increases risk
S10388,U01995,B2C,B2C,monthly,2024-05-29,49.0,0.0004793758563532875,Low,0.023489416961311085,Few courses viewed,increases risk
S12235,U02495,B2C,B2C,monthly,2024-05-05,49.0,0.00047462660711663276,Low,0.023256703748715007,Few materials/lessons viewed,increases risk
S14459,U03471,B2C,B2C,monthly,2024-05-25,49.0,0.00045054911614269525,Low,0.022076906690992066,Few materials/lessons viewed,increases risk
S09572,U01818,B2C,B2C,monthly,2024-05-23,49.0,0.00044785437961403457,Low,0.021944864601087695,Few courses viewed,increases risk
S12317,U02517,B2C,B2C,monthly,2024-05-23,49.0,0.0004477190249059543,Low,0.021938232220391762,Few materials/lessons viewed,increases risk
S12286,U02506,B2C,B2C,monthly,2024-05-10,49.0,0.0004458518703402436,Low,0.021846741646671938,Few materials/lessons viewed,increases risk
S06631,U01273,B2C,B2C,monthly,2024-05-06,49.0,0.000418764097517546,Low,0.02051944077835975,Few materials/lessons viewed,increases risk
S14580,U03592,B2C,B2C,monthly,2024-05-17,49.0,0.00041872151858198247,Low,0.020517354410517143,Few courses viewed,increases risk
S12896,U02712,B2C,B2C,monthly,2024-05-01,49.0,0.00041586824065392985,Low,0.02037754379204256,Few courses viewed,increases risk
S14348,U03393,B2C,B2C,monthly,2024-05-16,49.0,0.00040851937120666684,Low,0.020017449189126676,Few materials/lessons viewed,increases risk
S13919,U03145,B2C,B2C,monthly,2024-05-16,49.0,0.0003889220323527522,Low,0.019057179585284856,Few materials/lessons viewed,increases risk
S11134,U02174,B2C,B2C,monthly,2024-05-20,49.0,0.0003629335681735962,Low,0.017783744840506214,Few courses viewed,increases risk
S11483,U02285,B2C,B2C,monthly,2024-05-18,49.0,0.00035184940380321634,Low,0.017240620786357602,Few materials/lessons viewed,increases risk
S13470,U02932,B2C,B2C,monthly,2024-05-02,49.0,0.0003465837978731959,Low,0.0169826060957866,Few materials/lessons viewed,increases risk
S14559,U03571,B2C,B2C,monthly,2024-05-15,49.0,0.0003378798911266438,Low,0.016556114665205547,Few materials/lessons viewed,increases risk
S14367,U03404,B2C,B2C,monthly,2024-05-01,49.0,0.0003363926368280967,Low,0.016483239204576738,Few materials/lessons viewed,increases risk
S14486,U03498,B2C,B2C,monthly,2024-05-13,49.0,0.0003329968823629869,Low,0.016316847235786358,Few materials/lessons viewed,increases risk
S10903,U02121,B2C,B2C,monthly,2024-05-17,49.0,0.000332043373040111,Low,0.016270125278965437,Few courses viewed,increases risk
S13536,U02961,SMB,B2B,monthly,2024-05-14,199.0,0.0003294275087415094,Low,0.06555607423956036,Few materials/lessons viewed,increases risk
S13673,U03023,B2C,B2C,monthly,2024-05-17,49.0,0.0003126725592372161,Low,0.01532095540262359,Few materials/lessons viewed,increases risk
S14311,U03370,B2C,B2C,monthly,2024-05-15,49.0,0.00031018985846947736,Low,0.01519930306500439,Few materials/lessons viewed,increases risk
S13016,U02754,SMB,B2B,monthly,2024-05-18,238.29,0.00030701012528413564,Low,0.07315744275395668,Few materials/lessons viewed,increases risk
S13373,U02897,B2C,B2C,monthly,2024-05-18,49.0,0.00029265326820998794,Low,0.01434001014228941,Few materials/lessons viewed,increases risk
S07517,U01421,B2C,B2C,monthly,2024-05-12,49.0,0.0002910734857655248,Low,0.014262600802510714,Few courses viewed,increases risk
S14505,U03517,B2C,B2C,monthly,2024-05-06,49.0,0.000290483610571148,Low,0.014233696917986254,Few courses viewed,increases risk
S13540,U02962,SMB,B2B,monthly,2024-05-15,199.0,0.0002831897196017426,Low,0.05635475420074678,Few materials/lessons viewed,increases risk
S10702,U02073,B2C,B2C,monthly,2024-05-06,49.0,0.0002727307945180274,Low,0.013363808931383342,Few courses viewed,increases risk
S14636,U03648,B2C,B2C,monthly,2024-05-14,49.0,0.0002553897720666782,Low,0.012514098831267232,Few courses viewed,increases risk
S13814,U03090,B2C,B2C,monthly,2024-05-09,49.0,0.000254652924829424,Low,0.012477993316641775,Few courses viewed,increases risk
S13851,U03109,B2C,B2C,monthly,2024-05-12,49.0,0.00025202605499084107,Low,0.012349276694551213,Few courses viewed,increases risk
S14255,U03338,B2C,B2C,monthly,2024-05-22,49.0,0.00025034918795428855,Low,0.01226711020976014,Few materials/lessons viewed,increases risk
S12731,U02658,B2C,B2C,monthly,2024-05-15,49.0,0.0002479112076132676,Low,0.01214764917305011,Few courses viewed,increases risk
S07762,U01468,B2C,B2C,annual,2024-05-22,33.25,0.0002446319232415817,Low,0.00813401144778259,Few courses viewed,increases risk
S12942,U02727,B2C,B2C,monthly,2024-05-18,49.0,0.00024261794197918341,Low,0.011888279156979988,Few courses viewed,increases risk
S14396,U03422,SMB,B2B,monthly,2024-05-30,199.0,0.0002398328506465175,Low,0.04772673727865698,Few materials/lessons viewed,increases risk
S14140,U03267,B2C,B2C,monthly,2024-05-09,49.0,0.0002383298743336886,Low,0.011678163842350741,Few materials/lessons viewed,increases risk
S12681,U02643,B2C,B2C,monthly,2024-05-09,49.0,0.0002379341192914747,Low,0.011658771845282261,Few materials/lessons viewed,increases risk
S06588,U01267,B2C,B2C,monthly,2024-05-21,49.0,0.00023649918825714144,Low,0.01158846022459993,Few courses viewed,increases risk
S12906,U02714,B2C,B2C,monthly,2024-05-19,49.0,0.00023499414008831457,Low,0.011514712864327413,Few materials/lessons viewed,increases risk
S11015,U02149,B2C,B2C,monthly,2024-05-29,49.0,0.00023292424107837048,Low,0.011413287812840154,Few materials/lessons viewed,increases risk
S14470,U03482,B2C,B2C,monthly,2024-05-03,49.0,0.00022788507724868002,Low,0.01116636878518532,Few materials/lessons viewed,increases risk
S13862,U03114,B2C,B2C,monthly,2024-05-05,49.0,0.00021293949721771832,Low,0.010434035363668197,Few courses viewed,increases risk
S14112,U03249,B2C,B2C,monthly,2024-05-12,49.0,0.00020234416372543048,Low,0.009914864022546094,Few materials/lessons viewed,increases risk
S13394,U02904,B2C,B2C,monthly,2024-05-18,49.0,0.00019956308891694565,Low,0.009778591356930337,Few materials/lessons viewed,increases risk
S10243,U01963,B2C,B2C,monthly,2024-05-09,49.0,0.0001967790534290991,Low,0.009642173618025857,Few materials/lessons viewed,increases risk
S10972,U02135,B2C,B2C,monthly,2024-05-08,49.0,0.00019332544614496068,Low,0.009472946861103074,Few materials/lessons viewed,increases risk
S12311,U02516,B2C,B2C,monthly,2024-05-07,49.0,0.00019236276412833234,Low,0.009425775442288285,Few materials/lessons viewed,increases risk
S14467,U03479,B2C,B2C,monthly,2024-05-06,49.0,0.00019161199145744919,Low,0.00938898758141501,Low platform activity (few days active),increases risk
S14156,U03277,B2C,B2C,monthly,2024-05-02,49.0,0.0001907485398540396,Low,0.00934667845284794,Few materials/lessons viewed,increases risk
S13256,U02851,B2C,B2C,monthly,2024-05-13,49.0,0.00019038400060276077,Low,0.009328816029535277,Few courses viewed,increases risk
S10912,U02123,B2C,B2C,monthly,2024-05-13,49.0,0.00018544610867394774,Low,0.00908685932502344,Few materials/lessons viewed,increases risk
S14598,U03610,B2C,B2C,monthly,2024-05-04,49.0,0.00018481470037313175,Low,0.009055920318283455,Few materials/lessons viewed,increases risk
S11520,U02293,B2C,B2C,monthly,2024-05-19,49.0,0.00018094212783630734,Low,0.00886616426397906,Few materials/lessons viewed,increases risk
S12717,U02654,B2C,B2C,monthly,2024-05-25,49.0,0.00017867480712027668,Low,0.008755065548893557,Few materials/lessons viewed,increases risk
S14229,U03321,B2C,B2C,monthly,2024-05-01,49.0,0.000176602077913404,Low,0.008653501817756796,Few materials/lessons viewed,increases risk
S14135,U03263,B2C,B2C,monthly,2024-05-07,49.0,0.0001738255490003269,Low,0.008517451901016018,Few materials/lessons viewed,increases risk
S06089,U01183,B2C,B2C,monthly,2024-05-09,49.0,0.00017265654887495247,Low,0.00846017089487267,Few materials/lessons viewed,increases risk
S13648,U03010,B2C,B2C,monthly,2024-05-20,49.0,0.00016554694717927206,Low,0.008111800411784331,Few courses viewed,increases risk
S10555,U02040,B2C,B2C,monthly,2024-05-13,49.0,0.0001551940944567634,Low,0.007604510628381406,Few materials/lessons viewed,increases risk
S13691,U03032,B2C,B2C,monthly,2024-05-11,49.0,0.00015085947524949233,Low,0.007392114287225125,Few courses viewed,increases risk
S14504,U03516,B2C,B2C,monthly,2024-05-22,49.0,0.00014939528053966198,Low,0.007320368746443437,Few courses viewed,increases risk
S12819,U02685,B2C,B2C,monthly,2024-05-16,49.0,0.00014551225606392312,Low,0.007130100547132233,Few materials/lessons viewed,increases risk
S12441,U02550,B2C,B2C,monthly,2024-05-22,49.0,0.00014140362732233477,Low,0.006928777738794404,Few courses viewed,increases risk
S13290,U02864,B2C,B2C,monthly,2024-05-27,49.0,0.0001348788829611142,Low,0.0066090652650945955,Few courses viewed,increases risk
S11307,U02228,B2C,B2C,monthly,2024-05-28,49.0,0.0001346689413920061,Low,0.006598778128208299,Few courses viewed,increases risk
S13510,U02951,B2C,B2C,monthly,2024-05-24,49.0,0.0001241707775401211,Low,0.0060843680994659335,Few materials/lessons viewed,increases risk
S13111,U02793,B2C,B2C,monthly,2024-05-22,49.0,0.00012263631694393713,Low,0.00600917953025292,Few materials/lessons viewed,increases risk
S12624,U02623,B2C,B2C,monthly,2024-05-18,49.0,0.00012242993989679677,Low,0.005999067054943042,Few materials/lessons viewed,increases risk
S08023,U01518,B2C,B2C,annual,2024-05-05,33.25,0.00011872577448385607,Low,0.003947632001588214,Few materials/lessons viewed,increases risk
S14243,U03331,B2C,B2C,monthly,2024-05-17,49.0,0.00011698965356886777,Low,0.005732493024874521,Few courses viewed,increases risk
S12489,U02569,SMB,B2B,monthly,2024-05-14,198.21,0.00011391059656731687,Low,0.022578219345607876,Low platform activity (few days active),increases risk
S14317,U03374,B2C,B2C,monthly,2024-05-28,49.0,0.00011120169131275739,Low,0.005448882874325112,Few materials/lessons viewed,increases risk
S11423,U02265,B2C,B2C,monthly,2024-05-06,49.0,0.00010778074829924551,Low,0.00528125666666303,Few courses viewed,increases risk
S14597,U03609,B2C,B2C,monthly,2024-05-02,49.0,0.00010457560861357509,Low,0.005124204822065179,Few materials/lessons viewed,increases risk
S12198,U02486,B2C,B2C,monthly,2024-05-09,49.0,0.00010448925987885999,Low,0.005119973734064139,Few materials/lessons viewed,increases risk
S14615,U03627,B2C,B2C,monthly,2024-05-23,49.0,0.00010384955070620865,Low,0.005088627984604224,Few materials/lessons viewed,increases risk
S12889,U02709,B2C,B2C,monthly,2024-05-14,49.0,0.00010137604968685813,Low,0.004967426434656049,Few materials/lessons viewed,increases risk
S13929,U03150,B2C,B2C,monthly,2024-05-03,49.0,0.00010018747116221483,Low,0.004909186086948527,Few courses viewed,increases risk
S14620,U03632,B2C,B2C,monthly,2024-05-07,49.0,9.949883904898927e-05,Low,0.004875443113400474,Few courses viewed,increases risk
S11735,U02348,B2C,B2C,monthly,2024-05-30,49.0,9.927944461661346e-05,Low,0.0048646927862140595,Few courses viewed,increases risk
S11774,U02357,B2C,B2C,monthly,2024-05-09,49.0,9.705805602522106e-05,Low,0.004755844745235832,Few materials/lessons viewed,increases risk
S13047,U02763,SMB,B2B,monthly,2024-05-07,199.0,9.457018815995116e-05,Low,0.01881946744383028,Few courses viewed,increases risk
S14602,U03614,B2C,B2C,monthly,2024-05-11,49.0,9.301538692809973e-05,Low,0.004557753959476886,Few materials/lessons viewed,increases risk
S12712,U02653,B2C,B2C,monthly,2024-05-08,49.0,8.89179347298736e-05,Low,0.0043569788017638065,Few materials/lessons viewed,increases risk
S11527,U02294,B2C,B2C,monthly,2024-05-03,49.0,8.402374646879877e-05,Low,0.004117163576971139,Few courses viewed,increases risk
S14611,U03623,B2C,B2C,monthly,2024-05-22,49.0,8.129693207956372e-05,Low,0.003983549671898622,Few materials/lessons viewed,increases risk
S12013,U02435,B2C,B2C,monthly,2024-05-25,49.0,8.123180815782892e-05,Low,0.003980358599733617,Few materials/lessons viewed,increases risk
S07102,U01352,B2C,B2C,monthly,2024-05-27,49.0,8.11544711010184e-05,Low,0.003976569083949902,Few courses viewed,increases risk
S13316,U02873,B2C,B2C,monthly,2024-05-12,49.0,7.939035870856438e-05,Low,0.003890127576719655,Few courses viewed,increases risk
S08042,U01521,B2C,B2C,annual,2024-05-08,33.25,7.879613079196658e-05,Low,0.002619971348832889,Low platform activity (few days active),increases risk
S08890,U01693,B2C,B2C,monthly,2024-05-05,49.0,7.76406881755519e-05,Low,0.003804393720602043,Low platform activity (few days active),increases risk
S08128,U01536,B2C,B2C,annual,2024-05-15,33.25,7.728276486037402e-05,Low,0.002569651931607436,Few materials/lessons viewed,increases risk
S07934,U01497,B2C,B2C,annual,2024-05-22,33.25,7.627914991470492e-05,Low,0.0025362817346639387,Few materials/lessons viewed,increases risk
S11056,U02158,B2C,B2C,monthly,2024-05-21,49.0,7.495221512934188e-05,Low,0.003672658541337752,Low platform activity (few days active),increases risk
S11858,U02382,SMB,B2B,monthly,2024-05-15,199.0,7.266140343313048e-05,Low,0.014459619283192966,Few materials/lessons viewed,increases risk
S11322,U02232,B2C,B2C,monthly,2024-05-04,49.0,7.148265179103787e-05,Low,0.0035026499377608556,Few materials/lessons viewed,increases risk
S14090,U03236,B2C,B2C,monthly,2024-05-23,49.0,7.025501808893824e-05,Low,0.0034424958863579734,Few courses viewed,increases risk
S14481,U03493,B2C,B2C,monthly,2024-05-15,49.0,7.018565098750824e-05,Low,0.0034390968983879036,Few materials/lessons viewed,increases risk
S14077,U03229,B2C,B2C,monthly,2024-05-19,49.0,6.677905721264488e-05,Low,0.003272173803419599,Few materials/lessons viewed,increases risk
S14175,U03288,B2C,B2C,monthly,2024-05-09,49.0,6.564208594971565e-05,Low,0.003216462211536067,Few courses viewed,increases risk
S08618,U01634,B2C,B2C,monthly,2024-05-01,49.0,6.460891228020932e-05,Low,0.0031658367017302564,Few materials/lessons viewed,increases risk
S12335,U02520,B2C,B2C,monthly,2024-05-06,49.0,6.253411879100486e-05,Low,0.003064171820759238,Low platform activity (few days active),increases risk
S08368,U01584,Enterprise,B2B,annual,2024-05-28,825.0,5.998609381020149e-05,Low,0.04948852739341623,High platform activity (many days active),reduces risk
S12947,U02728,B2C,B2C,monthly,2024-05-23,49.0,5.9382880960536333e-05,Low,0.0029097611670662804,Few materials/lessons viewed,increases risk
S13197,U02827,B2C,B2C,monthly,2024-05-06,49.0,5.806018959755758e-05,Low,0.0028449492902803213,Few materials/lessons viewed,increases risk
S12664,U02635,B2C,B2C,monthly,2024-05-28,49.0,5.7366014484129166e-05,Low,0.0028109347097223293,Few courses viewed,increases risk
S12702,U02651,B2C,B2C,monthly,2024-05-24,49.0,5.724771147132559e-05,Low,0.0028051378620949537,Few courses viewed,increases risk
S14248,U03334,B2C,B2C,monthly,2024-05-08,49.0,5.7221719704505e-05,Low,0.002803864265520745,Few courses viewed,increases risk
S06617,U01272,B2C,B2C,monthly,2024-05-21,49.0,5.5177904304287205e-05,Low,0.002703717310910073,Few courses viewed,increases risk
S14489,U03501,B2C,B2C,monthly,2024-05-10,49.0,5.501542691554807e-05,Low,0.0026957559188618557,Few materials/lessons viewed,increases risk
S07946,U01498,B2C,B2C,monthly,2024-05-22,49.0,5.329073729623299e-05,Low,0.0026112461275154164,Few materials/lessons viewed,increases risk
S12300,U02511,B2C,B2C,monthly,2024-05-03,49.0,5.266095566239434e-05,Low,0.0025803868274573228,Few courses viewed,increases risk
S14143,U03269,B2C,B2C,monthly,2024-05-22,49.0,5.213772809889378e-05,Low,0.002554748676845795,Few courses viewed,increases risk
S10789,U02094,B2C,B2C,monthly,2024-05-06,49.0,5.157821679488941e-05,Low,0.0025273326229495814,Few materials/lessons viewed,increases risk
S14452,U03464,B2C,B2C,monthly,2024-05-25,49.0,5.151070300526559e-05,Low,0.002524024447258014,Few courses viewed,increases risk
S14073,U03227,B2C,B2C,monthly,2024-05-08,49.0,5.015155573130033e-05,Low,0.0024574262308337163,Few courses viewed,increases risk
S13633,U03004,B2C,B2C,monthly,2024-05-16,49.0,4.975817317391929e-05,Low,0.0024381504855220454,Few materials/lessons viewed,increases risk
S14352,U03395,B2C,B2C,monthly,2024-05-18,49.0,4.774213222583721e-05,Low,0.0023393644790660234,Few courses viewed,increases risk
S12748,U02663,B2C,B2C,monthly,2024-05-29,49.0,4.6413782989403373e-05,Low,0.002274275366480765,Few materials/lessons viewed,increases risk
S06175,U01203,B2C,B2C,monthly,2024-05-01,49.0,4.5845259904665944e-05,Low,0.0022464177353286314,Few materials/lessons viewed,increases risk
S09989,U01907,B2C,B2C,monthly,2024-05-27,49.0,4.5733808324249336e-05,Low,0.0022409566078882173,Few courses viewed,increases risk
S07807,U01477,B2C,B2C,annual,2024-05-10,33.25,4.4926438941016296e-05,Low,0.0014938040947887919,Few courses viewed,increases risk
S12767,U02667,B2C,B2C,monthly,2024-05-18,49.0,4.487271533424382e-05,Low,0.002198763051377947,Few courses viewed,increases risk
S13761,U03063,B2C,B2C,monthly,2024-05-26,49.0,4.4189650724913874e-05,Low,0.00216529288552078,Few materials/lessons viewed,increases risk
S09920,U01893,B2C,B2C,monthly,2024-05-01,49.0,4.349825881476745e-05,Low,0.002131414681923605,Few courses viewed,increases risk
S12480,U02566,SMB,B2B,monthly,2024-05-10,271.15,4.076858354722406e-05,Low,0.011054401428829802,Few materials/lessons viewed,increases risk
S07282,U01379,B2C,B2C,monthly,2024-05-04,49.0,4.014716025228374e-05,Low,0.0019672108523619033,Few courses viewed,increases risk
S12122,U02469,B2C,B2C,monthly,2024-05-04,49.0,3.959070291303302e-05,Low,0.001939944442738618,Few materials/lessons viewed,increases risk
S14151,U03274,B2C,B2C,monthly,2024-05-14,49.0,3.863710031388504e-05,Low,0.0018932179153803672,Few courses viewed,increases risk
S08365,U01581,Enterprise,B2B,annual,2024-05-06,825.0,3.761125699059349e-05,Low,0.03102928701723963,Few courses viewed,increases risk
S08087,U01530,B2C,B2C,annual,2024-05-17,33.25,3.756828406791954e-05,Low,0.0012491454452583247,Few courses viewed,increases risk
S13341,U02882,B2C,B2C,monthly,2024-05-15,49.0,3.73464144946288e-05,Low,0.0018299743102368113,Low platform activity (few days active),increases risk
S14666,U03678,SMB,B2B,monthly,2024-05-16,199.0,3.6963158278365496e-05,Low,0.007355668497394734,Few courses viewed,increases risk
S12584,U02609,B2C,B2C,monthly,2024-05-26,49.0,3.672066192339326e-05,Low,0.0017993124342462698,Few materials/lessons viewed,increases risk
S09610,U01826,B2C,B2C,monthly,2024-05-18,49.0,3.3459620766622235e-05,Low,0.0016395214175644894,Few materials/lessons viewed,increases risk
S11689,U02335,B2C,B2C,monthly,2024-05-27,49.0,3.308868794134652e-05,Low,0.0016213457091259795,Few materials/lessons viewed,increases risk
S14227,U03320,B2C,B2C,monthly,2024-05-08,49.0,3.286660693343252e-05,Low,0.0016104637397381936,Few materials/lessons viewed,increases risk
S10362,U01986,B2C,B2C,monthly,2024-05-27,49.0,3.2467896514094345e-05,Low,0.001590926929190623,Few materials/lessons viewed,increases risk
S14204,U03306,B2C,B2C,monthly,2024-05-06,49.0,3.2147609911332867e-05,Low,0.0015752328856553106,Low platform activity (few days active),increases risk
S12637,U02627,B2C,B2C,monthly,2024-05-22,49.0,3.209835872166716e-05,Low,0.0015728195773616908,Few materials/lessons viewed,increases risk
S10219,U01958,B2C,B2C,monthly,2024-05-17,49.0,3.157079803666213e-05,Low,0.0015469691037964443,Low platform activity (few days active),increases risk
S14669,U03681,SMB,B2B,monthly,2024-05-13,199.0,3.1536688245109366e-05,Low,0.0062758009607767635,Few courses viewed,increases risk
S06263,U01213,B2C,B2C,monthly,2024-05-13,49.0,3.10693341125734e-05,Low,0.0015223973715160965,Few courses viewed,increases risk
S13636,U03005,B2C,B2C,monthly,2024-05-04,49.0,2.977102044057568e-05,Low,0.0014587800015882083,Few materials/lessons viewed,increases risk
S05567,U01094,SMB,B2B,monthly,2024-05-03,327.5,2.9136155151802844e-05,Low,0.009542090812215432,Few courses viewed,increases risk
S12694,U02648,B2C,B2C,monthly,2024-05-05,49.0,2.8487289082708516e-05,Low,0.0013958771650527174,Few courses viewed,increases risk
S13463,U02929,B2C,B2C,monthly,2024-05-23,49.0,2.8475688454189335e-05,Low,0.0013953087342552775,Few materials/lessons viewed,increases risk
S10572,U02044,B2C,B2C,monthly,2024-05-06,49.0,2.753147404332919e-05,Low,0.0013490422281231304,Few courses viewed,increases risk
S12829,U02688,B2C,B2C,monthly,2024-05-25,49.0,2.7191231477647547e-05,Low,0.0013323703424047298,Low platform activity (few days active),increases risk
S09977,U01904,B2C,B2C,monthly,2024-05-04,49.0,2.636135037509519e-05,Low,0.0012917061683796643,Few materials/lessons viewed,increases risk
S14507,U03519,B2C,B2C,monthly,2024-05-21,49.0,2.632986793523725e-05,Low,0.0012901635288266253,Few materials/lessons viewed,increases risk
S10668,U02067,B2C,B2C,monthly,2024-05-13,49.0,2.5842504830196537e-05,Low,0.0012662827366796304,Few materials/lessons viewed,increases risk
S14667,U03679,SMB,B2B,monthly,2024-05-21,199.0,2.5558641485961157e-05,Low,0.00508616965570627,Few courses viewed,increases risk
S10774,U02089,B2C,B2C,monthly,2024-05-20,49.0,2.4604103576971365e-05,Low,0.0012056010752715968,Few materials/lessons viewed,increases risk
S14469,U03481,B2C,B2C,monthly,2024-05-10,49.0,2.371851116972957e-05,Low,0.001162207047316749,Few materials/lessons viewed,increases risk
S08349,U01576,SMB,B2B,annual,2024-05-03,149.92,2.341625524720948e-05,Low,0.003510564986661645,Few materials/lessons viewed,increases risk
S13959,U03162,B2C,B2C,monthly,2024-05-13,49.0,2.2909138478517468e-05,Low,0.001122547785447356,Few materials/lessons viewed,increases risk
S13351,U02886,B2C,B2C,monthly,2024-05-28,49.0,2.171026673242327e-05,Low,0.00106380306988874,Low platform activity (few days active),increases risk
S14664,U03676,SMB,B2B,monthly,2024-05-14,199.0,2.153187395337687e-05,Low,0.004284842916721997,Few materials/lessons viewed,increases risk
S14447,U03459,B2C,B2C,monthly,2024-05-10,49.0,2.0789998431453708e-05,Low,0.0010187099231412317,Few courses viewed,increases risk
S14536,U03548,B2C,B2C,monthly,2024-05-07,49.0,2.0690093717519334e-05,Low,0.0010138145921584473,Few courses viewed,increases risk
S08648,U01643,B2C,B2C,monthly,2024-05-03,49.0,2.065010789410395e-05,Low,0.0010118552868110936,Low platform activity (few days active),increases risk
S11028,U02152,B2C,B2C,monthly,2024-05-20,49.0,2.041032183304229e-05,Low,0.0010001057698190723,Low platform activity (few days active),increases risk
S12983,U02742,B2C,B2C,monthly,2024-05-09,49.0,1.996014012339498e-05,Low,0.000978046866046354,Few courses viewed,increases risk
S14562,U03574,B2C,B2C,monthly,2024-05-30,49.0,1.943519992748384e-05,Low,0.0009523247964467081,Few materials/lessons viewed,increases risk
S08272,U01560,SMB,B2B,annual,2024-05-26,149.92,1.8652406284836947e-05,Low,0.002796368750222755,Few materials/lessons viewed,increases risk
S09037,U01716,SMB,B2B,monthly,2024-05-18,231.61,1.80225989020559e-05,Low,0.0041742141317051675,Few courses viewed,increases risk
S07700,U01453,B2C,B2C,monthly,2024-05-28,49.0,1.779352461451899e-05,Low,0.0008718827061114304,Few courses viewed,increases risk
S13514,U02952,B2C,B2C,monthly,2024-05-17,49.0,1.7756629745505913e-05,Low,0.0008700748575297897,Few courses viewed,increases risk
S14370,U03406,B2C,B2C,monthly,2024-05-06,49.0,1.775579812760889e-05,Low,0.0008700341082528356,Few courses viewed,increases risk
S08348,U01575,SMB,B2B,annual,2024-05-29,149.92,1.7498822601409726e-05,Low,0.0026234234844033457,Few materials/lessons viewed,increases risk
S08044,U01523,B2C,B2C,annual,2024-05-28,33.25,1.7377748244752375e-05,Low,0.0005778101291380165,Few materials/lessons viewed,increases risk
S08130,U01538,B2C,B2C,annual,2024-05-01,33.25,1.693982517167338e-05,Low,0.0005632491869581399,Few materials/lessons viewed,increases risk
S14079,U03230,B2C,B2C,monthly,2024-05-29,49.0,1.6586026402252228e-05,Low,0.0008127152937103592,Few courses viewed,increases risk
S14468,U03480,B2C,B2C,monthly,2024-05-01,49.0,1.6296186056485805e-05,Low,0.0007985131167678045,Few materials/lessons viewed,increases risk
S12647,U02629,B2C,B2C,monthly,2024-05-24,49.0,1.5613048894734295e-05,Low,0.0007650393958419804,Few courses viewed,increases risk
S11534,U02295,B2C,B2C,monthly,2024-05-26,49.0,1.5378041600983337e-05,Low,0.0007535240384481835,Few courses viewed,increases risk
S08629,U01635,B2C,B2C,monthly,2024-05-19,49.0,1.5208744614938983e-05,Low,0.0007452284861320102,Few materials/lessons viewed,increases risk
S12571,U02604,B2C,B2C,monthly,2024-05-05,49.0,1.517207943417078e-05,Low,0.0007434318922743682,Many courses viewed,reduces risk
S11104,U02165,B2C,B2C,monthly,2024-05-19,49.0,1.4582551958381324e-05,Low,0.0007145450459606849,Few courses viewed,increases risk
S14473,U03485,B2C,B2C,monthly,2024-05-14,49.0,1.4313963836174824e-05,Low,0.0007013842279725664,Few materials/lessons viewed,increases risk
S14500,U03512,B2C,B2C,monthly,2024-05-16,49.0,1.3902289993604774e-05,Low,0.0006812122096866339,Few materials/lessons viewed,increases risk
S07397,U01394,B2C,B2C,monthly,2024-05-06,49.0,1.3901322838641384e-05,Low,0.0006811648190934278,Few courses viewed,increases risk
S13752,U03060,B2C,B2C,monthly,2024-05-27,49.0,1.3491183678283578e-05,Low,0.0006610680002358953,Few materials/lessons viewed,increases risk
S14644,U03656,SMB,B2B,monthly,2024-05-16,199.0,1.341599704177344e-05,Low,0.0026697834113129145,Few courses viewed,increases risk
S11573,U02303,B2C,B2C,monthly,2024-05-07,49.0,1.2882742797259803e-05,Low,0.0006312543970657304,Few materials/lessons viewed,increases risk
S13694,U03033,B2C,B2C,monthly,2024-05-02,49.0,1.275461541144571e-05,Low,0.0006249761551608398,Few courses viewed,increases risk
S07995,U01511,B2C,B2C,monthly,2024-05-19,49.0,1.2493337992720121e-05,Low,0.000612173561643286,Few materials/lessons viewed,increases risk
S09486,U01803,B2C,B2C,monthly,2024-05-22,49.0,1.2364495614985383e-05,Low,0.0006058602851342838,Many materials/lessons viewed,reduces risk
S12377,U02531,B2C,B2C,monthly,2024-05-16,49.0,1.2320226689880508e-05,Low,0.0006036911078041449,Few courses viewed,increases risk
S14518,U03530,B2C,B2C,monthly,2024-05-08,49.0,1.2058775472525672e-05,Low,0.0005908799981537579,Few materials/lessons viewed,increases risk
S13067,U02771,SMB,B2B,monthly,2024-05-23,231.64,1.194211172740372e-05,Low,0.0027662707605357975,Few courses viewed,increases risk
S06452,U01243,B2C,B2C,monthly,2024-05-20,49.0,1.1780562208669536e-05,Low,0.0005772475482248073,Few materials/lessons viewed,increases risk
S11267,U02215,B2C,B2C,monthly,2024-05-30,49.0,1.1768959591292289e-05,Low,0.0005766790199733221,Few materials/lessons viewed,increases risk
S10619,U02056,B2C,B2C,monthly,2024-05-24,49.0,1.1661633196707968e-05,Low,0.0005714200266386904,Few courses viewed,increases risk
S05896,U01156,B2C,B2C,monthly,2024-05-08,49.0,1.1607710724468221e-05,Low,0.0005687778254989429,Few courses viewed,increases risk
S10275,U01968,B2C,B2C,monthly,2024-05-11,49.0,1.125560266530112e-05,Low,0.0005515245305997548,Few courses viewed,increases risk
S12176,U02481,B2C,B2C,monthly,2024-05-17,49.0,1.1232984385872886e-05,Low,0.0005504162349077715,Few materials/lessons viewed,increases risk
S14220,U03317,B2C,B2C,monthly,2024-05-01,49.0,1.0946493248020102e-05,Low,0.000536378169152985,Few courses viewed,increases risk
S12800,U02680,B2C,B2C,monthly,2024-05-01,49.0,1.069518657252234e-05,Low,0.0005240641420535947,Many courses viewed,reduces risk
S14218,U03316,B2C,B2C,monthly,2024-05-04,49.0,1.0662348562234391e-05,Low,0.0005224550795494852,Few courses viewed,increases risk
S06891,U01315,SMB,B2B,monthly,2024-05-25,265.48,1.0565513260024205e-05,Low,0.002804932460271226,Many materials/lessons viewed,reduces risk
S14280,U03353,B2C,B2C,monthly,2024-05-30,49.0,1.0477025437425781e-05,Low,0.0005133742464338633,Few courses viewed,increases risk
S08009,U01513,B2C,B2C,monthly,2024-05-30,49.0,1.0400487269755793e-05,Low,0.0005096238762180338,Long tenure (many renewals),increases risk
S07973,U01505,B2C,B2C,monthly,2024-05-09,49.0,1.037997397613517e-05,Low,0.0005086187248306233,Low platform activity (few days active),increases risk
S08521,U01617,B2C,B2C,monthly,2024-05-12,49.0,1.0142403130368557e-05,Low,0.0004969777533880593,Few materials/lessons viewed,increases risk
S14616,U03628,B2C,B2C,monthly,2024-05-26,49.0,9.922466289329664e-06,Low,0.0004862008481771535,Few materials/lessons viewed,increases risk
S14372,U03407,B2C,B2C,monthly,2024-05-10,49.0,9.7825557140577e-06,Low,0.00047934522998882724,Few materials/lessons viewed,increases risk
S14524,U03536,B2C,B2C,monthly,2024-05-23,49.0,9.753759034976986e-06,Low,0.0004779341927138723,Few courses viewed,increases risk
S10499,U02022,SMB,B2B,monthly,2024-05-06,237.07,9.598181050026859e-06,Low,0.0022754407815298674,Many courses viewed,reduces risk
S13219,U02837,B2C,B2C,monthly,2024-05-03,49.0,9.52400411545357e-06,Low,0.00046667620165722495,Few courses viewed,increases risk
S11395,U02255,B2C,B2C,monthly,2024-05-06,49.0,9.468281860662434e-06,Low,0.0004639458111724593,Few courses viewed,increases risk
S14535,U03547,B2C,B2C,monthly,2024-05-16,49.0,9.432495258343525e-06,Low,0.00046219226765883276,Few materials/lessons viewed,increases risk
S12323,U02518,B2C,B2C,monthly,2024-05-14,49.0,9.386617438947802e-06,Low,0.0004599442545084423,Few materials/lessons viewed,increases risk
S14541,U03553,B2C,B2C,monthly,2024-05-11,49.0,9.26502644331496e-06,Low,0.00045398629572243306,Few courses viewed,increases risk
S12550,U02597,B2C,B2C,monthly,2024-05-26,49.0,8.981530724985863e-06,Low,0.0004400950055243073,Few materials/lessons viewed,increases risk
S14624,U03636,B2C,B2C,monthly,2024-05-29,49.0,8.656438081135578e-06,Low,0.00042416546597564333,Few courses viewed,increases risk
S13415,U02911,B2C,B2C,monthly,2024-05-20,49.0,8.540209601024606e-06,Low,0.0004184702704502057,Few courses viewed,increases risk
S14181,U03291,B2C,B2C,monthly,2024-05-05,49.0,8.369581890084118e-06,Low,0.0004101095126141218,Few materials/lessons viewed,increases risk
S14449,U03461,B2C,B2C,monthly,2024-05-16,49.0,8.31543515305007e-06,Low,0.00040745632249945346,Few courses viewed,increases risk
S14056,U03215,SMB,B2B,monthly,2024-05-20,199.0,8.254284445588287e-06,Low,0.001642602604672069,Few materials/lessons viewed,increases risk
S13659,U03017,B2C,B2C,monthly,2024-05-02,49.0,8.030836037618977e-06,Low,0.00039351096584332987,Few materials/lessons viewed,increases risk
S10585,U02048,B2C,B2C,monthly,2024-05-07,49.0,8.019546799582388e-06,Low,0.000392957793179537,Few courses viewed,increases risk
S07357,U01391,B2C,B2C,monthly,2024-05-18,49.0,7.946856807114854e-06,Low,0.00038939598354862786,Few courses viewed,increases risk
S14660,U03672,SMB,B2B,monthly,2024-05-04,199.0,7.548814765163557e-06,Low,0.0015022141382675478,Few courses viewed,increases risk
S07953,U01502,B2C,B2C,annual,2024-05-25,33.25,7.513508519850684e-06,Low,0.00024982415828503525,Few materials/lessons viewed,increases risk
S07761,U01467,B2C,B2C,monthly,2024-05-21,49.0,7.227489494462671e-06,Low,0.00035414698522867084,Many courses viewed,reduces risk
S11096,U02164,B2C,B2C,monthly,2024-05-04,49.0,7.221462975720179e-06,Low,0.0003538516858102888,Low platform activity (few days active),increases risk
S10210,U01957,B2C,B2C,monthly,2024-05-01,49.0,6.740221178646087e-06,Low,0.00033027083775365824,Few courses viewed,increases risk
S13526,U02956,SMB,B2B,monthly,2024-05-24,231.86,6.641843316851088e-06,Low,0.0015399777914450934,Few materials/lessons viewed,increases risk
S14273,U03350,B2C,B2C,monthly,2024-05-26,49.0,5.899920347611545e-06,Low,0.0002890960970329657,Few materials/lessons viewed,increases risk
S14325,U03378,B2C,B2C,monthly,2024-05-13,49.0,5.8025479040909816e-06,Low,0.0002843248473004581,Few materials/lessons viewed,increases risk
S13545,U02964,SMB,B2B,monthly,2024-05-24,239.62,5.725683372880538e-06,Low,0.0013719882498096346,Many materials/lessons viewed,reduces risk
S14599,U03611,B2C,B2C,monthly,2024-05-13,49.0,5.661178939754544e-06,Low,0.00027739776804797263,Low platform activity (few days active),increases risk
S13859,U03113,B2C,B2C,monthly,2024-05-02,49.0,5.634374074551874e-06,Low,0.0002760843296530418,Few courses viewed,increases risk
S12996,U02746,B2C,B2C,monthly,2024-05-30,49.0,5.610139230054481e-06,Low,0.00027489682227266956,Few courses viewed,increases risk
S12162,U02477,B2C,B2C,monthly,2024-05-15,49.0,5.139875395372191e-06,Low,0.0002518538943732374,Few materials/lessons viewed,increases risk
S13855,U03111,B2C,B2C,monthly,2024-05-21,49.0,5.013614555093253e-06,Low,0.00024566711319956943,Many courses viewed,reduces risk
S13844,U03106,B2C,B2C,monthly,2024-05-15,49.0,4.949018246871523e-06,Low,0.00024250189409670463,Few courses viewed,increases risk
S08323,U01572,SMB,B2B,annual,2024-05-17,149.92,4.795441700705913e-06,Low,0.0007189326197698304,Few materials/lessons viewed,increases risk
S09276,U01762,B2C,B2C,monthly,2024-05-19,49.0,4.700624320942055e-06,Low,0.00023033059172616072,Low platform activity (few days active),increases risk
S13190,U02823,B2C,B2C,monthly,2024-05-16,49.0,4.625163096964575e-06,Low,0.00022663299175126417,Few courses viewed,increases risk
S14375,U03409,B2C,B2C,monthly,2024-05-30,49.0,4.523338599453817e-06,Low,0.00022164359137323702,Few courses viewed,increases risk
S08226,U01550,B2C,B2C,monthly,2024-05-14,49.0,4.465763724117674e-06,Low,0.00021882242248176602,Many materials/lessons viewed,reduces risk
S14424,U03440,SMB,B2B,monthly,2024-05-22,199.0,4.459906399604338e-06,Low,0.0008875213735212632,Many materials/lessons viewed,reduces risk
S14587,U03599,B2C,B2C,monthly,2024-05-17,49.0,4.3648227373079514e-06,Low,0.0002138763141280896,Few courses viewed,increases risk
S14331,U03381,B2C,B2C,monthly,2024-05-16,49.0,4.244025723189256e-06,Low,0.00020795726043627353,Few courses viewed,increases risk
S14543,U03555,B2C,B2C,monthly,2024-05-20,49.0,4.201210097626942e-06,Low,0.00020585929478372016,Few courses viewed,increases risk
S13010,U02752,SMB,B2B,monthly,2024-05-09,173.28,4.197611632801959e-06,Low,0.0007273621437319235,Many materials/lessons viewed,reduces risk
S14612,U03624,B2C,B2C,monthly,2024-05-13,49.0,4.189661762085995e-06,Low,0.00020529342634221376,Few materials/lessons viewed,increases risk
S13266,U02855,B2C,B2C,monthly,2024-05-28,49.0,4.034123063581714e-06,Low,0.00019767203011550398,Low platform activity (few days active),increases risk
S11717,U02343,B2C,B2C,monthly,2024-05-13,49.0,3.88033927873159e-06,Low,0.00019013662465784792,Few courses viewed,increases risk
S07455,U01406,B2C,B2C,monthly,2024-05-14,49.0,3.772453940958946e-06,Low,0.00018485024310698836,Few courses viewed,increases risk
S13639,U03006,B2C,B2C,monthly,2024-05-08,49.0,3.7675989110159205e-06,Low,0.0001846123466397801,Low platform activity (few days active),increases risk
S11933,U02408,B2C,B2C,monthly,2024-05-04,49.0,3.633205813566273e-06,Low,0.00017802708486474737,Low platform activity (few days active),increases risk
S13839,U03103,B2C,B2C,monthly,2024-05-11,49.0,3.5843038853351207e-06,Low,0.0001756308903814209,Few courses viewed,increases risk
S06324,U01221,B2C,B2C,monthly,2024-05-03,49.0,3.49128446063491e-06,Low,0.0001710729385711106,Many courses viewed,reduces risk
S14621,U03633,B2C,B2C,monthly,2024-05-04,49.0,3.1766238012590977e-06,Low,0.0001556545662616958,Few materials/lessons viewed,increases risk
S14329,U03380,B2C,B2C,monthly,2024-05-07,49.0,3.0866698060068004e-06,Low,0.0001512468204943332,Few courses viewed,increases risk
S13096,U02788,B2C,B2C,monthly,2024-05-21,49.0,3.05262060035846e-06,Low,0.00014957840941756453,Few materials/lessons viewed,increases risk
S09311,U01766,B2C,B2C,monthly,2024-05-13,49.0,3.025867733888235e-06,Low,0.00014826751896052353,Few materials/lessons viewed,increases risk
S14306,U03367,B2C,B2C,monthly,2024-05-30,49.0,2.9991906686143734e-06,Low,0.0001469603427621043,Few courses viewed,increases risk
S13398,U02905,B2C,B2C,monthly,2024-05-05,49.0,2.9217666088743545e-06,Low,0.00014316656383484336,Few materials/lessons viewed,increases risk
S06390,U01234,B2C,B2C,monthly,2024-05-12,49.0,2.82766745956547e-06,Low,0.00013855570551870805,High platform activity (many days active),reduces risk
S09522,U01808,B2C,B2C,monthly,2024-05-26,49.0,2.819336324621447e-06,Low,0.0001381474799064509,Few materials/lessons viewed,increases risk
S12967,U02736,B2C,B2C,monthly,2024-05-01,49.0,2.7198455552159273e-06,Low,0.00013327243220558044,Few materials/lessons viewed,increases risk
S14479,U03491,B2C,B2C,monthly,2024-05-27,49.0,2.6482885937738956e-06,Low,0.0001297661410949209,Few materials/lessons viewed,increases risk
S14083,U03232,B2C,B2C,monthly,2024-05-26,49.0,2.5969789089226853e-06,Low,0.00012725196653721159,Few courses viewed,increases risk
S11346,U02239,B2C,B2C,monthly,2024-05-02,49.0,2.5927229508485608e-06,Low,0.00012704342459157948,Many materials/lessons viewed,reduces risk
S14525,U03537,B2C,B2C,monthly,2024-05-06,49.0,2.591730196659356e-06,Low,0.00012699477963630843,Low platform activity (few days active),increases risk
S14119,U03253,B2C,B2C,monthly,2024-05-29,49.0,2.567587183076388e-06,Low,0.000125811771970743,Few materials/lessons viewed,increases risk
S07981,U01508,B2C,B2C,annual,2024-05-02,33.25,2.538679096140935e-06,Low,8.44110799466861e-05,Low platform activity (few days active),increases risk
S14494,U03506,B2C,B2C,monthly,2024-05-02,49.0,2.5267431497371868e-06,Low,0.00012381041433712214,Few courses viewed,increases risk
S12268,U02502,B2C,B2C,monthly,2024-05-24,49.0,2.5257116610481285e-06,Low,0.0001237598713913583,Few materials/lessons viewed,increases risk
S13618,U02996,B2C,B2C,monthly,2024-05-22,49.0,2.462638339672269e-06,Low,0.00012066927864394118,Many materials/lessons viewed,reduces risk
S14553,U03565,B2C,B2C,monthly,2024-05-13,49.0,2.411783603540885e-06,Low,0.00011817739657350337,Few materials/lessons viewed,increases risk
S08824,U01680,B2C,B2C,monthly,2024-05-01,49.0,2.288236080084978e-06,Low,0.00011212356792416392,Many courses viewed,reduces risk
S12223,U02492,B2C,B2C,monthly,2024-05-13,49.0,2.2654249375621098e-06,Low,0.00011100582194054338,Few materials/lessons viewed,increases risk
S07982,U01509,B2C,B2C,annual,2024-05-14,33.25,2.2468765894664976e-06,Low,7.470864659976104e-05,Low platform activity (few days active),increases risk
S14354,U03396,B2C,B2C,monthly,2024-05-04,49.0,2.225946019370318e-06,Low,0.00010907135494914558,Few materials/lessons viewed,increases risk
S14123,U03255,B2C,B2C,monthly,2024-05-14,49.0,2.2044949694102728e-06,Low,0.00010802025350110337,Low platform activity (few days active),increases risk
S14577,U03589,B2C,B2C,monthly,2024-05-13,49.0,2.1389781189821358e-06,Low,0.00010480992783012465,Few materials/lessons viewed,increases risk
S11762,U02354,B2C,B2C,monthly,2024-05-02,49.0,2.1175304105271146e-06,Low,0.00010375899011582862,Many materials/lessons viewed,reduces risk
S11824,U02370,B2C,B2C,monthly,2024-05-25,49.0,2.1114371993611204e-06,Low,0.0001034604227686949,Low platform activity (few days active),increases risk
S11796,U02366,B2C,B2C,monthly,2024-05-17,49.0,2.0655120967424305e-06,Low,0.0001012100927403791,Few courses viewed,increases risk
S13701,U03036,B2C,B2C,monthly,2024-05-11,49.0,1.986173419969682e-06,Low,9.732249757851442e-05,Many materials/lessons viewed,reduces risk
S10252,U01964,B2C,B2C,monthly,2024-05-02,49.0,1.93498992132924e-06,Low,9.481450614513275e-05,Few materials/lessons viewed,increases risk
S13214,U02835,B2C,B2C,monthly,2024-05-23,49.0,1.8154213521312727e-06,Low,8.895564625443236e-05,Low platform activity (few days active),increases risk
S12934,U02724,B2C,B2C,monthly,2024-05-15,49.0,1.779958387744735e-06,Low,8.721796099949201e-05,Many materials/lessons viewed,reduces risk
S14321,U03376,B2C,B2C,monthly,2024-05-06,49.0,1.7791502012280701e-06,Low,8.717835986017543e-05,Few materials/lessons viewed,increases risk
S14463,U03475,B2C,B2C,monthly,2024-05-28,49.0,1.7299318909548666e-06,Low,8.476666265678846e-05,Few materials/lessons viewed,increases risk
S14245,U03332,B2C,B2C,monthly,2024-05-01,49.0,1.6291477709802704e-06,Low,7.982824077803325e-05,Few materials/lessons viewed,increases risk
S11616,U02314,B2C,B2C,monthly,2024-05-21,49.0,1.6266722253896934e-06,Low,7.970693904409498e-05,Few courses viewed,increases risk
S13755,U03061,B2C,B2C,monthly,2024-05-22,49.0,1.6052436973085164e-06,Low,7.86569411681173e-05,Few materials/lessons viewed,increases risk
S14169,U03285,B2C,B2C,monthly,2024-05-30,49.0,1.5966336276950551e-06,Low,7.82350477570577e-05,Few materials/lessons viewed,increases risk
S14158,U03278,B2C,B2C,monthly,2024-05-18,49.0,1.5594751892299035e-06,Low,7.641428427226528e-05,Many materials/lessons viewed,reduces risk
S14590,U03602,B2C,B2C,monthly,2024-05-15,49.0,1.5504103655516633e-06,Low,7.59701079120315e-05,Few courses viewed,increases risk
S07371,U01392,B2C,B2C,monthly,2024-05-27,49.0,1.5366027181668781e-06,Low,7.529353319017703e-05,Low platform activity (few days active),increases risk
S05057,U01005,B2C,B2C,monthly,2024-05-20,49.0,1.4803999383470267e-06,Low,7.253959697900431e-05,High platform activity (many days active),reduces risk
S13911,U03141,B2C,B2C,monthly,2024-05-02,49.0,1.473955161640303e-06,Low,7.222380292037484e-05,Many materials/lessons viewed,reduces risk
S08270,U01558,SMB,B2B,annual,2024-05-18,149.92,1.4671332041182522e-06,Low,0.00021995260996140835,Many courses viewed,reduces risk
S13556,U02968,SMB,B2B,monthly,2024-05-13,199.0,1.4188777325416134e-06,Low,0.00028235666877578106,Few materials/lessons viewed,increases risk
S14095,U03239,B2C,B2C,monthly,2024-05-07,49.0,1.4035329282031645e-06,Low,6.877311348195506e-05,Many materials/lessons viewed,reduces risk
S11867,U02385,SMB,B2B,monthly,2024-05-15,233.67,1.4028703041094267e-06,Low,0.0003278087039612497,Many materials/lessons viewed,reduces risk
S13768,U03066,B2C,B2C,monthly,2024-05-26,49.0,1.400098960224155e-06,Low,6.86048490509836e-05,Many materials/lessons viewed,reduces risk
S14101,U03242,B2C,B2C,monthly,2024-05-24,49.0,1.3927689576884804e-06,Low,6.824567892673555e-05,Few materials/lessons viewed,increases risk
S14548,U03560,B2C,B2C,monthly,2024-05-17,49.0,1.3817833423120526e-06,Low,6.770738377329058e-05,Many materials/lessons viewed,reduces risk
S06149,U01196,SMB,B2B,monthly,2024-05-13,209.22,1.3698212263544252e-06,Low,0.00028659399697787284,High platform activity (many days active),reduces risk
S14253,U03337,B2C,B2C,monthly,2024-05-18,49.0,1.359419300646234e-06,Low,6.661154573166547e-05,Few materials/lessons viewed,increases risk
S13749,U03059,B2C,B2C,monthly,2024-05-21,49.0,1.3523322251561987e-06,Low,6.626427903265373e-05,Few materials/lessons viewed,increases risk
S14029,U03198,SMB,B2B,monthly,2024-05-16,159.95,1.3279434620058148e-06,Low,0.00021240455674783007,Few courses viewed,increases risk
S13833,U03101,B2C,B2C,monthly,2024-05-21,49.0,1.3008129853788635e-06,Low,6.373983628356431e-05,Few materials/lessons viewed,increases risk
S13681,U03027,B2C,B2C,monthly,2024-05-12,49.0,1.2784990865407295e-06,Low,6.264645524049574e-05,Many materials/lessons viewed,reduces risk
S14266,U03346,B2C,B2C,monthly,2024-05-13,49.0,1.2753113014884692e-06,Low,6.249025377293499e-05,Many materials/lessons viewed,reduces risk
S11949,U02413,B2C,B2C,monthly,2024-05-29,49.0,1.267398625208439e-06,Low,6.210253263521352e-05,Few courses viewed,increases risk
S12435,U02549,B2C,B2C,monthly,2024-05-27,49.0,1.2336784979002096e-06,Low,6.0450246397110274e-05,Many materials/lessons viewed,reduces risk
S10994,U02140,B2C,B2C,monthly,2024-05-01,49.0,1.227935692821501e-06,Low,6.016884894825355e-05,Few courses viewed,increases risk
S13369,U02896,B2C,B2C,monthly,2024-05-26,49.0,1.2190406781971927e-06,Low,5.973299323166245e-05,Few materials/lessons viewed,increases risk
S09145,U01740,B2C,B2C,monthly,2024-05-14,49.0,1.212942824016548e-06,Low,5.9434198376810855e-05,Few courses viewed,increases risk
S07974,U01506,B2C,B2C,annual,2024-05-02,33.25,1.2001053344044894e-06,Low,3.990350236894927e-05,Many courses viewed,reduces risk
S14199,U03303,B2C,B2C,monthly,2024-05-17,49.0,1.1571780888179302e-06,Low,5.670172635207858e-05,Many courses viewed,reduces risk
S13137,U02803,B2C,B2C,monthly,2024-05-04,49.0,1.132033781022501e-06,Low,5.546965527010255e-05,Many materials/lessons viewed,reduces risk
S13967,U03166,B2C,B2C,monthly,2024-05-17,49.0,1.0990008657843394e-06,Low,5.385104242343263e-05,Many materials/lessons viewed,reduces risk
S14236,U03326,B2C,B2C,monthly,2024-05-08,49.0,1.0745203796414766e-06,Low,5.265149860243235e-05,High platform activity (many days active),reduces risk
S13787,U03074,B2C,B2C,monthly,2024-05-09,49.0,1.044176371638726e-06,Low,5.1164642210297576e-05,Few courses viewed,increases risk
S12469,U02561,SMB,B2B,monthly,2024-05-13,210.99,1.0086177608944033e-06,Low,0.00021280826137111015,Many courses viewed,reduces risk
S11914,U02404,B2C,B2C,monthly,2024-05-25,49.0,1.0080967511586007e-06,Low,4.9396740806771435e-05,Many materials/lessons viewed,reduces risk
S11300,U02227,B2C,B2C,monthly,2024-05-28,49.0,9.974764139682881e-07,Low,4.887634428444612e-05,Many materials/lessons viewed,reduces risk
S05457,U01078,B2C,B2C,monthly,2024-05-05,49.0,9.430021106157416e-07,Low,4.620710342017134e-05,Many materials/lessons viewed,reduces risk
S13871,U03119,B2C,B2C,monthly,2024-05-13,49.0,9.044189677824689e-07,Low,4.4316529421340976e-05,Many materials/lessons viewed,reduces risk
S14448,U03460,B2C,B2C,monthly,2024-05-27,49.0,8.723690002376468e-07,Low,4.274608101164469e-05,Few courses viewed,increases risk
S14546,U03558,B2C,B2C,monthly,2024-05-07,49.0,8.513913729999492e-07,Low,4.1718177276997514e-05,Few materials/lessons viewed,increases risk
S14657,U03669,SMB,B2B,monthly,2024-05-16,199.0,8.40006919146546e-07,Low,0.00016716137691016265,Few materials/lessons viewed,increases risk
S14000,U03183,B2C,B2C,monthly,2024-05-11,49.0,7.850056340768397e-07,Low,3.8465276069765144e-05,Many courses viewed,reduces risk
S13561,U02970,SMB,B2B,monthly,2024-05-06,223.83,7.631258417458044e-07,Low,0.00017081045715796342,Many materials/lessons viewed,reduces risk
S14545,U03557,B2C,B2C,monthly,2024-05-03,49.0,7.556070736775589e-07,Low,3.7024746610200384e-05,Many materials/lessons viewed,reduces risk
S07880,U01489,B2C,B2C,monthly,2024-05-06,49.0,6.871765327536324e-07,Low,3.367165010492799e-05,Many materials/lessons viewed,reduces risk
S08750,U01666,B2C,B2C,monthly,2024-05-08,49.0,6.868797362389191e-07,Low,3.365710707570704e-05,Many materials/lessons viewed,reduces risk
S13312,U02872,B2C,B2C,monthly,2024-05-30,49.0,6.598612750149654e-07,Low,3.2333202475733307e-05,Few materials/lessons viewed,increases risk
S06795,U01298,B2C,B2C,monthly,2024-05-03,49.0,6.49655472508988e-07,Low,3.183311815294041e-05,Many courses viewed,reduces risk
S14161,U03280,B2C,B2C,monthly,2024-05-14,49.0,6.293938728963341e-07,Low,3.084029977192037e-05,Many materials/lessons viewed,reduces risk
S14377,U03410,B2C,B2C,monthly,2024-05-10,49.0,6.237405557229904e-07,Low,3.056328723042653e-05,Many materials/lessons viewed,reduces risk
S12836,U02690,B2C,B2C,monthly,2024-05-04,49.0,6.060765420905794e-07,Low,2.969775056243839e-05,Many materials/lessons viewed,reduces risk
S14133,U03262,B2C,B2C,monthly,2024-05-28,49.0,5.758068040191844e-07,Low,2.8214533396940035e-05,Many materials/lessons viewed,reduces risk
S13773,U03068,B2C,B2C,monthly,2024-05-26,49.0,5.561120116648572e-07,Low,2.7249488571578003e-05,Few materials/lessons viewed,increases risk
S11997,U02432,B2C,B2C,monthly,2024-05-09,49.0,5.4269720046758e-07,Low,2.659216282291142e-05,Few courses viewed,increases risk
S14148,U03272,B2C,B2C,monthly,2024-05-23,49.0,5.42244678648261e-07,Low,2.656998925376479e-05,Few courses viewed,increases risk
S08286,U01563,SMB,B2B,monthly,2024-05-17,263.31,5.362402075941267e-07,Low,0.0001411974090616095,Many materials/lessons viewed,reduces risk
S14126,U03257,B2C,B2C,monthly,2024-05-24,49.0,5.358837749170389e-07,Low,2.6258304970934904e-05,Few courses viewed,increases risk
S06372,U01231,B2C,B2C,monthly,2024-05-13,49.0,5.342916902081284e-07,Low,2.6180292820198292e-05,Few courses viewed,increases risk
S14434,U03448,Enterprise,B2B,monthly,2024-05-19,990.0,5.330228103932146e-07,Low,0.0005276925822892824,Many materials/lessons viewed,reduces risk
S08607,U01633,B2C,B2C,monthly,2024-05-30,49.0,5.127602102388412e-07,Low,2.512525030170322e-05,Many courses viewed,reduces risk
S13304,U02869,B2C,B2C,monthly,2024-05-09,49.0,4.969183789244623e-07,Low,2.434900056729865e-05,Few courses viewed,increases risk
S10740,U02083,B2C,B2C,monthly,2024-05-07,49.0,4.935067432636901e-07,Low,2.4181830419920814e-05,Many materials/lessons viewed,reduces risk
S13439,U02920,B2C,B2C,monthly,2024-05-06,49.0,4.912944136946759e-07,Low,2.407342627103912e-05,High platform activity (many days active),reduces risk
S08129,U01537,B2C,B2C,annual,2024-05-14,33.25,4.901548813800986e-07,Low,1.629764980588828e-05,Few courses viewed,increases risk
S14491,U03503,B2C,B2C,monthly,2024-05-04,49.0,4.77431507773692e-07,Low,2.339414388091091e-05,Few courses viewed,increases risk
S12722,U02655,B2C,B2C,monthly,2024-05-22,49.0,4.643567538977607e-07,Low,2.2753480940990274e-05,Few materials/lessons viewed,increases risk
S14412,U03433,SMB,B2B,monthly,2024-05-01,199.0,4.5889845335023755e-07,Low,9.132079221669727e-05,Many materials/lessons viewed,reduces risk
S13364,U02894,B2C,B2C,monthly,2024-05-18,49.0,4.3882551945116714e-07,Low,2.150245045310719e-05,Few materials/lessons viewed,increases risk
S14379,U03411,B2C,B2C,monthly,2024-05-15,49.0,4.3784348135183e-07,Low,2.145433058623967e-05,Low platform activity (few days active),increases risk
S14032,U03199,SMB,B2B,monthly,2024-05-29,199.0,4.303958936286956e-07,Low,8.564878283211043e-05,B2B segment,increases risk
S14206,U03307,B2C,B2C,monthly,2024-05-03,49.0,4.302985018354103e-07,Low,2.1084626589935103e-05,Low platform activity (few days active),increases risk
S14528,U03540,B2C,B2C,monthly,2024-05-28,49.0,4.2600190119334876e-07,Low,2.087409315847409e-05,Low platform activity (few days active),increases risk
S12250,U02498,B2C,B2C,monthly,2024-05-13,49.0,4.203415256642418e-07,Low,2.059673475754785e-05,Few courses viewed,increases risk
S11803,U02367,B2C,B2C,monthly,2024-05-05,49.0,4.1793185589137665e-07,Low,2.0478660938677455e-05,Many materials/lessons viewed,reduces risk
S11927,U02407,B2C,B2C,monthly,2024-05-13,49.0,4.157438358702797e-07,Low,2.0371447957643705e-05,Few materials/lessons viewed,increases risk
S06741,U01290,B2C,B2C,monthly,2024-05-12,49.0,4.0361687752200556e-07,Low,1.9777226998578274e-05,Many courses viewed,reduces risk
S11653,U02324,B2C,B2C,monthly,2024-05-28,49.0,3.904479801916299e-07,Low,1.9131951029389866e-05,Many courses viewed,reduces risk
S09191,U01748,B2C,B2C,monthly,2024-05-13,49.0,3.868408455109644e-07,Low,1.8955201430037256e-05,Many courses viewed,reduces risk
S13737,U03053,B2C,B2C,monthly,2024-05-22,49.0,3.713789305600236e-07,Low,1.8197567597441157e-05,Many materials/lessons viewed,reduces risk
S07853,U01484,B2C,B2C,annual,2024-05-19,33.25,3.6494436377321147e-07,Low,1.2134400095459282e-05,Low platform activity (few days active),increases risk
S07652,U01445,SMB,B2B,monthly,2024-05-24,244.38,3.6083005814231375e-07,Low,8.817964960881862e-05,Many materials/lessons viewed,reduces risk
S13936,U03153,B2C,B2C,monthly,2024-05-05,49.0,3.4140847317486016e-07,Low,1.6729015185568147e-05,Many courses viewed,reduces risk
S14508,U03520,B2C,B2C,monthly,2024-05-13,49.0,3.307872202677173e-07,Low,1.6208573793118147e-05,Few courses viewed,increases risk
S12912,U02716,B2C,B2C,monthly,2024-05-16,49.0,3.303368285475235e-07,Low,1.618650459882865e-05,High platform activity (many days active),reduces risk
S12810,U02682,B2C,B2C,monthly,2024-05-18,49.0,3.298653284652431e-07,Low,1.616340109479691e-05,Many materials/lessons viewed,reduces risk
S10693,U02071,B2C,B2C,monthly,2024-05-22,49.0,3.236426010005275e-07,Low,1.585848744902585e-05,Many courses viewed,reduces risk
S13704,U03037,B2C,B2C,monthly,2024-05-19,49.0,3.1376976335761993e-07,Low,1.5374718404523376e-05,Many materials/lessons viewed,reduces risk
S08542,U01620,B2C,B2C,monthly,2024-05-30,49.0,3.031074747906947e-07,Low,1.485226626474404e-05,High platform activity (many days active),reduces risk
S14163,U03281,B2C,B2C,monthly,2024-05-26,49.0,2.996094881348645e-07,Low,1.468086491860836e-05,Many materials/lessons viewed,reduces risk
S08408,U01592,B2C,B2C,monthly,2024-05-25,49.0,2.743378086456095e-07,Low,1.3442552623634866e-05,Many courses viewed,reduces risk
S14531,U03543,B2C,B2C,monthly,2024-05-17,49.0,2.650782470993247e-07,Low,1.2988834107866911e-05,Many courses viewed,reduces risk
S11512,U02291,B2C,B2C,monthly,2024-05-05,49.0,2.6491194787762013e-07,Low,1.2980685446003386e-05,Many courses viewed,reduces risk
S14513,U03525,B2C,B2C,monthly,2024-05-22,49.0,2.605039506167929e-07,Low,1.2764693580222852e-05,Many materials/lessons viewed,reduces risk
S14008,U03187,SMB,B2B,monthly,2024-05-14,199.0,2.406879943145032e-07,Low,4.789691086858614e-05,Few courses viewed,increases risk
S06853,U01308,SMB,B2B,monthly,2024-05-11,158.22,2.361354033297018e-07,Low,3.736134351482542e-05,Many courses viewed,reduces risk
S14047,U03210,SMB,B2B,monthly,2024-05-29,199.0,2.2862770762897712e-07,Low,4.549691381816645e-05,Many materials/lessons viewed,reduces risk
S14426,U03441,SMB,B2B,monthly,2024-05-12,209.26,2.1913183171167573e-07,Low,4.585552710398526e-05,Many courses viewed,reduces risk
S12780,U02670,B2C,B2C,monthly,2024-05-11,49.0,1.9537556168280997e-07,Low,9.573402522457688e-06,Few materials/lessons viewed,increases risk
S12642,U02628,B2C,B2C,monthly,2024-05-12,49.0,1.884504284949034e-07,Low,9.234070996250266e-06,High platform activity (many days active),reduces risk
S14441,U03454,Enterprise,B2B,monthly,2024-05-03,990.0,1.8149433061978815e-07,Low,0.00017967938731359027,Many materials/lessons viewed,reduces risk
S09554,U01813,B2C,B2C,monthly,2024-05-08,49.0,1.8049540444338497e-07,Low,8.844274817725863e-06,Many courses viewed,reduces risk
S13443,U02921,B2C,B2C,monthly,2024-05-21,49.0,1.7829546225699713e-07,Low,8.73647765059286e-06,Many courses viewed,reduces risk
S12953,U02730,B2C,B2C,monthly,2024-05-12,49.0,1.776904189034276e-07,Low,8.706830526267953e-06,Few courses viewed,increases risk
S13475,U02934,B2C,B2C,monthly,2024-05-24,49.0,1.721316455439008e-07,Low,8.43445063165114e-06,High platform activity (many days active),reduces risk
S11600,U02310,B2C,B2C,monthly,2024-05-19,49.0,1.698298772204092e-07,Low,8.321663983800051e-06,Many courses viewed,reduces risk
S14461,U03473,B2C,B2C,monthly,2024-05-30,49.0,1.658372831177626e-07,Low,8.126026872770368e-06,Many materials/lessons viewed,reduces risk
S14173,U03287,B2C,B2C,monthly,2024-05-01,49.0,1.6554488991625043e-07,Low,8.111699605896272e-06,Many materials/lessons viewed,reduces risk
S09831,U01868,SMB,B2B,monthly,2024-05-17,269.68,1.6001557855523012e-07,Low,4.315300122477446e-05,Many materials/lessons viewed,reduces risk
S14270,U03348,B2C,B2C,monthly,2024-05-17,49.0,1.5914526078640972e-07,Low,7.798117778534076e-06,Few materials/lessons viewed,increases risk
S09642,U01831,B2C,B2C,monthly,2024-05-26,49.0,1.589325066840915e-07,Low,7.787692827520483e-06,Many materials/lessons viewed,reduces risk
S12150,U02475,B2C,B2C,monthly,2024-05-16,49.0,1.499343615558979e-07,Low,7.346783716238997e-06,Many courses viewed,reduces risk
S13423,U02913,B2C,B2C,monthly,2024-05-25,49.0,1.4742073146095714e-07,Low,7.2236158415869e-06,Many courses viewed,reduces risk
S10963,U02133,B2C,B2C,monthly,2024-05-25,49.0,1.4698319056075793e-07,Low,7.202176337477138e-06,High platform activity (many days active),reduces risk
S13899,U03135,B2C,B2C,monthly,2024-05-04,49.0,1.4607291056883636e-07,Low,7.157572617872982e-06,Many courses viewed,reduces risk
S13888,U03129,B2C,B2C,monthly,2024-05-01,49.0,1.4336582172599392e-07,Low,7.024925264573703e-06,Many materials/lessons viewed,reduces risk
S14603,U03615,B2C,B2C,monthly,2024-05-13,49.0,1.3838054032567353e-07,Low,6.780646475958003e-06,Many materials/lessons viewed,reduces risk
S12600,U02613,B2C,B2C,monthly,2024-05-28,49.0,1.354515946643238e-07,Low,6.637128138551866e-06,Many courses viewed,reduces risk
S09009,U01712,SMB,B2B,monthly,2024-05-13,246.95,1.353707969378559e-07,Low,3.342981830380351e-05,Many materials/lessons viewed,reduces risk
S11257,U02212,B2C,B2C,monthly,2024-05-04,49.0,1.2974741105020196e-07,Low,6.3576231414598964e-06,Many courses viewed,reduces risk
S10887,U02119,B2C,B2C,monthly,2024-05-25,49.0,1.2607023632096805e-07,Low,6.177441579727434e-06,Many courses viewed,reduces risk
S07576,U01433,B2C,B2C,monthly,2024-05-16,49.0,1.2286569511854646e-07,Low,6.020419060808777e-06,Many courses viewed,reduces risk
S13663,U03019,B2C,B2C,monthly,2024-05-05,49.0,1.2104954668370632e-07,Low,5.931427787501609e-06,Many materials/lessons viewed,reduces risk
S09205,U01751,B2C,B2C,monthly,2024-05-01,49.0,1.2094934415161377e-07,Low,5.926517863429075e-06,Many courses viewed,reduces risk
S08836,U01681,B2C,B2C,monthly,2024-05-27,49.0,1.1705655319337042e-07,Low,5.73577110647515e-06,Many materials/lessons viewed,reduces risk
S12084,U02455,B2C,B2C,monthly,2024-05-07,49.0,1.1406853056389002e-07,Low,5.589357997630611e-06,Many materials/lessons viewed,reduces risk
S13186,U02822,B2C,B2C,monthly,2024-05-22,49.0,1.0981723208843807e-07,Low,5.381044372333465e-06,Many materials/lessons viewed,reduces risk
S05945,U01165,B2C,B2C,monthly,2024-05-07,49.0,1.0838898861658187e-07,Low,5.311060442212511e-06,Many materials/lessons viewed,reduces risk
S07835,U01481,B2C,B2C,monthly,2024-05-05,49.0,1.0226788438021545e-07,Low,5.011126334630557e-06,Many materials/lessons viewed,reduces risk
S13037,U02761,SMB,B2B,monthly,2024-05-12,200.48,1.0119268855676489e-07,Low,2.0287110201860225e-05,Many materials/lessons viewed,reduces risk
S13262,U02854,B2C,B2C,monthly,2024-05-07,49.0,9.571705479750082e-08,Low,4.690135685077541e-06,High platform activity (many days active),reduces risk
S10944,U02129,B2C,B2C,monthly,2024-05-11,49.0,9.427090366915182e-08,Low,4.619274279788439e-06,Many materials/lessons viewed,reduces risk
S09241,U01757,B2C,B2C,monthly,2024-05-30,49.0,9.155955798631341e-08,Low,4.486418341329357e-06,High platform activity (many days active),reduces risk
S07923,U01495,B2C,B2C,monthly,2024-05-24,49.0,8.913701882300258e-08,Low,4.367713922327127e-06,Many courses viewed,reduces risk
S13484,U02937,B2C,B2C,monthly,2024-05-23,49.0,8.818912014060622e-08,Low,4.321266886889705e-06,Many materials/lessons viewed,reduces risk
S14539,U03551,B2C,B2C,monthly,2024-05-26,49.0,8.652260159705298e-08,Low,4.239607478255596e-06,Many materials/lessons viewed,reduces risk
S10868,U02116,B2C,B2C,monthly,2024-05-06,49.0,8.543210454627405e-08,Low,4.186173122767428e-06,Many courses viewed,reduces risk
S14239,U03328,B2C,B2C,monthly,2024-05-09,49.0,8.348287226641597e-08,Low,4.090660741054382e-06,High platform activity (many days active),reduces risk
S09132,U01738,B2C,B2C,monthly,2024-05-08,49.0,8.246884932897767e-08,Low,4.040973617119906e-06,Many materials/lessons viewed,reduces risk
S14565,U03577,B2C,B2C,monthly,2024-05-13,49.0,7.961229333772642e-08,Low,3.901002373548595e-06,Many materials/lessons viewed,reduces risk
S12530,U02588,B2C,B2C,monthly,2024-05-03,49.0,7.951828827679461e-08,Low,3.896396125562936e-06,Many materials/lessons viewed,reduces risk
S13758,U03062,B2C,B2C,monthly,2024-05-04,49.0,7.89549612403498e-08,Low,3.86879310077714e-06,High platform activity (many days active),reduces risk
S14588,U03600,B2C,B2C,monthly,2024-05-06,49.0,7.824856909018537e-08,Low,3.834179885419083e-06,Many materials/lessons viewed,reduces risk
S14523,U03535,B2C,B2C,monthly,2024-05-10,49.0,7.683928178782872e-08,Low,3.7651248076036076e-06,Many materials/lessons viewed,reduces risk
S14552,U03564,B2C,B2C,monthly,2024-05-09,49.0,7.66181756728234e-08,Low,3.7542906079683464e-06,Many courses viewed,reduces risk
S08074,U01528,B2C,B2C,monthly,2024-05-22,49.0,7.625228852455361e-08,Low,3.736362137703127e-06,Many courses viewed,reduces risk
S10399,U01997,B2C,B2C,monthly,2024-05-28,49.0,7.188939267002693e-08,Low,3.5225802408313195e-06,Many courses viewed,reduces risk
S14297,U03362,B2C,B2C,monthly,2024-05-02,49.0,7.053281096514743e-08,Low,3.456107737292224e-06,Many materials/lessons viewed,reduces risk
S08347,U01574,SMB,B2B,monthly,2024-05-10,238.74,6.889689107220036e-08,Low,1.6448443774577116e-05,Many materials/lessons viewed,reduces risk
S14476,U03488,B2C,B2C,monthly,2024-05-06,49.0,6.715962953350503e-08,Low,3.2908218471417464e-06,Many courses viewed,reduces risk
S13807,U03085,B2C,B2C,monthly,2024-05-27,49.0,6.670728019805972e-08,Low,3.268656729704926e-06,High platform activity (many days active),reduces risk
S14600,U03612,B2C,B2C,monthly,2024-05-30,49.0,6.637180043073561e-08,Low,3.252218221106045e-06,Many courses viewed,reduces risk
S09025,U01714,SMB,B2B,monthly,2024-05-15,187.07,6.296388644172262e-08,Low,1.1778654236653049e-05,Many materials/lessons viewed,reduces risk
S13828,U03098,B2C,B2C,monthly,2024-05-03,49.0,6.292536356186006e-08,Low,3.083342814531143e-06,Many courses viewed,reduces risk
S12462,U02559,SMB,B2B,monthly,2024-05-25,199.0,6.075017332652628e-08,Low,1.208928449197873e-05,Many courses viewed,reduces risk
S06839,U01307,SMB,B2B,monthly,2024-05-26,371.83,6.037592279664147e-08,Low,2.2449579373475195e-05,Many materials/lessons viewed,reduces risk
S14167,U03284,B2C,B2C,monthly,2024-05-14,49.0,5.933530592345366e-08,Low,2.9074299902492293e-06,Many courses viewed,reduces risk
S10627,U02057,B2C,B2C,monthly,2024-05-19,49.0,5.866586728026756e-08,Low,2.8746274967331106e-06,Many materials/lessons viewed,reduces risk
S13984,U03176,B2C,B2C,monthly,2024-05-14,49.0,5.678913417103839e-08,Low,2.782667574380881e-06,Many materials/lessons viewed,reduces risk
S06495,U01250,B2C,B2C,monthly,2024-05-11,49.0,5.5816699175821894e-08,Low,2.735018259615273e-06,Many materials/lessons viewed,reduces risk
S14275,U03351,B2C,B2C,monthly,2024-05-26,49.0,5.52501892604811e-08,Low,2.707259273763574e-06,Many materials/lessons viewed,reduces risk
S06431,U01239,B2C,B2C,monthly,2024-05-04,49.0,5.236457853077411e-08,Low,2.5658643480079313e-06,Many materials/lessons viewed,reduces risk
S09885,U01883,B2C,B2C,monthly,2024-05-04,49.0,5.204699644629678e-08,Low,2.550302825868542e-06,Many courses viewed,reduces risk
S14453,U03465,B2C,B2C,monthly,2024-05-11,49.0,5.0436530455207225e-08,Low,2.471389992305154e-06,Many materials/lessons viewed,reduces risk
S09346,U01775,B2C,B2C,monthly,2024-05-12,49.0,4.764546011615218e-08,Low,2.334627545691457e-06,High platform activity (many days active),reduces risk
S13320,U02874,B2C,B2C,monthly,2024-05-11,49.0,4.57187106816661e-08,Low,2.2402168234016388e-06,Many materials/lessons viewed,reduces risk
S08928,U01697,B2C,B2C,monthly,2024-05-28,49.0,4.039833233105326e-08,Low,1.9795182842216098e-06,High platform activity (many days active),reduces risk
S12787,U02673,B2C,B2C,monthly,2024-05-01,49.0,3.956831366837253e-08,Low,1.9388473697502537e-06,Many materials/lessons viewed,reduces risk
S14499,U03511,B2C,B2C,monthly,2024-05-22,49.0,3.904478954465495e-08,Low,1.9131946876880924e-06,Many materials/lessons viewed,reduces risk
S06765,U01293,B2C,B2C,monthly,2024-05-23,49.0,3.585506451705041e-08,Low,1.7568981613354702e-06,Many materials/lessons viewed,reduces risk
S14510,U03522,B2C,B2C,monthly,2024-05-25,49.0,3.455326149869185e-08,Low,1.6931098134359008e-06,Many courses viewed,reduces risk
S13799,U03081,B2C,B2C,monthly,2024-05-18,49.0,3.400786838353471e-08,Low,1.666385550793201e-06,Many materials/lessons viewed,reduces risk
S12329,U02519,B2C,B2C,monthly,2024-05-19,49.0,3.334858981044678e-08,Low,1.6340809007118923e-06,Many materials/lessons viewed,reduces risk
S11970,U02424,B2C,B2C,monthly,2024-05-03,49.0,3.316468435973603e-08,Low,1.6250695336270655e-06,High platform activity (many days active),reduces risk
S08271,U01559,SMB,B2B,annual,2024-05-23,149.92,3.286285653264405e-08,Low,4.926799451373995e-06,Many materials/lessons viewed,reduces risk
S13384,U02900,B2C,B2C,monthly,2024-05-04,49.0,3.243423863449753e-08,Low,1.589277693090379e-06,Many materials/lessons viewed,reduces risk
S08045,U01524,B2C,B2C,annual,2024-05-15,33.25,3.224083120535177e-08,Low,1.0720076375779464e-06,High platform activity (many days active),reduces risk
S08379,U01585,B2C,B2C,monthly,2024-05-18,49.0,3.200686147495742e-08,Low,1.5683362122729137e-06,Many courses viewed,reduces risk
S12104,U02459,B2C,B2C,monthly,2024-05-04,49.0,3.1219148024590634e-08,Low,1.529738253204941e-06,Many materials/lessons viewed,reduces risk
S07773,U01472,B2C,B2C,annual,2024-05-12,33.25,2.9830353410739365e-08,Low,9.91859250907084e-07,Many materials/lessons viewed,reduces risk
S13380,U02899,B2C,B2C,monthly,2024-05-11,49.0,2.96384104885705e-08,Low,1.4522821139399544e-06,Many materials/lessons viewed,reduces risk
S14487,U03499,B2C,B2C,monthly,2024-05-04,49.0,2.871146792428759e-08,Low,1.406861928290092e-06,Many materials/lessons viewed,reduces risk
S06873,U01312,SMB,B2B,monthly,2024-05-22,282.68,2.6382040264085428e-08,Low,7.457675141851669e-06,Many materials/lessons viewed,reduces risk
S07735,U01462,B2C,B2C,annual,2024-05-12,33.25,2.5097225700972566e-08,Low,8.344827545573379e-07,Many materials/lessons viewed,reduces risk
S13804,U03084,B2C,B2C,monthly,2024-05-01,49.0,2.493860264496826e-08,Low,1.2219915296034447e-06,High platform activity (many days active),reduces risk
S14391,U03419,SMB,B2B,monthly,2024-05-30,218.88,2.4724032276974838e-08,Low,5.411596184784252e-06,Many materials/lessons viewed,reduces risk
S05600,U01098,SMB,B2B,monthly,2024-05-08,233.79,2.470178513799227e-08,Low,5.775030347411213e-06,Many materials/lessons viewed,reduces risk
S14187,U03295,B2C,B2C,monthly,2024-05-26,49.0,2.455614269792564e-08,Low,1.2032509921983564e-06,Many materials/lessons viewed,reduces risk
S09286,U01763,B2C,B2C,monthly,2024-05-05,49.0,2.4172687405307995e-08,Low,1.1844616828600918e-06,Many materials/lessons viewed,reduces risk
S14104,U03244,B2C,B2C,monthly,2024-05-28,49.0,2.2400768491586793e-08,Low,1.097637656087753e-06,Many courses viewed,reduces risk
S14496,U03508,B2C,B2C,monthly,2024-05-13,49.0,2.2320286549691937e-08,Low,1.093694040934905e-06,Many materials/lessons viewed,reduces risk
S13825,U03097,B2C,B2C,monthly,2024-05-27,49.0,2.2260511969620313e-08,Low,1.0907650865113953e-06,Many materials/lessons viewed,reduces risk
S12362,U02527,B2C,B2C,monthly,2024-05-02,49.0,2.105414112261202e-08,Low,1.031652915007989e-06,High platform activity (many days active),reduces risk
S13996,U03181,B2C,B2C,monthly,2024-05-06,49.0,2.0609316619728957e-08,Low,1.009856514366719e-06,Many materials/lessons viewed,reduces risk
S13896,U03134,B2C,B2C,monthly,2024-05-23,49.0,2.0442520342646118e-08,Low,1.0016834967896597e-06,Many materials/lessons viewed,reduces risk
S13642,U03007,B2C,B2C,monthly,2024-05-04,49.0,1.9671649744581175e-08,Low,9.639108374844777e-07,Many courses viewed,reduces risk
S13419,U02912,B2C,B2C,monthly,2024-05-30,49.0,1.9143454038136405e-08,Low,9.380292478686838e-07,Many materials/lessons viewed,reduces risk
S13902,U03136,B2C,B2C,monthly,2024-05-28,49.0,1.7590966683946273e-08,Low,8.619573675133674e-07,Many courses viewed,reduces risk
S13591,U02979,SMB,B2B,monthly,2024-05-02,199.0,1.724665315893732e-08,Low,3.4320839786285267e-06,Many materials/lessons viewed,reduces risk
S14299,U03363,B2C,B2C,monthly,2024-05-04,49.0,1.7190144753028973e-08,Low,8.423170928984197e-07,Many courses viewed,reduces risk
S11884,U02392,SMB,B2B,monthly,2024-05-08,269.69,1.6923488365572514e-08,Low,4.564095577311251e-06,Many materials/lessons viewed,reduces risk
S14251,U03336,B2C,B2C,monthly,2024-05-09,49.0,1.6741764379875638e-08,Low,8.203464546139063e-07,Many courses viewed,reduces risk
S14586,U03598,B2C,B2C,monthly,2024-05-04,49.0,1.5766586620644438e-08,Low,7.725627444115775e-07,Many courses viewed,reduces risk
S13335,U02879,B2C,B2C,monthly,2024-05-11,49.0,1.564277742847456e-08,Low,7.664960939952534e-07,Many materials/lessons viewed,reduces risk
S11582,U02306,B2C,B2C,monthly,2024-05-10,49.0,1.5084785729433298e-08,Low,7.391545007422316e-07,Many materials/lessons viewed,reduces risk
S13630,U03003,B2C,B2C,monthly,2024-05-12,49.0,1.4004844069263367e-08,Low,6.862373593939049e-07,Many materials/lessons viewed,reduces risk
S06303,U01219,B2C,B2C,monthly,2024-05-29,49.0,1.3904635240401054e-08,Low,6.813271267796517e-07,Many courses viewed,reduces risk
S09180,U01746,B2C,B2C,monthly,2024-05-28,49.0,1.2409182790266226e-08,Low,6.080499567230451e-07,Many materials/lessons viewed,reduces risk
S08310,U01570,SMB,B2B,monthly,2024-05-15,199.0,1.1372155326511455e-08,Low,2.2630589099757797e-06,Many materials/lessons viewed,reduces risk
S13777,U03070,B2C,B2C,monthly,2024-05-29,49.0,1.0917371465766613e-08,Low,5.34951201822564e-07,Many materials/lessons viewed,reduces risk
S12418,U02542,B2C,B2C,monthly,2024-05-16,49.0,1.0845462212331214e-08,Low,5.314276484042295e-07,Many materials/lessons viewed,reduces risk
S14051,U03212,SMB,B2B,monthly,2024-05-01,199.0,9.807579728808536e-09,Low,1.9517083660328987e-06,Many courses viewed,reduces risk
S14517,U03529,B2C,B2C,monthly,2024-05-30,49.0,9.541167783590124e-09,Low,4.675172213959161e-07,Many courses viewed,reduces risk
S12168,U02478,B2C,B2C,monthly,2024-05-01,49.0,9.480219300519832e-09,Low,4.6453074572547175e-07,Many materials/lessons viewed,reduces risk
S10229,U01960,B2C,B2C,monthly,2024-05-18,49.0,9.327648071086702e-09,Low,4.570547554832484e-07,High platform activity (many days active),reduces risk
S14533,U03545,B2C,B2C,monthly,2024-05-08,49.0,9.190572850330956e-09,Low,4.5033806966621685e-07,Many materials/lessons viewed,reduces risk
S11831,U02371,B2C,B2C,monthly,2024-05-16,49.0,8.897052867535486e-09,Low,4.359555905092388e-07,Many courses viewed,reduces risk
S13780,U03071,B2C,B2C,monthly,2024-05-13,49.0,8.587903345334002e-09,Low,4.208072639213661e-07,Many materials/lessons viewed,reduces risk
S11440,U02271,B2C,B2C,monthly,2024-05-18,49.0,8.558998345137764e-09,Low,4.1939091891175044e-07,Many materials/lessons viewed,reduces risk
S14232,U03323,B2C,B2C,monthly,2024-05-30,49.0,7.460667929738536e-09,Low,3.6557272855718823e-07,Many courses viewed,reduces risk
S08953,U01700,B2C,B2C,monthly,2024-05-11,49.0,7.455547898257154e-09,Low,3.6532184701460054e-07,Many materials/lessons viewed,reduces risk
S10655,U02064,B2C,B2C,monthly,2024-05-21,49.0,7.2294543453750874e-09,Low,3.5424326292337926e-07,Many courses viewed,reduces risk
S12452,U02554,SMB,B2B,monthly,2024-05-16,199.0,6.7748939321983e-09,Low,1.3482038925074617e-06,Many materials/lessons viewed,reduces risk
S08179,U01543,B2C,B2C,monthly,2024-05-12,49.0,6.703931601123913e-09,Low,3.2849264845507176e-07,Many materials/lessons viewed,reduces risk
S14566,U03578,B2C,B2C,monthly,2024-05-14,49.0,6.372538784260314e-09,Low,3.122544004287554e-07,Many materials/lessons viewed,reduces risk
S14595,U03607,B2C,B2C,monthly,2024-05-11,49.0,6.2937794406408625e-09,Low,3.083951925914023e-07,Many materials/lessons viewed,reduces risk
S13428,U02915,B2C,B2C,monthly,2024-05-04,49.0,5.728365612572724e-09,Low,2.8068991501606347e-07,Many materials/lessons viewed,reduces risk
S09762,U01852,SMB,B2B,monthly,2024-05-15,232.99,5.629100493634546e-09,Low,1.3115241240119128e-06,High platform activity (many days active),reduces risk
S12244,U02497,B2C,B2C,monthly,2024-05-28,49.0,5.2317713295067526e-09,Low,2.563567951458309e-07,Many courses viewed,reduces risk
S14485,U03497,B2C,B2C,monthly,2024-05-29,49.0,5.100709675056989e-09,Low,2.4993477407779243e-07,Many materials/lessons viewed,reduces risk
S14364,U03402,B2C,B2C,monthly,2024-05-15,49.0,5.052542289047199e-09,Low,2.4757457216331277e-07,Many courses viewed,reduces risk
S14145,U03270,B2C,B2C,monthly,2024-05-11,49.0,5.028138067913523e-09,Low,2.4637876532776266e-07,Many materials/lessons viewed,reduces risk
S05517,U01086,B2C,B2C,monthly,2024-05-25,49.0,4.9845118445239555e-09,Low,2.442410803816738e-07,Many courses viewed,reduces risk
S14268,U03347,B2C,B2C,monthly,2024-05-24,49.0,4.92087540911148e-09,Low,2.4112289504646256e-07,Many courses viewed,reduces risk
S11672,U02330,B2C,B2C,monthly,2024-05-09,49.0,4.7136432765646e-09,Low,2.309685205516654e-07,Many materials/lessons viewed,reduces risk
S11920,U02405,B2C,B2C,monthly,2024-05-26,49.0,4.64317959223027e-09,Low,2.2751580001928323e-07,Many materials/lessons viewed,reduces risk
S09381,U01782,B2C,B2C,monthly,2024-05-08,49.0,4.4360893306350065e-09,Low,2.1736837720111533e-07,Many materials/lessons viewed,reduces risk
S12058,U02448,B2C,B2C,monthly,2024-05-14,49.0,4.398856505132904e-09,Low,2.1554396875151228e-07,Many materials/lessons viewed,reduces risk
S11276,U02217,B2C,B2C,monthly,2024-05-27,49.0,4.262334178455224e-09,Low,2.08854374744306e-07,Many materials/lessons viewed,reduces risk
S09511,U01806,B2C,B2C,monthly,2024-05-14,49.0,4.196664692782009e-09,Low,2.0563656994631845e-07,Many materials/lessons viewed,reduces risk
S06712,U01282,B2C,B2C,monthly,2024-05-13,49.0,3.962003806517695e-09,Low,1.9413818651936704e-07,Many materials/lessons viewed,reduces risk
S13948,U03157,B2C,B2C,monthly,2024-05-05,49.0,3.816525673161967e-09,Low,1.8700975798493637e-07,Many courses viewed,reduces risk
S13836,U03102,B2C,B2C,monthly,2024-05-01,49.0,3.798091520358021e-09,Low,1.8610648449754304e-07,Many materials/lessons viewed,reduces risk
S06923,U01319,SMB,B2B,monthly,2024-05-17,232.55,3.58876796235311e-09,Low,8.345679896452158e-07,Many courses viewed,reduces risk
S08154,U01541,B2C,B2C,monthly,2024-05-19,49.0,3.5802489064598554e-09,Low,1.7543219641653293e-07,Many courses viewed,reduces risk
S13506,U02950,B2C,B2C,monthly,2024-05-16,49.0,3.513141523632019e-09,Low,1.7214393465796893e-07,Many materials/lessons viewed,reduces risk
S14106,U03245,B2C,B2C,monthly,2024-05-25,49.0,3.4714049966443278e-09,Low,1.7009884483557207e-07,Many courses viewed,reduces risk
S14474,U03486,B2C,B2C,monthly,2024-05-29,49.0,3.2376970844925394e-09,Low,1.5864715714013442e-07,Many materials/lessons viewed,reduces risk
S10297,U01972,B2C,B2C,monthly,2024-05-25,49.0,3.2120861138168364e-09,Low,1.5739221957702498e-07,Many materials/lessons viewed,reduces risk
S13914,U03142,B2C,B2C,monthly,2024-05-06,49.0,3.2089225088886737e-09,Low,1.5723720293554502e-07,Many materials/lessons viewed,reduces risk
S14550,U03562,B2C,B2C,monthly,2024-05-14,49.0,3.1976818085349184e-09,Low,1.56686408618211e-07,Many materials/lessons viewed,reduces risk
S14514,U03526,B2C,B2C,monthly,2024-05-26,49.0,3.1533242183871585e-09,Low,1.5451288670097076e-07,Many materials/lessons viewed,reduces risk
S14495,U03507,B2C,B2C,monthly,2024-05-13,49.0,3.1163335327012397e-09,Low,1.5270034310236074e-07,Many materials/lessons viewed,reduces risk
S11626,U02317,B2C,B2C,monthly,2024-05-23,49.0,2.6280607630928355e-09,Low,1.2877497739154893e-07,Many courses viewed,reduces risk
S08274,U01562,SMB,B2B,annual,2024-05-14,149.92,2.4105645996618976e-09,Low,3.6139184478131166e-07,Many materials/lessons viewed,reduces risk
S13331,U02878,B2C,B2C,monthly,2024-05-24,49.0,2.4083055868531013e-09,Low,1.1800697375580197e-07,Many materials/lessons viewed,reduces risk
S13570,U02973,SMB,B2B,monthly,2024-05-24,199.0,2.3670166427619783e-09,Low,4.710363119096337e-07,Many materials/lessons viewed,reduces risk
S08298,U01569,SMB,B2B,annual,2024-05-21,149.92,2.1498045908194065e-09,Low,3.222987042556454e-07,Many materials/lessons viewed,reduces risk
S14085,U03233,B2C,B2C,monthly,2024-05-05,49.0,2.1390301957538957e-09,Low,1.0481247959194089e-07,Many courses viewed,reduces risk
S14209,U03309,B2C,B2C,monthly,2024-05-07,49.0,2.1125935398766e-09,Low,1.0351708345395341e-07,High platform activity (many days active),reduces risk
S14619,U03631,B2C,B2C,monthly,2024-05-16,49.0,1.8976962833139516e-09,Low,9.298711788238363e-08,Many materials/lessons viewed,reduces risk
S14480,U03492,B2C,B2C,monthly,2024-05-17,49.0,1.8742423163184697e-09,Low,9.183787349960501e-08,Many materials/lessons viewed,reduces risk
S12901,U02713,B2C,B2C,monthly,2024-05-20,49.0,1.8498480229199083e-09,Low,9.064255312307551e-08,Many materials/lessons viewed,reduces risk
S14201,U03304,B2C,B2C,monthly,2024-05-02,49.0,1.8161796659545525e-09,Low,8.899280363177307e-08,Many materials/lessons viewed,reduces risk
S14497,U03509,B2C,B2C,monthly,2024-05-23,49.0,1.8141521752638256e-09,Low,8.889345658792745e-08,Many courses viewed,reduces risk
S06134,U01195,SMB,B2B,monthly,2024-05-05,199.0,1.7783438995488064e-09,Low,3.5389043601021246e-07,Many courses viewed,reduces risk
S14594,U03606,B2C,B2C,monthly,2024-05-03,49.0,1.6932736319340313e-09,Low,8.297040796476754e-08,Many materials/lessons viewed,reduces risk
S11817,U02369,B2C,B2C,monthly,2024-05-11,49.0,1.689265944019423e-09,Low,8.277403125695172e-08,Many courses viewed,reduces risk
S08422,U01595,B2C,B2C,monthly,2024-05-15,49.0,1.5601356523708305e-09,Low,7.64466469661707e-08,Many courses viewed,reduces risk
S08879,U01692,B2C,B2C,monthly,2024-05-08,49.0,1.5028076950882942e-09,Low,7.363757705932641e-08,Many materials/lessons viewed,reduces risk
S14319,U03375,B2C,B2C,monthly,2024-05-22,49.0,1.3541675688435844e-09,Low,6.635421087333563e-08,Many courses viewed,reduces risk
S14381,U03412,SMB,B2B,monthly,2024-05-07,199.0,1.3471020638418936e-09,Low,2.6807331070453684e-07,Many courses viewed,reduces risk
S12630,U02625,B2C,B2C,monthly,2024-05-21,49.0,1.2415086951979584e-09,Low,6.083392606469996e-08,Many materials/lessons viewed,reduces risk
S08247,U01555,B2C,B2C,annual,2024-05-13,33.25,1.2131498742930561e-09,Low,4.0337233320244116e-08,Many materials/lessons viewed,reduces risk
S14405,U03429,SMB,B2B,monthly,2024-05-17,199.0,1.193331664800741e-09,Low,2.3747300129534747e-07,Many materials/lessons viewed,reduces risk
S10980,U02136,B2C,B2C,monthly,2024-05-15,49.0,1.1837967290854336e-09,Low,5.800603972518625e-08,Many materials/lessons viewed,reduces risk
S14527,U03539,B2C,B2C,monthly,2024-05-11,49.0,1.103164622932423e-09,Low,5.4055066523688725e-08,Many courses viewed,reduces risk
S11335,U02235,B2C,B2C,monthly,2024-05-25,49.0,1.085967175432669e-09,Low,5.3212391596200785e-08,Many courses viewed,reduces risk
S10408,U01998,B2C,B2C,monthly,2024-05-27,49.0,1.014035277628189e-09,Low,4.9687728603781265e-08,Many materials/lessons viewed,reduces risk
S09039,U01718,SMB,B2B,annual,2024-05-31,149.92,8.925385792151889e-10,Low,1.338093837959411e-07,Many materials/lessons viewed,reduces risk
S11242,U02209,Enterprise,B2B,monthly,2024-05-30,1233.19,8.840491061065055e-10,Low,1.0902005171594815e-06,Many materials/lessons viewed,reduces risk
S09857,U01879,B2C,B2C,monthly,2024-05-04,49.0,8.425081000234823e-10,Low,4.1282896901150636e-08,Many materials/lessons viewed,reduces risk
S14643,U03655,SMB,B2B,monthly,2024-05-23,199.0,7.851736736622548e-10,Low,1.562495610587887e-07,Many materials/lessons viewed,reduces risk
S10187,U01954,B2C,B2C,monthly,2024-05-21,49.0,7.288531485826275e-10,Low,3.571380428054875e-08,Many materials/lessons viewed,reduces risk
S12917,U02717,B2C,B2C,monthly,2024-05-04,49.0,6.709004823314163e-10,Low,3.28741236342394e-08,Many materials/lessons viewed,reduces risk
S10463,U02014,SMB,B2B,monthly,2024-05-09,269.37,5.537041963391293e-10,Low,1.4915129936787126e-07,Many materials/lessons viewed,reduces risk
S12356,U02526,B2C,B2C,monthly,2024-05-05,49.0,5.527490745695039e-10,Low,2.708470465390569e-08,Many materials/lessons viewed,reduces risk
S13160,U02814,B2C,B2C,monthly,2024-05-18,49.0,4.535053444138177e-10,Low,2.2221761876277066e-08,Many materials/lessons viewed,reduces risk
S14579,U03591,B2C,B2C,monthly,2024-05-27,49.0,4.533008539747633e-10,Low,2.2211741844763403e-08,Many materials/lessons viewed,reduces risk
S12071,U02451,B2C,B2C,monthly,2024-05-24,49.0,4.454048777822367e-10,Low,2.18248390113296e-08,Many materials/lessons viewed,reduces risk
S09815,U01863,SMB,B2B,monthly,2024-05-06,233.62,4.435662023337504e-10,Low,1.0362593618921077e-07,Many materials/lessons viewed,reduces risk
S13615,U02995,B2C,B2C,monthly,2024-05-22,49.0,4.4086205170625786e-10,Low,2.1602240533606634e-08,Many materials/lessons viewed,reduces risk
S14678,U03690,Enterprise,B2B,monthly,2024-05-27,990.0,4.248516776321105e-10,Low,4.206031608557894e-07,Many courses viewed,reduces risk
S10798,U02096,B2C,B2C,monthly,2024-05-11,49.0,4.096329885713532e-10,Low,2.0072016439996308e-08,Many materials/lessons viewed,reduces risk
S05670,U01112,B2C,B2C,monthly,2024-05-14,49.0,4.061873074596526e-10,Low,1.9903178065522975e-08,Many materials/lessons viewed,reduces risk
S11114,U02168,B2C,B2C,monthly,2024-05-22,49.0,3.845427778416634e-10,Low,1.8842596114241506e-08,Many courses viewed,reduces risk
S05260,U01043,B2C,B2C,monthly,2024-05-19,49.0,3.3558491587771956e-10,Low,1.644366087800826e-08,Many materials/lessons viewed,reduces risk
S11064,U02159,B2C,B2C,monthly,2024-05-14,49.0,3.107832335504705e-10,Low,1.5228378443973054e-08,Many courses viewed,reduces risk
S09393,U01784,B2C,B2C,monthly,2024-05-01,49.0,3.0885514040282054e-10,Low,1.5133901879738206e-08,Many materials/lessons viewed,reduces risk
S14407,U03430,SMB,B2B,monthly,2024-05-19,242.67,2.940235838809039e-10,Low,7.135070310037895e-08,Many materials/lessons viewed,reduces risk
S11496,U02287,B2C,B2C,monthly,2024-05-25,49.0,2.799625058844705e-10,Low,1.3718162788339054e-08,Many materials/lessons viewed,reduces risk
S14570,U03582,B2C,B2C,monthly,2024-05-23,49.0,2.6981627236905725e-10,Low,1.3220997346083806e-08,Many courses viewed,reduces risk
S12864,U02698,B2C,B2C,monthly,2024-05-16,49.0,2.696343717287223e-10,Low,1.3212084214707392e-08,Many materials/lessons viewed,reduces risk
S13821,U03095,B2C,B2C,monthly,2024-05-24,49.0,2.6962839910387666e-10,Low,1.3211791556089957e-08,Many courses viewed,reduces risk
S07954,U01503,B2C,B2C,annual,2024-05-06,33.25,2.5703606076845317e-10,Low,8.546449020551067e-09,Many materials/lessons viewed,reduces risk
S07996,U01512,B2C,B2C,annual,2024-05-26,33.25,2.489511533302108e-10,Low,8.27762584822951e-09,Many materials/lessons viewed,reduces risk
S13624,U02999,B2C,B2C,monthly,2024-05-11,49.0,2.4861959991844257e-10,Low,1.2182360396003686e-08,Many materials/lessons viewed,reduces risk
S10345,U01982,B2C,B2C,monthly,2024-05-03,49.0,2.166016776448052e-10,Low,1.0613482204595454e-08,Many courses viewed,reduces risk
S11195,U02189,SMB,B2B,monthly,2024-05-06,249.88,2.085859926130745e-10,Low,5.212146783415505e-08,Many courses viewed,reduces risk
S12846,U02692,B2C,B2C,monthly,2024-05-09,49.0,2.0164914744938153e-10,Low,9.880808225019695e-09,Many materials/lessons viewed,reduces risk
S14282,U03354,B2C,B2C,monthly,2024-05-21,49.0,2.0111594662532205e-10,Low,9.85468138464078e-09,Many materials/lessons viewed,reduces risk
S07665,U01446,SMB,B2B,monthly,2024-05-11,226.52,1.9585600705945432e-10,Low,4.436530271910759e-08,Many materials/lessons viewed,reduces risk
S13566,U02972,SMB,B2B,monthly,2024-05-01,199.0,1.4433692602331841e-10,Low,2.8723048278640366e-08,Many courses viewed,reduces risk
S14501,U03513,B2C,B2C,monthly,2024-05-27,49.0,1.3069233107625064e-10,Low,6.403924222736281e-09,Many materials/lessons viewed,reduces risk
S07637,U01443,SMB,B2B,monthly,2024-05-09,515.3,1.2920225766536408e-10,Low,6.657792337496211e-08,Many materials/lessons viewed,reduces risk
S14388,U03418,SMB,B2B,monthly,2024-05-20,199.0,1.222646842570185e-10,Low,2.4330672167146682e-08,Many materials/lessons viewed,reduces risk
S09774,U01855,SMB,B2B,monthly,2024-05-20,208.91,1.2161888930721e-10,Low,2.5407402165169244e-08,Many materials/lessons viewed,reduces risk
S09805,U01862,SMB,B2B,monthly,2024-05-25,245.91,1.1946031626625315e-10,Low,2.9376486373034313e-08,Many materials/lessons viewed,reduces risk
S14420,U03437,SMB,B2B,monthly,2024-05-24,217.77,1.1170733797780425e-10,Low,2.432650699142643e-08,Many materials/lessons viewed,reduces risk
S14416,U03435,SMB,B2B,monthly,2024-05-23,199.0,1.0873643216577549e-10,Low,2.1638550000989323e-08,Many materials/lessons viewed,reduces risk
S14628,U03640,B2C,B2C,monthly,2024-05-21,49.0,1.0539526485912083e-10,Low,5.1643679780969206e-09,Many materials/lessons viewed,reduces risk
S14358,U03399,B2C,B2C,monthly,2024-05-01,49.0,1.0274384807376932e-10,Low,5.0344485556146965e-09,Many courses viewed,reduces risk
S08762,U01668,B2C,B2C,monthly,2024-05-05,49.0,9.870878009079741e-11,Low,4.836730224449073e-09,Many materials/lessons viewed,reduces risk
S14511,U03523,B2C,B2C,monthly,2024-05-30,49.0,9.57767228840263e-11,Low,4.693059421317288e-09,Many materials/lessons viewed,reduces risk
S13142,U02805,B2C,B2C,monthly,2024-05-15,49.0,9.202607870308003e-11,Low,4.509277856450921e-09,Many materials/lessons viewed,reduces risk
S14563,U03575,B2C,B2C,monthly,2024-05-24,49.0,8.058199390621351e-11,Low,3.948517701404462e-09,Many materials/lessons viewed,reduces risk
S09752,U01851,SMB,B2B,monthly,2024-05-08,267.52,8.04468591467741e-11,Low,2.1521143758945005e-08,Many materials/lessons viewed,reduces risk
S14638,U03650,B2C,B2C,monthly,2024-05-04,49.0,7.919339322839527e-11,Low,3.880476268191368e-09,Many courses viewed,reduces risk
S14410,U03432,SMB,B2B,monthly,2024-05-09,199.0,7.571130828312254e-11,Low,1.5066550348341387e-08,Many materials/lessons viewed,reduces risk
S10332,U01978,B2C,B2C,monthly,2024-05-20,49.0,7.508527466521015e-11,Low,3.6791784585952975e-09,Many materials/lessons viewed,reduces risk
S14521,U03533,B2C,B2C,monthly,2024-05-03,49.0,7.377848977900129e-11,Low,3.615145999171063e-09,Many materials/lessons viewed,reduces risk
S13584,U02977,SMB,B2B,monthly,2024-05-11,219.57,5.241425559370622e-11,Low,1.1508598100710075e-08,Many materials/lessons viewed,reduces risk
S14526,U03538,B2C,B2C,monthly,2024-05-21,49.0,5.162002323553404e-11,Low,2.529381138541168e-09,Many materials/lessons viewed,reduces risk
S08322,U01571,SMB,B2B,monthly,2024-05-10,225.95,4.40966671096037e-11,Low,9.963641933414956e-09,Many materials/lessons viewed,reduces risk
S06909,U01318,SMB,B2B,monthly,2024-05-16,223.15,4.139766463726307e-11,Low,9.237888863805254e-09,Many materials/lessons viewed,reduces risk
S08367,U01583,Enterprise,B2B,annual,2024-05-18,825.0,3.823338086163769e-11,Low,3.15425392108511e-08,Many courses viewed,reduces risk
S10433,U02003,B2C,B2C,monthly,2024-05-03,49.0,3.390984177973693e-11,Low,1.6615822472071097e-09,Many materials/lessons viewed,reduces risk
S11174,U02182,SMB,B2B,monthly,2024-05-17,212.41,3.2851642101142934e-11,Low,6.97801729870377e-09,Many materials/lessons viewed,reduces risk
S13079,U02776,SMB,B2B,monthly,2024-05-18,199.0,3.038169606861423e-11,Low,6.045957517654232e-09,Many materials/lessons viewed,reduces risk
S09533,U01810,B2C,B2C,monthly,2024-05-03,49.0,2.5741395271170246e-11,Low,1.261328368287342e-09,Many materials/lessons viewed,reduces risk
S14129,U03259,B2C,B2C,monthly,2024-05-16,49.0,2.2398882193444195e-11,Low,1.0975452274787655e-09,Many materials/lessons viewed,reduces risk
S07057,U01346,B2C,B2C,monthly,2024-05-28,49.0,1.993131575517003e-11,Low,9.766344720033314e-10,Many materials/lessons viewed,reduces risk
S08364,U01580,Enterprise,B2B,annual,2024-05-20,825.0,1.8677220759050917e-11,Low,1.5408707126217007e-08,Many materials/lessons viewed,reduces risk
S14121,U03254,B2C,B2C,monthly,2024-05-28,49.0,1.803752789690038e-11,Low,8.838388669481186e-10,Many materials/lessons viewed,reduces risk
S14099,U03241,B2C,B2C,monthly,2024-05-11,49.0,1.6066331220898887e-11,Low,7.872502298240455e-10,Many materials/lessons viewed,reduces risk
S11228,U02203,SMB,B2B,monthly,2024-05-29,199.0,1.550174043419262e-11,Low,3.0848463464043313e-09,Many materials/lessons viewed,reduces risk
S14671,U03683,SMB,B2B,monthly,2024-05-04,199.0,1.5348297563131206e-11,Low,3.0543112150631103e-09,Many materials/lessons viewed,reduces risk
S14004,U03185,SMB,B2B,monthly,2024-05-28,199.0,1.3640209265372784e-11,Low,2.714401643809184e-09,Many materials/lessons viewed,reduces risk
S08127,U01535,B2C,B2C,monthly,2024-05-10,49.0,1.2590100449747338e-11,Low,6.169149220376195e-10,Many materials/lessons viewed,reduces risk
S09705,U01839,B2C,B2C,monthly,2024-05-14,49.0,1.1195240106657172e-11,Low,5.485667652262014e-10,Many materials/lessons viewed,reduces risk
S13885,U03128,B2C,B2C,monthly,2024-05-11,49.0,1.0845286690498023e-11,Low,5.314190478344031e-10,Many courses viewed,reduces risk
S14551,U03563,B2C,B2C,monthly,2024-05-10,49.0,1.0837352925321698e-11,Low,5.310302933407632e-10,Many materials/lessons viewed,reduces risk
S14509,U03521,B2C,B2C,monthly,2024-05-20,49.0,1.0607272314039785e-11,Low,5.197563433879495e-10,Many materials/lessons viewed,reduces risk
S13602,U02987,Enterprise,B2B,monthly,2024-05-10,990.0,8.827539865003557e-12,Low,8.739264466353522e-09,Many materials/lessons viewed,reduces risk
S14414,U03434,SMB,B2B,monthly,2024-05-27,199.0,6.410108171202177e-12,Low,1.2756115260692333e-09,Many materials/lessons viewed,reduces risk
S12412,U02541,B2C,B2C,monthly,2024-05-01,49.0,5.244463541850287e-12,Low,2.5697871355066406e-10,Many materials/lessons viewed,reduces risk
S11075,U02161,B2C,B2C,monthly,2024-05-12,49.0,4.931020392204566e-12,Low,2.4161999921802376e-10,Many materials/lessons viewed,reduces risk
S14015,U03190,SMB,B2B,monthly,2024-05-20,233.86,3.910751639776089e-12,Low,9.145683784780363e-10,Many materials/lessons viewed,reduces risk
S13062,U02770,SMB,B2B,monthly,2024-05-20,259.15,2.993657253271969e-12,Low,7.758062771854307e-10,Many materials/lessons viewed,reduces risk
S13248,U02849,B2C,B2C,monthly,2024-05-07,49.0,2.4597329834298697e-12,Low,1.2052691618806362e-10,Many materials/lessons viewed,reduces risk
S11210,U02196,SMB,B2B,monthly,2024-05-30,187.23,2.2563129621078435e-12,Low,4.224494758954515e-10,Many materials/lessons viewed,reduces risk
S13026,U02756,SMB,B2B,monthly,2024-05-19,269.21,2.0039189691901488e-12,Low,5.394750256956799e-10,Many materials/lessons viewed,reduces risk
S13021,U02755,SMB,B2B,monthly,2024-05-07,273.77,1.836715501884369e-12,Low,5.028376029508837e-10,Many materials/lessons viewed,reduces risk
S08297,U01568,SMB,B2B,annual,2024-05-29,149.92,1.0994587676955852e-12,Low,1.648308584529221e-10,Many materials/lessons viewed,reduces risk
S13609,U02991,Enterprise,B2B,monthly,2024-05-14,990.0,8.864878739351999e-13,Low,8.77622995195848e-10,Many materials/lessons viewed,reduces risk
S09086,U01729,Enterprise,B2B,monthly,2024-05-11,795.26,8.491889669181037e-13,Low,6.753260178312911e-10,Many materials/lessons viewed,reduces risk
S14059,U03216,SMB,B2B,monthly,2024-05-29,199.0,7.466053979852138e-13,Low,1.4857447419905755e-10,Many courses viewed,reduces risk
S08295,U01566,SMB,B2B,annual,2024-05-17,149.92,5.061877330759504e-13,Low,7.588766494274647e-11,Many materials/lessons viewed,reduces risk
S14012,U03189,SMB,B2B,monthly,2024-05-15,199.0,3.174381920826116e-13,Low,6.317020022443972e-11,Many materials/lessons viewed,reduces risk
S14443,U03455,Enterprise,B2B,monthly,2024-05-17,990.0,3.07703303182904e-13,Low,3.0462627015107497e-10,Many courses viewed,reduces risk
S07589,U01434,SMB,B2B,monthly,2024-05-04,302.78,8.717473198993028e-14,Low,2.6394765351911086e-11,Many materials/lessons viewed,reduces risk
S14402,U03427,SMB,B2B,monthly,2024-05-28,199.0,6.73031860846426e-14,Low,1.3393334030843877e-11,Many materials/lessons viewed,reduces risk
S13550,U02965,SMB,B2B,monthly,2024-05-30,228.58,1.7538132726345804e-14,Low,4.0088663785881245e-12,Many materials/lessons viewed,reduces risk
S08366,U01582,Enterprise,B2B,annual,2024-05-08,825.0,1.2631529632150012e-14,Low,1.042101194652376e-11,Many materials/lessons viewed,reduces risk
S12523,U02585,Enterprise,B2B,monthly,2024-05-08,1215.21,4.8626263130765605e-15,Low,5.909112121913767e-12,Many courses viewed,reduces risk
S08363,U01579,Enterprise,B2B,annual,2024-05-30,825.0,4.375994745371048e-15,Low,3.6101956649311145e-12,Many courses viewed,reduces risk
S10532,U02034,Enterprise,B2B,monthly,2024-05-16,1293.77,2.1562497101240676e-15,Low,2.7896911874672148e-12,Many courses viewed,reduces risk
S14670,U03682,SMB,B2B,monthly,2024-05-12,199.0,1.473893733189448e-15,Low,2.9330485290470015e-13,Many materials/lessons viewed,reduces risk
S11896,U02396,Enterprise,B2B,monthly,2024-05-25,842.3,2.090732956202019e-18,Low,1.7610243690089603e-15,Many materials/lessons viewed,reduces risk
S14070,U03225,Enterprise,B2B,monthly,2024-05-28,990.0,1.4553012480061335e-18,Low,1.4407482355260721e-15,Many materials/lessons viewed,reduces risk
